"applno","appltype","applpublicnotes","sponsorname","tecode"
4,"NDA",,"PHARMICS",
159,"NDA",,"LILLY",
552,"NDA",,"ORGANON USA INC",
734,"NDA",,"LILLY",
793,"NDA",,"MYLAN SPECIALITY LP",
1104,"NDA",,"ORGANON USA INC",
1546,"NDA",,"MERCK SHARP DOHME",
2139,"NDA",,"LILLY",
2245,"NDA",,"PARKE DAVIS",
2282,"NDA",,"ISO TEX",
2386,"NDA",,"GD SEARLE LLC",
2918,"NDA",,"POYTHRESS",
3158,"NDA",,"SCHERING",
3240,"NDA",,"NOVARTIS",
3402,"NDA",,"PARKE DAVIS",
3444,"NDA",,"US PHARM HOLDINGS",
3718,"NDA",,"ROCHE",
3977,"NDA",,"PARKEDALE",
4039,"NDA",,"LILLY",
4040,"NDA",,"LILLY",
4041,"NDA",,"LILLY",
4054,"NDA",,"LEDERLE",
4056,"NDA",,"BRISTOL MYERS SQUIBB",
4122,"NDA",,"LILLY",
4125,"NDA",,"ABBVIE",
4570,"NDA",,"PHARMACIA AND UPJOHN",
4589,"NDA",,"B BRAUN",
4782,"NDA",,"WYETH PHARMS",
5010,"NDA",,"US PHARM HOLDINGS",
5151,"NDA",,"NOVARTIS",
5213,"NDA",,"GENUS LIFESCIENCES",
5264,"NDA",,"HOSPIRA",
5292,"NDA",,"SCHERING",
5319,"NDA",,"ALCON",
5378,"NDA",,"RECORDATI RARE",
5490,"NDA",,"ORGANON USA INC",
5509,"NDA",,"LILLY",
5521,"NDA",,"LILLY",
5545,"NDA",,"ABBVIE",
5619,"NDA",,"MERCK",
5620,"NDA",,"MERCK",
5657,"NDA",,"BRISTOL MYERS SQUIBB",
5691,"NDA",,"MEDPOINTE PHARM HLC",
5725,"NDA",,"LILLY",
5794,"NDA",,"ORTHO MCNEIL PHARM",
5795,"NDA",,"SHIRE",
5845,"NDA",,"MCNEIL CONS",
5856,"NDA",,"ABBVIE",
5897,"NDA",,"WYETH PHARMS INC",
5914,"NDA",,"NOVARTIS",
5929,"NDA",,"VALEANT",
5932,"NDA",,"ABBVIE",
5939,"NDA",,"AKORN",
5963,"NDA",,"SCHERING",
5970,"NDA",,"ELKINS SINN",
6002,"NDA",,"SANOFI AVENTIS US",
6008,"NDA",,"NOVARTIS",
6012,"NDA",,"LEDERLE",
6035,"NDA",,"EDISON THERAPS LLC",
6044,"NDA",,"ABBVIE",
6071,"NDA",,"ROCHE",
6095,"NDA",,"HOSPIRA",
6110,"NDA",,"ORTHO MCNEIL PHARM",
6134,"NDA",,"WEST-WARD PHARMS INT",
6135,"NDA",,"LILLY",
6146,"NDA",,"MCNEIL CONS",
6170,"NDA",,"B BRAUN",
6188,"NDA",,"DAVA PHARMS INC",
6203,"NDA",,"NOVARTIS",
6213,"NDA",,"LILLY",
6270,"NDA",,"ARBROOK",
6309,"NDA",,"REED AND CARNRICK",
6317,"NDA",,"LILLY",
6325,"NDA",,"LILLY",
6327,"NDA",,"SANOFI AVENTIS US",
6328,"NDA",,"SANOFI AVENTIS US",
6333,"NDA",,"CENT PHARMS",
6343,"NDA",,"BAXTER HLTHCARE",
6383,"NDA",,"MALLINCKRODT INC",
6403,"NDA",,"NOVARTIS",
6412,"NDA",,"SANOFI AVENTIS US",
6441,"NDA",,"PARKE DAVIS",
6459,"NDA",,"LEDERLE",
6460,"NDA",,"LILLY",
6470,"NDA",,"LILLY",
6488,"NDA",,"FRESENIUS KABI USA",
6514,"NDA",,"PARKE DAVIS",
6525,"NDA",,"ROCHE",
6530,"NDA",,"MYLAN SPECIALITY LP",
6536,"NDA",,"ODYSSEY PHARMS",
6580,"NDA",,"MCGAW",
6620,"NDA",,"NOVARTIS",
6632,"NDA",,"LILLY",
6668,"NDA",,"MERCK",
6695,"NDA",,"RECORDATI RARE",
6772,"NDA",,"GLAXOSMITHKLINE",
6773,"NDA",,"LEDERLE",
6798,"NDA",,"PHARMACIA AND UPJOHN",
6799,"NDA",,"BRISTOL MYERS SQUIBB",
6800,"NDA",,"ABBVIE",
6811,"NDA",,"PANRAY",
6823,"NDA",,"CASPER PHARMA LLC",
6882,"NDA",,"SANOFI AVENTIS US",
6904,"NDA",,"BRISTOL MYERS SQUIBB",
6905,"NDA",,"ABBVIE",
6917,"NDA",,"ROCHE",
6920,"NDA",,"LEDERLE",
6921,"NDA",,"SCHERING",
6927,"NDA",,"SUN PHARM INDS INC",
6931,"NDA",,"GLAXOSMITHKLINE",
7012,"NDA",,"BAYER HLTHCARE",
7073,"NDA",,"PHARMACIA AND UPJOHN",
7085,"NDA",,"WARNER CHILCOTT",
7110,"NDA",,"MERCK",
7245,"NDA",,"LILLY",
7320,"NDA",,"CONSOLIDATED MIDLAND",
7335,"NDA",,"APOTHECON",
7336,"NDA",,"3M",
7337,"NDA",,"ENDO PHARMS",
7390,"NDA",,"SHIRE",
7392,"NDA",,"LILLY",
7409,"NDA",,"ALLERGAN SALES LLC",
7413,"NDA",,"PHARMACIA AND UPJOHN",
7504,"NDA",,"SANOFI AVENTIS US",
7513,"NDA",,"HOSPIRA",
7517,"NDA",,"KING PHARMS",
7529,"NDA",,"LILLY",
7600,"NDA",,"PARKEDALE",
7638,"NDA",,"BAYER HEALTHCARE LLC",
7707,"NDA",,"ABBVIE",
7750,"NDA",,"MERCK",
7757,"NDA",,"ROCHE",
7794,"NDA",,"TEVA",
7842,"NDA",,"DAVIS AND GECK",
7865,"NDA",,"LILLY",
7883,"NDA",,"TEVA WOMENS",
7898,"NDA",,"MERCK",
7935,"NDA",,"DELCOR ASSET CORP",
7936,"NDA",,"CHATTEM",
7942,"NDA",,"FOREST LABS",
7953,"NDA",,"ALLERGAN",
7959,"NDA",,"TELIGENT",
7961,"NDA",,"APTALIS PHARMA US",
7984,"NDA",,"PARKE DAVIS",
8032,"NDA",,"GE HEALTHCARE",
8041,"NDA",,"PARKE DAVIS",
8048,"NDA",,"ASTRAZENECA",
8085,"NDA",,"DAVA PHARMS INC",
8102,"NDA",,"SANOFI AVENTIS US",
8107,"NDA",,"HOSPIRA",
8114,"NDA",,"SCHERING",
8126,"NDA",,"PHARMACIA AND UPJOHN",
8173,"NDA",,"VALEANT PHARM INTL",
8228,"NDA",,"MERCK",
8248,"NDA",,"BAXTER HLTHCARE CORP",
8278,"NDA",,"NOVARTIS",
8284,"NDA",,"PANRAY",
8303,"NDA",,"NOVARTIS",
8306,"NDA",,"ANI PHARMS",
8316,"NDA",,"SANOFI AVENTIS US",
8317,"NDA",,"PARKEDALE",
8319,"NDA",,"NOVARTIS",
8322,"NDA",,"ABBVIE",
8370,"NDA",,"ALLERGAN SALES LLC",
8372,"NDA",,"MALLINCKRODT ARD",
8378,"NDA",,"INTL MINERALS",
8381,"NDA",,"ANI PHARMS",
8392,"NDA",,"BRISTOL MYERS SQUIBB",
8402,"NDA",,"SANOFI AVENTIS US",
8414,"NDA",,"ROCHE",
8420,"NDA",,"ROCHE",
8428,"NDA",,"PANRAY",
8453,"NDA",,"SANDOZ INC",
8472,"NDA",,"MERCK",
8492,"NDA",,"NOVARTIS",
8499,"NDA",,"LILLY",
8506,"NDA",,"MERCK",
8565,"NDA",,"WYETH AYERST",
8578,"NDA",,"VYERA PHARMS LLC",
8592,"NDA",,"EASTMAN KODAK",
8604,"NDA",,"ANI PHARMS",
8662,"NDA",,"SANDOZ",
8678,"NDA",,"SANDOZ",
8682,"NDA",,"SANOFI AVENTIS US",
8693,"NDA",,"PROCTER AND GAMBLE",
8697,"NDA",,"PHARMACIA AND UPJOHN",
8708,"NDA",,"CONCORDIA PHARMS INC",
8719,"NDA",,"VALEANT PHARM INTL",
8720,"NDA",,"VALEANT PHARM INTL",
8732,"NDA",,"SHIRE",
8762,"NDA",,"PARKE DAVIS",
8767,"NDA",,"SANOFI AVENTIS US",
8794,"NDA",,"SCHERING PLOUGH",
8809,"NDA",,"HOSPIRA",
8814,"NDA",,"MEDPOINTE PHARM HLC",
8816,"NDA",,"OAK PHARMS",
8822,"NDA",,"NOVARTIS",
8826,"NDA",,"SCHERING PLOUGH",
8842,"NDA",,"APOTHECON",
8843,"NDA",,"GD SEARLE LLC",
8845,"NDA",,"HOSPIRA",
8847,"NDA",,"APOTHECON",
8848,"NDA",,"FOUGERA PHARMS",
8855,"NDA",,"PARKE DAVIS",
8857,"NDA",,"WYETH AYERST",
8867,"NDA",,"3M",
8869,"NDA",,"LILLY",
8883,"NDA",,"APOTHECON",
8915,"NDA",,"ORTHO MCNEIL PHARM",
8917,"NDA",,"PHARMACIA AND UPJOHN",
8922,"NDA",,"MEDICIS",
8943,"NDA",,"TEVA BRANDED PHARM",
8951,"NDA",,"LILLY",
8955,"NDA",,"MCNEIL",
8975,"NDA",,"ANI PHARMS INC",
8983,"NDA",,"ROCHE",
9000,"NDA",,"NOVARTIS",
9008,"NDA",,"ORTHO MCNEIL PHARM",
9018,"NDA",,"MERCK",
9048,"NDA",,"VALEANT PHARM INTL",
9052,"NDA",,"BRISTOL MYERS SQUIBB",
9053,"NDA",,"STASON PHARMS",
9078,"NDA",,"PARKE DAVIS",
9087,"NDA",,"NOVARTIS",
9088,"NDA",,"TEVA",
9102,"NDA",,"GLAXOSMITHKLINE",
9108,"NDA",,"PAL PAK",
9112,"NDA",,"SUN PHARM INDS INC",
9115,"NDA",,"NOVARTIS",
9127,"NDA",,"PFIZER",
9149,"NDA",,"GLAXOSMITHKLINE",
9164,"NDA",,"PFIZER",
9165,"NDA",,"ENDO PHARMS",
9166,"NDA",,"SANOFI AVENTIS US",
9170,"NDA",,"VALEANT",
9175,"NDA",,"CASPER PHARMA LLC",
9176,"NDA",,"PFIZER GLOBAL",
9182,"NDA",,"ROCHE",
9190,"NDA",,"GUERBET",
9193,"NDA",,"MERCK",
9215,"NDA",,"NOVARTIS",
9217,"NDA",,"MEDPOINTE PHARM HLC",
9218,"NDA",,"BRISTOL MYERS SQUIBB",
9238,"NDA",,"LILLY",
9255,"NDA",,"FOREST PHARMS",
9268,"NDA",,"PARKE DAVIS",
9273,"NDA",,"IMPAX LABS",
9276,"NDA",,"BOWMAN PHARMS",
9278,"NDA",,"PANRAY",
9282,"NDA",,"NOVARTIS",
9296,"NDA",,"NOVARTIS",
9309,"NDA",,"GLAXOSMITHKLINE",
9319,"NDA",,"FOREST LABS",
9321,"NDA",,"BRACCO",
9330,"NDA",,"COVIS PHARMA BV",
9344,"NDA",,"LILLY",
9357,"NDA",,"BRISTOL MYERS SQUIBB",
9372,"NDA",,"WYETH AYERST",
9376,"NDA",,"LILLY",
9378,"NDA",,"PHARMACIA AND UPJOHN",
9386,"NDA",,"ASPEN GLOBAL",
9388,"NDA",,"TEVA WOMENS",
9391,"NDA",,"PANRAY",
9395,"NDA",,"GLENWOOD",
9402,"NDA",,"PAR STERILE PRODUCTS",
9410,"NDA",,"SANOFI AVENTIS US",
9434,"NDA",,"NOVARTIS",
9435,"NDA",,"FRESENIUS KABI USA",
9436,"NDA",,"NOVARTIS",
9452,"NDA",,"BLULINE",
9453,"NDA",,"VALE",
9458,"NDA",,"IMPAX LABS",
9470,"NDA",,"FRESENIUS KABI USA",
9477,"NDA",,"BUNDY",
9486,"NDA",,"MCNEIL CONS",
9489,"NDA",,"LEDERLE",
9495,"NDA",,"GLAXOSMITHKLINE",
9509,"NDA",,"MERCK",
9519,"NDA",,"SANOFI AVENTIS US",
9561,"NDA",,"GE HEALTHCARE",
9585,"NDA",,"BAYER PHARMS",
9627,"NDA",,"IMPAX LABS",
9631,"NDA",,"BOWMAN PHARMS",
9637,"NDA",,"AKORN",
9645,"NDA",,"VITARINE",
9659,"NDA",,"PANRAY",
9660,"NDA",,"ROCHE",
9663,"NDA",,"BUNDY",
9667,"NDA",,"VALEANT PHARM INTL",
9668,"NDA",,"VALEANT PHARM INTL",
9698,"NDA",,"MEDPOINTE PHARM HLC",
9729,"NDA",,"LEDERLE",
9750,"NDA",,"DISTA",
9766,"NDA",,"SCHERING",
9768,"NDA",,"CONCORDIA PHARMS INC",
9789,"NDA",,"MEDPOINTE PHARM HLC",
9796,"NDA",,"PFIPHARMECS",
9818,"NDA",,"MONARCH PHARMS",
9829,"NDA",,"VALEANT PHARMS LLC",
9830,"NDA",,"VALEANT PHARM INTL",
9838,"NDA",,"SANDOZ",
9854,"NDA",,"ANI PHARMS INC",
9859,"NDA",,"CYCLE PHARMS LTD",
9864,"NDA",,"PHARMACIA AND UPJOHN",
9866,"NDA",,"PHARMACIA AND UPJOHN",
9895,"NDA",,"BAYER PHARMS",
9900,"NDA",,"PHARMACIA AND UPJOHN",
9925,"NDA",,"ASTRAZENECA",
9926,"NDA",,"FERNDALE LABS",
9986,"NDA",,"PHARMACIA AND UPJOHN",
9987,"NDA",,"PHARMACIA AND UPJOHN",
9996,"NDA",,"PFIZER",
10010,"NDA",,"BAYER PHARMS",
10012,"NDA",,"LILLY",
10021,"NDA",,"ABBVIE",
10028,"NDA",,"WYETH AYERST",
10040,"NDA",,"BRACCO",
10060,"NDA",,"CASPER PHARMA LLC",
10093,"NDA",,"UCB INC",
10104,"NDA",,"VALEANT PHARMS",
10124,"NDA",,"LANNETT",
10151,"NDA",,"PARKE DAVIS",
10155,"NDA",,"SANOFI AVENTIS US",
10187,"NDA",,"NOVARTIS",
10209,"NDA",,"SCHERING",
10210,"NDA",,"SCHERING",
10220,"NDA",,"GE HEALTHCARE",
10251,"NDA",,"TARGACEPT",
10255,"NDA",,"SCHERING",
10347,"NDA",,"BRISTOL MYERS SQUIBB",
10348,"NDA",,"WYETH AYERST",
10349,"NDA",,"BAXTER HLTHCARE CORP",
10355,"NDA",,"ROCHE",
10374,"NDA",,"3M",
10375,"NDA",,"3M",
10379,"NDA",,"KING PHARMS",
10392,"NDA",,"PFIZER",
10401,"NDA",,"NURO PHARMA",
10402,"NDA",,"WYETH PHARMS",
10417,"NDA",,"FRESENIUS KABI USA",
10418,"NDA",,"ASTRAZENECA",
10423,"NDA",,"ROCHE",
10441,"NDA",,"EVERYLIFE",
10460,"NDA",,"BOEHRINGER INGELHEIM",
10485,"NDA",,"ROERIG",
10496,"NDA",,"ASTRAZENECA",
10515,"NDA",,"HOSPIRA",
10520,"NDA",,"MERCK",
10533,"NDA",,"NOVARTIS",
10554,"NDA",,"PFIZER",
10562,"NDA",,"MERCK",
10571,"NDA",,"GLAXOSMITHKLINE",
10581,"NDA",,"PHYS PRODS VA",
10585,"NDA",,"MERCK",
10596,"NDA",,"PARKE DAVIS",
10598,"NDA",,"SANOFI AVENTIS US",
10599,"NDA",,"ABBVIE",
10611,"NDA",,"PHARMACIA AND UPJOHN",
10653,"NDA",,"3M",
10656,"NDA",,"MERCK",
10669,"NDA",,"ASPEN GLOBAL INC",
10670,"NDA",,"PHARMACIA AND UPJOHN",
10679,"NDA",,"SANOFI AVENTIS US",
10686,"NDA",,"PFIZER",
10718,"NDA",,"REED AND CARNRICK",
10721,"NDA",,"CASPER PHARMA LLC",
10742,"NDA",,"GLAXOSMITHKLINE",
10744,"NDA",,"GLAXOSMITHKLINE",
10753,"NDA",,"WYETH AYERST",
10775,"NDA",,"SCHERING",
10787,"NDA",,"SANOFI AVENTIS US",
10791,"NDA",,"BEL MAR",
10796,"NDA",,"ABBVIE",
10799,"NDA",,"WYETH CONS",
10831,"NDA",,"ORGANICS LAGRANGE",
10841,"NDA",,"RECORDATI RARE",
10895,"NDA",,"PARKE DAVIS",
10909,"NDA",,"SCHERING",
10911,"NDA",,"STUART PHARMS",
10926,"NDA",,"MYLAN PHARMS INC",
10927,"NDA",,"BRACCO",
10929,"NDA",,"BRACCO",
10942,"NDA",,"WYETH AYERST",
10962,"NDA",,"PARKE DAVIS",
10971,"NDA",,"WYETH AYERST",
10976,"NDA",,"GD SEARLE LLC",
10996,"NDA",,"XANODYNE PHARM",
10997,"NDA",,"XANODYNE PHARM",
11000,"NDA",,"GLAXOSMITHKLINE",
11011,"NDA",,"AUXILIUM PHARMS LLC",
11028,"NDA",,"MERCK",
11045,"NDA",,"MEDPOINTE PHARM HLC",
11047,"NDA",,"PHARMACIA AND UPJOHN",
11073,"NDA",,"MEDPOINTE PHARM HLC",
11110,"NDA",,"GLAXOSMITHKLINE",
11111,"NDA",,"PFIZER",
11120,"NDA",,"GLAXOSMITHKLINE",
11123,"NDA",,"BRISTOL MYERS SQUIBB",
11127,"NDA",,"GLAXOSMITHKLINE",
11145,"NDA",,"OAK PHARMS AKORN",
11153,"NDA",,"PHARMACIA AND UPJOHN",
11161,"NDA",,"ASTELLAS",
11178,"NDA",,"SANOFI AVENTIS US",
11185,"NDA",,"IVAX SUB TEVA PHARMS",
11188,"NDA",,"GLAXOSMITHKLINE",
11208,"NDA",,"ARMOUR PHARM",
11210,"NDA",,"PFIZER",
11213,"NDA",,"SCHERING",
11228,"NDA",,"ORGANON USA INC",
11245,"NDA",,"BRACCO",
11265,"NDA",,"ANI PHARMS",
11270,"NDA",,"SHIRE",
11276,"NDA",,"GLAXOSMITHKLINE",
11283,"NDA",,"DELCOR ASSET CORP",
11284,"NDA",,"MEDPOINTE PHARM HLC",
11287,"NDA",,"CONCORDIA PHARMS INC",
11294,"NDA",,"SCHERING",
11300,"NDA",,"ORTHO MCNEIL PHARM",
11316,"NDA",,"ALLERGAN HERBERT",
11323,"NDA",,"SHIRE",
11324,"NDA",,"BRACCO",
11325,"NDA",,"APOTHECON",
11338,"NDA",,"WYETH AYERST",
11340,"NDA",,"PHARM RES ASSOC",
11359,"NDA",,"BRISTOL MYERS SQUIBB",
11361,"NDA",,"SCHERING",
11366,"NDA",,"STRONGBRIDGE US",
11386,"NDA",,"GE HEALTHCARE",
11418,"NDA",,"WYETH AYERST",
11444,"NDA",,"SANOFI AVENTIS US",
11446,"NDA",,"PFIZER",
11459,"NDA",,"PFIZER",
11467,"NDA",,"SANOFI AVENTIS US",
11483,"NDA",,"SUN PHARM INDUSTRIES",
11491,"NDA",,"APOTHECON",
11496,"NDA",,"GLAXOSMITHKLINE",
11521,"NDA",,"IVAX SUB TEVA PHARMS",
11522,"NDA",,"TEVA WOMENS",
11525,"NDA",,"AKORN",
11529,"NDA",,"JANSSEN R AND D",
11552,"NDA",,"GLAXOSMITHKLINE",
11556,"NDA",,"NOVARTIS",
11557,"NDA",,"SCHERING",
11559,"NDA",,"PAR STERILE PRODUCTS",
11583,"NDA",,"MERCK",
11600,"NDA",,"MYLAN PHARMS INC",
11601,"NDA",,"MYLAN PHARMS INC",
11602,"NDA",,"DELCOR ASSET CORP",
11612,"NDA",,"PFIZER",
11613,"NDA",,"UCB INC",
11620,"NDA",,"BRACCO",
11635,"NDA",,"MERCK",
11641,"NDA",,"PFIZER",
11642,"NDA",,"PHARM RES ASSOC",
11657,"NDA",,"FOREST LABS",
11664,"NDA",,"MERCK",
11665,"NDA",,"VALEANT PHARMS LLC",
11673,"NDA",,"3M",
11679,"NDA",,"ABBOTT",
11683,"NDA",,"IMMUNEX",
11685,"NDA",,"FOSUN PHARMA",
11689,"NDA",,"MYLAN PHARMS INC",
11695,"NDA",,"PHARM RES ASSOC",
11702,"NDA",,"SUN PHARM INDUSTRIES",
11707,"NDA",,"ENDO PHARMS",
11719,"NDA",,"HOSPIRA",
11721,"NDA",,"LEDERLE",
11722,"NDA",,"ACTAVIS LABS UT INC",
11730,"NDA",,"WEST-WARD PHARMS INT",
11738,"NDA",,"ENDO PHARMS",
11745,"NDA",,"ROCHE",
11748,"NDA",,"PHARMACIA AND UPJOHN",
11751,"NDA",,"APOTHECON",
11752,"NDA",,"BOEHRINGER INGELHEIM",
11757,"NDA",,"PHARMACIA AND UPJOHN",
11771,"NDA",,"PHARM RES ASSOC",
11777,"NDA",,"MALLINCKRODT",
11790,"NDA",,"WEST-WARD PHARMS INT",
11792,"NDA",,"MYLAN SPECIALITY LP",
11793,"NDA",,"NOVARTIS",
11795,"NDA",,"PFIZER",
11808,"NDA",,"NOVARTIS",
11814,"NDA",,"SCHERING",
11835,"NDA",,"MERCK",
11836,"NDA",,"SANOFI AVENTIS US",
11837,"NDA",,"SOLA BARNES HIND",
11838,"NDA",,"NOVARTIS",
11839,"NDA",,"PHARMACIA AND UPJOHN",
11856,"NDA",,"PHARMACIA AND UPJOHN",
11860,"NDA",,"MERCK",
11870,"NDA",,"SALIX PHARMS",
11878,"NDA",,"NOVARTIS",
11891,"NDA",,"ORGANON USA INC",
11903,"NDA",,"ALCON",
11909,"NDA",,"PARKE DAVIS",
11914,"NDA",,"CHESEBROUGH PONDS",
11945,"NDA",,"GLAXOSMITHKLINE",
11949,"NDA",,"SHIRE LLC",
11950,"NDA",,"WESTWOOD SQUIBB",
11958,"NDA",,"MERCK",
11960,"NDA",,"ASTELLAS",
11961,"NDA",,"VALIDUS PHARMS INC",
11963,"NDA",,"WYETH PHARMS INC",
11964,"NDA",,"PARKE DAVIS",
11971,"NDA",,"ABBVIE",
11977,"NDA",,"MERCK",
11983,"NDA",,"MERCK",
11984,"NDA",,"MERCK",
12003,"NDA",,"ABBVIE",
12015,"NDA",,"OAK PHARMS AKORN",
12026,"NDA",,"NOVARTIS",
12034,"NDA",,"SCHERING",
12041,"NDA",,"APOTHECON",
12052,"NDA",,"MERCK",
12071,"NDA",,"MERCK",
12093,"NDA",,"VALEANT PHARMS NORTH",
12095,"NDA",,"PHARMACIA AND UPJOHN",
12097,"NDA",,"DELCOR ASSET CORP",
12102,"NDA",,"3M",
12104,"NDA",,"SUN PHARM INDS INC",
12111,"NDA",,"ALCON",
12122,"NDA",,"LILLY",
12125,"NDA",,"EASTMAN KODAK",
12126,"NDA",,"3M",
12128,"NDA",,"PFIZER",
12141,"NDA",,"BAXTER HLTHCARE",
12142,"NDA",,"BAXTER HLTHCARE",
12145,"NDA",,"APOTHECON",
12148,"NDA",,"ABBVIE",
12151,"NDA",,"GD SEARLE LLC",
12154,"NDA",,"HOSPIRA",
12155,"NDA",,"SCHERING",
12157,"NDA",,"MEDICIS",
12164,"NDA",,"APOTHECON",
12179,"NDA",,"HI TECH PHARMA",
12184,"NDA",,"PARKE DAVIS",
12193,"NDA",,"NOVARTIS",
12209,"NDA",,"SPECTRUM PHARMS",
12223,"NDA",,"TELIGENT",
12248,"NDA",,"WYETH AYERST",
12249,"NDA",,"VALEANT PHARM INTL",
12250,"NDA",,"HOSPIRA",
12254,"NDA",,"SCHERING",
12259,"NDA",,"PHARMACIA AND UPJOHN",
12265,"NDA",,"SCHERING",
12281,"NDA",,"ROBINS AH",
12283,"NDA",,"SANOFI AVENTIS US",
12285,"NDA",,"RTRX",
12301,"NDA",,"VALEANT PHARMS LLC",
12302,"NDA",,"ABBVIE",
12329,"NDA",,"NOVARTIS",
12339,"NDA",,"SANOFI AVENTIS US",
12342,"NDA",,"CONCORDIA PHARMS INC",
12359,"NDA",,"SHIRE",
12365,"NDA",,"MEDA PHARMS",
12366,"NDA",,"MEDA PHARMS",
12376,"NDA",,"MERCK",
12380,"NDA",,"PARKE DAVIS",
12382,"NDA",,"WEST-WARD PHARMS INT",
12383,"NDA",,"MERCK",
12394,"NDA",,"SCHERING",
12402,"NDA",,"PROCTER AND GAMBLE",
12418,"NDA",,"ABBVIE",
12419,"NDA",,"SCHERING",
12421,"NDA",,"PHARMACIA AND UPJOHN",
12427,"NDA",,"PHARMACIA AND UPJOHN",
12429,"NDA",,"ASPEN GLOBAL INC",
12455,"NDA",,"WYETH AYERST",
12462,"NDA",,"GD SEARLE LLC",
12470,"NDA",,"SCHERING",
12485,"NDA",,"PARKE DAVIS",
12486,"NDA",,"ROCHE",
12487,"NDA",,"ROCHE",
12489,"NDA",,"AH ROBINS INC",
12515,"NDA",,"DELCOR ASSET CORP",
12516,"NDA",,"NOVARTIS",
12524,"NDA",,"ABBVIE",
12541,"NDA",,"PHARMACIA AND UPJOHN",
12542,"NDA",,"NOVARTIS",
12546,"NDA",,"ACTAVIS LABS UT INC",
12575,"NDA",,"GLAXOSMITHKLINE",
12583,"NDA",,"ALLERGAN",
12594,"NDA",,"SANOFI AVENTIS US",
12616,"NDA",,"GD SEARLE LLC",
12623,"NDA",,"GD SEARLE LLC",
12649,"NDA",,"MERCK",
12657,"NDA",,"SCHERING",
12665,"NDA",,"LILLY",
12674,"NDA",,"ASPEN GLOBAL INC",
12675,"NDA",,"ASPEN GLOBAL INC",
12678,"NDA",,"SANDOZ",
12697,"NDA",,"VALEANT PHARM INTL",
12699,"NDA",,"GD SEARLE LLC",
12703,"NDA",,"ASTRAZENECA",
12704,"NDA",,"ASTRAZENECA",
12708,"NDA",,"MEDPOINTE PHARM HLC",
12715,"NDA",,"ROCHE",
12728,"NDA",,"ORTHO MCNEIL PHARM",
12731,"NDA",,"MERCK",
12737,"NDA",,"SANDOZ",
12750,"NDA",,"VALEANT PHARMS",
12753,"NDA",,"NOVARTIS",
12754,"NDA",,"NOVARTIS",
12768,"NDA",,"WYETH AYERST",
12770,"NDA",,"HI TECH PHARMA",
12772,"NDA",,"LILLY",
12775,"NDA",,"ABBOTT",
12787,"NDA",,"MEDIMETRIKS PHARMS",
12796,"NDA",,"WYETH PHARMS INC",
12802,"NDA",,"FOSUN PHARMA",
12806,"NDA",,"AQUA PHARMS",
12813,"NDA",,"ALLERGAN",
12827,"NDA",,"CASPER PHARMA LLC",
12828,"NDA",,"ABBOTT",
12836,"NDA",,"BOEHRINGER INGELHEIM",
12845,"NDA",,"PFIZER",
12882,"NDA",,"WYETH AYERST",
12885,"NDA",,"LUNDBECK INC",
12892,"NDA",,"SHIRE",
12911,"NDA",,"LABORATORIE HRA",
12928,"NDA",,"LILLY",
12936,"NDA",,"LILLY",
12940,"NDA",,"BIOVAIL",
12945,"NDA",,"TEVA BRANDED PHARM",
12947,"NDA",,"LEDERLE",
12967,"NDA",,"BRACCO",
12968,"NDA",,"BRACCO",
12972,"NDA",,"SANOFI AVENTIS US",
13025,"NDA",,"HOSPIRA",
13026,"NDA",,"WYETH PHARMS",
13055,"NDA",,"TELIGENT",
13056,"NDA",,"ABBOTT",
13077,"NDA",,"ASTRAZENECA",
13092,"NDA",,"PURDUE FREDERICK",
13093,"NDA",,"PHARM RES ASSOC",
13132,"NDA",,"ASPEN GLOBAL INC",
13157,"NDA",,"LILLY",
13174,"NDA",,"CONCORDIA PHARMS INC",
13217,"NDA",,"KING PHARMS",
13220,"NDA",,"MERCK",
13247,"NDA",,"NOVARTIS",
13263,"NDA",,"ROCHE",
13264,"NDA",,"LEDERLE",
13294,"NDA",,"ROCHE",
13295,"NDA",,"LIEBEL-FLARSHEIM",
13296,"NDA",,"3M",
13319,"NDA",,"MALLINCKRODT",
13334,"NDA",,"MERCK",
13378,"NDA",,"LILLY",
13400,"NDA",,"MERCK",
13401,"NDA",,"MERCK",
13402,"NDA",,"MERCK",
13413,"NDA",,"UCB INC",
13416,"NDA",,"MEDICIS",
13420,"NDA",,"NOVARTIS",
13422,"NDA",,"NOVARTIS PHARMS CORP",
13428,"NDA",,"ENDO PHARMS",
13448,"NDA",,"ABBOTT",
13483,"NDA",,"SCHERING PLOUGH",
13538,"NDA",,"MERCK",
13553,"NDA",,"NOVARTIS",
13601,"NDA",,"APOTHECON",
13615,"NDA",,"DOW PHARM",
13621,"NDA",,"SANOFI AVENTIS US",
13625,"NDA",,"ACTAVIS LABS UT INC",
13636,"NDA",,"PFIZER",
13664,"NDA",,"ROCHE",
13684,"NDA",,"BAXTER HLTHCARE",
13718,"NDA",,"GEMINI LABS LLC",
13731,"NDA",,"GE HEALTHCARE",
13790,"NDA",,"AQUA PHARMS",
13927,"NDA",,"LEDERLE",
13934,"NDA",,"GLAXOSMITHKLINE",
13935,"NDA",,"ALLERGAN",
13960,"NDA",,"MEDIMETRIKS PHARMS",
13993,"NDA",,"BRACCO",
14005,"NDA",,"ORGANON USA INC",
14006,"NDA",,"ORGANON USA INC",
14103,"NDA",,"LILLY",
14122,"NDA",,"WYETH AYERST",
14127,"NDA",,"ASTRAZENECA",
14134,"NDA",,"BAXTER HLTHCARE CORP",
14169,"NDA",,"ALCON",
14173,"NDA",,"WYETH AYERST",
14214,"NDA",,"SANOFI AVENTIS US",
14215,"NDA",,"MERCK SHARP DOHME",
14217,"NDA",,"PAMLAB LLC",
14242,"NDA",,"UCB INC",
14295,"NDA",,"MALLINCKRODT",
14322,"NDA",,"IMPAX LABS",
14349,"NDA",,"PERSONAL PRODS",
14359,"NDA",,"HALSEY",
14368,"NDA",,"MK LABS",
14394,"NDA",,"ASTRAZENECA",
14399,"NDA",,"US PHARM HOLDINGS",
14474,"NDA",,"STANLABS PHARM",
14547,"NDA",,"SANDOZ",
14601,"NDA",,"PVT FORM",
14602,"NDA",,"MERCK SHARP DOHME",
14684,"NDA",,"LILLY",
14685,"NDA",,"RANBAXY",
14691,"NDA",,"APOTEX INC",
14694,"NDA",,"ASPEN GLOBAL INC",
14696,"NDA",,"PARKE DAVIS",
14713,"NDA",,"SCHERING",
14715,"NDA",,"NEW RIVER",
14738,"NDA",,"B BRAUN",
14740,"NDA",,"ROCHE",
14762,"NDA",,"SCHERING",
14763,"NDA",,"ASTRAZENECA",
14764,"NDA",,"ROBINS AH",
14860,"NDA",,"SANOFI AVENTIS US",
14879,"NDA",,"WEST-WARD PHARMS INT",
14882,"NDA",,"LANNETT",
14901,"NDA",,"APOTHECON",
15034,"NDA",,"SHIONOGI INC",
15072,"NDA",,"MALLARD",
15103,"NDA",,"SANOFI AVENTIS US",
15139,"NDA",,"VALEANT PHARM INTL",
15193,"NDA",,"VALEANT PHARMS",
15197,"NDA",,"CLOVER PHARMS",
15229,"NDA",,"CLOVER PHARMS",
15230,"NDA",,"CLOVER PHARMS",
15296,"NDA",,"MEDIMETRIKS PHARMS",
15417,"NDA",,"WEST WARD",
15419,"NDA",,"BRACCO",
15426,"NDA",,"ELKINS SINN",
15438,"NDA",,"IVAX SUB TEVA PHARMS",
15500,"NDA",,"PHARMACIA AND UPJOHN",
15539,"NDA",,"ALPHARMA US PHARMS",
15865,"NDA",,"IMMUNEX",
15868,"NDA",,"GLAXOSMITHKLINE",
15874,"NDA",,"BOEHRINGER INGELHEIM",
15921,"NDA",,"ORTHO MCNEIL",
15922,"NDA",,"ORTHO MCNEIL",
15923,"NDA",,"JANSSEN PHARMS",
16000,"NDA",,"BAYER HLTHCARE",
16001,"NDA",,"SOLVAY",
16008,"NDA",,"SCHERING",
16012,"NDA",,"TEVA WOMENS",
16016,"NDA",,"MERCK",
16020,"NDA",,"ENDO PHARMS",
16023,"NDA",,"ENDO PHARMS",
16029,"NDA",,"GD SEARLE LLC",
16030,"NDA",,"BAYER",
16033,"NDA",,"GLAXOSMITHKLINE",
16042,"NDA",,"GLAXOSMITHKLINE LLC",
16047,"NDA",,"ABBOTT",
16049,"NDA",,"AKORN MFG",
16053,"NDA",,"SCHERING",
16059,"NDA",,"IROKO PHARMS LLC",
16069,"NDA",,"TEVA",
16080,"NDA",,"B BRAUN",
16084,"NDA",,"CASPER PHARMA LLC",
16087,"NDA",,"ROCHE",
16089,"NDA",,"BRACCO",
16090,"NDA",,"BRACCO",
16092,"NDA",,"ATON",
16093,"NDA",,"ATON",
16096,"NDA",,"MERCK SHARP DOHME",
16097,"NDA",,"MERCK SHARP DOHME",
16099,"NDA",,"WYETH AYERST",
16110,"NDA",,"APOTHECON",
16118,"NDA",,"BRISTOL MYERS SQUIBB",
16119,"NDA",,"BRISTOL MYERS SQUIBB",
16126,"NDA",,"WYETH CONS",
16131,"NDA",,"SANOFI AVENTIS US",
16144,"NDA",,"ALLERGAN",
16149,"NDA",,"ROCHE",
16151,"NDA",,"CNTY LINE PHARMS",
16161,"NDA",,"MEDIMETRIKS PHARMS",
16191,"NDA",,"ASTRAZENECA",
16192,"NDA",,"ASTRAZENECA",
16194,"NDA",,"HOSPIRA",
16199,"NDA",,"ANI PHARMS",
16211,"NDA",,"NOVARTIS",
16224,"NDA",,"BRACCO",
16235,"NDA",,"SANOFI AVENTIS US",
16245,"NDA",,"ABBOTT",
16249,"NDA",,"SOLVAY",
16267,"NDA",,"NOVARTIS",
16269,"NDA",,"HOSPIRA",
16273,"NDA",,"US PHARM HOLDINGS",
16295,"NDA",,"BRISTOL MYERS SQUIBB",
16297,"NDA",,"FRESENIUS KABI USA",
16320,"NDA",,"STI PHARMA LLC",
16322,"NDA",,"SCHERING",
16324,"NDA",,"SEBELA IRELAND LTD",
16363,"NDA",,"SANOFI AVENTIS US",
16366,"NDA",,"ICU MEDICAL INC",
16367,"NDA",,"ICU MEDICAL INC",
16379,"NDA",,"NOVARTIS",
16401,"NDA",,"POLYMEDICA",
16402,"NDA",,"BOEHRINGER INGELHEIM",
16403,"NDA",,"GE HEALTHCARE",
16418,"NDA",,"WYETH PHARMS INC",
16419,"NDA",,"BAXTER HLTHCARE CORP",
16455,"NDA",,"ALLERGAN SALES LLC",
16466,"NDA",,"SANDOZ INC",
16472,"NDA",,"MILES",
16515,"NDA",,"MALLINKRODT NUCLEAR",
16517,"NDA",,"MALLINKRODT NUCLEAR",
16584,"NDA",,"PFIZER",
16608,"NDA",,"NOVARTIS",
16619,"NDA",,"AKORN",
16620,"NDA",,"ALVOGEN MALTA",
16624,"NDA",,"ALLERGAN",
16635,"NDA",,"MALLINCKRODT",
16636,"NDA",,"ADAPT",
16640,"NDA",,"BRISTOL MYERS",
16647,"NDA",,"BAYER HLTHCARE",
16649,"NDA",,"PHARMACIA AND UPJOHN",
16659,"NDA",,"ACTAVIS LABS UT INC",
16666,"NDA",,"MALLINCKRODT",
16672,"NDA",,"WYETH PHARMS",
16673,"NDA",,"BAXTER HLTHCARE",
16675,"NDA",,"MERCK",
16677,"NDA",,"BAXTER HLTHCARE",
16678,"NDA",,"BAXTER HLTHCARE",
16679,"NDA",,"BAXTER HLTHCARE",
16680,"NDA",,"PARKE DAVIS",
16682,"NDA",,"BAXTER HLTHCARE",
16683,"NDA",,"BAXTER HLTHCARE",
16687,"NDA",,"BAXTER HLTHCARE",
16689,"NDA",,"BAXTER HLTHCARE",
16692,"NDA",,"BAXTER HLTHCARE",
16693,"NDA",,"BAXTER HLTHCARE",
16694,"NDA",,"BAXTER HLTHCARE",
16695,"NDA",,"BAXTER HLTHCARE",
16696,"NDA",,"BAXTER HLTHCARE",
16697,"NDA",,"BAXTER HLTHCARE",
16704,"NDA",,"B BRAUN",
16705,"NDA",,"GD SEARLE LLC",
16708,"NDA",,"MALLINKRODT NUCLEAR",
16709,"NDA",,"ORTHO MCNEIL JANSSEN",
16715,"NDA",,"ORTHO MCNEIL PHARM",
16717,"NDA",,"BAXTER HLTHCARE",
16721,"NDA",,"VALEANT PHARM INTL",
16723,"NDA",,"PARKE DAVIS",
16724,"NDA",,"GD SEARLE LLC",
16725,"NDA",,"GD SEARLE LLC",
16727,"NDA",,"BRISTOL MYERS SQUIBB",
16729,"NDA",,"MALLINCKRODT",
16730,"NDA",,"B BRAUN",
16732,"NDA",,"SANOFI AVENTIS US",
16733,"NDA",,"B BRAUN",
16734,"NDA",,"B BRAUN",
16740,"NDA",,"SCHERING",
16741,"NDA",,"B BRAUN",
16749,"NDA",,"PARKE DAVIS",
16750,"NDA",,"AMPHASTAR PHARMS INC",
16755,"NDA",,"NOVARTIS",
16758,"NDA",,"PFIZER",
16762,"NDA",,"AKRIMAX PHARMS",
16763,"NDA",,"MYLAN INSTITUTIONAL",
16765,"NDA",,"ELORAC",
16766,"NDA",,"PARKE DAVIS",
16768,"NDA",,"PARKE DAVIS",
16769,"NDA",,"ORTHO MCNEIL JANSSEN",
16772,"NDA",,"B BRAUN",
16774,"NDA",,"NOVARTIS",
16775,"NDA",,"NOVARTIS",
16776,"NDA",,"ASTRAZENECA",
16782,"NDA",,"SOLVAY",
16783,"NDA",,"MALLINCKRODT",
16784,"NDA",,"B BRAUN",
16785,"NDA",,"LEADIANT BIOSCI INC",
16792,"NDA",,"ODYSSEY PHARMS",
16793,"NDA",,"TEVA PARENTERAL",
16796,"NDA",,"AKORN INC",
16798,"NDA",,"PFIZER",
16801,"NDA",,"FRESENIUS KABI USA",
16803,"NDA",,"STERLING",
16806,"NDA",,"WYETH PHARMS",
16807,"NDA",,"ALLERGAN SALES LLC",
16809,"NDA",,"SANOFI AVENTIS US",
16812,"NDA",,"PAR STERILE PRODUCTS",
16813,"NDA",,"FISONS",
16814,"NDA",,"ABBOTT",
16818,"NDA",,"ROERIG",
16820,"NDA",,"PFIZER",
16822,"NDA",,"B BRAUN",
16829,"NDA",,"AAIPHARMA LLC",
16830,"NDA",,"SANOFI AVENTIS US",
16831,"NDA",,"VALEANT PHARM INTL",
16832,"NDA",,"ABBOTT",
16834,"NDA",,"PFIZER",
16844,"NDA",,"AAIPHARMA LLC",
16847,"NDA",,"GE HEALTHCARE",
16848,"NDA",,"MYLAN SPECIALITY LP",
16851,"NDA",,"ALLERGAN",
16852,"NDA",,"PARKE DAVIS",
16854,"NDA",,"PARKE DAVIS",
16860,"NDA",,"NOVEN THERAP",
16861,"NDA",,"AAIPHARMA LLC",
16862,"NDA",,"XANODYNE PHARM",
16863,"NDA",,"AAIPHARMA LLC",
16885,"NDA",,"LABORATOIRE HRA",
16891,"NDA",,"SANOFI AVENTIS US",
16904,"NDA",,"PFIZER",
16908,"NDA",,"CNTY LINE PHARMS",
16909,"NDA",,"CNTY LINE PHARMS",
16911,"NDA",,"BRISTOL MYERS SQUIBB",
16912,"NDA",,"ROCHE",
16913,"NDA",,"SHIRE",
16921,"NDA",,"VALEANT INTL",
16923,"NDA",,"BRACCO",
16927,"NDA",,"GD SEARLE LLC",
16928,"NDA",,"HEATHER",
16929,"NDA",,"HOSPIRA",
16931,"NDA",,"PHARMACIA AND UPJOHN",
16932,"NDA",,"SCHERING",
16936,"NDA",,"GD SEARLE LLC",
16938,"NDA",,"CIBA",
16942,"NDA",,"WESTWOOD SQUIBB",
16943,"NDA",,"WESTWOOD SQUIBB",
16948,"NDA",,"VALEANT PHARM INTL",
16949,"NDA",,"HERITAGE PHARMS INC",
16954,"NDA",,"JANSSEN PHARMS",
16964,"NDA",,"HOSPIRA",
16968,"NDA",,"ALCON",
16979,"NDA",,"BRISTOL MYERS SQUIBB",
16980,"NDA",,"SOLVAY",
16983,"NDA",,"LIEBEL-FLARSHEIM",
16987,"NDA",,"NEW RIVER",
16988,"NDA",,"AQUA PHARMS",
16990,"NDA",,"SANOFI AVENTIS US",
16996,"NDA",,"SCHERING",
16997,"NDA",,"NOVARTIS",
16998,"NDA",,"PARKE DAVIS",
17001,"NDA",,"VALEANT",
17007,"NDA",,"WEST-WARD PHARMS INT",
17010,"NDA",,"PERRIGO NEW YORK",
17011,"NDA",,"ALLERGAN",
17013,"NDA",,"ABBOTT",
17015,"NDA",,"ORGANON USA INC",
17016,"NDA",,"FERRING",
17020,"NDA",,"ABBOTT",
17027,"NDA",,"3M",
17029,"NDA",,"FRESENIUS KABI USA",
17031,"NDA",,"LABORATOIRE HRA",
17033,"NDA",,"ABRAXIS PHARM",
17036,"NDA",,"BAXTER HLTHCARE",
17037,"NDA",,"WEST-WARD PHARMS INT",
17038,"NDA",,"B BRAUN",
17042,"NDA",,"GE HEALTHCARE",
17045,"NDA",,"BRACCO",
17046,"NDA",,"SAVAGE LABS",
17047,"NDA",,"BRACCO",
17048,"NDA",,"WYETH AYERST",
17054,"NDA",,"BEL MAR",
17055,"NDA",,"FERRING",
17056,"NDA",,"BRISTOL MYERS SQUIBB",
17057,"NDA",,"LIEBEL-FLARSHEIM",
17058,"NDA",,"WEST-WARD PHARMS INT",
17059,"NDA",,"MALLINCKRODT",
17060,"NDA",,"APIL",
17063,"NDA",,"ALCON",
17064,"NDA",,"WATSON LABS",
17067,"NDA",,"FRESENIUS KABI USA",
17078,"NDA",,"IMPAX LABS INC",
17079,"NDA",,"ORTHO MCNEIL PHARM",
17084,"NDA",,"MALLINKRODT NUCLEAR",
17087,"NDA",,"BAXTER HLTHCARE",
17090,"NDA",,"SPECGX LLC",
17098,"NDA",,"MALLINCKRODT",
17100,"NDA",,"ALLERGAN",
17105,"NDA",,"RECORDATI RARE",
17106,"NDA",,"MERIDIAN MEDCL TECHN",
17108,"NDA",,"SANDOZ",
17109,"NDA",,"ROXANE",
17111,"NDA",,"ENDO PHARMS",
17116,"NDA",,"SPECGX LLC",
17118,"NDA",,"ENDO PHARMS",
17122,"NDA",,"XANODYNE PHARM",
17129,"NDA",,"MALLINCKRODT",
17130,"NDA",,"CHAMBERLIN PARENTERL",
17243,"NDA",,"MALLINKRODT NUCLEAR",
17244,"NDA",,"PARKE DAVIS",
17247,"NDA",,"HEXIM",
17255,"NDA",,"GE HEALTHCARE",
17256,"NDA",,"GE HEALTHCARE",
17257,"NDA",,"GE HEALTHCARE",
17262,"NDA",,"MALLINCKRODT",
17264,"NDA",,"GE HEALTHCARE",
17269,"NDA",,"BRACCO",
17279,"NDA",,"ISOTEX",
17283,"NDA",,"LANTHEUS MEDCL",
17284,"NDA",,"LANTHEUS MEDCL",
17313,"NDA",,"PHARMALUCENCE",
17315,"NDA",,"CIS",
17316,"NDA",,"CIS",
17318,"NDA",,"SORIN",
17321,"NDA",,"PHARMALUCENCE",
17322,"NDA",,"PHARMALUCENCE",
17339,"NDA",,"BRACCO",
17340,"NDA",,"VALEANT PHARMS NORTH",
17343,"NDA",,"SHERWOOD MEDCL",
17346,"NDA",,"PARKE DAVIS",
17351,"NDA",,"MYLAN SPECIALITY LP",
17352,"NDA",,"GLAXOSMITHKLINE",
17354,"NDA",,"APIL",
17355,"NDA",,"APIL",
17362,"NDA",,"ACTAVIS LABS UT INC",
17364,"NDA",,"MEDPOINTE PHARM HLC",
17366,"NDA",,"MEAD JOHNSON",
17369,"NDA",,"GLAXOSMITHKLINE",
17371,"NDA",,"APOTHECON",
17373,"NDA",,"CNTY LINE PHARMS",
17374,"NDA",,"MEDPOINTE PHARM HLC",
17376,"NDA",,"MONARCH PHARMS",
17377,"NDA",,"SUN PHARM INDUSTRIES",
17378,"NDA",,"BAXTER HLTHCARE",
17381,"NDA",,"KING PHARMS LLC",
17385,"NDA",,"BAXTER HLTHCARE",
17386,"NDA",,"LANNETT CO INC",
17388,"NDA",,"SOLVAY",
17390,"NDA",,"BAXTER HLTHCARE",
17391,"NDA",,"CASPER PHARMA LLC",
17395,"NDA",,"HOSPIRA",
17398,"NDA",,"SANDOZ INC",
17405,"NDA",,"BAYER PHARMS",
17406,"NDA",,"GE HEALTHCARE",
17407,"NDA",,"BOEHRINGER INGELHEIM",
17408,"NDA",,"GD SEARLE LLC",
17411,"NDA",,"HUNTINGTON LABS",
17412,"NDA",,"HUNTINGTON LABS",
17413,"NDA",,"3M",
17415,"NDA",,"PARKE DAVIS",
17421,"NDA",,"DIAL",
17422,"NDA",,"EMCURE PHARMS LTD",
17423,"NDA",,"VESTAL LABS",
17424,"NDA",,"VESTAL LABS",
17425,"NDA",,"TEVA BRANDED PHARM",
17426,"NDA",,"PERRIGO NEW YORK",
17427,"NDA",,"BAXTER HLTHCARE",
17428,"NDA",,"BAXTER HLTHCARE",
17430,"NDA",,"SANOFI AVENTIS US",
17431,"NDA",,"AKORN",
17433,"NDA",,"DAVIS AND GECK",
17434,"NDA",,"PHARMACIA AND UPJOHN",
17438,"NDA",,"BAXTER HLTHCARE",
17439,"NDA",,"ALLERGAN SALES LLC",
17441,"NDA",,"ALLERGAN SALES LLC",
17442,"NDA",,"PFIZER",
17443,"NDA",,"PAR STERILE PRODUCTS",
17446,"NDA",,"SANOFI AVENTIS US",
17447,"NDA",,"GD SEARLE LLC",
17450,"NDA",,"MEDTECH PRODUCTS",
17451,"NDA",,"BAXTER HLTHCARE",
17452,"NDA",,"BECTON DICKINSON",
17453,"NDA",,"TEVA BRANDED PHARM",
17454,"NDA",,"MALLINCKRODT",
17456,"NDA",,"GE HEALTHCARE",
17460,"NDA",,"CALGON",
17463,"NDA",,"MCNEIL CONSUMER",
17464,"NDA",,"B BRAUN",
17466,"NDA",,"SANOFI AVENTIS US",
17468,"NDA",,"ALCON",
17469,"NDA",,"NOVARTIS PHARMS CORP",
17471,"NDA",,"GE HEALTHCARE",
17473,"NDA",,"TEVA",
17476,"NDA",,"NOVARTIS",
17478,"NDA",,"LANTHEUS MEDCL",
17481,"NDA",,"JANSSEN PHARMS",
17484,"NDA",,"BAXTER HLTHCARE",
17486,"NDA",,"AKORN",
17488,"NDA",,"ORTHO MCNEIL PHARM",
17489,"NDA",,"ORTHO MCNEIL PHARM",
17493,"NDA",,"BAXTER HLTHCARE",
17494,"NDA",,"INSIGHT PHARMS",
17497,"NDA",,"SANOFI AVENTIS US",
17498,"NDA",,"PHARMACIA AND UPJOHN",
17503,"NDA",,"BOEHRINGER INGELHEIM",
17506,"NDA",,"GE HEALTHCARE",
17508,"NDA",,"ABRAXIS PHARM",
17510,"NDA",,"B BRAUN",
17512,"NDA",,"BAXTER HLTHCARE",
17513,"NDA",,"ICU MEDICAL INC",
17514,"NDA",,"ICU MEDICAL INC",
17516,"NDA",,"PFIZER",
17518,"NDA",,"3M",
17521,"NDA",,"BAXTER HLTHCARE",
17522,"NDA",,"VALEANT BERMUDA",
17525,"NDA",,"ACTAVIS LABS UT INC",
17528,"NDA",,"PARKE DAVIS",
17530,"NDA",,"PAR STERILE PRODUCTS",
17531,"NDA",,"KING PHARMS LLC",
17532,"NDA",,"SANOFI AVENTIS US",
17533,"NDA",,"ROCHE",
17534,"NDA",,"ALLERGAN SALES LLC",
17535,"NDA",,"SANOFI AVENTIS US",
17536,"NDA",,"SCHERING",
17538,"NDA",,"MALLINKRODT NUCLEAR",
17540,"NDA",,"DELL LABS",
17543,"NDA",,"NOVARTIS",
17546,"NDA",,"ROCHE",
17548,"NDA",,"AKORN",
17549,"NDA",,"MERIDIAN MEDCL TECHN",
17550,"NDA",,"GEN ELECTRIC",
17551,"NDA",,"MALLINCKRODT",
17553,"NDA",,"ALZA",
17555,"NDA",,"MERCK SHARP DOHME",
17556,"NDA",,"SUN PHARM INDS INC",
17557,"NDA",,"SANOFI AVENTIS US",
17558,"NDA",,"WEST-WARD PHARMS INT",
17559,"NDA",,"SCHERING",
17560,"NDA",,"SUN PHARM INDUSTRIES",
17561,"NDA",,"SCHERING",
17562,"NDA",,"GE HEALTHCARE",
17563,"NDA",,"PHARMACIA UPJOHN",
17565,"NDA",,"ALLERGAN SALES LLC",
17566,"NDA",,"ALLERGAN SALES LLC",
17569,"NDA",,"GLENWOOD",
17571,"NDA",,"BOEHRINGER INGELHEIM",
17573,"NDA",,"SCHERING",
17575,"NDA",,"BAYER HLTHCARE",
17576,"NDA",,"WARNER CHILCOTT LLC",
17577,"NDA",,"JANSSEN PHARMS",
17579,"NDA",,"VALEANT INTL",
17581,"NDA",,"ATNAHS PHARMA US",
17584,"NDA",,"FRESENIUS KABI USA",
17585,"NDA",,"ICU MEDICAL INC",
17586,"NDA",,"ICU MEDICAL INC",
17588,"NDA",,"CORDEN PHARMA",
17589,"NDA",,"ROCHE",
17594,"NDA",,"WESTWOOD SQUIBB",
17598,"NDA",,"MONARCH PHARMS",
17601,"NDA",,"SCHERING",
17603,"NDA",,"SANOFI AVENTIS US",
17604,"NDA",,"XSPIRE PHARMA",
17605,"NDA",,"SAVAGE LABS",
17606,"NDA",,"ICU MEDICAL INC",
17607,"NDA",,"ICU MEDICAL INC",
17608,"NDA",,"ICU MEDICAL INC",
17609,"NDA",,"ICU MEDICAL INC",
17610,"NDA",,"ICU MEDICAL INC",
17612,"NDA",,"PELAGIUS",
17613,"NDA",,"SCHERING PLOUGH",
17618,"NDA",,"SANOFI AVENTIS US",
17619,"NDA",,"SCHERING PLOUGH",
17624,"NDA",,"BAXTER HLTHCARE",
17628,"NDA",,"ORTHO MCNEIL JANSSEN",
17630,"NDA",,"GE HEALTHCARE",
17633,"NDA",,"HOSPIRA",
17634,"NDA",,"BAXTER HLTHCARE",
17635,"NDA",,"ICU MEDICAL INC",
17636,"NDA",,"HOSPIRA",
17637,"NDA",,"ICU MEDICAL INC",
17638,"NDA",,"ABBOTT",
17641,"NDA",,"ICU MEDICAL INC",
17643,"NDA",,"FRESENIUS",
17646,"NDA",,"SERONO",
17648,"NDA",,"BAXTER HLTHCARE",
17651,"NDA",,"FRESENIUS KABI USA",
17653,"NDA",,"GE HEALTHCARE",
17655,"NDA",,"GE HEALTHCARE",
17656,"NDA",,"ICU MEDICAL INC",
17657,"NDA",,"SANOFI AVENTIS US",
17658,"NDA",,"ACTAVIS LABS UT INC",
17659,"NDA",,"BOEHRINGER INGELHEIM",
17661,"NDA",,"NOVARTIS",
17664,"NDA",,"GE HEALTHCARE",
17667,"NDA",,"GE HEALTHCARE",
17668,"NDA",,"SANOFI AVENTIS US",
17669,"NDA",,"SANOFI AVENTIS US",
17670,"NDA",,"HOSPIRA",
17672,"NDA",,"SOLVAY",
17673,"NDA",,"ICU MEDICAL INC",
17675,"NDA",,"ROBINS AH",
17680,"NDA",,"BRACCO",
17681,"NDA",,"US PHARM HOLDINGS",
17683,"NDA",,"AKRIMAX PHARMS",
17684,"NDA",,"PHARMALUCENCE",
17685,"NDA",,"MALLINCKRODT",
17687,"NDA",,"GE HEALTHCARE",
17688,"NDA",,"SANOFI AVENTIS US",
17690,"NDA",,"J AND J CONSUMER INC",
17691,"NDA",,"SCHERING",
17692,"NDA",,"ORGANON USA INC",
17693,"NDA",,"GE HEALTHCARE",
17694,"NDA",,"J AND J CONSUMER INC",
17697,"NDA",,"BRACCO",
17698,"NDA",,"HOSPIRA",
17700,"NDA",,"GE HEALTHCARE",
17701,"NDA",,"INTL MEDICATION",
17702,"NDA",,"INTL MEDICATION",
17703,"NDA",,"ABBOTT",
17707,"NDA",,"GE HEALTHCARE",
17710,"NDA",,"DISTA",
17714,"NDA",,"JUBILANT DRAXIMAGE",
17716,"NDA",,"WARNER CHILCOTT LLC",
17717,"NDA",,"BAYER HEALTHCARE LLC",
17724,"NDA",,"MALLINCKRODT",
17725,"NDA",,"MALLINCKRODT",
17726,"NDA",,"SERONO",
17735,"NDA",,"JANSSEN PHARMS",
17736,"NDA",,"SCHERING",
17739,"NDA",,"INSIGHT PHARMS",
17741,"NDA",,"PHARMACIA AND UPJOHN",
17743,"NDA",,"ALLERGAN SALES LLC",
17744,"NDA",,"SEBELA IRELAND LTD",
17751,"NDA",,"ASTRAZENECA",
17756,"NDA",,"J AND J CONSUMER INC",
17760,"NDA",,"ALLERGAN",
17765,"NDA",,"PROMIUS PHARMA LLC",
17766,"NDA",,"B BRAUN",
17768,"NDA",,"MOLNLYCKE HLTH",
17769,"NDA",,"SANOFI AVENTIS US",
17771,"NDA",,"LANTHEUS MEDCL",
17773,"NDA",,"GE HEALTHCARE",
17775,"NDA",,"GE HEALTHCARE",
17776,"NDA",,"JUBILANT DRAXIMAGE",
17780,"NDA",,"PHARM SPEC",
17781,"NDA",,"SCHERING",
17783,"NDA",,"PFIZER",
17784,"NDA",,"GE HEALTHCARE",
17785,"NDA",,"ORTHO MCNEIL PHARM",
17787,"NDA",,"ABBOTT",
17788,"NDA",,"MYLAN INSTITUTIONAL",
17789,"NDA",,"ICU MEDICAL INC",
17792,"NDA",,"PHARMALUCENCE",
17794,"NDA",,"VALEANT INTL",
17796,"NDA",,"SANOFI AVENTIS US",
17799,"NDA",,"ICU MEDICAL INC",
17802,"NDA",,"WYETH PHARMS",
17806,"NDA",,"LANTHEUS MEDCL",
17807,"NDA",,"NEW RIVER",
17808,"NDA",,"MYLAN IRELAND LTD",
17810,"NDA",,"PHARMACIA AND UPJOHN",
17812,"NDA",,"WEST-WARD PHARMS INT",
17813,"NDA",,"VALEANT PHARM INTL",
17814,"NDA",,"IROKO PHARMS",
17818,"NDA",,"WESTWOOD SQUIBB",
17820,"NDA",,"LILLY",
17821,"NDA",,"JANSSEN RES AND DEV",
17823,"NDA",,"SUN PHARM INDS INC",
17824,"NDA",,"SUN PHARM INDS INC",
17829,"NDA",,"SCHERING",
17830,"NDA",,"ATON",
17831,"NDA",,"APIL",
17832,"NDA",,"3M",
17833,"NDA",,"BRACCO",
17835,"NDA",,"ISO TEX",
17836,"NDA",,"ISO TEX",
17837,"NDA",,"ISO TEX",
17838,"NDA",,"GE HEALTHCARE",
17842,"NDA",,"MALLINCKRODT",
17844,"NDA",,"MALLINCKRODT",
17846,"NDA",,"BAYER PHARMS",
17848,"NDA",,"GE HEALTHCARE",
17849,"NDA",,"ANI PHARMS INC",
17850,"NDA",,"APOTHECON",
17851,"NDA",,"NOVARTIS",
17853,"NDA",,"SCHERING",
17854,"NDA",,"ANI PHARMS",
17856,"NDA",,"TARO PHARM INDS LTD",
17857,"NDA",,"APOTHECON",
17858,"NDA",,"PHARMALUCENCE",
17862,"NDA",,"WEST-WARD PHARMS INT",
17863,"NDA",,"BAXTER HLTHCARE",
17864,"NDA",,"BAXTER HLTHCARE",
17865,"NDA",,"BAXTER HLTHCARE",
17866,"NDA",,"BAXTER HLTHCARE",
17867,"NDA",,"BAXTER HLTHCARE",
17869,"NDA",,"NOVARTIS",
17871,"NDA",,"ATON PHARMA VPNA",
17874,"NDA",,"GLAXOSMITHKLINE CON",
17875,"NDA",,"APIL",
17876,"NDA",,"APIL",
17879,"NDA",,"GE HEALTHCARE",
17881,"NDA",,"DRAXIMAGE",
17884,"NDA",,"SANOFI AVENTIS US",
17892,"NDA",,"PHARMACIA AND UPJOHN",
17895,"NDA",,"ABBOTT",
17902,"NDA",,"BRACCO",
17903,"NDA",,"BRACCO",
17906,"NDA",,"SOLVAY",
17907,"NDA",,"BRISTOL MYERS SQUIBB",
17911,"NDA",,"MERCK",
17914,"NDA",,"BAYER PHARMS",
17916,"NDA",,"SYNCOR PHARMS",
17917,"NDA",,"WARNER CHILCOTT",
17919,"NDA",,"JANSSEN PHARMS",
17920,"NDA",,"GLAXOSMITHKLINE",
17922,"NDA",,"FERRING PHARMS INC",
17923,"NDA",,"NOVARTIS",
17924,"NDA",,"GLAXOSMITHKLINE",
17926,"NDA",,"NOVO NORDISK INC",
17928,"NDA",,"BRISTOL MYERS SQUIBB",
17929,"NDA",,"NOVO NORDISK INC",
17931,"NDA",,"LILLY",
17932,"NDA",,"LILLY",
17936,"NDA",,"LILLY",
17938,"NDA",,"ENDO PHARMS",
17939,"NDA",,"GLAXOSMITHKLINE",
17941,"NDA",,"GLAXOSMITHKLINE",
17943,"NDA",,"MONARCH PHARMS",
17944,"NDA",,"GE HEALTHCARE",
17948,"NDA",,"GD SEARLE LLC",
17950,"NDA",,"SUN PHARM INDS INC",
17952,"NDA",,"ROCHE",
17954,"NDA",,"HOSPIRA",
17955,"NDA",,"VALEANT INTL",
17956,"NDA",,"3M",
17957,"NDA",,"HOSPIRA INC",
17959,"NDA",,"PHARMACIA AND UPJOHN",
17962,"NDA",,"US PHARMS HOLDINGS I",
17963,"NDA",,"US PHARMS HOLDINGS I",
17968,"NDA",,"PHARMACIA AND UPJOHN",
17970,"NDA",,"ASTRAZENECA",
17971,"NDA",,"JDS PHARMS",
17972,"NDA",,"PHARMALUCENCE",
17979,"NDA",,"ABRAXIS PHARM",
17980,"NDA",,"WYETH AYERST",
17982,"NDA",,"GE HEALTHCARE",
17986,"NDA",,"PFIZER",
17989,"NDA",,"PHARMACIA AND UPJOHN",
17992,"NDA",,"GENENTECH",
17993,"NDA",,"NOVARTIS",
17994,"NDA",,"PHARMACIA AND UPJOHN",
17995,"NDA",,"B BRAUN",
17996,"NDA",,"NOVO NORDISK INC",
17997,"NDA",,"NOVO NORDISK INC",
17998,"NDA",,"NOVO NORDISK INC",
18000,"NDA",,"SANOFI AVENTIS US",
18004,"NDA",,"AKORN",
18006,"NDA",,"PARKE DAVIS",
18008,"NDA",,"BAXTER HLTHCARE",
18009,"NDA",,"PROCTER AND GAMBLE",
18012,"NDA",,"SPECGX LLC",
18013,"NDA",,"SPECGX LLC",
18014,"NDA",,"INTL MEDICATION",
18016,"NDA",,"BAXTER HLTHCARE",
18017,"NDA",,"MERCK",
18021,"NDA",,"LEDERLE",
18023,"NDA",,"B BRAUN",
18024,"NDA",,"PAR PHARM INC",
18025,"NDA",,"INTL MEDICATION",
18026,"NDA",,"B BRAUN",
18027,"NDA",,"ANI PHARMS INC",
18029,"NDA",,"NOVARTIS",
18030,"NDA",,"B BRAUN",
18031,"NDA",,"WYETH PHARMS INC",
18035,"NDA",,"JUBILANT DRAXIMAGE",
18037,"NDA",,"BAXTER HLTHCARE",
18039,"NDA",,"ACTAVIS LABS UT INC",
18040,"NDA",,"JANSSEN PHARMA",
18044,"NDA",,"VALIDUS PHARMS",
18045,"NDA",,"PHARMACIA AND UPJOHN",
18046,"NDA",,"B BRAUN",
18047,"NDA",,"B BRAUN",
18050,"NDA",,"UCB INC",
18052,"NDA",,"BAYER HEALTHCARE LLC",
18053,"NDA",,"HOSPIRA",
18055,"NDA",,"ABBOTT",
18057,"NDA",,"HQ SPCLT PHARMA",
18058,"NDA",,"MALLINKRODT NUCLEAR",
18060,"NDA",,"G AND W LABS",
18061,"NDA",,"MERCK",
18062,"NDA",,"SCHERING",
18063,"NDA",,"US WORLDMEDS LLC",
18066,"NDA",,"CHATTEM",
18067,"NDA",,"LILLY",
18069,"NDA",,"PFIZER",
18074,"NDA",,"VIRTUS PHARMS",
18076,"NDA",,"BRACCO",
18077,"NDA",,"BRACCO",
18080,"NDA",,"ICU MEDICAL INC",
18081,"NDA",,"ABBVIE",
18082,"NDA",,"ABBVIE",
18084,"NDA",,"ORTHO MCNEIL JANSSEN",
18086,"NDA",,"ATON",
18087,"NDA",,"FERRING",
18088,"NDA",,"GE HEALTHCARE",
18089,"NDA",,"PARKE DAVIS",
18090,"NDA",,"ICU MEDICAL INC",
18096,"NDA",,"HOSPIRA",
18101,"NDA",,"ENDO PHARMS",
18102,"NDA",,"PHARMACIA AND UPJOHN",
18104,"NDA",,"PHARMACIA AND UPJOHN",
18107,"NDA",,"CARDINAL HEALTH 414",
18110,"NDA",,"GE HEALTHCARE",
18115,"NDA",,"NOVARTIS",
18116,"NDA",,"ASTELLAS",
18117,"NDA",,"ABBVIE",
18118,"NDA",,"GLAXOSMITHKLINE LLC",
18121,"NDA",,"NOVARTIS",
18123,"NDA",,"WEST-WARD PHARMS INT",
18124,"NDA",,"PHARMALUCENCE",
18125,"NDA",,"BRISTOL MYERS SQUIBB",
18127,"NDA",,"WARNER CHILCOTT",
18128,"NDA",,"WARNER CHILCOTT",
18132,"NDA",,"HOSPIRA",
18138,"NDA",,"WARNER CHILCOTT",
18140,"NDA",,"WEST-WARD PHARMS INT",
18141,"NDA",,"GE HEALTHCARE",
18144,"NDA",,"PARKE DAVIS",
18147,"NDA",,"PFIZER",
18148,"NDA",,"IVAX RES",
18150,"NDA",,"MALLINKRODT NUCLEAR",
18152,"NDA",,"JDS PHARMS",
18153,"NDA",,"GLAXOSMITHKLINE",
18154,"NDA",,"PHARMACIA AND UPJOHN",
18155,"NDA",,"ALLERGAN",
18156,"NDA",,"B BRAUN",
18160,"NDA",,"GD SEARLE LLC",
18161,"NDA",,"B BRAUN",
18163,"NDA",,"SPECGX LLC",
18164,"NDA",,"ATNAHS PHARMA US",
18166,"NDA",,"NOVARTIS",
18168,"NDA",,"GD SEARLE LLC",
18173,"NDA",,"PHARMACIA AND UPJOHN",
18179,"NDA",,"ROCHE",
18181,"NDA",,"BAYER HLTHCARE",
18182,"NDA",,"BAYER HEALTHCARE LLC",
18183,"NDA",,"BAYER HEALTHCARE LLC",
18184,"NDA",,"B BRAUN",
18185,"NDA",,"IROKO PHARMS",
18186,"NDA",,"B BRAUN",
18191,"NDA",,"SCHERING PLOUGH",
18193,"NDA",,"NOVO NORDISK INC",
18194,"NDA",,"NOVO NORDISK INC",
18195,"NDA",,"NOVO NORDISK INC",
18197,"NDA",,"BASF",
18200,"NDA",,"PADDOCK LLC",
18201,"NDA",,"MERCK",
18202,"NDA",,"NOVARTIS",
18203,"NDA",,"ABBOTT",
18205,"NDA",,"GD SEARLE LLC",
18206,"NDA",,"CADENCE HEALTH",
18207,"NDA",,"PRAGMA PHARMS LLC",
18211,"NDA",,"ORTHO MCNEIL JANSSEN",
18225,"NDA",,"VALIDUS PHARMS",
18226,"NDA",,"VALIDUS PHARMS",
18227,"NDA",,"HOSPIRA",
18229,"NDA",,"B BRAUN",
18230,"NDA",,"BAYER HEALTHCARE LLC",
18232,"NDA",,"FISONS",
18233,"NDA",,"ICU MEDICAL INC",
18234,"NDA",,"SUN PHARM INDS INC",
18237,"NDA",,"SANOFI AVENTIS US",
18238,"NDA",,"NESHER PHARMS",
18239,"NDA",,"ALLERGAN",
18240,"NDA",,"ALVOGEN MALTA",
18241,"NDA",,"WATSON LABS",
18242,"NDA",,"TEVA",
18243,"NDA",,"WEST-WARD PHARMS INT",
18245,"NDA",,"NOVARTIS",
18246,"NDA",,"MILES",
18247,"NDA",,"MILES",
18248,"NDA",,"FRESENIUS KABI USA",
18249,"NDA",,"HOSPIRA",
18251,"NDA",,"ICU MEDICAL INC",
18252,"NDA",,"B BRAUN",
18254,"NDA",,"HOSPIRA",
18256,"NDA",,"B BRAUN",
18257,"NDA",,"ASTRAZENECA",
18258,"NDA",,"B BRAUN",
18261,"NDA",,"PAR STERILE PRODUCTS",
18263,"NDA",,"PHARMALUCENCE",
18264,"NDA",,"PAR STERILE PRODUCTS",
18267,"NDA",,"WEST-WARD PHARMS INT",
18268,"NDA",,"B BRAUN",
18269,"NDA",,"B BRAUN",
18270,"NDA",,"B BRAUN",
18271,"NDA",,"B BRAUN",
18272,"NDA",,"DRAXIMAGE",
18273,"NDA",,"B BRAUN",
18274,"NDA",,"B BRAUN",
18276,"NDA",,"PHARMACIA AND UPJOHN",
18279,"NDA",,"ABBVIE",
18281,"NDA",,"NOVARTIS",
18285,"NDA",,"NOVARTIS",
18289,"NDA",,"GE HEALTHCARE",
18290,"NDA",,"FERRING",
18296,"NDA",,"PHARMACIA AND UPJOHN",
18297,"NDA",,"ABBOTT",
18299,"NDA",,"MONARCH PHARMS",
18300,"NDA",,"MOLNLYCKE HLTH",
18303,"NDA",,"US PHARMS HOLDINGS I",
18304,"NDA",,"FRESENIUS KABI USA",
18307,"NDA",,"MEDA PHARMS",
18309,"NDA",,"TARO PHARM INDS LTD",
18310,"NDA",,"COVIDIEN",
18312,"NDA",,"ORGANON USA INC",
18313,"NDA",,"ICU MEDICAL INC",
18314,"NDA",,"ICU MEDICAL INC",
18315,"NDA",,"ICU MEDICAL INC",
18316,"NDA",,"ICU MEDICAL INC",
18321,"NDA",,"MALLINKRODT NUCLEAR",
18327,"NDA",,"MALLINKRODT NUCLEAR",
18332,"NDA",,"IROKO PHARMS",
18333,"NDA",,"ALLERGAN SALES LLC",
18335,"NDA",,"GE HEALTHCARE",
18336,"NDA",,"BAXTER HLTHCARE",
18337,"NDA",,"TARO PHARM INDS LTD",
18340,"NDA",,"ROCHE PALO",
18342,"NDA",,"GLAXOSMITHKLINE",
18343,"NDA",,"PAR PHARM",
18344,"NDA",,"LILLY",
18345,"NDA",,"LILLY",
18346,"NDA",,"LILLY",
18347,"NDA",,"LILLY",
18353,"NDA",,"PFIZER",
18354,"NDA",,"ORTHO MCNEIL JANSSEN",
18358,"NDA",,"B BRAUN",
18361,"NDA",,"EMD SERONO",
18362,"NDA",,"ICU MEDICAL INC",
18363,"NDA",,"PROF DSPLS",
18365,"NDA",,"ICU MEDICAL INC",
18366,"NDA",,"SAVAGE LABS",
18369,"NDA",,"WATSON LABS",
18370,"NDA",,"SUPERPHARM",
18371,"NDA",,"ICU MEDICAL INC",
18374,"NDA",,"SUN PHARM INDS INC",
18375,"NDA",,"XTTRIUM",
18376,"NDA",,"B BRAUN",
18379,"NDA",,"FRESENIUS MEDCL",
18380,"NDA",,"HOSPIRA",
18381,"NDA",,"NOVO NORDISK INC",
18382,"NDA",,"NOVO NORDISK INC",
18383,"NDA",,"NOVO NORDISK INC",
18384,"NDA",,"NOVO NORDISK INC",
18385,"NDA",,"NOVO NORDISK INC",
18386,"NDA",,"B BRAUN",
18388,"NDA",,"HOSPIRA",
18389,"NDA",,"MERCK",
18397,"NDA",,"BAYER HEALTHCARE LLC",
18398,"NDA",,"BAXTER HLTHCARE",
18399,"NDA",,"MILES",
18400,"NDA",,"MILES",
18401,"NDA",,"INDIVIOR INC",
18405,"NDA",,"DURAMED RES",
18406,"NDA",,"HOSPIRA INC",
18413,"NDA",,"IVAX SUB TEVA PHARMS",
18415,"NDA",,"DAVA PHARMS INC",
18417,"NDA",,"MILES",
18418,"NDA",,"NOVARTIS",
18419,"NDA",,"WARNER CHILCOTT",
18420,"NDA",,"WARNER CHILCOTT",
18421,"NDA",,"WEST-WARD PHARMS INT",
18422,"NDA",,"PFIZER PHARMS",
18423,"NDA",,"MOLNLYCKE HLTH",
18429,"NDA",,"ICU MEDICAL INC",
18439,"NDA",,"WATSON LABS",
18440,"NDA",,"ABRAXIS PHARM",
18445,"NDA",,"MERCK",
18449,"NDA",,"FRESENIUS",
18450,"NDA",,"ABBVIE",
18452,"NDA",,"MONARCH PHARMS",
18458,"NDA",,"SANOFI AVENTIS US",
18459,"NDA",,"XANODYNE PHARM",
18460,"NDA",,"B BRAUN",
18461,"NDA",,"BAXTER HLTHCARE",
18462,"NDA",,"ABBOTT",
18465,"NDA",,"ALPHA THERA",
18467,"NDA",,"PHARMALUCENCE",
18469,"NDA",,"ALCON",
18470,"NDA",,"NOVARTIS",
18471,"NDA",,"BAYER HEALTHCARE LLC",
18473,"NDA",,"GLAXOSMITHKLINE",
18476,"NDA",,"LILLY",
18477,"NDA",,"LILLY",
18478,"NDA",,"LILLY",
18479,"NDA",,"LILLY",
18482,"NDA",,"PFIZER",
18484,"NDA",,"PHARMACIA AND UPJOHN",
18485,"NDA",,"MT ADAMS",
18487,"NDA",,"MYLAN",
18489,"NDA",,"DRAXIMAGE",
18494,"NDA",,"BAXTER HLTHCARE",
18495,"NDA",,"BAXTER HLTHCARE",
18497,"NDA",,"BAXTER HLTHCARE",
18498,"NDA",,"ASTELLAS",
18499,"NDA",,"MILES",
18500,"NDA",,"MILES",
18501,"NDA",,"MILES",
18502,"NDA",,"MILES",
18503,"NDA",,"MILES",
18504,"NDA",,"MILES",
18506,"NDA",,"SCHERING",
18507,"NDA",,"ABRAXIS PHARM",
18508,"NDA",,"BAXTER HLTHCARE",
18509,"NDA",,"MALLINCKRODT INC",
18511,"NDA",,"JUBILANT DRAXIMAGE",
18512,"NDA",,"BAXTER HLTHCARE",
18513,"NDA",,"LEADIANT BIOSCI INC",
18514,"NDA",,"PRECISION DERMAT",
18517,"NDA",,"IVAX SUB TEVA PHARMS",
18519,"NDA",,"BAXTER HLTHCARE",
18520,"NDA",,"MEDTECH PRODUCTS",
18521,"NDA",,"SCHERING",
18522,"NDA",,"BAXTER HLTHCARE",
18523,"NDA",,"BAXTER HLTHCARE",
18531,"NDA",,"HOSPIRA",
18533,"NDA",,"JANSSEN PHARMS",
18535,"NDA",,"GD SEARLE LLC",
18536,"NDA",,"MALLINCKRODT",
18537,"NDA",,"HOSPIRA",
18538,"NDA",,"SANOFI AVENTIS US",
18543,"NDA",,"INTL MEDICATION",
18548,"NDA",,"BRACCO",
18549,"NDA",,"LYPHOMED",
18550,"NDA",,"ROCHE",
18551,"NDA",,"ROXANE",
18553,"NDA",,"ANI PHARMS INC",
18554,"NDA",,"SCHERING",
18555,"NDA",,"ASTRAZENECA",
18557,"NDA",,"ROCHE",
18558,"NDA",,"WEST-WARD PHARMS INT",
18561,"NDA",,"ICU MEDICAL INC",
18562,"NDA",,"ICU MEDICAL INC",
18563,"NDA",,"ICU MEDICAL INC",
18564,"NDA",,"ICU MEDICAL INC",
18565,"NDA",,"WEST-WARD PHARMS INT",
18569,"NDA",,"SANDOZ",
18571,"NDA",,"PHARMACARE",
18578,"NDA",,"DR REDDYS LA",
18579,"NDA",,"LUITPOLD",
18580,"NDA",,"ASTRAZENECA",
18581,"NDA",,"BAXTER HLTHCARE",
18582,"NDA",,"B BRAUN",
18584,"NDA",,"GLAXOSMITHKLINE",
18586,"NDA",,"TARO PHARM INDS LTD",
18587,"NDA",,"WYETH AYERST",
18588,"NDA",,"PARKE DAVIS",
18590,"NDA",,"BAXTER HLTHCARE",
18592,"NDA",,"PERSONAL PRODS",
18593,"NDA",,"MT ADAMS",
18594,"NDA",,"TARO PHARM INDS LTD",
18596,"NDA",,"KING PHARMS LLC",
18598,"NDA",,"FOSUN PHARMA",
18599,"NDA",,"WATSON LABS",
18602,"NDA",,"VALEANT INTL",
18603,"NDA",,"GLAXOSMITHKLINE",
18604,"NDA",,"VALEANT BERMUDA",
18605,"NDA",,"PHARMACIA AND UPJOHN",
18608,"NDA",,"HOSPIRA",
18609,"NDA",,"BAXTER HLTHCARE",
18612,"NDA",,"GLAXOSMITHKLINE",
18613,"NDA",,"TARO PHARM INDS LTD",
18614,"NDA",,"ABBOTT",
18615,"NDA",,"STI PHARMA LLC",
18620,"NDA",,"FOSUN PHARMA",
18621,"NDA",,"SANOFI AVENTIS US",
18623,"NDA",,"NOVO NORDISK INC",
18625,"NDA",,"ABBOTT",
18629,"NDA",,"BAXTER HLTHCARE",
18631,"NDA",,"US PHARM HOLDINGS",
18632,"NDA",,"BAXTER HLTHCARE",
18634,"NDA",,"ALCON PHARMS LTD",
18642,"NDA",,"G AND W LABS INC",
18644,"NDA",,"GLAXOSMITHKLINE",
18647,"NDA",,"KING PHARMS LLC",
18649,"NDA",,"BAXTER HLTHCARE",
18651,"NDA",,"ABBVIE",
18652,"NDA",,"PRECISION DERMAT",
18654,"NDA",,"HLR",
18655,"NDA",,"GD SEARLE LLC",
18656,"NDA",,"TELIGENT",
18657,"NDA",,"BAXTER HLTHCARE",
18658,"NDA",,"RECKITT BENCKISER",
18659,"ANDA",,"MYLAN",
18660,"NDA",,"BAXTER HLTHCARE",
18662,"NDA",,"HOFFMANN LA ROCHE",
18663,"NDA",,"CHART MEDCL",
18664,"NDA",,"ANBEX",
18667,"NDA",,"HOSPIRA",
18668,"NDA",,"TEVA BRANDED PHARM",
18669,"NDA",,"BAYER PHARMS",
18670,"NDA",,"WYETH AYERST",
18671,"NDA",,"CARDINAL HEALTH 418",
18672,"NDA",,"POHL BOSKAMP",
18674,"NDA",,"B BRAUN",
18675,"NDA",,"NOVARTIS",
18676,"NDA",,"B BRAUN",
18677,"NDA",,"MYLAN SPECIALITY LP",
18678,"NDA",,"BAXTER HLTHCARE",
18679,"NDA",,"MAYNE PHARMA",
18680,"NDA",,"COOPERSURGICAL",
18681,"NDA",,"B BRAUN",
18682,"NDA",,"PFIZER",
18683,"NDA",,"MAYER LABS INC",
18684,"NDA",,"BAXTER HLTHCARE",
18685,"NDA",,"SANOFI AVENTIS US",
18686,"NDA",,"SCHERING",
18687,"NDA",,"SCHERING",
18689,"NDA",,"SEBELA IRELAND LTD",
18690,"NDA",,"WATSON LABS",
18692,"NDA",,"HOSPIRA",
18700,"NDA",,"SANOFI AVENTIS US",
18701,"NDA",,"JANSSEN PHARMS",
18702,"NDA",,"FOUGERA PHARMS",
18703,"NDA",,"GLAXO GRP LTD",
18704,"NDA",,"NOVARTIS",
18705,"NDA",,"POHL BOSKAMP",
18706,"NDA",,"NOVARTIS",
18707,"NDA",,"FOUGERA PHARMS",
18708,"NDA",,"GALT PHARMS",
18709,"NDA",,"APOTHECON",
18713,"NDA",,"BAYER HLTHCARE",
18714,"NDA",,"BAYER HLTHCARE",
18716,"NDA",,"CNTY LINE PHARMS",
18719,"NDA",,"BIOENVISION",
18721,"NDA",,"B BRAUN",
18722,"NDA",,"B BRAUN",
18723,"NDA",,"ABBVIE",
18725,"NDA",,"B BRAUN",
18726,"NDA",,"SUN PHARM INDS INC",
18730,"NDA",,"IVAX SUB TEVA PHARMS",
18731,"NDA",,"BRISTOL MYERS SQUIBB",
18733,"NDA",,"SANOFI AVENTIS US",
18735,"NDA",,"BRACCO",
18737,"NDA",,"SUN PHARM INDS INC",
18738,"NDA",,"SUN PHARM INDS INC",
18740,"NDA",,"FOSUN PHARMA",
18741,"NDA",,"MERCK SHARP DOHME",
18744,"NDA",,"B BRAUN",
18746,"NDA",,"NOVARTIS",
18747,"NDA",,"FISONS",
18748,"NDA",,"MEDIMETRIKS PHARMS",
18749,"NDA",,"MISSION PHARMA",
18750,"NDA",,"SANDOZ",
18751,"NDA",,"ALVOGEN MALTA",
18753,"NDA",,"INTL MEDICATION",
18754,"NDA",,"WYETH AYERST",
18757,"NDA",,"MISSION PHARMA",
18758,"NDA",,"BAXTER HLTHCARE",
18760,"NDA",,"ALVOGEN MALTA",
18761,"NDA",,"BOEHRINGER INGELHEIM",
18762,"NDA",,"NOVARTIS",
18763,"NDA",,"TARO PHARM INDS LTD",
18764,"NDA",,"WATSON LABS",
18766,"NDA",,"PHARMACIA AND UPJOHN",
18768,"NDA",,"CORDEN PHARMA",
18770,"NDA",,"SANOFI AVENTIS US",
18771,"NDA",,"ATON",
18774,"NDA",,"RORER",
18776,"NDA",,"ORGANON USA INC",
18777,"NDA",,"NOVO NORDISK INC",
18778,"NDA",,"NOVO NORDISK INC",
18780,"NDA",,"LILLY",
18781,"NDA",,"LILLY",
18782,"NDA",,"TEVA BRANDED PHARM",
18785,"NDA",,"WATSON LABS",
18786,"NDA",,"ALPHA THERA",
18790,"NDA",,"SUN PHARM INDS INC",
18792,"NDA",,"HOSPIRA",
18793,"NDA",,"GRAHAM DM",
18794,"NDA",,"GRAHAM DM",
18795,"NDA",,"YAMANOUCHI",
18796,"NDA",,"ALCON",
18799,"NDA",,"BAXTER HLTHCARE CORP",
18800,"NDA",,"HOSPIRA",
18801,"NDA",,"HOSPIRA",
18802,"NDA",,"HOSPIRA",
18803,"NDA",,"HOSPIRA",
18804,"NDA",,"ABBOTT",
18806,"NDA",,"PARKE DAVIS",
18807,"NDA",,"B BRAUN",
18810,"NDA",,"THEPHARMANETWORK LLC",
18812,"NDA",,"TEVA",
18813,"NDA",,"SCHERING",
18814,"NDA",,"BAXTER HLTHCARE",
18817,"NDA",,"GD SEARLE LLC",
18818,"NDA",,"MUTUAL PHARM",
18821,"NDA",,"ROBINS AH",
18823,"NDA",,"WEST-WARD PHARMS INT",
18826,"NDA",,"HOSPIRA",
18827,"NDA",,"MERCK SHARP DOHME",
18828,"NDA",,"MYLAN PHARMS INC",
18829,"NDA",,"CHARTWELL MOLECULES",
18830,"NDA",,"CNTY LINE PHARMS",
18831,"NDA",,"HOSPIRA",
18832,"NDA",,"WATSON LABS",
18833,"NDA",,"BAYER PHARMS",
18839,"NDA",,"ROACO",
18840,"NDA",,"BAXTER HLTHCARE",
18841,"NDA",,"GD SEARLE",
18843,"NDA",,"GRAHAM DM",
18844,"NDA",,"GRAHAM DM",
18845,"NDA",,"CHARTWELL MOLECULES",
18849,"NDA",,"CNTY LINE PHARMS",
18851,"NDA",,"HERITAGE PHARMS INC",
18852,"NDA",,"WATSON LABS",
18854,"NDA",,"WATSON LABS",
18856,"NDA",,"LYNE",
18858,"NDA",,"MYLAN",
18859,"NDA",,"VALEANT PHARM INTL",
18860,"NDA",,"PHARMADERM",
18861,"NDA",,"FOUGERA PHARMS INC",
18862,"NDA",,"SAVAGE LABS",
18863,"NDA",,"SAVAGE LABS",
18864,"NDA",,"PHARMADERM",
18865,"NDA",,"FOUGERA PHARMS INC",
18866,"NDA",,"FOUGERA PHARMS INC",
18867,"NDA",,"SAVAGE LABS",
18868,"NDA",,"KALAPHARM",
18869,"NDA",,"BAYER PHARMS",
18870,"NDA",,"PHARMADERM",
18871,"NDA",,"ORTHO MCNEIL PHARM",
18872,"NDA",,"NOVARTIS",
18873,"NDA",,"BOEHRINGER INGELHEIM",
18874,"NDA",,"ABBVIE",
18875,"NDA",,"ABBOTT",
18876,"NDA",,"ICU MEDICAL INC",
18877,"NDA",,"WATSON LABS",
18878,"NDA",,"RECORDATI RARE",
18883,"NDA",,"FRESENIUS MEDCL",
18885,"NDA",,"NOVARTIS",
18887,"NDA",,"KING PHARMS LLC",
18888,"NDA",,"MEDTECH PRODUCTS",
18889,"NDA",,"ABBOTT",
18890,"NDA",,"HOSPIRA",
18891,"NDA",,"BOEHRINGER INGELHEIM",
18892,"NDA",,"HOSPIRA",
18893,"NDA",,"HOSPIRA",
18894,"NDA",,"G AND W LABS INC",
18895,"NDA",,"HOSPIRA",
18896,"NDA",,"HOSPIRA",
18897,"NDA",,"HOSPIRA",
18899,"NDA",,"B BRAUN",
18900,"NDA",,"B BRAUN",
18901,"NDA",,"HOSPIRA",
18902,"NDA",,"FRESENIUS KABI USA",
18904,"NDA",,"HOSPIRA",
18905,"NDA",,"GUERBET",
18907,"NDA",,"WEST-WARD PHARMS INT",
18911,"NDA",,"HOSPIRA",
18916,"NDA",,"HOSPIRA",
18917,"NDA",,"PROMIUS PHARMA",
18920,"NDA",,"HOSPIRA",
18921,"NDA",,"BAXTER HLTHCARE",
18922,"NDA",,"WYETH PHARMS INC",
18923,"NDA",,"ABBOTT",
18924,"NDA",,"HOSPIRA",
18925,"NDA",,"EXELA PHARMA SCS LLC",
18926,"NDA",,"GD SEARLE LLC",
18927,"NDA",,"NOVARTIS",
18928,"NDA",,"FISONS",
18930,"NDA",,"CHARTWELL MOLECULES",
18931,"NDA",,"BAXTER HLTHCARE",
18932,"NDA",,"TEVA WOMENS",
18933,"NDA",,"TELIGENT PHARMA INC",
18934,"NDA",,"YAOPHARMA CO LTD",
18935,"NDA",,"SCHWARZ PHARMA",
18936,"NDA",,"ELI LILLY AND CO",
18938,"NDA",,"FERRING PHARMS INC",
18946,"NDA",,"HEATHER",
18947,"NDA",,"HOSPIRA",
18948,"NDA",,"LEADIANT BIOSCI INC",
18954,"NDA",,"ABBOTT",
18956,"NDA",,"GE HEALTHCARE",
18959,"NDA",,"HOSPIRA",
18960,"NDA",,"HOSPIRA",
18961,"NDA",,"HOSPIRA",
18962,"NDA",,"HOSPIRA",
18963,"NDA",,"BRACCO",
18965,"NDA",,"ATNAHS PHARMA US",
18967,"NDA",,"B BRAUN",
18969,"NDA",,"HOSPIRA",
18970,"NDA",,"HOSPIRA",
18972,"NDA",,"WYETH PHARMS INC",
18976,"NDA",,"AUXILIUM PHARMS LLC",
18977,"NDA",,"MAYNE PHARMA",
18983,"NDA",,"MYLAN SPECIALITY LP",
18985,"NDA",,"JANSSEN PHARMS",
18986,"NDA",,"MERIDIAN MEDCL TECHN",
18988,"NDA",,"NOVARTIS",
18989,"NDA",,"PFIZER",
18991,"NDA",,"HOSPIRA",
18996,"NDA",,"GLAXOSMITHKLINE",
18997,"NDA",,"HOSPIRA",
18998,"NDA",,"VALEANT PHARMS NORTH",
19001,"NDA",,"MEDPOINTE PHARM HLC",
19002,"NDA",,"JOHNSON AND JOHNSON",
19004,"NDA",,"ORTHO MCNEIL PHARM",
19005,"NDA",,"ABBOTT",
19006,"NDA",,"B BRAUN",
19008,"NDA",,"HOSPIRA INC",
19009,"NDA",,"VALEANT PHARMS",
19010,"NDA",,"ABBVIE ENDOCRINE INC",
19011,"NDA",,"BRAINTREE",
19012,"NDA",,"J AND J CONSUMER INC",
19014,"NDA",,"PARKE DAVIS",
19018,"NDA",,"B BRAUN",
19022,"NDA",,"BAXTER HLTHCARE",
19024,"NDA",,"B BRAUN",
19025,"NDA",,"B BRAUN",
19028,"NDA",,"3M",
19029,"NDA",,"LNK",
19030,"NDA",,"HOSPIRA",
19032,"NDA",,"PROMIUS PHARMA",
19033,"NDA",,"HOSPIRA",
19034,"NDA",,"FRESENIUS KABI USA",
19036,"NDA",,"ABRAXIS PHARM",
19037,"NDA",,"JANSSEN PHARMS",
19038,"NDA",,"GD SEARLE LLC",
19039,"NDA",,"PHARMALUCENCE",
19042,"NDA",,"B BRAUN",
19044,"NDA",,"GE HEALTHCARE",
19046,"NDA",,"SCHERING",
19047,"NDA",,"BAXTER HLTHCARE",
19048,"NDA",,"GALDERMA LABS LP",
19049,"NDA",,"VALEANT BERMUDA",
19050,"NDA",,"AKORN",
19055,"NDA",,"XTTRIUM",
19057,"NDA",,"ABBOTT",
19058,"NDA",,"ASTRAZENECA",
19059,"NDA",,"WYETH AYERST",
19065,"NDA",,"NOVO NORDISK INC",
19069,"NDA",,"BAYER PHARMS",
19071,"NDA",,"MISSION PHARMA",
19077,"NDA",,"B BRAUN",
19079,"NDA",,"NOVARTIS PHARMS CORP",
19080,"NDA",,"ABBOTT",
19081,"NDA",,"NOVARTIS",
19082,"NDA",,"ASTRAZENECA",
19083,"NDA",,"B BRAUN",
19084,"NDA",,"JANSSEN PHARMA",
19085,"NDA",,"BOEHRINGER INGELHEIM",
19090,"NDA",,"TELIGENT",
19091,"NDA",,"PROMIUS PHARMA",
19099,"NDA",,"B BRAUN",
19101,"NDA",,"WEST-WARD PHARMS INT",
19106,"NDA",,"YAMANOUCHI",
19107,"NDA",,"GENENTECH",
19111,"NDA",,"UCB INC",
19112,"NDA",,"GLAXOSMITHKLINE",
19115,"NDA",,"HOSPIRA",
19116,"NDA",,"PRECISION DERMAT",
19117,"NDA",,"TARO",
19118,"NDA",,"ABBOTT",
19119,"NDA",,"ABBOTT",
19120,"NDA",,"ABBOTT",
19121,"NDA",,"B BRAUN",
19123,"NDA",,"UPSHER-SMITH LABS",
19125,"NDA",,"XTTRIUM",
19127,"NDA",,"XTTRIUM",
19129,"NDA",,"MYLAN PHARMS INC",
19130,"NDA",,"MCGAW",
19134,"NDA",,"B BRAUN",
19135,"NDA",,"B BRAUN",
19136,"NDA",,"PHARMADERM",
19137,"NDA",,"FOUGERA PHARMS",
19138,"NDA",,"SAVAGE LABS",
19140,"NDA",,"PHARMADERM",
19141,"NDA",,"FOUGERA PHARMS INC",
19143,"NDA",,"SAVAGE LABS",
19151,"NDA",,"GLAXOSMITHKLINE LLC",
19152,"NDA",,"PFIZER",
19155,"NDA",,"SUN PHARM INDS INC",
19157,"NDA",,"SETON PHARM",
19174,"NDA",,"GLAXOSMITHKLINE",
19183,"NDA",,"ALLERGAN SALES LLC",
19185,"NDA",,"ABBOTT",
19188,"NDA",,"UCB INC",
19190,"NDA",,"WYETH PHARMS INC",
19192,"NDA",,"WYETH PHARMS",
19193,"NDA",,"METHAPHARM",
19194,"NDA",,"ATON",
19201,"NDA",,"NOVARTIS",
19204,"NDA",,"ABBVIE",
19211,"NDA",,"HOSPIRA INC",
19212,"NDA",,"B BRAUN",
19215,"NDA",,"ROCHE PALO",
19216,"NDA",,"ALLERGAN",
19217,"NDA",,"ICU MEDICAL INC",
19218,"NDA",,"ABBOTT",
19219,"NDA",,"ALLERGAN",
19221,"NDA",,"VALEANT INTL",
19222,"NDA",,"ICU MEDICAL INC",
19228,"NDA",,"ABRAXIS PHARM",
19229,"NDA",,"ABRAXIS PHARM",
19240,"NDA",,"BECTON DICKINSON",
19243,"NDA",,"SCHERING",
19257,"NDA",,"LEADIANT BIOSCI INC",
19258,"NDA",,"ECOLAB",
19259,"NDA",,"PHARMACIA AND UPJOHN",
19260,"NDA",,"PHARMACIA AND UPJOHN",
19261,"NDA",,"AKORN",
19264,"NDA",,"FRESENIUS KABI USA",
19268,"NDA",,"GD SEARLE LLC",
19269,"NDA",,"GLAXOSMITHKLINE",
19270,"NDA",,"SANDOZ INC",
19271,"NDA",,"ABRAXIS PHARM",
19279,"NDA",,"ROBINS AH",
19280,"NDA",,"PHARMACIA AND UPJOHN",
19281,"NDA",,"PHARMACIA AND UPJOHN",
19284,"NDA",,"HOSPIRA",
19287,"NDA",,"PHARMACIA AND UPJOHN",
19292,"NDA",,"LIEBEL-FLARSHEIM",
19297,"NDA",,"EMD SERONO",
19304,"NDA",,"ABBVIE",
19308,"NDA",,"BAXTER HLTHCARE",
19309,"NDA",,"BIOVAIL LABS INTL",
19316,"NDA",,"FRESENIUS KABI USA",
19319,"NDA",,"BAXTER HLTHCARE",
19322,"NDA",,"FOUGERA PHARMS",
19323,"NDA",,"FOUGERA PHARMS",
19326,"NDA",,"BAXTER HLTHCARE",
19329,"NDA",,"ABRAXIS PHARM",
19334,"NDA",,"SOMERSET",
19339,"NDA",,"HOSPIRA",
19345,"NDA",,"ICU MEDICAL INC",
19346,"NDA",,"HOSPIRA",
19350,"NDA",,"ABRAXIS PHARM",
19353,"NDA",,"AKORN",
19356,"NDA",,"SEBELA IRELAND LTD",
19357,"NDA",,"QOL MEDCL",
19358,"NDA",,"ROCHE",
19359,"NDA",,"ROCHE PALO",
19367,"NDA",,"BAXTER HLTHCARE",
19368,"NDA",,"ETHITEK",
19369,"NDA",,"ROCHE",
19374,"NDA",,"ICU MEDICAL INC",
19377,"NDA",,"LILLY",
19381,"NDA",,"NOVARTIS",
19382,"NDA",,"CLINIPAD",
19383,"NDA",,"SCHERING",
19384,"NDA",,"MERCK",
19385,"NDA",,"VALEANT PHARM INTL",
19386,"NDA",,"BAXTER HLTHCARE",
19387,"NDA",,"ALCON",
19389,"NDA",,"GLAXOSMITHKLINE",
19395,"NDA",,"FRESENIUS MEDCL",
19398,"NDA",,"ICU MEDICAL INC",
19399,"NDA",,"ABBOTT",
19400,"NDA",,"ABBOTT",
19401,"NDA",,"UCB INC",
19404,"NDA",,"ALLERGAN",
19407,"NDA",,"JOHNSON AND JOHNSON",
19408,"NDA",,"SCHERING",
19412,"NDA",,"WARNER CHILCOTT",
19414,"NDA",,"BRACCO",
19415,"NDA",,"SERONO",
19416,"NDA",,"ICU MEDICAL INC",
19421,"NDA",,"XTTRIUM",
19422,"NDA",,"XTTRIUM",
19425,"NDA",,"SEBELA IRELAND LTD",
19428,"NDA",,"CENT PHARMS",
19429,"NDA",,"ALLERGAN SALES LLC",
19430,"NDA",,"MYLAN SPECIALITY LP",
19432,"NDA",,"IMP",
19434,"NDA",,"GLAXOSMITHKLINE",
19435,"NDA",,"GLAXOSMITHKLINE",
19436,"NDA",,"SANOFI AVENTIS US",
19437,"NDA",,"ICU MEDICAL INC",
19438,"NDA",,"ICU MEDICAL INC",
19439,"NDA",,"SCHERING",
19440,"NDA",,"PFIZER",
19441,"NDA",,"NOVO NORDISK INC",
19443,"NDA",,"ABBOTT",
19445,"NDA",,"HOSPIRA",
19449,"NDA",,"NOVO NORDISK INC",
19450,"NDA",,"NOVO NORDISK INC",
19451,"NDA",,"NOVARTIS",
19452,"NDA",,"HILL DERMAC",
19453,"NDA",,"SCHERING PLOUGH",
19456,"NDA",,"LEO PHARM",
19462,"NDA",,"VALEANT PHARMS NORTH",
19463,"NDA",,"ATON",
19465,"NDA",,"HOSPIRA",
19466,"NDA",,"HOSPIRA",
19471,"NDA",,"BIOVAIL",
19476,"NDA",,"BECTON DICKINSON",
19478,"NDA",,"BAYER PHARMS",
19479,"NDA",,"HOSPIRA",
19480,"NDA",,"HOSPIRA",
19481,"NDA",,"UNITED GUARDIAN",
19482,"NDA",,"ABBOTT",
19483,"NDA",,"ABBOTT",
19484,"NDA",,"ABBOTT",
19485,"NDA",,"ABBOTT",
19486,"NDA",,"ABBOTT",
19487,"NDA",,"J AND J CONSUMER INC",
19488,"NDA",,"CHIESI USA INC",
19489,"NDA",,"GLAXOSMITHKLINE",
19490,"NDA",,"KENDALL IL",
19491,"NDA",,"ABBOTT",
19492,"NDA",,"ICU MEDICAL INC",
19493,"NDA",,"ABBOTT",
19498,"NDA",,"SANOFI AVENTIS US",
19500,"NDA",,"NOVARTIS",
19501,"NDA",,"JOHNSON AND JOHNSON",
19503,"NDA",,"PARNELL",
19504,"NDA",,"ABBOTT",
19505,"NDA",,"ABBOTT",
19506,"NDA",,"ABBOTT",
19507,"NDA",,"SANOFI AVENTIS US",
19508,"NDA",,"SMITHKLINE BEECHAM",
19510,"NDA",,"MERCK",
19513,"NDA",,"ICU MEDICAL INC",
19514,"NDA",,"HOSPIRA",
19515,"NDA",,"HOSPIRA",
19516,"NDA",,"PURDUE PHARMA LP",
19518,"NDA",,"CHESEBROUGH PONDS",
19520,"NDA",,"BAXTER HLTHCARE",
19522,"NDA",,"ALLEGIANCE HLTHCARE",
19523,"NDA",,"HOSPIRA",
19525,"NDA",,"ALLERGAN",
19527,"NDA",,"SALIX PHARMS",
19529,"NDA",,"LILLY",
19530,"NDA",,"B BRAUN",
19531,"NDA",,"B BRAUN",
19532,"NDA",,"LANNETT CO INC",
19536,"NDA",,"WYETH AYERST",
19537,"NDA",,"BAYER HLTHCARE",
19543,"NDA",,"MERCK SHARP DOHME",
19545,"NDA",,"MGI PHARMA INC",
19546,"NDA",,"SMITHKLINE BEECHAM",
19548,"NDA",,"SANOFI AVENTIS US",
19555,"NDA",,"MERCK SHARP DOHME",
19557,"NDA",,"DAVA PHARMS INC",
19558,"NDA",,"MERCK",
19561,"NDA",,"KV PHARM",
19564,"NDA",,"ABBOTT",
19565,"NDA",,"ABBOTT",
19568,"NDA",,"VALEANT PHARMS NORTH",
19569,"NDA",,"MISSION PHARMA",
19571,"NDA",,"LILLY",
19574,"NDA",,"CASPER PHARMA LLC",
19578,"NDA",,"US ARMY WALTER REED",
19579,"NDA",,"JANSSEN PHARMS",
19580,"NDA",,"BAYER HLTHCARE",
19583,"NDA",,"SMITHKLINE BEECHAM",
19585,"NDA",,"BAYER PHARMS",
19589,"NDA",,"SCHERING",
19591,"NDA",,"ROCHE",
19593,"NDA",,"TELIGENT",
19594,"NDA",,"ALLERGAN SALES LLC",
19596,"NDA",,"BAYER HLTHCARE",
19599,"NDA",,"SEBELA IRELAND LTD",
19600,"NDA",,"DOW PHARM",
19603,"NDA",,"ICU MEDICAL INC",
19604,"NDA",,"MURO",
19608,"NDA",,"FRANKLIN PHARMS",
19614,"NDA",,"RECRO GAINESVILLE",
19615,"NDA",,"BAXTER HLTHCARE",
19616,"NDA",,"SANOFI AVENTIS US",
19617,"NDA",,"PHARMACIA AND UPJOHN",
19618,"NDA",,"MYLAN SPECIALITY LP",
19621,"NDA",,"GLAXOSMITHKLINE",
19625,"NDA",,"MERCK SHARP DOHME",
19626,"NDA",,"B BRAUN",
19627,"NDA",,"FRESENIUS KABI USA",
19630,"NDA",,"B BRAUN",
19631,"NDA",,"B BRAUN",
19632,"NDA",,"B BRAUN",
19633,"NDA",,"B BRAUN",
19634,"NDA",,"B BRAUN",
19635,"NDA",,"B BRAUN",
19638,"NDA",,"ORGANON USA INC",
19640,"NDA",,"LILLY",
19641,"NDA",,"JANSSEN PHARMS",
19643,"NDA",,"MERCK",
19645,"NDA",,"ROCHE PALO",
19647,"NDA",,"UT SW MEDCTR",
19649,"NDA",,"SUN PHARM INDS INC",
19650,"NDA",,"FOREST LABS",
19651,"NDA",,"APIL",
19653,"NDA",,"JANSSEN PHARMS",
19655,"NDA",,"VIIV HLTHCARE",
19658,"NDA",,"BAYER HEALTHCARE LLC",
19660,"NDA",,"KING PHARMS LLC",
19661,"NDA",,"ROCHE PALO",
19667,"NDA",,"NOVARTIS",
19668,"NDA",,"PFIZER",
19669,"NDA",,"BRISTOL MYERS",
19670,"NDA",,"BAYER HEALTHCARE LLC",
19672,"NDA",,"ALZA",
19675,"NDA",,"GLAXO GRP LTD",
19676,"NDA",,"GENENTECH",
19677,"NDA",,"MYLAN INSTITUTIONAL",
19678,"NDA",,"MYLAN INSTITUTIONAL",
19680,"NDA",,"ABBVIE",
19681,"NDA",,"HOSPIRA",
19682,"NDA",,"HOSPIRA INC",
19683,"NDA",,"HOSPIRA INC",
19684,"NDA",,"PFIZER",
19685,"NDA",,"ICU MEDICAL INC",
19686,"NDA",,"ICU MEDICAL INC",
19687,"NDA",,"FERRING",
19691,"NDA",,"ICU MEDICAL INC",
19693,"NDA",,"LILLY",
19696,"NDA",,"B BRAUN",
19697,"NDA",,"JANSSEN PHARMS",
19698,"NDA",,"ROCHE PALO",
19699,"NDA",,"B BRAUN",
19700,"NDA",,"ALLERGAN",
19708,"NDA",,"B BRAUN",
19710,"NDA",,"LIEBEL-FLARSHEIM",
19711,"NDA",,"B BRAUN",
19712,"NDA",,"ABBOTT",
19713,"NDA",,"ABBOTT",
19714,"NDA",,"ABBOTT",
19715,"NDA",,"MYLAN SPECIALITY LP",
19716,"NDA",,"MERCK SHARP DOHME",
19717,"NDA",,"LILLY",
19718,"NDA",,"B BRAUN",
19721,"NDA",,"NOVO NORDISK INC",
19722,"NDA",,"PAR PHARM",
19726,"NDA",,"TERSERA THERAPS LLC",
19729,"NDA",,"ASTELLAS",
19732,"NDA",,"ABBVIE ENDOCRINE INC",
19734,"NDA",,"CHIESI USA INC",
19735,"NDA",,"JANSSEN PHARMS",
19737,"NDA",,"GALDERMA LABS LP",
19746,"NDA",,"ALZA",
19753,"NDA",,"SHIRE",
19757,"NDA",,"MERCK",
19758,"NDA",,"HERITAGE LIFE",
19759,"NDA",,"HOSPIRA",
19762,"NDA",,"ALZA",
19763,"NDA",,"BAXTER HLTHCARE",
19764,"NDA",,"EMD SERONO",
19766,"NDA",,"MSD MERCK CO",
19771,"NDA",,"PFIZER",
19773,"NDA",,"GLAXOSMITHKLINE",
19774,"NDA",,"FERRING",
19775,"NDA",,"PFIZER",
19776,"NDA",,"FERRING",
19777,"NDA",,"ALVOGEN MALTA",
19778,"NDA",,"MERCK",
19779,"NDA",,"NOVARTIS PHARMS CORP",
19781,"NDA",,"VIRTUS PHARMS",
19784,"NDA",,"ABBOTT",
19785,"NDA",,"LANTHEUS MEDCL",
19786,"NDA",,"NOVARTIS",
19787,"NDA",,"PFIZER",
19790,"NDA",,"AUXILIUM PHARMS LLC",
19793,"NDA",,"CAREFUSION 2200",
19794,"NDA",,"ABBOTT",
19795,"NDA",,"ALLERGAN SALES LLC",
19796,"NDA",,"MERCK SHARP DOHME",
19797,"NDA",,"BRAINTREE",
19798,"NDA",,"SANOFI AVENTIS US",
19802,"NDA",,"B BRAUN",
19805,"NDA",,"HOSPIRA",
19806,"NDA",,"AUXILIUM PHARMS LLC",
19807,"NDA",,"SANOFI AVENTIS US",
19810,"NDA",,"ASTRAZENECA PHARMS",
19813,"NDA",,"JANSSEN PHARMS",
19814,"NDA",,"ALLERGAN",
19815,"NDA",,"SHIRE LLC",
19816,"NDA",,"WYETH PHARMS INC",
19817,"NDA",,"BOEHRINGER INGELHEIM",
19818,"NDA",,"LEADIANT BIOSCI INC",
19819,"NDA",,"YAMANOUCHI",
19821,"NDA",,"STIEFEL LABS INC",
19822,"NDA",,"GRIFFEN",
19824,"NDA",,"MEDIMETRIKS PHARMS",
19826,"NDA",,"B BRAUN",
19828,"NDA",,"FOUGERA PHARMS",
19829,"NDA",,"GE HEALTHCARE",
19830,"NDA",,"B BRAUN",
19832,"NDA",,"MYLAN INSTITUTIONAL",
19833,"NDA",,"WYETH CONS",
19834,"NDA",,"ASTRAZENECA",
19835,"NDA",,"J AND J CONSUMER INC",
19836,"NDA",,"SHIRE",
19837,"NDA",,"BAXTER HLTHCARE",
19839,"NDA",,"PFIZER",
19841,"NDA",,"MALLINKRODT NUCLEAR",
19842,"NDA",,"MCNEIL CONSUMER",
19843,"NDA",,"B BRAUN",
19844,"NDA",,"B BRAUN",
19845,"NDA",,"NOVARTIS PHARMS CORP",
19847,"NDA",,"BAYER HLTHCARE",
19849,"NDA",,"FERA PHARMS",
19851,"NDA",,"US PHARMS HOLDINGS I",
19853,"NDA",,"ATON",
19854,"NDA",,"MYLAN SPECIALITY LP",
19855,"NDA",,"MYLAN PHARMS INC",
19856,"NDA",,"MERCK SHARP DOHME",
19857,"NDA",,"BAYER HLTHCARE",
19858,"NDA",,"BAYER PHARMS",
19860,"NDA",,"J AND J CONSUMER INC",
19862,"NDA",,"GE HEALTHCARE",
19863,"NDA",,"EMD SERONO",
19864,"NDA",,"B BRAUN",
19865,"NDA",,"COVIS PHARMA BV",
19867,"NDA",,"B BRAUN",
19869,"NDA",,"ICU MEDICAL INC",
19870,"NDA",,"B BRAUN",
19872,"NDA",,"J AND J CONSUMER INC",
19873,"NDA",,"B BRAUN",
19879,"NDA",,"SANOFI AVENTIS US",
19880,"NDA",,"CORDEN PHARMA",
19881,"NDA",,"PERRIGO PHARMA INTL",
19882,"NDA",,"MALLINKRODT NUCLEAR",
19884,"NDA",,"BAXTER HLTHCARE",
19885,"NDA",,"PFIZER PHARMS",
19886,"NDA",,"GD SEARLE LLC",
19887,"NDA",,"FRESENIUS KABI USA",
19888,"NDA",,"ALVOGEN MALTA",
19890,"NDA",,"BRISTOL MYERS SQUIBB",
19891,"NDA",,"RHODES PHARMS",
19892,"NDA",,"RHODES PHARMS",
19893,"NDA",,"ICU MEDICAL INC",
19894,"NDA",,"ICU MEDICAL INC",
19897,"NDA",,"POPULATION COUNCIL",
19898,"NDA",,"BRISTOL MYERS SQUIBB",
19899,"NDA",,"J AND J CONSUMER INC",
19901,"NDA",,"KING PHARMS LLC",
19904,"NDA",,"BAXTER HLTHCARE",
19906,"NDA",,"SPECGX LLC",
19907,"NDA",,"BAUSCH AND LOMB",
19908,"NDA",,"SANOFI AVENTIS US",
19909,"NDA",,"MYLAN PHARMS INC",
19910,"NDA",,"VIIV HLTHCARE",
19912,"NDA",,"BLAIREX",
19915,"NDA",,"BRISTOL MYERS SQUIBB",
19916,"NDA",,"ICU MEDICAL INC",
19917,"NDA",,"ICU MEDICAL INC",
19918,"NDA",,"MEDTECH PRODUCTS",
19919,"NDA",,"MEDA PHARMS",
19921,"NDA",,"ALLERGAN",
19922,"NDA",,"HOSPIRA",
19926,"NDA",,"EISAI INC",
19927,"NDA",,"JANSSEN PHARMS",
19928,"NDA",,"BRACCO",
19931,"NDA",,"VALEANT PHARMS NORTH",
19933,"NDA",,"BAXTER HLTHCARE",
19937,"NDA",,"ASTELLAS",
19938,"NDA",,"NOVO NORDISK INC",
19940,"NDA",,"UNIV AZ CANCER CTR",
19941,"NDA",,"ACTAVIS LABS UT INC",
19942,"NDA",,"FRESENIUS",
19943,"NDA",,"ABBOTT LABS",
19946,"NDA",,"ABBVIE",
19949,"NDA",,"PFIZER",
19950,"NDA",,"PFIZER",
19951,"NDA",,"VIIV HLTHCARE",
19952,"NDA",,"B BRAUN",
19953,"NDA",,"B BRAUN",
19955,"NDA",,"FERRING PHARMS INC",
19957,"NDA",,"FOUGERA PHARMS",
19958,"NDA",,"FOUGERA PHARMS",
19959,"NDA",,"NOVO NORDISK INC",
19961,"NDA",,"CHAPTER 7 TRUSTEE",
19962,"NDA",,"ARALEZ PHARMS",
19963,"NDA",,"VALEANT PHARMS NORTH",
19964,"NDA",,"JANSSEN PHARMS",
19965,"NDA",,"NOVO NORDISK INC",
19966,"NDA",,"FOUGERA PHARMS",
19967,"NDA",,"SUN PHARM INDS INC",
19968,"NDA",,"SUN PHARM INDS INC",
19970,"NDA",,"BAXTER HLTHCARE",
19971,"NDA",,"DHL",
19972,"NDA",,"NOVARTIS",
19976,"NDA",,"FRESENIUS MEDCL",
19977,"NDA",,"XANODYNE PHARMS INC",
19978,"NDA",,"HOSPIRA",
19979,"NDA",,"ROCHE PALO",
19981,"NDA",,"MALLINKRODT NUCLEAR",
19982,"NDA",,"TEVA WOMENS",
19983,"NDA",,"AVEVA",
19991,"NDA",,"NOVO NORDISK INC",
19992,"NDA",,"NOVARTIS PHARMS CORP",
19998,"NDA",,"RECORDATI RARE",
19999,"NDA",,"MERIDIAN MEDCL TECHN",
20000,"NDA",,"B BRAUN",
20001,"NDA",,"GALDERMA LABS LP",
20002,"NDA",,"B BRAUN",
20004,"NDA",,"B BRAUN",
20005,"NDA",,"CHIESI USA INC",
20006,"NDA",,"B BRAUN",
20007,"NDA",,"NOVARTIS PHARMS CORP",
20010,"NDA",,"MERCK SHARP DOHME",
20011,"NDA",,"ABBVIE ENDOCRINE INC",
20013,"NDA",,"PHARMACIA",
20014,"NDA",,"MEDICIS",
20015,"NDA",,"ICU MEDICAL INC",
20021,"NDA",,"J AND J CONSUMER INC",
20027,"NDA",,"BIOVAIL LABS INTL",
20031,"NDA",,"APOTEX TECHNOLOGIES",
20032,"NDA",,"ABBVIE",
20033,"NDA",,"US PHARMS HOLDINGS I",
20035,"NDA",,"JANSSEN PHARMA",
20036,"NDA",,"NOVARTIS",
20037,"NDA",,"NOVARTIS",
20038,"NDA",,"GENZYME CORP",
20041,"NDA",,"ICU MEDICAL INC",
20044,"NDA",,"GLAXOSMITHKLINE",
20045,"NDA",,"BAYER HEALTHCARE LLC",
20047,"NDA",,"BAXTER HLTHCARE",
20049,"NDA",,"SHIRE",
20051,"NDA",,"PHARMACIA AND UPJOHN",
20055,"NDA",,"SANOFI AVENTIS US",
20056,"NDA",,"US ARMY",
20057,"NDA",,"GENZYME",
20058,"NDA",,"IMMUNEX",
20059,"NDA",,"ASTELLAS",
20062,"NDA",,"VALEANT INTL",
20063,"NDA",,"CADEMA",
20064,"NDA",,"ALVOGEN MALTA",
20065,"NDA",,"BAUSCH AND LOMB",
20066,"NDA",,"GLAXOSMITHKLINE",
20067,"NDA",,"ATNAHS PHARMA US",
20068,"NDA",,"CLINIGEN HLTHCARE",
20070,"NDA",,"SHIONOGI INC",
20071,"NDA",,"ORGANON USA INC",
20073,"NDA",,"HOFFMANN LA ROCHE",
20074,"NDA",,"SAGENT PHARMS",
20075,"NDA",,"SAOL THERAPS RES LTD",
20076,"NDA",,"DR REDDYS LABS SA",
20079,"NDA",,"AKORN",
20080,"NDA",,"GLAXOSMITHKLINE",
20083,"NDA",,"JANSSEN PHARMS",
20084,"NDA",,"PHARMALUCENCE",
20087,"NDA",,"ORTHO MCNEIL PHARM",
20088,"NDA",,"WYETH PHARMS INC",
20089,"NDA",,"MYLAN PHARMS INC",
20090,"NDA",,"PFIZER",
20091,"NDA",,"ALLIANCE PHARM",
20092,"NDA",,"ALLERGAN SALES LLC",
20095,"NDA",,"GLAXOSMITHKLINE",
20098,"NDA",,"ABBVIE",
20100,"NDA",,"LILLY",
20101,"NDA",,"LILLY",
20103,"NDA",,"NOVARTIS PHARMS CORP",
20105,"NDA",,"PAR STERILE PRODUCTS",
20107,"NDA",,"BAXTER HLTHCARE",
20111,"NDA",,"BAJAJ MEDICAL LLC",
20114,"NDA",,"MYLAN SPECIALITY LP",
20118,"NDA",,"BAXTER HLTHCARE",
20119,"NDA",,"HQ SPECLT PHARMA",
20120,"NDA",,"LUPIN ATLANTIS",
20121,"NDA",,"GLAXOSMITHKLINE",
20122,"NDA",,"HOSPIRA INC",
20123,"NDA",,"GE HEALTHCARE",
20124,"NDA",,"US ARMY",
20125,"NDA",,"PFIZER PHARMS",
20126,"NDA",,"MYLAN PHARMS INC",
20130,"NDA",,"APIL",
20131,"NDA",,"BRACCO",
20132,"NDA",,"GLAXOSMITHKLINE",
20134,"NDA",,"GE HEALTHCARE",
20135,"NDA",,"MCNEIL PED",
20136,"NDA",,"MYLAN SPECIALITY LP",
20137,"NDA",,"ROCHE",
20140,"NDA",,"SPECTRUM PHARMS",
20142,"NDA",,"NOVARTIS",
20144,"NDA",,"NOVARTIS",
20145,"NDA",,"USPHARMA",
20147,"NDA",,"BAXTER HLTHCARE",
20148,"NDA",,"VALEANT",
20151,"NDA",,"WYETH PHARMS INC",
20152,"NDA",,"BRISTOL MYERS SQUIBB",
20154,"NDA",,"BRISTOL MYERS SQUIBB",
20155,"NDA",,"BRISTOL MYERS SQUIBB",
20156,"NDA",,"BRISTOL-MYERS SQUIBB",
20161,"NDA",,"ICU MEDICAL INC",
20162,"NDA",,"FERRING",
20163,"NDA",,"BAXTER HLTHCARE",
20164,"NDA",,"SANOFI AVENTIS US",
20165,"NDA",,"SANOFI AVENTIS US",
20166,"NDA",,"US ARMY",
20167,"ANDA",,"MYLAN PHARMS INC",
20168,"NDA",,"GENENTECH",
20169,"NDA",,"CONCORDIA PHARMS INC",
20171,"NDA",,"FRESENIUS MEDCL",
20173,"NDA",,"BAXTER HLTHCARE",
20176,"NDA",,"HOSPIRA",
20177,"NDA",,"BAXTER HLTHCARE",
20178,"NDA",,"BAXTER HLTHCARE",
20179,"NDA",,"BAXTER HLTHCARE",
20180,"NDA",,"MERCK",
20181,"NDA",,"HOSPIRA",
20182,"NDA",,"LEADIANT BIOSCI INC",
20183,"NDA",,"BAXTER HLTHCARE",
20184,"NDA",,"SYMPLMED PHARMS LLC",
20186,"NDA",,"TEVA BRANDED PHARM",
20189,"NDA",,"MYLAN SPECIALITY LP",
20191,"NDA",,"NOVARTIS PHARMS CORP",
20192,"NDA",,"NOVARTIS",
20193,"NDA",,"JANSSEN PHARMS",
20195,"NDA",,"CEPHALON",
20198,"NDA",,"ALVOGEN",
20199,"NDA",,"ROCHE",
20200,"NDA",,"ABBVIE",
20201,"NDA",,"HOSPIRA",
20204,"NDA",,"BAYER",
20205,"NDA",,"TARO PHARMS NORTH",
20207,"NDA",,"APOTEX INC",
20208,"NDA",,"MEDICIS",
20209,"NDA",,"FOUGERA PHARMS",
20210,"NDA",,"JANSSEN PHARMS",
20212,"NDA",,"PHARMACIA AND UPJOHN",
20213,"NDA",,"BAUSCH AND LOMB",
20214,"NDA",,"ORGANON USA INC",
20215,"NDA",,"LANNETT CO INC",
20216,"NDA",,"WYETH PHARMS",
20219,"NDA",,"NOVARTIS",
20220,"NDA",,"BAYER HLTHCARE",
20221,"NDA",,"CLINIGEN HLTHCARE",
20222,"NDA",,"PHARMACIA UPJOHN",
20225,"NDA",,"SCHERING PLOUGH",
20226,"NDA",,"ALCON",
20227,"NDA",,"PHARMACIA AND UPJOHN",
20228,"NDA",,"BOEHRINGER INGELHEIM",
20229,"NDA",,"JANSSEN PHARMS",
20231,"NDA",,"COLGATE PALMOLIVE",
20232,"NDA",,"ACTAVIS LABS UT INC",
20233,"NDA",,"ASTRAZENECA",
20234,"NDA",,"NOVARTIS",
20235,"NDA",,"PFIZER PHARMS",
20236,"NDA",,"GLAXOSMITHKLINE",
20237,"NDA",,"EISAI INC",
20238,"NDA",,"MEDTECH PRODUCTS",
20239,"NDA",,"ROCHE",
20240,"NDA",,"SCHERING",
20241,"NDA",,"GLAXOSMITHKLINE LLC",
20243,"NDA",,"SOLVAY",
20246,"NDA",,"PHARMACIA AND UPJOHN",
20248,"NDA",,"FRESENIUS",
20249,"NDA",,"MERCK SHARP DOHME",
20250,"NDA",,"GLAXOSMITHKLINE",
20251,"NDA",,"GLAXO GRP LTD",
20254,"NDA",,"NOVARTIS",
20255,"NDA",,"BAXTER HLTHCARE",
20256,"NDA",,"LANTHEUS MEDCL",
20258,"NDA",,"NOVARTIS PHARMS CORP",
20259,"NDA",,"GLAXOSMITHKLINE LLC",
20261,"NDA",,"NOVARTIS",
20262,"NDA",,"HQ SPCLT PHARMA",
20263,"NDA",,"ABBVIE ENDOCRINE INC",
20264,"NDA",,"BRISTOL MYERS SQUIBB",
20267,"NDA",,"PFIZER",
20269,"NDA",,"HOSPIRA",
20272,"NDA",,"JANSSEN PHARMS",
20273,"NDA",,"LEO PHARMA AS",
20279,"NDA",,"VALEANT BERMUDA",
20280,"NDA",,"PHARMACIA AND UPJOHN",
20281,"NDA",,"JANSSEN PHARMS",
20286,"NDA",,"BRISTOL MYERS SQUIBB",
20287,"NDA",,"PFIZER INC",
20288,"NDA",,"MEDTECH PRODUCTS",
20289,"NDA",,"BAYER HEALTHCARE LLC",
20291,"NDA",,"BOEHRINGER INGELHEIM",
20292,"NDA",,"OTSUKA",
20297,"NDA",,"SMITHKLINE BEECHAM",
20298,"NDA",,"MYLAN INSTITUTIONAL",
20301,"NDA",,"JANSSEN PHARMS",
20303,"NDA",,"WYETH PHARMS INC",
20304,"NDA",,"BAYER HLTHCARE",
20305,"NDA",,"ROCHE",
20306,"NDA",,"DOWNSTATE CLINCL",
20309,"NDA",,"HOSPIRA",
20310,"NDA",,"JOHNSON AND JOHNSON",
20312,"NDA",,"UCB INC",
20313,"NDA",,"MYLAN IRELAND LTD",
20314,"NDA",,"MALLINKRODT NUCLEAR",
20315,"NDA",,"ROXANE",
20316,"NDA",,"GUERBET",
20323,"NDA",,"NOVARTIS",
20325,"NDA",,"J AND J CONSUMER INC",
20326,"NDA",,"MEDIMMUNE ONCOLOGY",
20327,"NDA",,"BRACCO",
20328,"NDA",,"ORGANON USA INC",
20329,"NDA",,"PFIZER",
20330,"NDA",,"VALEANT PHARMS LLC",
20333,"NDA",,"SHIRE LLC",
20334,"NDA",,"GD SEARLE LLC",
20336,"NDA",,"GLAXOSMITHKLINE LLC",
20337,"NDA",,"FOUGERA PHARMS",
20338,"NDA",,"GALDERMA LABS LP",
20340,"NDA",,"FOUGERA PHARMS",
20343,"NDA",,"SANOFI AVENTIS US",
20345,"ANDA",,"ICU MEDICAL INC",
20346,"NDA",,"J AND J CONSUMER INC",
20347,"NDA",,"ABBOTT",
20351,"NDA",,"GE HEALTHCARE",
20353,"NDA",,"ALVOGEN MALTA",
20355,"NDA",,"FERRING PHARMS INC",
20356,"NDA",,"COVIS PHARMA BV",
20357,"NDA",,"BRISTOL MYERS SQUIBB",
20358,"NDA",,"GLAXOSMITHKLINE",
20360,"ANDA",,"BAXTER HLTHCARE",
20363,"NDA",,"NOVARTIS",
20364,"NDA",,"NOVARTIS",
20367,"NDA",,"GENZYME",
20369,"NDA",,"NOVARTIS PHARMS CORP",
20372,"NDA",,"GE HEALTHCARE",
20374,"ANDA",,"FRESENIUS",
20375,"NDA",,"BAYER HLTHCARE",
20377,"NDA",,"WYETH PHARMS INC",
20378,"NDA",,"EMD SERONO",
20379,"NDA",,"PHARMACIA AND UPJOHN",
20380,"NDA",,"GALDERMA LABS LP",
20381,"NDA",,"ABBVIE",
20385,"NDA",,"PFIZER INC",
20386,"NDA",,"MERCK SHARP DOHME",
20387,"NDA",,"MERCK SHARP DOHME",
20388,"NDA",,"PIERRE FABRE",
20389,"NDA",,"BAYER HEALTHCARE LLC",
20392,"NDA",,"MYLAN",
20393,"NDA",,"BOEHRINGER INGELHEIM",
20394,"NDA",,"BOEHRINGER INGELHEIM",
20397,"NDA",,"COVIS PHARMA BV",
20398,"NDA",,"JANSSEN PHARMS",
20400,"NDA",,"MYLAN",
20401,"NDA",,"VALEANT PHARMS NORTH",
20402,"NDA",,"PFIZER",
20403,"NDA",,"GLAXOSMITHKLINE",
20404,"NDA",,"MYLAN PHARMS INC",
20405,"NDA",,"CONCORDIA PHARMS INC",
20406,"NDA",,"TAKEDA PHARMS USA",
20408,"NDA",,"MERCK",
20409,"NDA",,"TEVA BRANDED PHARM",
20410,"NDA",,"AMAG PHARMS INC",
20411,"NDA",,"FERRING PHARMS INC",
20412,"NDA",,"BRISTOL MYERS SQUIBB",
20413,"NDA",,"BRISTOL MYERS SQUIBB",
20414,"NDA",,"US ARMY",
20415,"NDA",,"ORGANON USA INC",
20416,"NDA",,"AMAG PHARMS INC",
20417,"NDA",,"PARKE DAVIS",
20418,"NDA",,"MCNEIL PED",
20420,"NDA",,"GENSIA AUTOMEDICS",
20421,"NDA",,"BAYER",
20427,"NDA",,"LUNDBECK PHARMS LLC",
20428,"NDA",,"ALLERGAN",
20429,"NDA",,"WYETH CONS",
20430,"NDA",,"ASPEN GLOBAL INC",
20438,"NDA",,"CHEPLAPHARM",
20439,"NDA",,"OAK PHARMS INC",
20441,"NDA",,"ASTRAZENECA",
20443,"NDA",,"EMD SERONO INC",
20444,"NDA",,"GLAXOSMITHKLINE LLC",
20448,"NDA",,"J AND J CONSUMER INC",
20449,"NDA",,"SANOFI AVENTIS US",
20450,"NDA",,"PARKE DAVIS",
20451,"NDA",,"CONCORDIA LABS INC",
20452,"NDA",,"CORDENPHARMA",
20453,"NDA",,"FOUGERA PHARMS",
20457,"NDA",,"BRISTOL MYERS SQUIBB",
20458,"NDA",,"TEVA",
20459,"NDA",,"EUROHLTH INTL SARL",
20460,"NDA",,"ROCHE PALO",
20463,"NDA",,"BLACKSMITH BRANDS",
20468,"NDA",,"SANOFI AVENTIS US",
20469,"NDA",,"SCHERING",
20470,"NDA",,"BAYER HEALTHCARE LLC",
20471,"NDA",,"CHIESI USA INC",
20472,"NDA",,"PHARMACIA AND UPJOHN",
20474,"NDA",,"ALCON",
20475,"NDA",,"VALEANT INTL",
20476,"NDA",,"MCNEIL",
20478,"NDA",,"ABBVIE",
20479,"NDA",,"MYLAN SPECIALITY LP",
20482,"NDA",,"BAYER HLTHCARE",
20484,"NDA",,"LEO PHARMA AS",
20485,"NDA",,"JOHNSON AND JOHNSON",
20486,"NDA",,"SCHERING",
20487,"NDA",,"GLAXOSMITHKLINE",
20488,"NDA",,"HOSPIRA",
20489,"NDA",,"ALLERGAN SALES LLC",
20490,"NDA",,"ALLERGAN",
20491,"NDA",,"PHARMACIA AND UPJOHN",
20496,"NDA",,"SANOFI AVENTIS US",
20497,"NDA",,"KYOWA KIRIN",
20498,"NDA",,"ANI PHARMS INC",
20499,"NDA",,"BAYER",
20500,"NDA",,"GLAXOSMITHKLINE LLC",
20503,"NDA",,"3M DRUG DELIVERY",
20504,"NDA",,"ALLERGAN SALES LLC",
20505,"NDA",,"JANSSEN PHARMS",
20506,"NDA",,"MERCK",
20507,"NDA",,"BIOVAIL",
20508,"NDA",,"SUN PHARM INDS INC",
20509,"NDA",,"LILLY",
20511,"NDA",,"ULURU",
20512,"ANDA",,"BAXTER HLTHCARE",
20516,"NDA",,"J AND J CONSUMER INC",
20517,"NDA",,"ABBVIE ENDOCRINE INC",
20518,"NDA",,"VIIV HLTHCARE",
20519,"NDA",,"CNTY LINE PHARMS",
20520,"NDA",,"SANOFI US",
20521,"NDA",,"ONY",
20522,"NDA",,"GENENTECH",
20524,"NDA",,"MYLAN",
20525,"NDA",,"BAYER HEALTHCARE LLC",
20526,"NDA",,"BAYER HEALTHCARE LLC",
20527,"NDA",,"WYETH PHARMS",
20528,"NDA",,"ABBVIE",
20529,"NDA",,"ALLERGAN SALES LLC",
20530,"NDA",,"IOMED",
20531,"NDA",,"GALDERMA LABS LP",
20532,"NDA",,"STAND HOMEOPATH",
20533,"NDA",,"FRESENIUS KABI USA",
20536,"NDA",,"MCNEIL CONS",
20538,"NDA",,"NOVARTIS",
20539,"NDA",,"NOVARTIS",
20541,"NDA",,"ANI PHARMS INC",
20542,"NDA",,"HOSPIRA",
20544,"NDA",,"POPULATION COUNCIL",
20545,"NDA",,"KING PHARMS",
20547,"NDA",,"PAR PHARM INC",
20548,"NDA",,"GLAXOSMITHKLINE",
20549,"NDA",,"GLAXOSMITHKLINE",
20550,"NDA",,"GLAXOSMITHKLINE",
20551,"NDA",,"ABBVIE",
20552,"NDA",,"GD SEARLE LLC",
20554,"NDA",,"LEO PHARMA AS",
20555,"NDA",,"PFIZER",
20559,"NDA",,"GLAXOSMITHKLINE",
20560,"NDA",,"MERCK AND CO INC",
20563,"NDA",,"LILLY",
20564,"NDA",,"VIIV HLTHCARE",
20569,"NDA",,"BAUSCH AND LOMB",
20570,"NDA",,"LANTHEUS MEDICAL",
20571,"NDA",,"PFIZER INC",
20572,"NDA",,"HORIZON PHARMA INC",
20573,"NDA",,"HORIZON PHARMA INC",
20574,"NDA",,"BAYER HEALTHCARE LLC",
20575,"NDA",,"NOVEN",
20576,"NDA",,"ORPHAN EUROPE",
20577,"NDA",,"LUKARE MEDICAL LLC",
20578,"NDA",,"TERSERA THERAPS LLC",
20579,"NDA",,"BOEHRINGER INGELHEIM",
20580,"NDA",,"ORGANON USA INC",
20582,"NDA",,"ORGANON USA INC",
20583,"NDA",,"BAUSCH AND LOMB",
20584,"NDA",,"WYETH PHARMS INC",
20586,"NDA",,"OTSUKA AMERICA",
20587,"NDA",,"LYMOL MEDCL",
20588,"NDA",,"JANSSEN PHARMS",
20589,"NDA",,"PFIZER",
20591,"NDA",,"ABBVIE",
20592,"NDA",,"LILLY",
20593,"NDA",,"ABBVIE",
20596,"NDA",,"VIIV HLTHCARE",
20597,"NDA",,"PHARMACIA AND UPJOHN",
20599,"NDA",,"COVIS PHARMA BV",
20600,"NDA",,"ALLERGAN",
20601,"NDA",,"J AND J CONSUMER INC",
20602,"NDA",,"J AND J CONSUMER INC",
20603,"NDA",,"J AND J CONSUMER INC",
20604,"NDA",,"EMD SERONO",
20605,"NDA",,"NOVARTIS PHARMS CORP",
20606,"NDA",,"J AND J CONSUMER INC",
20607,"NDA",,"GD SEARLE LLC",
20608,"NDA",,"GE HEALTHCARE",
20610,"NDA",,"VALEANT PHARMS INTL",
20611,"NDA",,"LEO PHARM",
20612,"NDA",,"TEIKOKU PHARMA USA",
20613,"NDA",,"ALLERGAN",
20615,"NDA",,"MYLAN INSTITUTIONAL",
20616,"NDA",,"ALLERGAN SALES LLC",
20617,"NDA",,"AVENT",
20619,"NDA",,"ALCON",
20622,"NDA",,"TEVA PHARMS USA",
20623,"NDA",,"US PHARM HOLDINGS",
20624,"NDA",,"US PHARM HOLDINGS",
20625,"NDA",,"SANOFI AVENTIS US",
20626,"NDA",,"GLAXOSMITHKLINE",
20627,"NDA",,"WYETH PHARMS INC",
20628,"NDA",,"HOFFMANN LA ROCHE",
20629,"NDA",,"MYLAN PHARMS INC",
20630,"NDA",,"MYLAN INSTITUTIONAL",
20631,"NDA",,"SPECGX LLC",
20632,"NDA",,"ABBOTT",
20634,"NDA",,"JANSSEN PHARMS",
20635,"NDA",,"JANSSEN PHARMS",
20636,"NDA",,"BOEHRINGER INGELHEIM",
20637,"NDA",,"ARBOR PHARMS LLC",
20638,"NDA",,"GILEAD SCIENCES INC",
20639,"NDA",,"ASTRAZENECA PHARMS",
20641,"NDA",,"BAYER HEALTHCARE LLC",
20645,"NDA",,"MEDICIS",
20646,"NDA",,"CEPHALON",
20647,"NDA",,"SOMERSET",
20648,"NDA",,"VALEANT PHARMS NORTH",
20649,"NDA",,"AUXILIUM PHARMS LLC",
20652,"NDA",,"IC TARGETS",
20655,"NDA",,"ALLERGAN SALES LLC",
20657,"NDA",,"JANSSEN PHARMS",
20658,"NDA",,"GLAXOSMITHKLINE LLC",
20659,"NDA",,"ABBVIE",
20663,"NDA",,"MYLAN BERTEK",
20664,"NDA",,"PHARMACIA AND UPJOHN",
20665,"NDA",,"NOVARTIS",
20666,"NDA",,"IMPAX LABS INC",
20667,"NDA",,"BOEHRINGER INGELHEIM",
20668,"NDA",,"ASTRAZENECA",
20670,"NDA",,"MEDTECH PRODUCTS",
20671,"NDA",,"NOVARTIS PHARMS CORP",
20675,"NDA",,"ALLERGAN SALES LLC",
20676,"NDA",,"COMBE",
20677,"NDA",,"MYLAN",
20678,"NDA",,"BAXTER HLTHCARE",
20680,"NDA",,"ABBOTT",
20682,"NDA",,"PHARMACIA AND UPJOHN",
20683,"NDA",,"WYETH PHARMS",
20685,"NDA",,"MERCK SHARP DOHME",
20686,"NDA",,"BRACCO",
20687,"NDA",,"DANCO LABS LLC",
20688,"NDA",,"NOVARTIS PHARMS CORP",
20690,"NDA",,"EISAI INC",
20692,"NDA",,"GLAXOSMITHKLINE",
20694,"NDA",,"JANSSEN PHARMA",
20695,"NDA",,"OTSUKA",
20696,"NDA",,"PAR PHARM INC",
20697,"NDA",,"VALEANT PHARMS LLC",
20698,"NDA",,"BRAINTREE",
20699,"NDA",,"WYETH PHARMS",
20700,"NDA",,"MYLAN SPECIALITY LP",
20701,"NDA",,"ALLERGAN SALES LLC",
20702,"NDA",,"PFIZER",
20704,"NDA",,"BAYER HEALTHCARE LLC",
20705,"NDA",,"VIIV HLTHCARE",
20706,"NDA",,"NOVARTIS PHARMS CORP",
20707,"NDA",,"SANOFI AVENTIS US",
20708,"NDA",,"ABBVIE ENDOCRINE INC",
20710,"NDA",,"APOTEX TECHNOLOGIES",
20711,"NDA",,"GLAXOSMITHKLINE",
20712,"NDA",,"SHIRE",
20713,"NDA",,"TEVA BRANDED PHARM",
20714,"NDA",,"PHARMACIA AND UPJOHN",
20715,"NDA",,"ALLERGAN SALES LLC",
20716,"NDA",,"ABBVIE",
20717,"NDA",,"CEPHALON",
20718,"NDA",,"SCHERING",
20719,"NDA",,"SANKYO",
20720,"NDA",,"PFIZER PHARMS",
20723,"NDA",,"MEDICIS",
20725,"NDA",,"ABBVIE",
20726,"NDA",,"NOVARTIS PHARMS",
20727,"NDA",,"ARBOR PHARMS LLC",
20729,"NDA",,"UCB INC",
20732,"NDA",,"INDIVIOR INC",
20733,"NDA",,"INDIVIOR INC",
20734,"NDA",,"BAXTER HLTHCARE",
20738,"NDA",,"ABBVIE",
20740,"NDA",,"BAYER PHARMS",
20741,"NDA",,"GEMINI LABS LLC",
20742,"NDA",,"ALCON",
20743,"NDA",,"VALEANT PHARMS NORTH",
20744,"NDA",,"CHIESI USA INC",
20745,"NDA",,"SANOFI US",
20746,"NDA",,"ASTRAZENECA PHARMS",
20747,"NDA",,"CEPHALON",
20748,"NDA",,"GALDERMA LABS LP",
20749,"NDA",,"GLAXOSMITHKLINE CONS",
20750,"NDA",,"SANOFI AVENTIS US",
20752,"NDA",,"MERCK",
20753,"NDA",,"PHARMACIA AND UPJOHN",
20755,"NDA",,"PFIZER",
20756,"NDA",,"WATSON LABS INC",
20757,"NDA",,"SANOFI AVENTIS US",
20758,"NDA",,"SANOFI AVENTIS US",
20759,"NDA",,"PFIZER",
20760,"NDA",,"PFIZER",
20762,"NDA",,"MERCK SHARP DOHME",
20763,"NDA",,"GLAXOSMITHKLINE LLC",
20764,"NDA",,"GLAXOSMITHKLINE LLC",
20766,"NDA",,"CHEPLAPHARM",
20767,"NDA",,"JANSSEN PHARMA",
20768,"NDA",,"IPR",
20769,"NDA",,"PRECISION DERMAT",
20771,"NDA",,"PHARMACIA AND UPJOHN",
20772,"NDA",,"QOL MEDCL",
20773,"NDA",,"BRACCO",
20774,"NDA",,"DEXCEL PHARMA",
20776,"NDA",,"GD SEARLE",
20778,"NDA",,"AGOURON PHARMS",
20779,"NDA",,"AGOURON PHARMS",
20780,"NDA",,"BAYER HLTHCARE",
20781,"NDA",,"NOVARTIS PHARMS CORP",
20782,"NDA",,"ABBOTT",
20784,"NDA",,"SANOFI AVENTIS US",
20785,"NDA",,"CELGENE",
20786,"NDA",,"SANOFI AVENTIS US",
20788,"NDA",,"MERCK",
20789,"NDA",,"SUNOVION PHARMS INC",
20791,"NDA",,"ALZA",
20792,"NDA",,"BIOVAIL",
20793,"NDA",,"WEST-WARD PHARMS INT",
20796,"NDA",,"ORION PHARMA",
20799,"NDA",,"DAIICHI",
20800,"NDA",,"IMPAX",
20801,"NDA",,"J AND J CONSUMER INC",
20802,"NDA",,"GLAXOSMITHKLINE CONS",
20803,"NDA",,"BAUSCH AND LOMB",
20805,"NDA",,"NOVARTIS PHARMS CORP",
20807,"NDA",,"BAYER HLTHCARE",
20808,"NDA",,"GE HEALTHCARE",
20809,"NDA",,"FALCON PHARMS",
20811,"NDA",,"ALLERGAN",
20812,"NDA",,"PFIZER",
20813,"NDA",,"ROCHE",
20815,"NDA",,"LILLY",
20816,"NDA",,"NOVARTIS PHARMS CORP",
20818,"NDA",,"NOVARTIS",
20819,"NDA",,"ABBVIE",
20822,"NDA",,"ALLERGAN SALES LLC",
20823,"NDA",,"NOVARTIS",
20825,"NDA",,"PFIZER",
20827,"NDA",,"MEDTECH PRODUCTS",
20828,"NDA",,"HOFFMANN LA ROCHE",
20829,"NDA",,"MSD MERCK CO",
20830,"NDA",,"MSD MERCK CO",
20831,"NDA",,"NOVARTIS",
20832,"NDA",,"BECTON DICKINSON CO",
20833,"NDA",,"GLAXO GRP LTD",
20834,"NDA",,"JOHNSON AND JOHNSON",
20835,"NDA",,"APIL",
20837,"NDA",,"OAK PHARMS INC",
20838,"NDA",,"ANI PHARMS INC",
20839,"NDA",,"SANOFI AVENTIS US",
20841,"NDA",,"PHARMOS",
20843,"NDA",,"ABBVIE INC",
20844,"NDA",,"JANSSEN PHARMS",
20845,"NDA",,"MALLINCKRODT HOSP",
20846,"NDA",,"GLAXOSMITHKLINE CONS",
20847,"NDA",,"WOMEN FIRST HLTHCARE",
20849,"NDA",,"BAXTER HLTHCARE",
20850,"NDA",,"BOEHRINGER INGELHEIM",
20855,"NDA",,"BAXTER HLTHCARE",
20857,"NDA",,"VIIV HLTHCARE",
20859,"NDA",,"PFIZER",
20860,"NDA",,"BAYER HLTHCARE",
20862,"NDA",,"SANOFI",
20863,"NDA",,"OTSUKA",
20864,"NDA",,"MERCK",
20865,"NDA",,"MERCK",
20866,"NDA",,"VEROSCIENCE",
20868,"NDA",,"GD SEARLE LLC",
20869,"NDA",,"OAK PHARMS INC",
20870,"NDA",,"NOVEN PHARMS INC",
20872,"NDA",,"SANOFI AVENTIS US",
20873,"NDA",,"SANDOZ INC",
20874,"NDA",,"PHARMACIA AND UPJOHN",
20882,"NDA",,"PFIZER PHARMS",
20883,"NDA",,"NOVARTIS PHARMS CORP",
20884,"NDA",,"BOEHRINGER INGELHEIM",
20885,"NDA",,"APOTEX TECHNOLOGIES",
20886,"NDA",,"EISAI INC",
20887,"NDA",,"CIS BIO INTL SA",
20888,"NDA",,"SCHERING PLOUGH",
20889,"NDA",,"SCHERING PLOUGH",
20890,"NDA",,"SCHERING PLOUGH",
20892,"NDA",,"ENDO PHARM",
20895,"NDA",,"PFIZER INC",
20896,"NDA",,"HOFFMANN LA ROCHE",
20897,"NDA",,"JANSSEN PHARMS",
20898,"NDA",,"GENZYME",
20899,"NDA",,"GE HEALTHCARE",
20900,"NDA",,"DXS DEVICES",
20901,"NDA",,"GALDERMA LABS LP",
20902,"NDA",,"J AND J CONSUMER INC",
20903,"NDA",,"MERCK SHARP DOHME",
20905,"NDA",,"SANOFI AVENTIS US",
20906,"NDA",,"BRISTOL MYERS SQUIBB",
20907,"NDA",,"AMNEAL PHARMS LLC",
20908,"NDA",,"NOVO NORDISK INC",
20911,"NDA",,"TEVA BRANDED PHARM",
20912,"NDA",,"MEDICURE",
20913,"NDA",,"MEDICURE",
20918,"NDA",,"NOVO NORDISK",
20919,"NDA",,"PFIZER",
20920,"NDA",,"SCIOS LLC",
20922,"NDA",,"AQUA PHARMS",
20923,"NDA",,"LIEBEL-FLARSHEIM",
20925,"NDA",,"GLAXOSMITHKLINE CONS",
20926,"NDA",,"GENZYME",
20927,"NDA",,"NOVARTIS",
20928,"NDA",,"LILLY",
20929,"NDA",,"ASTRAZENECA PHARMS",
20931,"NDA",,"PFIZER",
20932,"NDA",,"ROXANE",
20933,"NDA",,"BOEHRINGER INGELHEIM",
20934,"NDA",,"MYLAN PHARMS INC",
20936,"NDA",,"APOTEX TECHNOLOGIES",
20937,"NDA",,"LIEBEL-FLARSHEIM",
20938,"NDA",,"BOEHRINGER INGELHEIM",
20939,"NDA",,"BIOVAIL",
20941,"NDA",,"GLAXOSMITHKLINE",
20942,"NDA",,"ROCHE",
20943,"NDA",,"RECRO GAINESVILLE",
20944,"NDA",,"PFIZER",
20945,"NDA",,"ABBVIE",
20946,"NDA",,"TEVA BRANDED PHARM",
20947,"NDA",,"NUVO PHARMS INC",
20949,"NDA",,"MYLAN SPECIALITY LP",
20950,"NDA",,"MYLAN SPECIALITY LP",
20951,"NDA",,"GLAXOSMITHKLINE",
20954,"NDA",,"OTSUKA PHARM",
20955,"NDA",,"SANOFI AVENTIS US",
20958,"NDA",,"J AND J CONSUMER INC",
20961,"NDA",,"NOVARTIS",
20962,"NDA",,"ASTRAZENECA",
20963,"NDA",,"SANDOZ INC",
20965,"NDA",,"DUSA",
20966,"NDA",,"JANSSEN PHARMS",
20968,"NDA",,"PERSONAL PRODS",
20969,"NDA",,"MALLINCKRODT HOSP",
20971,"NDA",,"DEPROCO",
20972,"NDA",,"BRISTOL MYERS SQUIBB",
20973,"NDA",,"EISAI INC",
20974,"NDA",,"LILLY",
20975,"NDA",,"LIEBEL-FLARSHEIM",
20976,"NDA",,"LIEBEL-FLARSHEIM",
20977,"NDA",,"VIIV HLTHCARE",
20978,"NDA",,"VIIV HLTHCARE",
20980,"NDA",,"GLAXOSMITHKLINE",
20981,"NDA",,"NOVARTIS PHARMS CORP",
20983,"NDA",,"GLAXOSMITHKLINE",
20984,"NDA",,"ORGANON USA INC",
20985,"NDA",,"VALEANT PHARMS NORTH",
20986,"NDA",,"NOVO NORDISK INC",
20987,"NDA",,"WYETH PHARMS",
20988,"NDA",,"WYETH PHARMS",
20989,"NDA",,"DAIICHI SANKYO INC",
20990,"NDA",,"PFIZER",
20992,"NDA",,"TEVA BRANDED PHARM",
20997,"NDA",,"PURDUE PHARMA LP",
20998,"NDA",,"GD SEARLE",
21001,"NDA",,"JANSSEN PHARMS",
21003,"NDA",,"GLAXOSMITHKLINE",
21004,"NDA",,"GLAXOSMITHKLINE",
21005,"NDA",,"FOUGERA PHARMS",
21006,"NDA",,"ENDO PHARMS",
21007,"NDA",,"GLAXOSMITHKLINE",
21008,"NDA",,"NOVARTIS",
21009,"NDA",,"ALLERGAN",
21011,"NDA",,"SPECGX LLC",
21012,"NDA",,"CIS BIO INTL SA",
21014,"NDA",,"NOVARTIS",
21015,"NDA",,"ABBVIE",
21016,"NDA",,"PFIZER IRELAND",
21017,"NDA",,"LILLY",
21018,"NDA",,"LILLY",
21019,"NDA",,"GLAXOSMITHKLINE",
21022,"NDA",,"VALEANT BERMUDA",
21023,"NDA",,"ALLERGAN",
21024,"NDA",,"SANOFI AVENTIS US",
21025,"NDA",,"NOVARTIS",
21026,"NDA",,"MYLAN PHARMS INC",
21027,"NDA",,"SANOFI",
21028,"NDA",,"NOVO NORDISK INC",
21029,"NDA",,"MERCK SHARP DOHME",
21035,"NDA",,"UCB INC",
21036,"NDA",,"GLAXOSMITHKLINE",
21037,"NDA",,"BAYER HLTHCARE",
21038,"NDA",,"HOSPIRA",
21039,"NDA",,"GLAXOSMITHKLINE",
21040,"NDA",,"TEVA WOMENS",
21041,"NDA",,"PACIRA PHARMS INC",
21042,"NDA",,"MERCK",
21043,"NDA",,"BAYER HEALTHCARE LLC",
21044,"NDA",,"PURDUE PHARMA LP",
21045,"NDA",,"FDN CONSUMER",
21046,"NDA",,"FOREST LABS",
21047,"NDA",,"FERRING",
21048,"NDA",,"ORTHO MCNEIL PHARM",
21052,"NDA",,"MERCK",
21055,"NDA",,"VALEANT LUXEMBOURG",
21056,"NDA",,"VALEANT LUXEMBOURG",
21057,"NDA",,"ORGANON USA INC",
21060,"NDA",,"JAZZ PHARMS INTL",
21064,"NDA",,"LANTHEUS MEDCL",
21065,"NDA",,"APIL",
21066,"NDA",,"ALCON PHARMA",
21067,"NDA",,"MERCK SHARP DOHME",
21068,"NDA",,"VALIDUS PHARMS",
21071,"NDA",,"SB PHARMCO",
21073,"NDA",,"TAKEDA PHARMS USA",
21074,"NDA",,"3M",
21075,"NDA",,"GENENTECH",
21076,"NDA",,"BAYER",
21077,"NDA",,"GLAXO GRP LTD",
21078,"NDA",,"GLAXOSMITHKLINE",
21079,"NDA",,"SANTEN",
21081,"NDA",,"SANOFI AVENTIS US",
21082,"NDA",,"NOVARTIS",
21083,"NDA",,"PF PRISM CV",
21084,"NDA",,"US ARMY",
21085,"NDA",,"BAYER HLTHCARE",
21086,"NDA",,"LILLY",
21087,"NDA",,"ROCHE",
21088,"NDA",,"ORTHO MCNEIL JANSSEN",
21090,"NDA",,"ASPEN GLOBAL INC",
21092,"NDA",,"METABOLIC SOLUTIONS",
21093,"NDA",,"ANI PHARMS INC",
21097,"NDA",,"SALIX PHARMS",
21098,"NDA",,"BAYER HLTHCARE",
21102,"NDA",,"WARNER CHILCOTT",
21103,"NDA",,"NOVO NORDISK",
21105,"NDA",,"ABLE",
21106,"NDA",,"PHARMACIA AND UPJOHN",
21107,"NDA",,"SEBELA IRELAND LTD",
21108,"NDA",,"VALEANT PHARMS NORTH",
21110,"NDA",,"PF PRISM CV",
21112,"NDA",,"GALDERMA LABS LP",
21113,"NDA",,"WEST-WARD PHARMS INT",
21114,"NDA",,"ALCON PHARMS LTD",
21116,"NDA",,"LLOYD",
21117,"NDA",,"HOSPIRA",
21119,"NDA",,"VALEANT LUXEMBOURG",
21120,"NDA",,"SERONO INC",
21121,"NDA",,"JANSSEN PHARMS",
21123,"NDA",,"JANSSEN PHARMS",
21124,"NDA",,"GLAXOSMITHKLINE CONS",
21127,"NDA",,"MYLAN SPECIALITY LP",
21128,"NDA",,"J AND J CONSUMER INC",
21129,"NDA",,"PARKE DAVIS",
21130,"NDA",,"PHARMACIA AND UPJOHN",
21131,"NDA",,"PHARMACIA AND UPJOHN",
21132,"NDA",,"PHARMACIA AND UPJOHN",
21134,"NDA",,"PFIZER PHARMS",
21135,"NDA",,"LUITPOLD",
21136,"NDA",,"CHIRHOCLIN",
21137,"NDA",,"GENUS LIFESCIENCES",
21140,"NDA",,"J AND J CONSUMER INC",
21141,"NDA",,"DAIICHI SANKYO",
21142,"NDA",,"MYLAN PHARMS INC",
21143,"NDA",,"TARO",
21144,"NDA",,"SANOFI AVENTIS US",
21145,"NDA",,"SKINMEDICA",
21146,"NDA",,"HOSPIRA",
21148,"NDA",,"NOVO NORDISK INC",
21149,"NDA",,"EMD SERONO",
21150,"NDA",,"J AND J CONSUMER INC",
21151,"NDA",,"COVIS PHARMA BV",
21152,"NDA",,"FOUGERA PHARMS",
21153,"NDA",,"ASTRAZENECA PHARMS",
21156,"NDA",,"GD SEARLE LLC",
21158,"NDA",,"LG CHEM LTD",
21159,"NDA",,"MEDICIS",
21160,"NDA",,"FRESENIUS MEDCL",
21162,"NDA",,"BOEHRINGER INGELHEIM",
21163,"NDA",,"SANDOZ INC",
21165,"NDA",,"MERCK SHARP DOHME",
21166,"NDA",,"ASCEND THERAPS US",
21167,"NDA",,"NOVARTIS",
21168,"NDA",,"ABBVIE",
21169,"NDA",,"JANSSEN PHARMS",
21171,"NDA",,"HOSPIRA",
21172,"NDA",,"NOVO NORDISK INC",
21174,"NDA",,"WYETH PHARMS INC",
21175,"NDA",,"US ARMY",
21176,"NDA",,"DAIICHI SANKYO",
21178,"NDA",,"BRISTOL MYERS SQUIBB",
21179,"NDA",,"GENZYME",
21180,"NDA",,"JANSSEN PHARMS",
21183,"NDA",,"BRISTOL MYERS SQUIBB",
21184,"NDA",,"ALLERGAN",
21187,"NDA",,"ORGANON SUB MERCK",
21190,"NDA",,"BRISTOL MYERS SQUIBB",
21191,"NDA",,"VESSELON SPV LLC",
21192,"NDA",,"NOVARTIS",
21196,"NDA",,"JAZZ PHARMS",
21197,"NDA",,"EMD SERONO INC",
21199,"NDA",,"SANTEN",
21200,"NDA",,"US WORLDMEDS LLC",
21201,"NDA",,"CHEMISCH FBRK KRSSLR",
21202,"NDA",,"BRISTOL MYERS SQUIBB",
21203,"NDA",,"ABBVIE INC",
21204,"NDA",,"NOVARTIS",
21205,"NDA",,"VIIV HLTHCARE",
21208,"NDA",,"ORGANON USA INC",
21209,"NDA",,"CHIRHOCLIN",
21210,"NDA",,"STEVENS J",
21211,"NDA",,"ORGANON USA INC",
21212,"NDA",,"PHARMACIA AND UPJOHN",
21214,"NDA",,"SUCAMPO PHARMA LLC",
21216,"NDA",,"PARKE DAVIS",
21217,"NDA",,"SPECGX LLC",
21222,"NDA",,"VANSEN PHARMA",
21223,"NDA",,"NOVARTIS",
21224,"NDA",,"JANSSEN PHARMS",
21225,"NDA",,"BAYER HLTHCARE",
21226,"NDA",,"ABBVIE",
21227,"NDA",,"MERCK",
21228,"NDA",,"PHARMACIA AND UPJOHN",
21229,"NDA",,"ASTRAZENECA PHARMS",
21231,"NDA",,"ASTRAZENECA",
21232,"NDA",,"SWEDISH ORPHAN",
21234,"NDA",,"INST BIOCHEM",
21235,"NDA",,"LILLY",
21238,"NDA",,"ROCHE",
21241,"NDA",,"JANSSEN PHARMS",
21243,"NDA",,"PHARMACIA UPJOHN",
21246,"NDA",,"ROCHE",
21247,"NDA",,"MYLAN SPECIALITY LP",
21248,"NDA",,"CEPHALON",
21251,"NDA",,"ABBVIE",
21252,"NDA",,"ALLERGAN SALES LLC",
21253,"NDA",,"LILLY",
21254,"NDA",,"GLAXO GRP LTD",
21256,"NDA",,"CHIRHOCLIN",
21257,"NDA",,"ALCON PHARMS LTD",
21258,"NDA",,"BAYER HLTHCARE",
21259,"NDA",,"LANNETT CO INC",
21260,"NDA",,"KING PHARMS LLC",
21261,"NDA",,"MEDTECH PRODUCTS",
21262,"NDA",,"ALLERGAN",
21264,"NDA",,"US WORLDMEDS",
21265,"NDA",,"SANDOZ INC",
21266,"NDA",,"PF PRISM CV",
21267,"NDA",,"PF PRISM CV",
21268,"NDA",,"ABBVIE",
21269,"NDA",,"PFIZER",
21271,"NDA",,"VALEANT PHARMS NORTH",
21272,"NDA",,"UNITED THERAP",
21273,"NDA",,"ORGANON USA INC",
21275,"NDA",,"ALLERGAN",
21277,"NDA",,"BAYER HLTHCARE",
21278,"NDA",,"NOVARTIS",
21279,"NDA",,"NOVARTIS",
21281,"NDA",,"TAKEDA PHARMS NA",
21282,"NDA",,"RECKITT BENCKISER",
21283,"NDA",,"NOVARTIS",
21284,"NDA",,"NOVARTIS",
21285,"NDA",,"NOVARTIS",
21286,"NDA",,"DAIICHI SANKYO",
21287,"NDA",,"CONCORDIA PHARMS INC",
21288,"NDA",,"ALLERGAN SALES LLC",
21289,"NDA",,"FERRING",
21290,"NDA",,"ACTELION PHARMS LTD",
21292,"NDA",,"MERCK KGAA",
21297,"NDA",,"SCHERING",
21299,"NDA",,"SEBELA IRELAND LTD",
21300,"NDA",,"MERCK SHARP DOHME",
21301,"NDA",,"KING PHARMS",
21302,"NDA",,"VALEANT BERMUDA",
21303,"NDA",,"SHIRE",
21304,"NDA",,"HOFFMANN LA ROCHE",
21305,"NDA",,"JUBILANT DRAXIMAGE",
21306,"NDA",,"PURDUE PHARMA LP",
21307,"NDA",,"BAYER HEALTHCARE LLC",
21308,"NDA",,"MEDTECH PRODUCTS",
21310,"NDA",,"WATSON LABS",
21312,"NDA",,"MERCK SHARP DOHME",
21313,"NDA",,"MERCK SHARP DOHME",
21314,"NDA",,"EXALENZ BIOSCIENCE",
21316,"NDA",,"COVIS PHARMA BV",
21317,"NDA",,"BAYER",
21318,"NDA",,"LILLY",
21319,"NDA",,"GLAXOSMITHKLINE",
21320,"NDA",,"SPECIALITY EUROPEAN",
21321,"NDA",,"BAXTER HLTHCARE",
21322,"NDA",,"EMD SERONO",
21323,"NDA",,"ALLERGAN SALES LLC",
21324,"NDA",,"PERRIGO PHARMA INTL",
21330,"NDA",,"GLAXOSMITHKLINE CONS",
21332,"NDA",,"ASTRAZENECA AB",
21333,"NDA",,"FERRING",
21334,"NDA",,"BAYER PHARMS",
21335,"NDA",,"NOVARTIS",
21336,"NDA",,"SOMERSET",
21337,"NDA",,"MERCK SHARP DOHME",
21338,"NDA",,"THE MEDICINES CO",
21341,"NDA",,"GD SEARLE",
21342,"NDA",,"CEDIPROF INC",
21343,"NDA",,"TOLMAR THERAP",
21344,"NDA",,"ASTRAZENECA",
21345,"NDA",,"MYLAN IRELAND LTD",
21346,"NDA",,"JANSSEN PHARMS",
21348,"NDA",,"ACTELION PHARMS LTD",
21350,"NDA",,"SKYEPHARMA AG",
21351,"NDA",,"ALLERGAN SALES LLC",
21355,"NDA",,"BAYER HLTHCARE",
21356,"NDA",,"GILEAD SCIENCES INC",
21357,"NDA",,"BRACCO",
21358,"NDA",,"BRACCO",
21359,"NDA",,"ALLERGAN SALES LLC",
21360,"NDA",,"BRISTOL MYERS SQUIBB",
21361,"NDA",,"SALIX PHARMS",
21363,"NDA",,"SCHERING",
21365,"NDA",,"ALLERGAN SALES LLC",
21366,"NDA",,"IPR",
21367,"NDA",,"MILLICENT",
21368,"NDA",,"LILLY",
21369,"NDA",,"LANNETT CO INC",
21371,"NDA",,"EXELTIS USA INC",
21372,"NDA",,"HELSINN HLTHCARE",
21373,"NDA",,"PFIZER",
21374,"NDA",,"PFIZER",
21375,"NDA",,"PFIZER",
21378,"NDA",,"FOREST LABS",
21379,"NDA",,"TOLMAR THERAP",
21380,"NDA",,"DENTSPLY PHARM",
21381,"NDA",,"DENTSPLY PHARM",
21382,"NDA",,"DENTSPLY PHARM",
21383,"NDA",,"DENTSPLY PHARM",
21384,"NDA",,"DENTSPLY PHARM",
21385,"NDA",,"VALEANT LUXEMBOURG",
21386,"NDA",,"NOVARTIS",
21387,"NDA",,"BRISTOL MYERS SQUIBB",
21388,"NDA",,"LYMOL MEDCL",
21392,"NDA",,"VALEANT INTL",
21393,"NDA",,"PFIZER",
21394,"NDA",,"PFIZER",
21395,"NDA",,"BOEHRINGER INGELHEIM",
21396,"NDA",,"WYETH AYERST",
21397,"NDA",,"PARKE DAVIS",
21398,"NDA",,"ALLERGAN",
21399,"NDA",,"ASTRAZENECA",
21400,"NDA",,"BAYER HLTHCARE",
21402,"NDA",,"ABBVIE",
21406,"NDA",,"UPSHER-SMITH LABS",
21408,"NDA",,"MYLAN",
21409,"NDA",,"MERCK",
21410,"NDA",,"SB PHARMCO",
21411,"NDA",,"LILLY",
21412,"NDA",,"BIOVAIL LABS INTL",
21415,"NDA",,"GALDERMA LABS LP",
21416,"NDA",,"GLAXOSMITHKLINE LLC",
21417,"NDA",,"WYETH PHARMS INC",
21419,"NDA",,"SPECGX LLC",
21423,"NDA",,"PARKE DAVIS",
21424,"NDA",,"PARKE DAVIS",
21425,"NDA",,"BAYER HLTHCARE",
21426,"NDA",,"SANDOZ",
21427,"NDA",,"LILLY",
21428,"NDA",,"TAKEDA PHARMS USA",
21430,"NDA",,"CELGENE",
21431,"NDA",,"FOREST LABS",
21433,"NDA",,"GLAXO GRP LTD",
21434,"NDA",,"PHARMACIA AND UPJOHN",
21435,"NDA",,"DR REDDYS LABS INC",
21436,"NDA",,"OTSUKA",
21437,"NDA",,"GD SEARLE LLC",
21438,"NDA",,"ANI PHARMS INC",
21440,"NDA",,"FOREST LABS",
21441,"NDA",,"PFIZER",
21443,"NDA",,"TEVA BRANDED PHARM",
21444,"NDA",,"JANSSEN PHARMS",
21445,"NDA",,"MSD INTL GMBH",
21446,"NDA",,"PF PRISM CV",
21447,"NDA",,"COVIS PHARMA BV",
21449,"NDA",,"GILEAD",
21450,"NDA",,"ASTRAZENECA",
21451,"NDA",,"DENTSPLY PHARM",
21453,"NDA",,"BRISTOL MYERS SQUIBB",
21454,"NDA",,"AUXILIUM PHARMS LLC",
21455,"NDA",,"HOFFMANN LA ROCHE",
21456,"NDA",,"EISAI MEDCL RES",
21457,"NDA",,"TEVA BRANDED PHARM",
21460,"NDA",,"BRISTOL MYERS SQUIBB",
21462,"NDA",,"LILLY",
21463,"NDA",,"ENDO PHARMS",
21464,"NDA",,"PFIZER",
21466,"NDA",,"PFIZER",
21468,"NDA",,"SHIRE LLC",
21470,"NDA",,"BAYER HLTHCARE",
21471,"NDA",,"LOREAL USA",
21472,"NDA",,"BIONPHARMA INC",
21473,"NDA",,"BAYER HLTHCARE",
21475,"NDA",,"SPECGX LLC",
21476,"NDA",,"SUNOVION PHARMS INC",
21478,"NDA",,"VIB",
21479,"NDA",,"VALEANT PHARM INTL",
21481,"NDA",,"ROCHE",
21483,"NDA",,"PFIZER INC",
21484,"NDA",,"FERRING",
21485,"NDA",,"ORION PHARMA",
21486,"NDA",,"EMPI",
21487,"NDA",,"ALLERGAN SALES LLC",
21488,"NDA",,"TOLMAR THERAP",
21489,"NDA",,"BRACCO",
21490,"NDA",,"APIL",
21492,"NDA",,"SANOFI AVENTIS US",
21493,"NDA",,"ALLERGAN",
21494,"NDA",,"BRAINTREE",
21496,"NDA",,"AMPHASTAR PHARMS INC",
21497,"NDA",,"ROMARK",
21498,"NDA",,"ROMARK",
21500,"NDA",,"GILEAD",
21501,"NDA",,"LOREAL USA",
21502,"NDA",,"LOREAL USA",
21503,"NDA",,"AGOURON PHARMS",
21504,"NDA",,"VYTERIS",
21505,"NDA",,"UCB INC",
21506,"NDA",,"ASTELLAS",
21507,"NDA",,"TAKEDA PHARMS NA",
21511,"NDA",,"ROCHE",
21512,"NDA",,"PERRIGO",
21513,"NDA",,"APIL",
21514,"NDA",,"NOVEN PHARMS INC",
21515,"NDA",,"VALEANT INTL",
21516,"NDA",,"BAUSCH AND LOMB",
21518,"NDA",,"ASTELLAS",
21519,"NDA",,"ANI PHARMS",
21520,"NDA",,"LILLY",
21524,"NDA",,"PROF DSPLS",
21525,"NDA",,"AXCAN SCANDIPHARM",
21526,"NDA",,"GILEAD",
21527,"NDA",,"BOEHRINGER INGELHEIM",
21528,"NDA",,"ALLERGAN",
21529,"NDA",,"ORGANON USA INC",
21530,"NDA",,"BOEHRINGER INGELHEIM",
21532,"NDA",,"DAIICHI SANKYO",
21535,"NDA",,"GALDERMA LABS LP",
21536,"NDA",,"NOVO NORDISK INC",
21537,"NDA",,"NOVARTIS PHARMS CORP",
21538,"NDA",,"EMERGENT",
21539,"NDA",,"CUMBERLAND PHARMS",
21540,"NDA",,"PFIZER",
21543,"NDA",,"AUXILIUM PHARMS LLC",
21544,"NDA",,"TEVA BRANDED PHARM",
21545,"NDA",,"NOVARTIS PHARMS CORP",
21546,"NDA",,"SCHERING",
21548,"NDA",,"VIIV HLTHCARE",
21549,"NDA",,"MERCK",
21551,"NDA",,"BRAINTREE",
21554,"NDA",,"BAYER PHARMS",
21555,"NDA",,"BECTON DICKINSON CO",
21559,"NDA",,"SANDOZ INC",
21560,"NDA",,"NOVARTIS",
21563,"NDA",,"SCHERING",
21565,"NDA",,"ALLERGAN",
21566,"NDA",,"TAKEDA PHARMS NA",
21567,"NDA",,"BRISTOL MYERS SQUIBB",
21569,"NDA",,"LIEBEL-FLARSHEIM",
21571,"NDA",,"SANTEN",
21572,"NDA",,"CUBIST PHARMS LLC",
21574,"NDA",,"ANDRX LABS LLC",
21575,"NDA",,"MERCK",
21583,"NDA",,"PHARMACIA AND UPJOHN",
21585,"NDA",,"RECKITT BENCKISER",
21586,"NDA",,"3M",
21587,"NDA",,"PFIZER",
21588,"NDA",,"NOVARTIS",
21589,"NDA",,"UCB INC",
21590,"NDA",,"JAZZ PHARMS III",
21591,"NDA",,"SUN PHARM INDS LTD",
21592,"NDA",,"NOVARTIS",
21594,"NDA",,"INTL MEDICATION SYS",
21595,"NDA",,"ALLERGAN",
21597,"NDA",,"EMD SERONO",
21598,"NDA",,"NOVARTIS PHARMS CORP",
21602,"NDA",,"MILLENNIUM PHARMS",
21604,"NDA",,"MOBERG PHARMA NORTH",
21605,"NDA",,"MERCK SHARP DOHME",
21606,"NDA",,"ABBVIE",
21609,"NDA",,"DURAMED",
21610,"NDA",,"ENDO PHARMS",
21611,"NDA",,"ENDO PHARMS",
21612,"NDA",,"CIPHER PHARMS INC",
21615,"NDA",,"JANSSEN PHARMS",
21618,"NDA",,"MISSION PHARMA",
21620,"NDA",,"RECKITT BENCKISER",
21621,"NDA",,"J AND J CONSUMER INC",
21623,"NDA",,"GALEN SPECIALTY",
21624,"NDA",,"MYLAN INSTITUTIONAL",
21625,"NDA",,"HOSPIRA",
21626,"NDA",,"HEYL CHEMISCH",
21627,"NDA",,"ALLERGAN SALES LLC",
21629,"NDA",,"SANOFI AVENTIS US",
21630,"NDA",,"PF PRISM CV",
21632,"NDA",,"VICURON",
21633,"NDA",,"APIL",
21636,"NDA",,"SANTARUS INC",
21640,"NDA",,"BAUSCH AND LOMB",
21641,"NDA",,"TEVA",
21642,"NDA",,"ENDO PHARMS INC",
21643,"NDA",,"HOSPIRA",
21644,"NDA",,"GALDERMA LABS",
21646,"NDA",,"SANDOZ INC",
21647,"NDA",,"MERCK",
21648,"NDA",,"WEST-WARD PHARMS INT",
21652,"NDA",,"VIIV HLTHCARE",
21654,"NDA",,"SMITHKLINE BEECHAM",
21656,"NDA",,"ABBVIE",
21658,"NDA",,"ASTRAZENECA PHARMS",
21660,"NDA",,"ABRAXIS BIOSCIENCE",
21663,"NDA",,"FERRING",
21664,"NDA",,"BAUSCH AND LOMB INC",
21665,"NDA",,"AMPHASTAR PHARM",
21667,"NDA",,"EMMAUS MEDCL",
21669,"NDA",,"SAGE PRODS",
21670,"NDA",,"DORC",
21671,"NDA",,"PACIRA PHARMS INC",
21673,"NDA",,"GENZYME",
21674,"NDA",,"BAYER HLTHCARE",
21676,"NDA",,"BAYER HLTHCARE",
21677,"NDA",,"LILLY",
21681,"NDA",,"MISSION PHARMA",
21682,"NDA",,"MISSION PHARMA",
21684,"NDA",,"EMD SERONO",
21687,"NDA",,"MSD INTL",
21688,"NDA",,"AMGEN",
21689,"NDA",,"ASTRAZENECA PHARMS",
21690,"NDA",,"ORTHO MCNEIL PHARM",
21692,"NDA",,"VALEANT PHARMS",
21693,"NDA",,"SHIONOGI INC",
21695,"NDA",,"LUPIN ATLANTIS",
21697,"NDA",,"CUMBERLAND PHARMS",
21698,"NDA",,"SANOFI US",
21700,"NDA",,"SB PHARMCO",
21703,"NDA",,"BAXTER HLTHCARE CORP",
21704,"NDA",,"SANOFI AVENTIS US",
21706,"NDA",,"SANTARUS",
21708,"NDA",,"SOMERSET",
21710,"NDA",,"VALIDUS PHARMS",
21711,"NDA",,"LANTHEUS MEDCL",
21712,"NDA",,"UCB INC",
21713,"NDA",,"OTSUKA",
21714,"NDA",,"DR REDDYS LABS LTD",
21716,"NDA",,"AKORN INC",
21717,"NDA",,"TARO PHARMS",
21719,"NDA",,"EISAI INC",
21720,"NDA",,"EISAI INC",
21721,"NDA",,"JANSSEN PHARMS",
21723,"NDA",,"CP PHARMS",
21724,"NDA",,"CP PHARMS",
21726,"NDA",,"UCB INC",
21727,"NDA",,"ULURU",
21729,"NDA",,"OTSUKA",
21730,"NDA",,"SUNOVION",
21731,"NDA",,"TOLMAR THERAP",
21732,"NDA",,"ENDO PHARM",
21733,"NDA",,"LILLY",
21734,"NDA",,"TARO",
21735,"NDA",,"NYCOMED US",
21737,"NDA",,"BAUSCH AND LOMB",
21738,"NDA",,"MYLAN PHARMS INC",
21742,"NDA",,"ALLERGAN SALES LLC",
21743,"NDA",,"OSI PHARMS",
21744,"NDA",,"DEPOMED INC",
21745,"NDA",,"PURDUE PHARMA",
21746,"NDA",,"WINDTREE THERAP",
21747,"NDA",,"BOEHRINGER INGELHEIM",
21748,"NDA",,"SANTARUS INC",
21749,"NDA",,"HAMELN PHARMA PLUS",
21751,"NDA",,"HAMELN PHARMA PLUS",
21752,"NDA",,"GILEAD",
21753,"NDA",,"GALDERMA LABS LP",
21754,"NDA",,"FUJISAWA HLTHCARE",
21756,"NDA",,"VALEANT PHARMS LLC",
21758,"NDA",,"MEDICIS",
21759,"NDA",,"SANOFI AVENTIS US",
21762,"NDA",,"MERCK",
21763,"NDA",,"BIOVAIL LABS INTL",
21764,"NDA",,"SANDOZ INC",
21765,"NDA",,"EMD SERONO",
21768,"NDA",,"WEILL MEDCL COLL",
21770,"NDA",,"ALLERGAN",
21773,"NDA",,"ASTRAZENECA AB",
21774,"NDA",,"SANOFI AVENTIS US",
21775,"NDA",,"CUBIST PHARMS",
21777,"NDA",,"TEVA PHARMS INTL",
21778,"NDA",,"ENDO PHARMS INC",
21779,"NDA",,"ACTELION PHARMS LTD",
21780,"NDA",,"MIST PHARMS LLC",
21782,"NDA",,"TAKEDA PHARMS USA",
21785,"NDA",,"HOFFMANN-LA ROCHE",
21788,"NDA",,"TEVA WOMENS",
21789,"NDA",,"GALDERMA LABS LP",
21790,"NDA",,"OTSUKA PHARM CO LTD",
21793,"NDA",,"MEDA PHARMS",
21794,"NDA",,"ALLERGAN",
21795,"NDA",,"FERRING",
21797,"NDA",,"BRISTOL MYERS SQUIBB",
21798,"NDA",,"BRISTOL MYERS SQUIBB",
21799,"NDA",,"SUN PHARM INDUSTRIES",
21802,"NDA",,"NOVARTIS",
21806,"NDA",,"TEVA PHARMS",
21807,"NDA",,"MIDATECH PHARMA US",
21810,"NDA",,"NOVO NORDISK INC",
21812,"NDA",,"JOHNSON AND JOHNSON",
21813,"NDA",,"MYLAN SPECIALITY LP",
21814,"NDA",,"BOEHRINGER INGELHEIM",
21817,"NDA",,"NOVARTIS",
21818,"NDA",,"ROMARK",
21821,"NDA",,"PF PRISM CV",
21822,"NDA",,"BOEHRINGER INGELHEIM",
21823,"NDA",,"WARNER CHILCOTT",
21825,"NDA",,"APOPHARMA INC",
21829,"NDA",,"UCB INC",
21830,"NDA",,"APIL",
21832,"NDA",,"SICOR PHARMS",
21835,"NDA",,"GALDERMA LABS LP",
21837,"NDA",,"STRIDES ARCOLAB",
21838,"NDA",,"STRIDES ACROLAB",
21839,"NDA",,"IPSEN INC",
21840,"NDA",,"TEVA BRANDED PHARM",
21842,"NDA",,"TAKEDA PHARMS USA",
21844,"NDA",,"BAYER HLTHCARE",
21845,"NDA",,"PFIZER",
21846,"NDA",,"MICROBIX BIOSYSTEMS",
21849,"NDA",,"SANTARUS INC",
21850,"NDA",,"SANTARUS",
21852,"NDA",,"LEO PHARMA AS",
21853,"NDA",,"RELIANT PHARMS",
21854,"NDA",,"STRIDES ACROLAB",
21855,"NDA",,"BIONPHARMA INC",
21856,"NDA",,"TAKEDA PHARMS USA",
21858,"NDA",,"ROCHE",
21859,"NDA",,"HALOZYME THERAP",
21860,"NDA",,"APIL",
21861,"NDA",,"NOVARTIS PHARMS CORP",
21862,"NDA",,"NOVARTIS PHARMS CORP",
21864,"NDA",,"WYETH PHARMS INC",
21866,"NDA",,"OTSUKA",
21868,"NDA",,"PFIZER",
21870,"NDA",,"FEINSTEIN",
21871,"NDA",,"APIL",
21872,"NDA",,"UCB INC",
21873,"NDA",,"BAYER HLTHCARE",
21875,"NDA",,"CEPHALON",
21876,"NDA",,"DUCHESNAY",
21877,"NDA",,"NOVARTIS PHARMS CORP",
21878,"NDA",,"NOVO NORDISK",
21879,"NDA",,"AVANIR PHARMS",
21880,"NDA",,"CELGENE",
21881,"NDA",,"SALIX PHARMS",
21882,"NDA",,"NOVARTIS",
21883,"NDA",,"ALLERGAN SALES LLC",
21884,"NDA",,"INSMED",
21885,"NDA",,"BERLEX LABS",
21887,"NDA",,"GLAXOSMITHKLINE CONS",
21891,"NDA",,"BAYER HEALTHCARE LLC",
21892,"NDA",,"SALIX PHARMS",
21894,"NDA",,"VALEANT PHARMS NORTH",
21896,"NDA",,"GILEAD",
21897,"NDA",,"ALKERMES",
21902,"NDA",,"FOUGERA PHARMS INC",
21903,"NDA",,"RECORDATI RARE",
21905,"NDA",,"LG CHEM LTD",
21906,"NDA",,"ABBVIE",
21908,"NDA",,"SUCAMPO PHARMA LLC",
21909,"NDA",,"SANOFI AVENTIS US",
21910,"NDA",,"DIALYSIS SUPS",
21911,"NDA",,"EISAI INC",
21912,"NDA",,"SUNOVION",
21918,"NDA",,"WRASER PHARMS",
21919,"NDA",,"AMYLIN",
21920,"NDA",,"BIONPHARMA INC",
21923,"NDA",,"BAYER HLTHCARE",
21924,"NDA",,"INSTITUT BIOCHIMIQUE",
21925,"NDA",,"TAKEDA PHARMS USA",
21926,"NDA",,"PERNIX IRELAND LTD",
21928,"NDA",,"PF PRISM CV",
21929,"NDA",,"ASTRAZENECA",
21936,"NDA",,"BOEHRINGER INGELHEIM",
21937,"NDA",,"GILEAD SCIENCES",
21938,"NDA",,"CPPI CV",
21939,"NDA",,"AUROBINDO PHARMA LTD",
21943,"NDA",,"AUROBINDO PHARMA LTD",
21944,"NDA",,"AUROBINDO PHARMA LTD",
21945,"NDA",,"AMAG PHARMA USA",
21946,"NDA",,"AQUA PHARMS",
21947,"NDA",,"CEPHALON",
21948,"NDA",,"PFIZER",
21949,"NDA",,"ASTRAZENECA",
21951,"NDA",,"SUN PHARM INDS INC",
21952,"NDA",,"BAYER HEALTHCARE LLC",
21956,"NDA",,"CONCORDIA PHARMS INC",
21957,"NDA",,"ASTRAZENECA PHARMS",
21958,"NDA",,"GLAXOSMITHKLINE CONS",
21959,"NDA",,"CONCORDIA PHARMS INC",
21961,"NDA",,"SYNTHON PHARMS",
21963,"NDA",,"SANOFI AVENTIS US",
21964,"NDA",,"SALIX PHARMS",
21968,"NDA",,"CPPI CV",
21969,"NDA",,"CIPLA LIMITED",
21971,"NDA",,"CIPLA LIMITED",
21974,"NDA",,"CIPLA LIMITED",
21976,"NDA",,"JANSSEN PRODS",
21977,"NDA",,"SHIRE DEVELOPMENT",
21978,"NDA",,"AQUA PHARMS",
21980,"NDA",,"ALCON LABS INC",
21983,"NDA",,"MERIDIAN MEDCL",
21985,"NDA",,"NODEN PHARMA",
21986,"NDA",,"BRISTOL MYERS SQUIBB",
21988,"NDA",,"STRIDES ACROLAB",
21990,"NDA",,"NOVARTIS",
21991,"NDA",,"MERCK",
21992,"NDA",,"WYETH PHARMS INC",
21993,"NDA",,"BAYER HEALTHCARE LLC",
21994,"NDA",,"NOVARTIS PHARMS CORP",
21995,"NDA",,"MERCK SHARP DOHME",
21996,"NDA",,"BAUSCH AND LOMB",
21997,"NDA",,"MYLAN SPECIALITY LP",
21998,"NDA",,"FDN CONSUMER",
21999,"NDA",,"JANSSEN PHARMS",
22000,"NDA",,"SHIRE",
22001,"NDA",,"NOVO NORDISK INC",
22003,"NDA",,"SCHERING",
22004,"NDA",,"ASTRAZENECA PHARMS",
22006,"NDA",,"LUNDBECK PHARMS LLC",
22007,"NDA",,"MYLAN SPECLT",
22008,"NDA",,"GLAXOSMITHKLINE LLC",
22009,"NDA",,"LOREAL USA",
22010,"NDA",,"DEPROCO",
22011,"NDA",,"NOVARTIS",
22012,"NDA",,"SMITHKLINE BEECHAM",
22013,"NDA",,"MYLAN PHARMS INC",
22014,"NDA",,"PERRIGO PHARMA INTL",
22015,"NDA",,"BAYER HEALTHCARE LLC",
22016,"NDA",,"CUMBERLAND PHARMS",
22018,"NDA",,"PHARMACARE",
22020,"NDA",,"WYETH PHARMS",
22021,"NDA",,"KING PFIZER",
22023,"NDA",,"MERCK AND CO INC",
22024,"NDA",,"TAKEDA PHARMS USA",
22025,"NDA",,"CLINIGEN HLTHCARE",
22026,"NDA",,"SYNTHON PHARMS",
22027,"NDA",,"SCHERING",
22028,"NDA",,"SANDOZ INC",
22029,"NDA",,"HISAMITSU PHARM CO",
22030,"NDA",,"PFIZER",
22032,"NDA",,"DEXCEL PHARMA",
22033,"NDA",,"JAZZ PHARMS",
22036,"NDA",,"PERNIX THERAPS LLC",
22037,"NDA",,"SHIRE",
22038,"NDA",,"VERTICAL PHARMS LLC",
22041,"NDA",,"SERB SA",
22042,"NDA",,"LILLY",
22043,"NDA",,"JANSSEN LP",
22044,"NDA",,"MERCK SHARP DOHME",
22045,"NDA",,"BAYER HLTHCARE",
22046,"NDA",,"HOSPIRA",
22047,"NDA",,"ASTRAZENECA",
22048,"NDA",,"NOVARTIS PHARMS CORP",
22051,"NDA",,"GLAXOSMITHKLINE CONS",
22052,"NDA",,"CHIESI USA INC",
22055,"NDA",,"AQUA PHARMS LLC",
22056,"NDA",,"COVIS PHARMA BV",
22057,"NDA",,"FERRING",
22058,"NDA",,"ENDO PHARM",
22059,"NDA",,"NOVARTIS PHARMS CORP",
22061,"NDA",,"MATRIX LABS",
22063,"NDA",,"SHIRE DEV LLC",
22064,"NDA",,"SANOFI-AVENTIS US",
22065,"NDA",,"R-PHARM US LLC",
22066,"NDA",,"GE HEALTHCARE",
22067,"NDA",,"TARO",
22068,"NDA",,"NOVARTIS",
22070,"NDA",,"DOW PHARM",
22071,"NDA",,"NOVARTIS",
22072,"NDA",,"BRISTOL MYERS SQUIBB",
22074,"NDA",,"IPSEN PHARMA",
22076,"NDA",,"PRECISION DERMAT",
22080,"NDA",,"NOVARTIS PHARMS",
22081,"NDA",,"GILEAD",
22083,"NDA",,"NOVARTIS",
22085,"NDA",,"MATRIX LABS",
22087,"NDA",,"GALDERMA LABS LP",
22088,"NDA",,"PF PRISM CV",
22090,"NDA",,"BAYER HLTHCARE",
22096,"NDA",,"STRIDES ACROLAB",
22097,"NDA",,"STRIDES ACROLAB",
22100,"NDA",,"DAIICHI SANKYO",
22101,"NDA",,"ASTRAZENECA PHARMS",
22102,"NDA",,"PAR PHARM",
22103,"NDA",,"ALLERGAN",
22104,"NDA",,"OSMOTICA PHARM",
22106,"NDA",,"SHIONOGI INC",
22107,"NDA",,"NODEN PHARMA",
22108,"NDA",,"VALEANT PHARMS NORTH",
22110,"NDA",,"THERAVANCE BIOPHARMA",
22113,"NDA",,"PFIZER",
22114,"NDA",,"POWDER PHARMS",
22115,"NDA",,"GLAXOSMITHKLINE LLC",
22116,"NDA",,"VIIV HLTHCARE",
22117,"NDA",,"FOREST LABS LLC",
22118,"NDA",,"SANTARUS INC",
22119,"NDA",,"FEINSTEIN",
22122,"NDA",,"GLAXOSMITHKLINE CONS",
22124,"NDA",,"NYCOMED US INC",
22127,"NDA",,"SANOFI",
22128,"NDA",,"VIIV HLTHCARE",
22129,"NDA",,"SHIONOGI INC",
22134,"NDA",,"ALLERGAN",
22137,"NDA",,"SANDOZ",
22138,"NDA",,"SANOFI AVENTIS US",
22141,"NDA",,"MYLAN LABS LTD",
22142,"NDA",,"MYLAN LABS LTD",
22145,"NDA",,"MERCK SHARP DOHME",
22148,"NDA",,"LILLY",
22150,"NDA",,"SHIRE ORPHAN THERAP",
22152,"NDA",,"BIONPHARMA INC",
22154,"NDA",,"NOVARTIS",
22155,"NDA",,"J AND J CONSUMER INC",
22156,"NDA",,"CHIESI USA INC",
22157,"NDA",,"SANOFI-AVENTIS US",
22159,"NDA",,"SEPTODONT HOLDING",
22160,"NDA",,"TEVA PHARMS",
22161,"NDA",,"ASTELLAS",
22165,"NDA",,"ASSERTIO",
22172,"NDA",,"ASTRAZENECA",
22173,"NDA",,"ELI LILLY CO",
22175,"NDA",,"DIGESTIVE CARE INC",
22177,"NDA",,"STRIDES ACROLAB",
22180,"NDA",,"AMAG PHARMS INC",
22181,"NDA",,"BIOMARIN PHARM",
22184,"NDA",,"ALLERGAN",
22185,"NDA",,"LEO PHARMA AS",
22186,"NDA",,"AKORN",
22187,"NDA",,"JANSSEN R AND D",
22192,"NDA",,"VANDA PHARMS INC",
22193,"NDA",,"ALCON PHARMS LTD",
22195,"NDA",,"WEST-WARD PHARMS INT",
22196,"NDA",,"MAGNA PHARMS",
22198,"NDA",,"KYOWA KIRIN",
22200,"NDA",,"ASTRAZENECA AB",
22201,"NDA",,"FERRING",
22202,"NDA",,"ASSERTIO",
22203,"NDA",,"MYLAN SPECIALITY LP",
22204,"NDA",,"ALLERGAN SALES LLC",
22205,"NDA",,"VALEANT PHARMS INTL",
22206,"NDA",,"ALLERGAN SALES LLC",
22207,"NDA",,"WEST-WARD PHARMS INT",
22210,"NDA",,"FOREST LABS INC",
22211,"NDA",,"BAUSCH AND LOMB",
22212,"NDA",,"NOVARTIS PHARMS CORP",
22214,"NDA",,"ASTRAZENECA",
22217,"NDA",,"NOVARTIS",
22219,"NDA",,"ENDO PHARMS INC",
22220,"NDA",,"ALLERGAN",
22221,"NDA",,"AKORN",
22222,"NDA",,"FOREST LABS INC",
22223,"NDA",,"ALCON RES",
22224,"NDA",,"ABBVIE",
22225,"NDA",,"ORGANON SUB MERCK",
22226,"NDA",,"TEVA PARENTERAL",
22233,"NDA",,"HELSINN HLTHCARE",
22234,"NDA",,"HOSPIRA INC",
22235,"NDA",,"JAZZ",
22239,"NDA",,"ENDO VENTURES LTD",
22244,"NDA",,"EISAI INC",
22246,"NDA",,"SALIX PHARMS",
22247,"NDA",,"WYETH PHARMS",
22249,"NDA",,"CEPHALON",
22250,"NDA",,"ACORDA",
22251,"NDA",,"GLAXOSMITHKLINE LLC",
22252,"NDA",,"BAYER HLTHCARE",
22253,"NDA",,"UCB INC",
22254,"NDA",,"UCB INC",
22255,"NDA",,"UCB INC",
22256,"NDA",,"ALLERGAN SALES LLC",
22257,"NDA",,"HOFFMANN LA ROCHE",
22259,"NDA",,"HILL DERMACEUTICALS",
22260,"NDA",,"ACTELION PHARMS LTD",
22262,"NDA",,"TEVA BRANDED PHARM",
22264,"NDA",,"JANSSEN PHARMS",
22266,"NDA",,"BDSI",
22267,"NDA",,"ABBVIE INC",
22268,"NDA",,"NOVARTIS",
22271,"NDA",,"TAKEDA PHARMS USA",
22272,"NDA",,"PURDUE PHARMA LP",
22273,"NDA",,"SANOFI AVENTIS US",
22275,"NDA",,"OTSUKA AMERICA PHARM",
22276,"NDA",,"EXELA PHARMA SCIENCE",
22277,"NDA",,"MERCK SHARP DOHME",
22278,"NDA",,"DORC",
22279,"NDA",,"BKK PHARMS",
22281,"NDA",,"BAYER HEALTHCARE LLC",
22282,"NDA",,"MATRIX LABS LTD",
22283,"NDA",,"BAYER HEALTHCARE LLC",
22285,"NDA",,"UCB INC",
22287,"NDA",,"TAKEDA PHARMS USA",
22288,"NDA",,"BAUSCH AND LOMB INC",
22290,"NDA",,"GE HEALTHCARE",
22291,"NDA",,"NOVARTIS PHARMS CORP",
22292,"NDA",,"BOEHRINGER INGELHEIM",
22293,"NDA",,"AUROBINDO PHARMA",
22294,"NDA",,"AUROBINDO PHARMA",
22295,"NDA",,"AUROBINDO PHARMA LTD",
22296,"NDA",,"AUROBINDO PHARMA LTD",
22299,"NDA",,"AUROBINDO PHARMA LTD",
22301,"NDA",,"VALEANT PHARMS INTL",
22303,"NDA",,"CEPHALON",
22304,"NDA",,"DEPOMED INC",
22305,"NDA",,"NIAGARA PHARMS",
22306,"NDA",,"ALTATHERA PHARMS LLC",
22307,"NDA",,"ELI LILLY AND CO",
22308,"NDA",,"BAUSCH AND LOMB",
22309,"NDA",,"ABBVIE",
22310,"NDA",,"ASTRAZENECA",
22311,"NDA",,"GENZYME",
22312,"NDA",,"APOTEX INC",
22314,"NDA",,"NOVARTIS",
22315,"NDA",,"ALLERGAN",
22318,"NDA",,"GENZYME",
22320,"NDA",,"GALDERMA LABS LP",
22321,"NDA",,"ALPHARMA PHARMS",
22325,"NDA",,"BAXTER HLTHCARE",
22327,"NDA",,"GLAXOSMITHKLINE CONS",
22328,"NDA",,"PURDUE PHARMA",
22331,"NDA",,"CONCORDIA PHARMS INC",
22332,"NDA",,"ELI LILLY CO",
22334,"NDA",,"NOVARTIS",
22341,"NDA",,"NOVO NORDISK INC",
22342,"NDA",,"EMCURE PHARMA",
22343,"NDA",,"AUROBINDO PHARMA LTD",
22344,"NDA",,"AUROBINDO PHARMA LTD",
22345,"NDA",,"GLAXOSMITHKLINE",
22346,"NDA",,"PHARMACARE LTD",
22347,"NDA",,"PHARMACARE LTD",
22348,"NDA",,"CUMBERLAND PHARMS",
22350,"NDA",,"ASTRAZENECA AB",
22351,"NDA",,"AR HOLDING CO INC",
22352,"NDA",,"TAKEDA PHARMS USA",
22353,"NDA",,"AR HOLDING CO INC",
22356,"NDA",,"HETERO DRUGS LTD",
22359,"NDA",,"BAXTER HLTHCARE CORP",
22360,"NDA",,"GLAXOSMITHKLINE CONS",
22362,"NDA",,"DAIICHI SANKYO",
22363,"NDA",,"KOWA CO",
22368,"NDA",,"PHARMAXIS LTD",
22369,"NDA",,"ALLERGAN",
22370,"NDA",,"CIPHER PHARMS INC",
22372,"NDA",,"BRAINTREE LABS",
22377,"NDA",,"MERIDIAN MEDCL",
22382,"NDA",,"EGALET US INC",
22383,"NDA",,"SUNOVION PHARMS INC",
22386,"NDA",,"NOVO NORDISK INC",
22387,"NDA",,"UNITED THERAP",
22393,"NDA",,"CELGENE",
22395,"NDA",,"ACORDA",
22396,"NDA",,"JAVELIN PHARMS INC",
22399,"NDA",,"ARBOR PHARMS LLC",
22401,"NDA",,"BOEHRINGER INGELHEIM",
22402,"NDA",,"WEST-WARD PHARMS INT",
22404,"NDA",,"MIDATECH PHARMA US",
22405,"NDA",,"GENZYME CORP",
22406,"NDA",,"JANSSEN PHARMS",
22407,"NDA",,"THERAVANCE INC",
22408,"NDA",,"PARAPRO LLC",
22410,"NDA",,"INDIVIOR INC",
22411,"NDA",,"ANGELINI PHARMA",
22416,"NDA",,"SUNOVION PHARMS INC",
22417,"NDA",,"ABBVIE",
22418,"NDA",,"ARALEZ PHARMS INC",
22420,"NDA",,"STRIDES ARCOLAB LTD",
22421,"NDA",,"BOEHRINGER INGELHEIM",
22424,"NDA",,"BKK PHARMS",
22425,"NDA",,"SANOFI AVENTIS US",
22426,"NDA",,"TAKEDA PHARMS USA",
22427,"NDA",,"ALLERGAN",
22428,"NDA",,"NOVARTIS PHARMS CORP",
22429,"NDA",,"BIONPHARMA INC",
22430,"NDA",,"FERRING PHARMS INC",
22432,"NDA",,"QUESTCOR PHARMA",
22433,"NDA",,"ASTRAZENECA PHARMS",
22434,"NDA",,"EAGLE PHARMS",
22436,"NDA",,"VALEANT BERMUDA",
22437,"NDA",,"ALLERGAN SALES LLC",
22439,"NDA",,"CYPRESS PHARM",
22442,"NDA",,"CYPRESS PHARM",
22445,"NDA",,"HERON THERAPS INC",
22450,"NDA",,"MALLINCKRODT IP",
22453,"NDA",,"TEVA PHARMS USA",
22454,"NDA",,"GE HLTHCARE INC",
22456,"NDA",,"SANTARUS",
22458,"NDA",,"PFIZER",
22459,"NDA",,"HETERO DRUGS LTD",
22460,"NDA",,"GLAXOSMITHKLINE",
22461,"NDA",,"MATRIX LABS LTD",
22462,"NDA",,"PIRAMAL CRITICAL",
22464,"NDA",,"STRIDES ARCOLAB LTD",
22465,"NDA",,"NOVARTIS PHARMS CORP",
22466,"NDA",,"PIERREL",
22468,"NDA",,"ALLOS",
22470,"NDA",,"NOVARTIS",
22472,"NDA",,"MANNKIND",
22473,"NDA",,"PFIZER",
22474,"NDA",,"LAB HRA PHARMA",
22479,"NDA",,"HETERO DRUGS LTD",
22483,"NDA",,"MEDICIS",
22484,"NDA",,"SEBELA IRELAND LTD",
22485,"NDA",,"SANDOZ",
22488,"NDA",,"PF PRISM CV",
22494,"NDA",,"NIH NCI DCTD",
22496,"NDA",,"PACIRA PHARMS INC",
22497,"NDA",,"ALVOGEN",
22499,"NDA",,"TRIS PHARMA INC",
22500,"NDA",,"TRIS PHARMA INC",
22501,"NDA",,"APIL",
22502,"NDA",,"GALDERMA LABS LP",
22503,"NDA",,"PRIMUS PHARMS",
22504,"NDA",,"ELI LILLY AND CO",
22505,"NDA",,"THERATECHNOLOGIES",
22509,"NDA",,"SMITHKLINE BEECHAM",
22510,"NDA",,"SENTYNL THERAPS INC",
22511,"NDA",,"HORIZON",
22512,"NDA",,"BOEHRINGER INGELHEIM",
22514,"NDA",,"BOEHRINGER INGELHEIM",
22516,"NDA",,"LILLY",
22517,"NDA",,"FERRING PHARMS INC",
22518,"NDA",,"MERCK SHARP DOHME",
22519,"NDA",,"HORIZON",
22522,"NDA",,"ASTRAZENECA PHARMS",
22523,"NDA",,"VIVUS INC",
22524,"NDA",,"MIDATECH PHARMA US",
22525,"NDA",,"FOREST LABS LLC",
22526,"NDA",,"SPROUT PHARMS",
22527,"NDA",,"NOVARTIS",
22529,"NDA",,"EISAI INC",
22532,"NDA",,"BAYER HLTHCARE",
22534,"NDA",,"SUN PHARMA GLOBAL",
22535,"NDA",,"GENENTECH INC",
22536,"NDA",,"FRESENIUS KABI USA",
22537,"NDA",,"MACLEODS PHARMA",
22541,"NDA",,"MACLEODS PHARMA",
22542,"NDA",,"FOREST LABS INC",
22544,"NDA",,"ASSERTIO",
22545,"NDA",,"NOVARTIS",
22547,"NDA",,"CIPLA LIMITED",
22548,"NDA",,"ALLERGAN",
22549,"NDA",,"GALEN UK",
22554,"NDA",,"SALIX PHARMS",
22555,"NDA",,"PHOTOCURE ASA",
22556,"NDA",,"TRIS PHARMA INC",
22560,"NDA",,"APIL",
22562,"NDA",,"ORPHAN EUROPE",
22563,"NDA",,"MAYNE PHARMA",
22565,"NDA",,"PFIZER",
22567,"NDA",,"ALLERGAN SALES LLC",
22568,"NDA",,"EISAI INC",
22569,"NDA",,"ELEFSEE PHARMS INTL",
22571,"NDA",,"MERZ PHARMS",
22572,"NDA",,"MOBIUS THERAP",
22573,"NDA",,"APIL",
22574,"NDA",,"BAYER HLTHCARE",
22575,"NDA",,"SHIRE HUMAN GENETIC",
22577,"NDA",,"GILEAD SCIENCES INC",
22578,"NDA",,"J AND J CONSUMER INC",
22580,"NDA",,"VIVUS",
22581,"NDA",,"FRESENIUS MEDCL",
40001,"ANDA",,"ANI PHARMS INC",
40007,"ANDA",,"WATSON LABS INC",
40008,"ANDA",,"WATSON LABS INC",
40009,"ANDA",,"SUN PHARM INDS INC",
40010,"ANDA",,"HI TECH PHARMA",
40011,"ANDA",,"APPLIED ANAL",
40013,"ANDA",,"HOSPIRA",
40014,"ANDA",,"HI TECH PHARMA",
40015,"ANDA",,"TEVA PARENTERAL",
40023,"ANDA",,"TEVA PARENTERAL",
40024,"NDA",,"LUITPOLD",
40026,"ANDA",,"HI TECH PHARMA",
40027,"ANDA",,"HI TECH PHARMA",
40028,"ANDA",,"PADDOCK LLC",
40029,"ANDA",,"PADDOCK LLC",
40032,"ANDA",,"ROXANE",
40034,"ANDA",,"INWOOD LABS",
40035,"ANDA",,"TARO",
40036,"ANDA",,"SANDOZ",
40037,"ANDA",,"TARO PHARM INDS LTD",
40038,"ANDA",,"TARO",
40039,"ANDA",,"TARO PHARM INDS LTD",
40040,"ANDA",,"TARO",
40041,"ANDA",,"TARO",
40042,"ANDA",,"TARO",
40043,"ANDA",,"WATSON LABS",
40044,"ANDA",,"WATSON LABS",
40045,"ANDA",,"G AND W LABS INC",
40047,"ANDA",,"NOVEN",
40048,"ANDA",,"NOVEN",
40049,"ANDA",,"NOVEN",
40050,"ANDA",,"SPECGX LLC",
40052,"ANDA",,"INWOOD LABS",
40054,"ANDA",,"WEST-WARD PHARMS INT",
40056,"ANDA",,"WEST-WARD PHARMS INT",
40057,"ANDA",,"EASTMAN KODAK",
40058,"ANDA",,"G AND W LABS",
40059,"ANDA",,"BAUSCH AND LOMB",
40061,"ANDA",,"ROXANE",
40062,"ANDA",,"MIKART",
40063,"ANDA",,"BAUSCH AND LOMB",
40064,"ANDA",,"BAUSCH AND LOMB",
40065,"ANDA",,"BAUSCH AND LOMB",
40066,"ANDA",,"BAUSCH AND LOMB",
40067,"ANDA",,"BAUSCH AND LOMB",
40069,"ANDA",,"BAUSCH AND LOMB",
40070,"ANDA",,"BAUSCH AND LOMB",
40073,"ANDA",,"BAUSCH AND LOMB",
40074,"ANDA",,"BAUSCH AND LOMB",
40075,"ANDA",,"BAUSCH AND LOMB",
40078,"ANDA",,"HOSPIRA",
40079,"ANDA",,"HOSPIRA",
40081,"ANDA",,"TEVA PHARMS",
40083,"ANDA",,"TG UNITED INC",
40084,"ANDA",,"MALLINCKRODT",
40085,"ANDA",,"MIKART",
40086,"ANDA",,"RHODES PHARMS",
40088,"ANDA",,"VISTAPHARM",
40089,"ANDA",,"WEST-WARD PHARMS INT",
40090,"ANDA",,"MIKART",
40091,"ANDA",,"SANDOZ",
40092,"ANDA",,"HOSPIRA",
40093,"ANDA",,"HOSPIRA",
40094,"ANDA",,"WATSON LABS",
40095,"ANDA",,"HOSPIRA",
40097,"ANDA",,"BAUSCH AND LOMB",
40098,"ANDA",,"DAVA PHARMS INC",
40099,"ANDA",,"APIL",
40100,"ANDA",,"UCB INC",
40101,"ANDA",,"SANDOZ",
40102,"ANDA",,"SANDOZ",
40103,"ANDA",,"USL PHARMA",
40104,"ANDA",,"SANDOZ",
40105,"ANDA",,"VINTAGE PHARMS",
40106,"ANDA",,"VINTAGE PHARMS",
40108,"ANDA",,"HOSPIRA",
40109,"ANDA",,"MIKART",
40110,"ANDA",,"WEST-WARD PHARMS INT",
40111,"ANDA",,"ANI PHARMS INC",
40113,"ANDA",,"ACTAVIS ELIZABETH",
40114,"ANDA",,"MAYNE PHARMA",
40116,"ANDA",,"SANDOZ",
40117,"ANDA",,"ABBVIE",
40118,"ANDA",,"SANDOZ",
40119,"ANDA",,"HI TECH PHARMA",
40120,"ANDA",,"TEVA PHARMS",
40122,"ANDA",,"WATSON LABS",
40123,"ANDA",,"WATSON LABS",
40124,"ANDA",,"HIKMA INTL PHARMS",
40125,"ANDA",,"HI TECH PHARMA",
40126,"ANDA",,"HI TECH PHARMA",
40131,"ANDA",,"HOSPIRA",
40133,"ANDA",,"WATSON LABS",
40134,"ANDA",,"UCB INC",
40135,"ANDA",,"BARR",
40136,"ANDA",,"LUITPOLD",
40137,"ANDA",,"WATSON LABS",
40138,"ANDA",,"LANNETT HOLDINGS INC",
40139,"ANDA",,"WATSON LABS",
40140,"ANDA",,"HOSPIRA",
40143,"ANDA",,"VINTAGE PHARMS",
40144,"ANDA",,"VINTAGE PHARMS",
40145,"ANDA",,"BARR",
40146,"ANDA",,"PHARM ASSOC",
40147,"ANDA",,"HOSPIRA",
40148,"ANDA",,"APIL",
40149,"ANDA",,"SANDOZ",
40150,"ANDA",,"SANDOZ",
40151,"ANDA",,"HI TECH PHARMA",
40152,"ANDA",,"WATSON LABS",
40153,"ANDA",,"SANDOZ",
40155,"ANDA",,"VINTAGE PHARMS",
40156,"ANDA",,"IMPAX LABS INC",
40157,"ANDA",,"VINTAGE PHARMS",
40159,"ANDA",,"BARR",
40161,"ANDA",,"HIKMA PHARMS",
40162,"ANDA",,"IVAX SUB TEVA PHARMS",
40163,"ANDA",,"SPECGX LLC",
40164,"ANDA",,"AKORN",
40165,"ANDA",,"AKORN",
40166,"ANDA",,"WOCKHARDT BIO AG",
40167,"ANDA",,"PERRIGO",
40168,"ANDA",,"WOCKHARDT",
40169,"ANDA",,"MIKART",
40171,"ANDA",,"WATSON LABS",
40174,"ANDA",,"TEVA PHARMS USA",
40177,"ANDA",,"PHARM ASSOC",
40179,"ANDA",,"RISING PHARMS",
40180,"ANDA",,"WEST-WARD PHARMS INT",
40182,"ANDA",,"PHARM ASSOC",
40183,"ANDA",,"VINTAGE PHARMS",
40184,"ANDA",,"WATSON LABS",
40185,"ANDA",,"MYLAN",
40186,"ANDA",,"WATSON LABS",
40187,"ANDA",,"PHARM ASSOC",
40188,"ANDA",,"OXFORD PHARMS",
40189,"ANDA",,"JUBILANT CADISTA",
40190,"ANDA",,"ELITE LABS INC",
40191,"ANDA",,"VINTAGE PHARMS",
40192,"ANDA",,"WE PHARMS",
40194,"ANDA",,"SANDOZ",
40195,"ANDA",,"TARO",
40196,"ANDA",,"YAOPHARMA CO LTD",
40197,"ANDA",,"BARR LABS INC",
40199,"ANDA",,"ACTAVIS ELIZABETH",
40201,"ANDA",,"MALLINCKRODT",
40203,"ANDA",,"ACTAVIS ELIZABETH",
40204,"ANDA",,"HIKMA PHARMS",
40206,"ANDA",,"HOSPIRA",
40207,"ANDA",,"DURAMED PHARMS BARR",
40209,"ANDA",,"MYLAN",
40210,"ANDA",,"UCB INC",
40212,"ANDA",,"DURAMED PHARMS BARR",
40213,"ANDA",,"PHARM ASSOC",
40215,"ANDA",,"AKORN",
40216,"ANDA",,"AKORN",
40218,"ANDA",,"VINTAGE PHARMS",
40219,"ANDA",,"MUTUAL PHARM",
40220,"ANDA",,"ACTAVIS LABS FL INC",
40223,"ANDA",,"DURAMED PHARMS BARR",
40224,"ANDA",,"PHARM ASSOC",
40226,"ANDA",,"VINTAGE PHARMS",
40227,"ANDA",,"ELITE LABS INC",
40228,"ANDA",,"ELITE LABS INC",
40230,"ANDA",,"LANNETT",
40231,"ANDA",,"PHARM ASSOC",
40232,"ANDA",,"WATSON LABS",
40233,"ANDA",,"DURAMED PHARMS BARR",
40234,"ANDA",,"WATSON LABS",
40235,"ANDA",,"WEST-WARD PHARMS INT",
40236,"ANDA",,"MUTUAL PHARM",
40240,"ANDA",,"MUTUAL PHARM",
40241,"ANDA",,"SANDOZ",
40245,"ANDA",,"VINTAGE PHARMS",
40246,"ANDA",,"PADDOCK LLC",
40247,"ANDA",,"TARO",
40248,"ANDA",,"WATSON LABS",
40249,"ANDA",,"TEDOR PHARMA INC",
40251,"ANDA",,"MIKART",
40252,"ANDA",,"OXFORD PHARMS",
40253,"ANDA",,"PHARM ASSOC",
40254,"ANDA",,"VINTAGE PHARMS LLC",
40255,"ANDA",,"WATSON LABS",
40256,"ANDA",,"VINTAGE PHARMS",
40257,"ANDA",,"MALLINCKRODT",
40258,"ANDA",,"FRESENIUS KABI USA",
40259,"ANDA",,"FERNDALE LABS",
40260,"ANDA",,"SUN PHARM INDUSTRIES",
40261,"ANDA",,"HIKMA PHARMS",
40262,"ANDA",,"PHARMACHEMIE",
40263,"ANDA",,"FRESENIUS KABI USA",
40265,"ANDA",,"FRESENIUS KABI USA",
40266,"ANDA",,"FRESENIUS KABI USA",
40267,"ANDA",,"WATSON LABS",
40268,"ANDA",,"JUBILANT CADISTA",
40272,"ANDA",,"DURAMED PHARMS BARR",
40273,"ANDA",,"WEST-WARD PHARMS INT",
40274,"ANDA",,"MYLAN",
40275,"ANDA",,"EPIC PHARMA INC",
40276,"ANDA",,"ACTAVIS ELIZABETH",
40277,"ANDA",,"AKORN INC",
40278,"ANDA",,"FRESENIUS KABI USA",
40279,"ANDA",,"FRESENIUS KABI USA",
40280,"ANDA",,"VINTAGE PHARMS LLC",
40281,"ANDA",,"VINTAGE PHARMS LLC",
40282,"ANDA",,"MYLAN PHARMS INC",
40283,"ANDA",,"OXFORD PHARMS",
40284,"ANDA",,"GAVIS PHARMS",
40285,"ANDA",,"IVAX SUB TEVA PHARMS",
40286,"ANDA",,"FRESENIUS KABI USA",
40287,"ANDA",,"IVAX SUB TEVA PHARMS",
40288,"ANDA",,"VINTAGE PHARMS LLC",
40289,"ANDA",,"DURAMED PHARMS BARR",
40291,"ANDA",,"FRESENIUS KABI USA",
40295,"ANDA",,"ACTAVIS ELIZABETH",
40296,"ANDA",,"DURAMED PHARMS BARR",
40297,"ANDA",,"USL PHARMA",
40298,"ANDA",,"MYLAN",
40299,"ANDA",,"VINTAGE PHARMS LLC",
40300,"ANDA",,"SPECGX LLC",
40301,"ANDA",,"TARO PHARM",
40302,"ANDA",,"HOSPIRA",
40303,"ANDA",,"VINTAGE PHARMS LLC",
40304,"ANDA",,"BARR",
40305,"ANDA",,"HOSPIRA",
40306,"ANDA",,"LANNETT CO INC",
40307,"ANDA",,"BARR",
40308,"ANDA",,"BARR",
40309,"ANDA",,"BARR",
40310,"ANDA",,"TARO",
40311,"ANDA",,"DURAMED PHARMS BARR",
40312,"ANDA",,"NOVO NORDISK INC",
40313,"ANDA",,"WOCKHARDT BIO AG",
40314,"ANDA",,"AKORN",
40315,"ANDA",,"AKORN",
40316,"ANDA",,"MIKART",
40317,"ANDA",,"MYLAN",
40318,"ANDA",,"DURAMED PHARMS BARR",
40319,"ANDA",,"MYLAN",
40320,"ANDA",,"KING PHARMS LLC",
40321,"ANDA",,"ACTAVIS ELIZABETH",
40322,"ANDA",,"TEVA PHARMS",
40323,"ANDA",,"VISTAPHARM",
40326,"ANDA",,"MYLAN",
40327,"ANDA",,"SANDOZ",
40330,"ANDA",,"VINTAGE PHARMS LLC",
40331,"ANDA",,"EPIC PHARMA",
40332,"ANDA",,"TEVA PARENTERAL",
40333,"ANDA",,"TEVA PHARMS USA",
40334,"ANDA",,"TEVA PHARMS USA",
40335,"ANDA",,"WEST-WARD PHARMS INT",
40336,"ANDA",,"HIKMA PHARMS",
40337,"ANDA",,"HIKMA PHARMS",
40338,"ANDA",,"LUITPOLD",
40341,"ANDA",,"VINTAGE PHARMS LLC",
40342,"ANDA",,"VISTAPHARM",
40347,"ANDA",,"WEST-WARD PHARMS INT",
40349,"ANDA",,"VINTAGE PHARMS",
40350,"ANDA",,"MYLAN",
40351,"ANDA",,"FOUGERA PHARMS",
40352,"ANDA",,"SPECGX LLC",
40353,"ANDA",,"ACTAVIS ELIZABETH",
40355,"ANDA",,"VINTAGE PHARMS",
40356,"ANDA",,"VINTAGE PHARMS",
40357,"ANDA",,"PAR PHARM",
40358,"ANDA",,"VINTAGE PHARMS",
40359,"ANDA",,"MYLAN",
40360,"ANDA",,"PHARM ASSOC",
40361,"ANDA",,"BARR",
40362,"ANDA",,"JUBILANT CADISTA",
40364,"ANDA",,"NESHER PHARMS",
40365,"ANDA",,"NESHER PHARMS",
40366,"ANDA",,"NESHER PHARMS",
40367,"ANDA",,"NESHER PHARMS",
40368,"ANDA",,"IMPAX PHARMS",
40371,"ANDA",,"WATSON LABS",
40372,"ANDA",,"HOSPIRA",
40373,"ANDA",,"TEVA PARENTERAL",
40374,"ANDA",,"TARO",
40377,"ANDA",,"PRINSTON INC",
40378,"ANDA",,"AVONDALE PHARMS",
40379,"ANDA",,"FRESENIUS KABI USA",
40385,"ANDA",,"BARR",
40386,"ANDA",,"TARO",
40387,"ANDA",,"MIKART",
40388,"ANDA",,"FRESENIUS KABI USA",
40390,"ANDA",,"ABLE",
40391,"ANDA",,"VINTAGE PHARMS",
40392,"ANDA",,"VINTAGE PHARMS",
40394,"ANDA",,"ABLE",
40395,"ANDA",,"ABLE",
40396,"ANDA",,"SEBELA IRELAND LTD",
40397,"ANDA",,"EPIC PHARMA LLC",
40398,"ANDA",,"SEBELA IRELAND LTD",
40399,"ANDA",,"PHARM ASSOC",
40400,"ANDA",,"SPECGX LLC",
40401,"ANDA",,"HI TECH PHARMA CO",
40402,"ANDA",,"ABLE",
40403,"ANDA",,"ABLE",
40404,"ANDA",,"ABLE",
40405,"ANDA",,"SPECGX LLC",
40407,"ANDA",,"ABLE",
40409,"ANDA",,"SPECGX LLC",
40410,"ANDA",,"WATSON LABS",
40411,"ANDA",,"CASI PHARMS INC",
40412,"ANDA",,"PRINSTON INC",
40413,"ANDA",,"ABLE",
40415,"ANDA",,"MYLAN",
40416,"ANDA",,"USL PHARMA",
40417,"ANDA",,"LANNETT CO INC",
40418,"ANDA",,"MALLINCKRODT",
40419,"ANDA",,"SPECGX LLC",
40420,"ANDA",,"WOCKHARDT BIO AG",
40421,"ANDA",,"ABLE",
40422,"ANDA",,"BARR",
40423,"ANDA",,"NESHER PHARMS",
40424,"ANDA",,"MYLAN",
40425,"ANDA",,"BARR",
40427,"ANDA",,"ABLE",
40428,"ANDA",,"G AND W LABS",
40430,"ANDA",,"BIONPHARMA INC",
40431,"ANDA",,"IMPAX LABS",
40432,"ANDA",,"MIKART",
40433,"ANDA",,"AKORN",
40435,"ANDA",,"ANI PHARMS INC",
40436,"ANDA",,"SPECGX LLC",
40439,"ANDA",,"SANDOZ",
40440,"ANDA",,"SPECGX LLC",
40441,"ANDA",,"WATSON LABS FLORIDA",
40442,"ANDA",,"MIKART",
40443,"ANDA",,"WATSON LABS FLORIDA",
40444,"ANDA",,"EPIC PHARMA LLC",
40445,"ANDA",,"SANDOZ",
40446,"ANDA",,"SUN PHARM INDS INC",
40447,"ANDA",,"WATSON LABS FLORIDA",
40448,"ANDA",,"ELITE LABS INC",
40449,"ANDA",,"ABLE",
40451,"ANDA",,"MYLAN INSTITUTIONAL",
40452,"ANDA",,"ABLE",
40453,"ANDA",,"WEST-WARD PHARMS INT",
40454,"ANDA",,"TEVA PHARMS USA",
40455,"ANDA",,"TEVA PHARMS USA",
40456,"ANDA",,"ACTAVIS ELIZABETH",
40457,"ANDA",,"IMPAX LABS INC",
40458,"ANDA",,"MIKART",
40459,"ANDA",,"ABLE",
40460,"ANDA",,"ELITE LABS INC",
40461,"ANDA",,"DR REDDYS LABS SA",
40462,"ANDA",,"WEST-WARD PHARMS INT",
40463,"ANDA",,"WEST-WARD PHARMS INT",
40464,"ANDA",,"ABLE",
40465,"ANDA",,"WEST-WARD PHARMS INT",
40466,"ANDA",,"APP PHARMS",
40467,"ANDA",,"FOUGERA PHARMS",
40468,"ANDA",,"MALLINCKRODT",
40469,"ANDA",,"ABLE",
40471,"ANDA",,"MYLAN INSTITUTIONAL",
40472,"ANDA",,"TEVA PHARMS",
40473,"ANDA",,"ABLE",
40474,"ANDA",,"ABLE",
40475,"ANDA",,"PADDOCK LLC",
40476,"ANDA",,"ABLE",
40477,"ANDA",,"ABLE",
40478,"ANDA",,"ABLE",
40479,"ANDA",,"WATSON LABS INC",
40480,"ANDA",,"SUN PHARM INDUSTRIES",
40481,"ANDA",,"SANDOZ INC",
40482,"ANDA",,"MIKART",
40483,"ANDA",,"ABLE",
40484,"ANDA",,"AKORN",
40485,"ANDA",,"ABLE",
40486,"ANDA",,"MOUNTAIN",
40488,"ANDA",,"WATSON LABS FLORIDA",
40489,"ANDA",,"OXFORD PHARMS",
40490,"ANDA",,"ABLE",
40491,"ANDA",,"FRESENIUS KABI USA",
40492,"ANDA",,"ABLE",
40493,"ANDA",,"WATSON LABS FLORIDA",
40494,"ANDA",,"WATSON LABS FLORIDA",
40495,"ANDA",,"WATSON LABS FLORIDA",
40496,"ANDA",,"MIKART",
40497,"ANDA",,"ABLE",
40498,"ANDA",,"MYLAN INSTITUTIONAL",
40500,"ANDA",,"PERRIGO NEW YORK",
40502,"ANDA",,"IMPAX LABS",
40503,"ANDA",,"LANNETT CO INC",
40504,"ANDA",,"ABLE",
40505,"ANDA",,"TEVA PARENTERAL",
40506,"ANDA",,"MIKART",
40507,"ANDA",,"VINTAGE PHARMS",
40508,"ANDA",,"MALLINCKRODT INC",
40509,"ANDA",,"ABLE",
40510,"ANDA",,"HIKMA INTL PHARMS",
40511,"ANDA",,"VINTAGE PHARMS",
40512,"ANDA",,"ANI PHARMS INC",
40513,"ANDA",,"VINTAGE PHARMS",
40514,"ANDA",,"JUBILANT CADISTA",
40515,"ANDA",,"LUITPOLD",
40516,"ANDA",,"IMPAX LABS",
40517,"ANDA",,"SPECGX LLC",
40518,"ANDA",,"WOCKHARDT",
40519,"ANDA",,"FRESENIUS KABI USA",
40520,"ANDA",,"VINTAGE PHARMS",
40521,"ANDA",,"TARO",
40522,"ANDA",,"METRICS PHARM",
40524,"ANDA",,"BEDFORD LABS",
40525,"ANDA",,"SUN PHARM INDUSTRIES",
40526,"ANDA",,"SUN PHARM INDUSTRIES",
40527,"ANDA",,"SUN PHARM INDUSTRIES",
40528,"ANDA",,"WEST-WARD PHARMS INT",
40529,"ANDA",,"ABLE",
40530,"ANDA",,"PADDOCK LLC",
40532,"ANDA",,"WOCKHARDT",
40533,"ANDA",,"WOCKHARDT",
40534,"ANDA",,"WOCKHARDT",
40535,"ANDA",,"WATSON LABS",
40537,"ANDA",,"MOUNTAIN",
40538,"ANDA",,"HIKMA PHARMS",
40539,"ANDA",,"ABLE",
40540,"ANDA",,"ATHENEX INC",
40541,"ANDA",,"MYLAN INSTITUTIONAL",
40542,"ANDA",,"OXFORD PHARMS",
40543,"ANDA",,"ABLE",
40545,"ANDA",,"SPECGX LLC",
40546,"ANDA",,"ABLE",
40547,"ANDA",,"ECI PHARMS LLC",
40548,"ANDA",,"ABLE",
40550,"ANDA",,"MALLINCKRODT",
40551,"ANDA",,"ACTAVIS ELIZABETH",
40552,"ANDA",,"ACTAVIS ELIZABETH",
40553,"ANDA",,"ACTAVIS ELIZABETH",
40554,"ANDA",,"ACTAVIS ELIZABETH",
40555,"ANDA",,"LANNETT",
40557,"ANDA",,"TEVA PHARMS USA",
40558,"ANDA",,"ABLE",
40559,"ANDA",,"ABLE",
40560,"ANDA",,"MYLAN IRELAND LTD",
40562,"ANDA",,"ABLE",
40563,"ANDA",,"ABLE",
40564,"ANDA",,"LNK",
40568,"ANDA",,"RENATA",
40569,"ANDA",,"MYLAN",
40570,"ANDA",,"APOTEX INC",
40571,"ANDA",,"APOTEX INC",
40572,"ANDA",,"FRESENIUS KABI USA",
40573,"ANDA",,"ACELLA PHARMS LLC",
40574,"ANDA",,"PRINSTON INC",
40575,"ANDA",,"NEXUS PHARMS",
40576,"ANDA",,"ACCELRX LABS",
40578,"ANDA",,"TWI PHARMS",
40579,"ANDA",,"PRINSTON INC",
40580,"ANDA",,"PRINSTON INC",
40581,"ANDA",,"VINTAGE PHARMS",
40582,"ANDA",,"SUN PHARM INDUSTRIES",
40583,"ANDA",,"FRESENIUS KABI USA",
40584,"ANDA",,"VINTAGE PHARMS",
40586,"ANDA",,"OXFORD PHARMS",
40587,"ANDA",,"SUN PHARM INDS INC",
40590,"ANDA",,"MIKART",
40591,"ANDA",,"HIKMA INTL PHARMS",
40593,"ANDA",,"SANDOZ",
40594,"ANDA",,"MYLAN",
40596,"ANDA",,"ZYDUS PHARMS USA",
40597,"ANDA",,"ZYDUS PHARMS USA",
40601,"ANDA",,"SUN PHARM INDUSTRIES",
40603,"ANDA",,"TARO",
40604,"ANDA",,"ELITE LABS INC",
40607,"ANDA",,"LANNETT CO INC",
40608,"ANDA",,"MIKART",
40609,"ANDA",,"VINTAGE",
40610,"ANDA",,"VISTAPHARM",
40611,"ANDA",,"JUBILANT CADISTA",
40612,"ANDA",,"FRESENIUS KABI USA",
40613,"ANDA",,"HI TECH PHARMA",
40615,"ANDA",,"SANDOZ INC",
40616,"ANDA",,"PLIVA",
40618,"ANDA",,"INGENUS PHARMS NJ",
40619,"ANDA",,"ECI PHARMS LLC",
40620,"ANDA",,"TEVA PHARMS USA",
40621,"ANDA",,"SUN PHARM INDS (IN)",
40622,"ANDA",,"PRINSTON INC",
40624,"ANDA",,"VINTAGE PHARMS",
40625,"ANDA",,"AMNEAL PHARM",
40626,"ANDA",,"ANDA REPOSITORY",
40627,"ANDA",,"THEPHARMANETWORK LLC",
40628,"ANDA",,"FOSUN PHARMA",
40632,"ANDA",,"WEST-WARD PHARMS INT",
40633,"ANDA",,"UPSHER-SMITH LABS",
40634,"ANDA",,"UPSHER-SMITH LABS",
40635,"ANDA",,"UPSHER-SMITH LABS",
40636,"ANDA",,"UPSHER-SMITH LABS",
40637,"ANDA",,"WEST-WARD PHARM CORP",
40639,"ANDA",,"VINTAGE PHARMS",
40640,"ANDA",,"PAR PHARM",
40641,"ANDA",,"BEDFORD LABS",
40642,"ANDA",,"BRECKENRIDGE PHARM",
40643,"ANDA",,"VINTAGE",
40644,"ANDA",,"SANTOS BIOTECH",
40646,"ANDA",,"IMPAX LABS INC",
40647,"ANDA",,"MYLAN INSTITUTIONAL",
40648,"ANDA",,"SANDOZ INC",
40649,"ANDA",,"VINTAGE",
40650,"ANDA",,"VINTAGE",
40652,"ANDA",,"MYLAN INSTITUTIONAL",
40653,"ANDA",,"PAR PHARM",
40654,"ANDA",,"VINTAGE",
40655,"ANDA",,"VINTAGE PHARMS",
40656,"ANDA",,"VINTAGE PHARMS",
40657,"ANDA",,"ZYDUS PHARMS USA INC",
40658,"ANDA",,"MIKART",
40659,"ANDA",,"JUBILANT CADISTA",
40660,"ANDA",,"VINTAGE",
40662,"ANDA",,"BEDFORD LABS",
40663,"ANDA",,"ZYDUS PHARMS USA",
40664,"ANDA",,"HOSPIRA",
40665,"ANDA",,"HOSPIRA",
40666,"ANDA",,"HOSPIRA",
40667,"ANDA",,"HIKMA INTL PHARMS",
40668,"ANDA",,"LYNE",
40671,"ANDA",,"LANNETT CO INC",
40672,"ANDA",,"LANNETT CO INC",
40673,"ANDA",,"HERITAGE PHARMA",
40674,"ANDA",,"HI-TECH PHARMA CO",
40675,"ANDA",,"HI-TECH PHARMACAL",
40676,"ANDA",,"MIKART",
40677,"ANDA",,"LANNETT CO INC",
40679,"ANDA",,"MIKART",
40680,"ANDA",,"SPECGX LLC",
40682,"ANDA",,"ORIT LABS LLC",
40684,"ANDA",,"TARO",
40686,"ANDA",,"AKORN",
40687,"ANDA",,"MIKART",
40688,"ANDA",,"WRASER PHARMS LLC",
40692,"ANDA",,"MIKART",
40698,"ANDA",,"MIKART",
40700,"ANDA",,"ECR",
40701,"ANDA",,"BOCA PHARMA LLC",
40702,"ANDA",,"LEADING PHARMA LLC",
40706,"ANDA",,"OXFORD PHARMS",
40707,"ANDA",,"ACTAVIS ELIZABETH",
40708,"ANDA",,"LANNETT CO INC",
40709,"ANDA",,"BEDFORD LABS",
40710,"ANDA",,"LANNETT CO INC",
40712,"ANDA",,"KVK TECH",
40713,"ANDA",,"KVK TECH",
40714,"ANDA",,"EPIC PHARMA LLC",
40715,"ANDA",,"VINTAGE",
40716,"ANDA",,"ACCORD HLTHCARE",
40717,"ANDA",,"IMPAX LABS",
40718,"ANDA",,"TARO",
40719,"ANDA",,"SANDOZ INC",
40721,"ANDA",,"IMPAX LABS",
40723,"ANDA",,"IMPAX LABS INC",
40725,"ANDA",,"ECI PHARMS LLC",
40726,"ANDA",,"ECI PHARMS LLC",
40727,"ANDA",,"ECI PHARMS LLC",
40728,"ANDA",,"ECI PHARMS LLC",
40729,"ANDA",,"AMNEAL PHARMS NY",
40730,"ANDA",,"AKORN",
40731,"ANDA",,"SUN PHARM INDS",
40732,"ANDA",,"WOCKHARDT USA",
40733,"ANDA",,"MURTY PHARMS",
40734,"ANDA",,"HERITAGE PHARMA",
40735,"ANDA",,"MYLAN PHARMS INC",
40736,"ANDA",,"AMNEAL PHARMS NY",
40737,"ANDA",,"X-GEN PHARMS",
40743,"ANDA",,"ACCORD HLTHCARE",
40745,"ANDA",,"BAXTER HLTHCARE",
40746,"ANDA",,"AMNEAL PHARMS NY",
40747,"ANDA",,"TEDOR PHARM",
40748,"ANDA",,"AMNEAL PHARMS NY",
40749,"ANDA",,"THEPHARMANETWORK LLC",
40750,"ANDA",,"OXFORD PHARMS",
40751,"ANDA",,"OXFORD PHARMS",
40754,"ANDA",,"AMNEAL PHARMS NY",
40755,"ANDA",,"SUN PHARM INDS LTD",
40756,"ANDA",,"VINTAGE",
40757,"ANDA",,"AMNEAL PHARMS NY",
40759,"ANDA",,"WOCKHARDT",
40760,"ANDA",,"HIKMA PHARMS",
40761,"ANDA",,"VINTAGE",
40762,"ANDA",,"ELITE LABS INC",
40765,"ANDA",,"AMNEAL PHARMS NY",
40766,"ANDA",,"IPCA LABS LTD",
40767,"ANDA",,"ACCORD HLTHCARE",
40768,"ANDA",,"ACCORD HLTHCARE",
40769,"ANDA",,"AMNEAL PHARMS NY",
40770,"ANDA",,"MYLAN PHARMS INC",
40771,"ANDA",,"LYNE",
40772,"ANDA",,"EBEWE PHARMA",
40773,"ANDA",,"SPECGX LLC",
40774,"ANDA",,"APOTEX",
40775,"ANDA",,"LANNETT CO INC",
40776,"ANDA",,"OUTLOOK PHARMS",
40777,"ANDA",,"AMNEAL PHARMS",
40778,"ANDA",,"AMNEAL PHARMS NY",
40779,"ANDA",,"AMNEAL PHARMS NY",
40780,"ANDA",,"AUROBINDO PHARMA",
40781,"ANDA",,"LUITPOLD",
40782,"ANDA",,"IMPAX LABS",
40784,"ANDA",,"X GEN PHARMS",
40785,"ANDA",,"WOCKHARDT",
40786,"ANDA",,"KVK TECH",
40787,"ANDA",,"KVK TECH",
40788,"ANDA",,"KVK TECH",
40789,"ANDA",,"AMNEAL PHARMS NY",
40790,"ANDA",,"SUN PHARM INDS INC",
40791,"ANDA",,"IMPAX LABS",
40792,"ANDA",,"AUROBINDO PHARMA",
40793,"ANDA",,"HOSPIRA INC",
40794,"ANDA",,"SANDOZ INC",
40795,"ANDA",,"NESHER PHARMS",
40796,"ANDA",,"LEADING PHARMA LLC",
40797,"ANDA",,"INVAGEN PHARMS",
40798,"ANDA",,"ACCORD HLTHCARE",
40800,"ANDA",,"ACTAVIS ELIZABETH",
40802,"ANDA",,"MYLAN LABS LTD",
40803,"ANDA",,"MYLAN LABS LTD",
40804,"ANDA",,"ECI PHARMS LLC",
40805,"ANDA",,"HETERO LABS LTD III",
40806,"ANDA",,"HOSPIRA INC",
40807,"ANDA",,"IPCA LABS LTD",
40808,"ANDA",,"AMNEAL PHARM",
40809,"ANDA",,"JUBILANT CADISTA",
40810,"ANDA",,"SUN PHARM INDS INC",
40811,"ANDA",,"DIAGNOSTIC GREEN",
40812,"ANDA",,"INVAGEN PHARMS",
40813,"ANDA",,"AMNEAL PHARMS NY",
40814,"ANDA",,"VINTAGE PHARMS",
40816,"ANDA",,"SUN PHARM INDS INC",
40821,"ANDA",,"RISING PHARMS",
40822,"ANDA",,"RANBAXY LABS LTD",
40823,"ANDA",,"INGENUS PHARMS NJ",
40824,"ANDA",,"RANBAXY",
40825,"ANDA",,"RANBAXY",
40826,"ANDA",,"SUN PHARM INDS LTD",
40827,"ANDA",,"HOSPIRA INC",
40828,"ANDA",,"EPIC PHARMA LLC",
40829,"ANDA",,"AVANTHI INC",
40832,"ANDA",,"NOVAST LABS",
40833,"ANDA",,"ORIT LABS LLC",
40834,"ANDA",,"PHARM ASSOC",
40836,"ANDA",,"HIKMA INTL PHARMS",
40837,"ANDA",,"WATSON LABS INC",
40838,"ANDA",,"PHARM ASSOC",
40840,"ANDA",,"NORTHSTAR HLTHCARE",
40841,"ANDA",,"NORTHSTAR HLTHCARE",
40842,"ANDA",,"NORTHSTAR HLTHCARE",
40843,"ANDA",,"PHARMACHEMIE BV",
40844,"ANDA",,"SUN PHARM INDS LTD",
40845,"ANDA",,"IMPAX LABS",
40846,"ANDA",,"MIKART",
40847,"ANDA",,"DR REDDYS LABS LTD",
40849,"ANDA",,"MIKART",
40851,"ANDA",,"MIKART",
40855,"ANDA",,"AMNEAL PHARM",
40857,"ANDA",,"SUN PHARM INDS INC",
40858,"ANDA",,"HERITAGE PHARMS INC",
40859,"ANDA",,"BAXTER HLTHCARE CORP",
40860,"ANDA",,"INGENUS PHARMS NJ",
40861,"ANDA",,"MIKART",
40862,"ANDA",,"DR REDDYS LABS LTD",
40863,"ANDA",,"SUN PHARM INDS INC",
40864,"ANDA",,"NOVAST LABS",
40865,"ANDA",,"SUN PHARM INDS INC",
40866,"ANDA",,"AMNEAL PHARM",
40870,"ANDA",,"SUN PHARM INDS INC",
40872,"ANDA",,"LANNETT CO INC",
40874,"ANDA",,"ZYDUS PHARMS USA INC",
40875,"ANDA",,"KVK TECH",
40876,"ANDA",,"KVK TECH",
40879,"ANDA",,"RISING PHARMS",
40881,"ANDA",,"MIKART",
40882,"ANDA",,"AMNEAL PHARMS",
40883,"ANDA",,"MIRROR PHARMS LLC",
40884,"ANDA",,"EPIC PHARMA LLC",
40885,"ANDA",,"NEXGEN PHARMA",
40886,"ANDA",,"KVK TECH",
40887,"ANDA",,"KVK TECH",
40888,"ANDA",,"SAGENT PHARMS",
40889,"ANDA",,"BRECKENRIDGE PHARM",
40890,"ANDA",,"HIKMA PHARMS",
40891,"ANDA",,"NOSTRUM LABS INC",
40893,"ANDA",,"MIKART",
40894,"ANDA",,"GENUS LIFESCIENCES",
40897,"ANDA",,"SUN PHARM INDS INC",
40898,"ANDA",,"LANNETT CO INC",
40899,"ANDA",,"SUN PHARM INDS INC",
40901,"ANDA",,"HETERO LABS LTD III",
40902,"ANDA",,"AMNEAL PHARMS",
40903,"ANDA",,"LEADING PHARMA LLC",
40904,"ANDA",,"ZYDUS PHARMS USA INC",
40905,"ANDA",,"KVK TECH",
40907,"ANDA",,"UNICHEM",
40908,"ANDA",,"VINTAGE PHARMS",
40909,"ANDA",,"CITRUSPHRMA",
40911,"ANDA",,"SEPTODONT INC",
50006,"NDA",,"PFIZER",
50007,"NDA",,"PFIZER",
50010,"NDA",,"LILLY",
50011,"NDA",,"WYETH AYERST",
50019,"NDA",,"WYETH AYERST",
50023,"NDA",,"NOVARTIS PHARMS CORP",
50039,"NDA",,"SCHERING",
50051,"NDA",,"WYETH AYERST",
50056,"NDA",,"APOTHECON",
50060,"NDA",,"BRISTOL",
50065,"NDA",,"NOVARTIS PHARMS CORP",
50072,"NDA",,"WYETH AYERST",
50081,"NDA",,"ALLERGAN",
50091,"NDA",,"ALLERGAN",
50092,"NDA",,"WYETH AYERST",
50093,"NDA",,"BRISTOL",
50095,"NDA",,"AKORN",
50108,"NDA",,"PAR STERILE PRODUCTS",
50109,"NDA",,"PFIZER",
50111,"NDA",,"WYETH AYERST",
50114,"NDA",,"ALLERQUEST",
50117,"NDA",,"APOTHECON",
50118,"NDA",,"APOTHECON",
50126,"NDA",,"WYETH AYERST",
50128,"NDA",,"WYETH AYERST",
50131,"NDA",,"WYETH AYERST",
50138,"NDA",,"KING PHARMS LLC",
50141,"NDA",,"KING PHARMS LLC",
50143,"NDA",,"PARKEDALE",
50153,"NDA",,"PARKE DAVIS",
50155,"NDA",,"PARKEDALE",
50156,"NDA",,"PARKEDALE",
50162,"NDA",,"PHARMACIA AND UPJOHN",
50167,"NDA",,"GLAXOSMITHKLINE",
50168,"NDA",,"MONARCH PHARMS",
50169,"NDA",,"MONARCH PHARMS",
50176,"NDA",,"GLAXOSMITHKLINE",
50182,"NDA",,"HOSPIRA",
50183,"NDA",,"PARKE DAVIS",
50192,"NDA",,"APOTHECON",
50194,"NDA",,"APOTHECON",
50195,"NDA",,"APOTHECON",
50199,"NDA",,"WYETH AYERST",
50201,"NDA",,"PARKEDALE",
50202,"NDA",,"PARKEDALE",
50203,"NDA",,"PARKE DAVIS",
50205,"NDA",,"PARKEDALE",
50207,"NDA",,"ARBOR PHARMS LLC",
50212,"NDA",,"BRISTOL",
50218,"NDA",,"MONARCH PHARMS",
50219,"NDA",,"LILLY",
50233,"NDA",,"BAYER PHARMS",
50235,"NDA",,"BAYER PHARMS",
50237,"NDA",,"BAYER PHARMS",
50238,"NDA",,"BAYER PHARMS",
50257,"NDA",,"LEDERLE",
50261,"NDA",,"COREPHARMA",
50262,"NDA",,"LEDERLE",
50263,"NDA",,"LEDERLE",
50266,"NDA",,"STORZ",
50268,"NDA",,"STORZ",
50272,"NDA",,"LEDERLE",
50273,"NDA",,"LEDERLE",
50276,"NDA",,"LEDERLE",
50278,"NDA",,"HERITAGE PHARMA",
50285,"NDA",,"PHARMACIA AND UPJOHN",
50286,"NDA",,"PFIZER",
50287,"NDA",,"PFIZER",
50294,"NDA",,"PARKE DAVIS",
50297,"NDA",,"ARBOR PHARMS INC",
50298,"NDA",,"GLAXOSMITHKLINE",
50299,"NDA",,"GLENMARK GENERICS",
50306,"NDA",,"ROERIG",
50308,"NDA",,"BRISTOL",
50309,"NDA",,"BRISTOL",
50310,"NDA",,"BRISTOL",
50313,"NDA",,"APOTHECON",
50314,"NDA",,"APOTHECON",
50315,"NDA",,"TRIAX PHARMS",
50316,"NDA",,"PHARMACIA AND UPJOHN",
50317,"NDA",,"PHARMACIA AND UPJOHN",
50320,"NDA",,"WYETH AYERST",
50322,"NDA",,"MERCK",
50324,"NDA",,"MERCK",
50332,"NDA",,"PFIZER",
50336,"NDA",,"PFIZER",
50337,"NDA",,"APOTHECON",
50339,"NDA",,"PHARMACIA AND UPJOHN",
50341,"NDA",,"BRISTOL MYERS SQUIBB",
50344,"NDA",,"ALCON",
50345,"NDA",,"LILLY",
50346,"NDA",,"LILLY",
50347,"NDA",,"PFIZER",
50355,"NDA",,"PARKE DAVIS",
50356,"NDA",,"ENDO PHARMS INC",
50368,"NDA",,"DISTA",
50370,"NDA",,"DISTA",
50378,"NDA",,"MERCK",
50404,"NDA",,"LEDERLE",
50405,"NDA",,"PRAGMA PHARMS LLC",
50406,"NDA",,"PRAGMA PHARMS LLC",
50416,"NDA",,"CASPER PHARMA LLC",
50417,"NDA",,"CASPER PHARMA LLC",
50420,"NDA",,"SANOFI AVENTIS US",
50425,"NDA",,"SCHERING",
50429,"NDA",,"OXFORD PHARMS",
50435,"NDA",,"PFIZER",
50440,"NDA",,"LILLY",
50441,"NDA",,"PHARMACIA AND UPJOHN",
50442,"NDA",,"PFIZER",
50443,"NDA",,"BRISTOL MYERS SQUIBB",
50444,"NDA",,"REMPEX PHARMS",
50445,"NDA",,"PRECISION DERMAT",
50446,"NDA",,"APOTHECON",
50448,"NDA",,"JOHNSON AND JOHNSON",
50450,"NDA",,"BRISTOL",
50451,"NDA",,"TRIAX PHARMS",
50456,"NDA",,"ALCON",
50457,"NDA",,"BRISTOL",
50459,"NDA",,"GLAXOSMITHKLINE",
50460,"NDA",,"GLAXOSMITHKLINE",
50461,"NDA",,"GLAXOSMITHKLINE",
50462,"NDA",,"WYETH AYERST",
50467,"NDA",,"PHARMACIA AND UPJOHN",
50475,"NDA",,"VALEANT PHARMS INC",
50477,"NDA",,"LILLY",
50478,"NDA",,"WARNER CHILCOTT",
50479,"NDA",,"MONARCH PHARMS",
50480,"NDA",,"PFIZER",
50482,"NDA",,"LILLY",
50484,"NDA",,"WYETH AYERST",
50486,"NDA",,"PARKEDALE",
50488,"NDA",,"APOTHECON",
50493,"NDA",,"SHIRE",
50495,"NDA",,"APOTHECON",
50497,"NDA",,"GLAXOSMITHKLINE",
50504,"NDA",,"LILLY",
50505,"NDA",,"SCHERING",
50508,"NDA",,"WYETH AYERST",
50509,"NDA",,"WYETH AYERST",
50512,"NDA",,"WARNER CHILCOTT",
50514,"NDA",,"NOVARTIS PHARMS CORP",
50517,"NDA",,"MYLAN INSTITUTIONAL",
50518,"NDA",,"JOHNSON AND JOHNSON",
50519,"NDA",,"LILLY",
50520,"NDA",,"PFIZER",
50521,"NDA",,"LILLY",
50522,"NDA",,"LILLY",
50523,"NDA",,"PARKEDALE",
50526,"NDA",,"WESTWOOD SQUIBB",
50527,"NDA",,"WARNER CHILCOTT",
50528,"NDA",,"WARNER CHILCOTT",
50529,"NDA",,"ROSS LABS",
50530,"NDA",,"BRISTOL MYERS SQUIBB",
50532,"NDA",,"LILLY",
50533,"NDA",,"PFIZER",
50536,"NDA",,"MAYNE PHARMA",
50537,"NDA",,"PHARMACIA AND UPJOHN",
50541,"NDA",,"NOVARTIS PHARMS CORP",
50542,"NDA",,"DR REDDYS LABS INC",
50544,"NDA",,"SCHERING",
50545,"NDA",,"WYETH PHARMS INC",
50547,"NDA",,"US PHARM HOLDINGS",
50548,"NDA",,"ERSANA",
50549,"NDA",,"BAYER PHARMS",
50550,"NDA",,"LILLY",
50551,"NDA",,"PFIZER",
50554,"NDA",,"BRISTOL",
50555,"NDA",,"NOVARTIS PHARMS CORP",
50556,"NDA",,"PFIZER",
50557,"NDA",,"VALEANT INTL",
50558,"NDA",,"TELIGENT",
50560,"NDA",,"ASTELLAS",
50562,"NDA",,"BAYER PHARMS",
50564,"NDA",,"DR REDDYS LABS INC",
50565,"NDA",,"ROCHE",
50566,"NDA",,"BAXTER HLTHCARE",
50567,"NDA",,"ALLERGAN",
50571,"NDA",,"TAP PHARM",
50573,"NDA",,"NOVARTIS",
50574,"NDA",,"NOVARTIS",
50575,"NDA",,"DR REDDYS LABS INC",
50576,"NDA",,"DAVA PHARMS INC",
50577,"NDA",,"TEVA PHARMS USA",
50578,"NDA",,"TELIGENT",
50579,"NDA",,"GLAXOSMITHKLINE",
50580,"NDA",,"BRISTOL MYERS SQUIBB",
50581,"NDA",,"MERCK",
50582,"NDA",,"MAYNE PHARMA INTL",
50584,"NDA",,"DOW PHARM",
50585,"NDA",,"HOFFMANN LA ROCHE",
50586,"NDA",,"ALLERGAN",
50587,"NDA",,"MERCK",
50588,"NDA",,"TELIGENT",
50589,"NDA",,"ASTELLAS",
50590,"NDA",,"GLAXOSMITHKLINE",
50591,"NDA",,"GLAXOSMITHKLINE",
50592,"NDA",,"NOVARTIS PHARMS CORP",
50593,"NDA",,"HOSPIRA",
50594,"NDA",,"JOHNSON AND JOHNSON",
50596,"NDA",,"US PHARM HOLDINGS",
50597,"NDA",,"DR REDDYS LABS INC",
50598,"NDA",,"COMBE",
50599,"NDA",,"LILLY",
50600,"NDA",,"PHARMACIA AND UPJOHN",
50601,"NDA",,"TAKEDA",
50605,"NDA",,"GLAXOSMITHKLINE",
50606,"NDA",,"ANI PHARMS INC",
50608,"NDA",,"PFIZER",
50609,"NDA",,"HOSPIRA",
50610,"NDA",,"PADDOCK LLC",
50611,"NDA",,"ARBOR PHARMS LLC",
50612,"NDA",,"ALLERGAN",
50613,"NDA",,"PFIZER",
50614,"NDA",,"LILLY",
50615,"NDA",,"PHARMACIA AND UPJOHN",
50616,"NDA",,"NOVARTIS PHARMS CORP",
50617,"NDA",,"MYLAN PHARMS INC",
50618,"NDA",,"APOTHECON",
50619,"NDA",,"DELCOR ASSET CORP",
50621,"NDA",,"LEDERLE",
50622,"NDA",,"LEDERLE",
50624,"NDA",,"HOFFMANN LA ROCHE",
50625,"NDA",,"NOVARTIS",
50627,"NDA",,"SANOFI AVENTIS US",
50628,"NDA",,"ALCON",
50629,"NDA",,"PHARMACIA AND UPJOHN",
50630,"NDA",,"MERCK",
50632,"NDA",,"BRISTOL MYERS SQUIBB",
50633,"NDA",,"WYETH AYERST",
50634,"NDA",,"TELIGENT",
50635,"NDA",,"ABRAXIS PHARM",
50636,"NDA",,"ABRAXIS PHARM",
50637,"NDA",,"PHARMACIA AND UPJOHN",
50638,"NDA",,"BAXTER HLTHCARE",
50639,"NDA",,"PHARMACIA AND UPJOHN",
50640,"NDA",,"BAXTER HLTHCARE",
50641,"NDA",,"AQUA PHARMS",
50643,"NDA",,"TELIGENT",
50646,"NDA",,"GLAXOSMITHKLINE",
50648,"NDA",,"BAXTER HLTHCARE",
50649,"NDA",,"PRECISION DERMAT",
50653,"NDA",,"SCHIFF AND CO",
50655,"NDA",,"BAXTER HLTHCARE",
50658,"NDA",,"GLAXOSMITHKLINE",
50661,"NDA",,"PHARMACIA AND UPJOHN",
50662,"NDA",,"ABBVIE",
50664,"NDA",,"CORDEN PHARMA",
50665,"NDA",,"CORDEN PHARMA",
50667,"NDA",,"KING PHARMS",
50668,"NDA",,"KING PHARMS",
50670,"NDA",,"PFIZER",
50671,"NDA",,"BAXTER HLTHCARE",
50672,"NDA",,"GLAXOSMITHKLINE",
50673,"NDA",,"LILLY",
50674,"NDA",,"PHARMACIA AND UPJOHN",
50675,"NDA",,"PHARMACIA AND UPJOHN",
50678,"NDA",,"LILLY RES LABS",
50679,"NDA",,"HOSPIRA INC",
50680,"NDA",,"PHARMACIA AND UPJOHN",
50682,"NDA",,"RECORDATI RARE",
50683,"NDA",,"PHARMACIA AND UPJOHN",
50684,"NDA",,"WYETH PHARMS",
50685,"NDA",,"SI PHARMS",
50686,"NDA",,"SI PHARMS",
50687,"NDA",,"SANKYO",
50688,"NDA",,"SANKYO",
50689,"NDA",,"PHARMACIA AND UPJOHN",
50693,"NDA",,"PFIZER",
50694,"NDA",,"TELIGENT",
50697,"NDA",,"ABBVIE INC",
50698,"NDA",,"ABBVIE",
50703,"NDA",,"GLAXOSMITHKLINE",
50704,"NDA",,"GALEN (UK)",
50705,"NDA",,"SANOFI AVENTIS US",
50706,"NDA",,"PFIZER",
50708,"NDA",,"ASTELLAS",
50709,"NDA",,"ASTELLAS",
50710,"NDA",,"PFIZER",
50711,"NDA",,"PFIZER",
50715,"NDA",,"NOVARTIS",
50716,"NDA",,"NOVARTIS",
50717,"NDA",,"ZAMBON SPA",
50718,"NDA",,"JANSSEN RES AND DEV",
50719,"NDA",,"CASPER PHARMA LLC",
50720,"NDA",,"DR REDDYS LABS INC",
50722,"NDA",,"ROCHE PALO",
50723,"NDA",,"ROCHE PALO",
50724,"NDA",,"LEADIANT BIOSCI INC",
50725,"NDA",,"DR REDDYS LABS INC",
50726,"NDA",,"DR REDDYS LABS INC",
50729,"NDA",,"ALKOPHARMA USA",
50730,"NDA",,"PFIZER",
50731,"NDA",,"WEST-WARD PHARMS INT",
50733,"NDA",,"PFIZER",
50734,"NDA",,"PHARMACIA AND UPJOHN",
50739,"NDA",,"ABBVIE",
50740,"NDA",,"ASTELLAS",
50741,"NDA",,"STIEFEL",
50742,"NDA",,"MERCK SHARP DOHME",
50744,"NDA",,"COLLAGENEX",
50746,"NDA",,"GLAXOSMITHKLINE",
50747,"NDA",,"KING PHARMS",
50748,"NDA",,"KING PHARMS",
50749,"NDA",,"ABBVIE",
50750,"NDA",,"WYETH PHARMS",
50751,"NDA",,"TOLMAR",
50753,"NDA",,"NOVARTIS PHARMS",
50754,"NDA",,"DR REDDYS LABS INC",
50755,"NDA",,"DR REDDYS LABS INC",
50756,"NDA",,"VALEANT BERMUDA",
50757,"NDA",,"TAKEDA PHARMS USA",
50758,"NDA",,"ROCHE PALO",
50759,"NDA",,"ROCHE PALO",
50760,"NDA",,"DR REDDYS LABS INC",
50761,"NDA",,"DR REDDYS LABS INC",
50762,"NDA",,"PFIZER",
50763,"NDA",,"SUPERGEN",
50767,"NDA",,"PHARMACIA AND UPJOHN",
50769,"NDA",,"CUTANEA",
50775,"NDA",,"ABBVIE",
50777,"NDA",,"LEO PHARMA AS",
50778,"NDA",,"PFIZER INC",
50779,"NDA",,"B BRAUN",
50780,"NDA",,"B BRAUN",
50781,"NDA",,"ORAPHARMA",
50782,"NDA",,"PRECISION DERMAT",
50783,"NDA",,"GALDERMA LABS LP",
50784,"NDA",,"PFIZER",
50785,"NDA",,"DR REDDYS LABS INC",
50786,"NDA",,"ALLERGAN SALES LLC",
50788,"NDA",,"PERRIGO NEW YORK",
50789,"NDA",,"FRESENIUS KABI USA",
50790,"NDA",,"ALLERGAN",
50791,"NDA",,"NOVARTIS",
50792,"NDA",,"B BRAUN",
50793,"NDA",,"PERRIGO PHARMA INTL",
50794,"NDA",,"CELGENE",
50795,"NDA",,"MAYNE PHARMA",
50796,"NDA",,"B BRAUN",
50797,"NDA",,"PF PRISM CV",
50801,"NDA",,"MYLAN PHARMS INC",
50802,"NDA",,"MEDICIS",
50803,"NDA",,"AQUA PHARMS LLC",
50804,"NDA",,"BAUSCH AND LOMB",
50805,"NDA",,"GALDERMA LABS LP",
50807,"NDA",,"HOSPIRA",
50808,"NDA",,"MEDICIS",
50809,"NDA",,"TEVA PARENTERAL",
50810,"NDA",,"OAK PHARMS INC",
50813,"NDA",,"VERNALIS R AND D LTD",
50814,"NDA",,"GILEAD",
50817,"NDA",,"BAXTER HLTHCARE",
50818,"NDA",,"NOVARTIS PHARMS CORP",
50819,"NDA",,"DOW PHARM",
50821,"NDA",,"B BRAUN",
50823,"NDA",,"B BRAUN",
50824,"NDA",,"GASTROENTERO",
60002,"ANDA",,"LILLY",
60003,"ANDA",,"LILLY",
60004,"ANDA",,"LILLY",
60006,"ANDA",,"WYETH AYERST",
60007,"ANDA",,"WYETH AYERST",
60014,"NDA",,"CASPER PHARMA LLC",
60059,"ANDA",,"ELKINS SINN",
60060,"ANDA",,"GLAXOSMITHKLINE",
60073,"ANDA",,"IVAX SUB TEVA PHARMS",
60074,"ANDA",,"PFIZER",
60075,"ANDA",,"PFIZER",
60076,"ANDA",,"PFIZER",
60082,"ANDA",,"PFIPHARMECS",
60093,"ANDA",,"LILLY",
60095,"ANDA",,"PFIPHARMECS",
60096,"ANDA",,"PFIZER",
60099,"ANDA",,"PFIZER",
60101,"ANDA",,"KING PHARMS LLC",
60107,"ANDA",,"LILLY",
60111,"ANDA",,"PFIZER",
60127,"ANDA",,"APOTHECON",
60132,"ANDA",,"ANGUS",
60133,"ANDA",,"ALTANA",
60134,"ANDA",,"LEDERLE",
60136,"ANDA",,"LEDERLE",
60173,"ANDA",,"FERRANTE",
60174,"ANDA",,"FERRANTE",
60179,"ANDA",,"FERRANTE",
60180,"ANDA",,"ANI PHARMS INC",
60188,"ANDA",,"AKORN",
60212,"ANDA",,"WYETH AYERST",
60254,"ANDA",,"GLAXOSMITHKLINE",
60272,"ANDA",,"ARBOR PHARMS INC",
60282,"ANDA",,"PFIZER",
60285,"ANDA",,"PFIZER",
60286,"ANDA",,"PFIZER",
60290,"ANDA",,"PUREPAC PHARM",
60291,"ANDA",,"PUREPAC PHARM",
60304,"ANDA",,"TEVA",
60306,"ANDA",,"TEVA",
60307,"ANDA",,"TEVA",
60343,"ANDA",,"ANGUS",
60347,"ANDA",,"PHARMACIA AND UPJOHN",
60359,"ANDA",,"ARBOR PHARMS LLC",
60362,"ANDA",,"APOTHECON",
60365,"ANDA",,"BRISTOL MYERS SQUIBB",
60384,"ANDA",,"LILLY",
60385,"ANDA",,"LILLY",
60392,"ANDA",,"APOTHECON",
60400,"ANDA",,"PAR PHARM",
60403,"ANDA",,"LILLY",
60404,"ANDA",,"LILLY",
60413,"ANDA",,"WYETH AYERST",
60427,"ANDA",,"DOW PHARM",
60429,"ANDA",,"APOTHECON",
60446,"ANDA",,"PROTER",
60456,"ANDA",,"TEVA",
60462,"ANDA",,"SCHERING",
60463,"ANDA",,"SCHERING",
60469,"ANDA",,"IMPAX LABS",
60471,"ANDA",,"VALEANT PHARM INTL",
60475,"ANDA",,"PFIZER",
60516,"ANDA",,"APOTHECON",
60517,"ANDA",,"APOTHECON",
60518,"ANDA",,"IVAX SUB TEVA PHARMS",
60520,"ANDA",,"PHARMACIA AND UPJOHN",
60521,"ANDA",,"PARKEDALE",
60522,"ANDA",,"PARKE DAVIS",
60567,"ANDA",,"PFIZER",
60569,"ANDA",,"CHARTWELL RX",
60570,"ANDA",,"APOTHECON",
60571,"ANDA",,"DELCOR ASSET CORP",
60572,"ANDA",,"MYLAN PHARMS INC",
60574,"ANDA",,"DELCOR ASSET CORP",
60575,"ANDA",,"DELCOR ASSET CORP",
60576,"ANDA",,"DELCOR ASSET CORP",
60577,"ANDA",,"DELCOR ASSET CORP",
60578,"ANDA",,"DELCOR ASSET CORP",
60582,"ANDA",,"MONARCH PHARMS",
60586,"ANDA",,"PFIZER",
60587,"ANDA",,"PFIZER",
60593,"ANDA",,"PURDUE GMP",
60595,"ANDA",,"PFIZER",
60601,"ANDA",,"LILLY",
60607,"ANDA",,"LANNETT",
60610,"ANDA",,"PHARMACIA AND UPJOHN",
60611,"ANDA",,"PHARMACIA AND UPJOHN",
60612,"ANDA",,"PHARMACIA AND UPJOHN",
60613,"NDA",,"CASPER PHARMA LLC",
60618,"ANDA",,"J AND J",
60624,"ANDA",,"WYETH AYERST",
60625,"ANDA",,"WYETH AYERST",
60626,"ANDA",,"WYETH AYERST",
60633,"ANDA",,"ALPHARMA US PHARMS",
60634,"ANDA",,"PUREPAC PHARM",
60641,"ANDA",,"MEDPOINTE PHARM HLC",
60645,"ANDA",,"PHARMACIA AND UPJOHN",
60647,"ANDA",,"DOW PHARM",
60657,"ANDA",,"PFIZER",
60666,"ANDA",,"GLAXOSMITHKLINE",
60677,"ANDA",,"GLAXOSMITHKLINE",
60684,"ANDA",,"COPANOS",
60687,"ANDA",,"LILLY",
60700,"ANDA",,"MEDIMETRIKS PHARMS",
60704,"ANDA",,"IVAX SUB TEVA PHARMS",
60707,"ANDA",,"MONARCH PHARMS",
60711,"ANDA",,"TEVA",
60716,"ANDA",,"WEST-WARD PHARMS INT",
60730,"ANDA",,"WATSON LABS",
60731,"ANDA",,"ALTANA",
60733,"ANDA",,"PHARMACIA AND UPJOHN",
60734,"ANDA",,"PHARMACIA AND UPJOHN",
60736,"ANDA",,"SUN PHARM INDUSTRIES",
60751,"ANDA",,"PHARMACIA AND UPJOHN",
60752,"ANDA",,"MYLAN",
60760,"ANDA",,"IMPAX LABS",
60764,"ANDA",,"PERRIGO CO TENNESSEE",
60765,"ANDA",,"IVAX SUB TEVA PHARMS",
60768,"ANDA",,"HIKMA PHARMS",
60770,"ANDA",,"HIKMA PHARMS",
60781,"ANDA",,"MYLAN",
60783,"ANDA",,"MYLAN",
60800,"ANDA",,"CONSOLIDATED PHARM",
60806,"ANDA",,"CONSOLIDATED PHARM",
60851,"ANDA",,"ARMENPHARM",
60869,"ANDA",,"PROTER",
60908,"ANDA",,"WYETH AYERST",
61009,"ANDA",,"PFIZER",
61015,"NDA",,"CASPER PHARMA LLC",
61016,"ANDA",,"PFIZER",
61037,"ANDA",,"PHARMACIA AND UPJOHN",
61039,"ANDA",,"PHARMACIA AND UPJOHN",
61046,"ANDA",,"PHARMACIA AND UPJOHN",
61048,"ANDA",,"PHARMACIA AND UPJOHN",
61049,"ANDA",,"PHARMACIA AND UPJOHN",
61051,"ANDA",,"COPANOS",
61086,"ANDA",,"PFIZER",
61147,"ANDA",,"PAR PHARM",
61148,"ANDA",,"HEATHER",
61149,"ANDA",,"APOTHECON",
61150,"ANDA",,"BRISTOL",
61151,"ANDA",,"LEDERLE",
61164,"ANDA",,"APOTHECON",
61187,"ANDA",,"ALLERGAN",
61188,"ANDA",,"ALLERGAN",
61206,"ANDA",,"APOTHECON",
61212,"ANDA",,"PERRIGO CO TENNESSEE",
61214,"ANDA",,"ROXANE",
61220,"ANDA",,"PARKEDALE",
61229,"ANDA",,"MONARCH PHARMS",
61304,"ANDA",,"BRISTOL",
61325,"ANDA",,"LEDERLE",
61334,"ANDA",,"GLAXOSMITHKLINE",
61336,"ANDA",,"GLAXOSMITHKLINE",
61370,"ANDA",,"TEVA",
61387,"ANDA",,"VITARINE",
61392,"ANDA",,"BRISTOL MYERS SQUIBB",
61394,"ANDA",,"APOTHECON",
61395,"ANDA",,"SANDOZ",
61396,"ANDA",,"BRISTOL",
61398,"ANDA",,"BRISTOL",
61410,"ANDA",,"APOTHECON",
61411,"ANDA",,"APOTHECON",
61443,"ANDA",,"SOLVAY",
61444,"ANDA",,"LEDERLE",
61445,"ANDA",,"LEDERLE",
61449,"ANDA",,"APOTHECON",
61450,"ANDA",,"APOTHECON",
61452,"ANDA",,"APOTHECON",
61453,"ANDA",,"APOTHECON",
61454,"ANDA",,"SANDOZ",
61455,"ANDA",,"APOTHECON",
61457,"ANDA",,"APOTHECON",
61461,"ANDA",,"ANI PHARMS INC",
61468,"ANDA",,"IVAX SUB TEVA PHARMS",
61471,"ANDA",,"ANI PHARMS INC",
61490,"ANDA",,"SANDOZ",
61502,"ANDA",,"TEVA",
61505,"ANDA",,"MYLAN",
61528,"ANDA",,"AM ANTIBIOTICS",
61529,"ANDA",,"AM ANTIBIOTICS",
61530,"ANDA",,"MYLAN",
61532,"ANDA",,"LEINER",
61533,"ANDA",,"DELCOR ASSET CORP",
61571,"ANDA",,"PUREPAC PHARM",
61578,"ANDA",,"X GEN PHARMS",
61579,"ANDA",,"X GEN PHARMS",
61580,"ANDA",,"X GEN PHARMS",
61586,"ANDA",,"SANDOZ",
61588,"ANDA",,"PUREPAC PHARM",
61591,"ANDA",,"ANI PHARMS INC",
61596,"ANDA",,"SANOFI AVENTIS US",
61601,"ANDA",,"AM ANTIBIOTICS",
61602,"ANDA",,"AM ANTIBIOTICS",
61605,"ANDA",,"BRISTOL MYERS SQUIBB",
61606,"ANDA",,"FOREST LABS",
61613,"ANDA",,"SANOFI AVENTIS US",
61621,"ANDA",,"ARBOR PHARMS LLC",
61624,"ANDA",,"MYLAN",
61633,"ANDA",,"ROBINS AH",
61639,"ANDA",,"ARBOR PHARMS LLC",
61645,"ANDA",,"ALCON",
61648,"ANDA",,"ALCON",
61651,"ANDA",,"PHARMACIA AND UPJOHN",
61653,"ANDA",,"BRISTOL",
61655,"ANDA",,"APOTHECON",
61658,"ANDA",,"BRISTOL",
61659,"ANDA",,"SOLVAY",
61667,"ANDA",,"ANI PHARMS INC",
61675,"ANDA",,"WYETH AYERST",
61685,"ANDA",,"WYETH AYERST",
61699,"ANDA",,"APOTHEKERNES",
61705,"ANDA",,"PHARMACIA AND UPJOHN",
61716,"ANDA",,"SCHERING",
61717,"ANDA",,"WATSON LABS",
61718,"ANDA",,"HOLLAND RANTOS",
61720,"ANDA",,"RACHELLE",
61725,"ANDA",,"WARNER CHILCOTT",
61734,"ANDA",,"WYETH AYERST",
61737,"ANDA",,"X GEN PHARMS",
61739,"ANDA",,"SCHERING",
61740,"ANDA",,"PUREPAC PHARM",
61741,"ANDA",,"G AND W LABS INC",
61743,"ANDA",,"PUREPAC PHARM",
61755,"ANDA",,"MYLAN",
61758,"ANDA",,"PUREPAC PHARM",
61763,"ANDA",,"APOTHECON",
61764,"ANDA",,"APOTHECON",
61769,"ANDA",,"APOTHECON",
61773,"ANDA",,"ACS DOBFAR",
61791,"ANDA",,"PFIZER",
61802,"ANDA",,"ABBOTT",
61806,"ANDA",,"GLAXOSMITHKLINE",
61809,"ANDA",,"PHARMACIA AND UPJOHN",
61810,"ANDA",,"BAYER PHARMS",
61815,"ANDA",,"PFIZER",
61816,"ANDA",,"SCHERING",
61827,"ANDA",,"PHARMACIA AND UPJOHN",
61829,"ANDA",,"MYLAN",
61836,"ANDA",,"PFIZER",
61837,"ANDA",,"WATSON LABS",
61839,"ANDA",,"PHARMACIA AND UPJOHN",
61841,"ANDA",,"PFIZER",
61851,"ANDA",,"APOTHECON",
61853,"ANDA",,"PUREPAC PHARM",
61859,"ANDA",,"GLAXOSMITHKLINE",
61866,"ANDA",,"GLAXOSMITHKLINE",
61876,"ANDA",,"SANOFI AVENTIS US",
61884,"ANDA",,"SANOFI AVENTIS US",
61885,"ANDA",,"APOTHECON",
61886,"ANDA",,"APOTHECON",
61887,"ANDA",,"BRISTOL",
61888,"ANDA",,"BRISTOL",
61889,"ANDA",,"BRISTOL",
61893,"ANDA",,"DISTA",
61894,"ANDA",,"LILLY",
61895,"ANDA",,"DISTA",
61896,"ANDA",,"LILLY",
61897,"ANDA",,"LILLY",
61898,"ANDA",,"APOTHECON",
61901,"ANDA",,"APOTHECON",
61903,"ANDA",,"AMBIX",
61904,"ANDA",,"ARBOR PHARMS LLC",
61905,"ANDA",,"ARBOR PHARMS LLC",
61910,"ANDA",,"DISTA",
61911,"ANDA",,"APOTHECON",
61926,"ANDA",,"TEVA",
61931,"ANDA",,"TEVA",
61935,"ANDA",,"BRISTOL MYERS SQUIBB",
61936,"ANDA",,"CONSOLIDATED PHARM",
61953,"ANDA",,"RACHELLE",
61954,"ANDA",,"TEVA",
61965,"ANDA",,"SANDOZ",
61966,"ANDA",,"G AND W LABS INC",
61969,"ANDA",,"IVAX SUB TEVA PHARMS",
61976,"ANDA",,"APOTHECON",
61980,"ANDA",,"PUREPAC PHARM",
61984,"ANDA",,"APOTHECON",
61988,"ANDA",,"BRISTOL MYERS SQUIBB",
61996,"ANDA",,"CHARTWELL RX",
61999,"ANDA",,"GLAXOSMITHKLINE",
62001,"ANDA",,"PARKE DAVIS",
62002,"ANDA",,"PARKE DAVIS",
62003,"ANDA",,"PARKE DAVIS",
62008,"ANDA",,"LILLY",
62029,"ANDA",,"PARKE DAVIS",
62030,"ANDA",,"PARKE DAVIS",
62031,"ANDA",,"ACTAVIS LABS FL INC",
62032,"ANDA",,"PARKE DAVIS",
62036,"ANDA",,"GLAXOSMITHKLINE",
62041,"ANDA",,"PARKE DAVIS",
62042,"ANDA",,"AKORN",
62045,"ANDA",,"TEVA",
62049,"ANDA",,"PFIZER",
62050,"ANDA",,"PFIZER",
62055,"ANDA",,"ANI PHARMS INC",
62058,"ANDA",,"AM ANTIBIOTICS",
62059,"ANDA",,"AM ANTIBIOTICS",
62065,"ANDA",,"SANDOZ",
62067,"ANDA",,"MYLAN",
62085,"ANDA",,"MAST MM",
62087,"ANDA",,"WATSON LABS",
62089,"ANDA",,"LEDERLE",
62090,"ANDA",,"MYLAN",
62098,"ANDA",,"APOTHECON",
62099,"ANDA",,"APOTHECON",
62103,"ANDA",,"WATSON LABS",
62107,"ANDA",,"PARKE DAVIS",
62117,"ANDA",,"FACTA FARMA",
62118,"ANDA",,"FACTA FARMA",
62119,"ANDA",,"HALSEY",
62120,"ANDA",,"WYETH AYERST",
62121,"ANDA",,"WATSON LABS",
62123,"ANDA",,"WYETH AYERST",
62124,"ANDA",,"FOUGERA PHARMS",
62127,"ANDA",,"PARKE DAVIS",
62129,"ANDA",,"FOUGERA PHARMS",
62131,"ANDA",,"WYETH AYERST",
62139,"ANDA",,"LEDERLE",
62142,"ANDA",,"WATSON LABS",
62149,"ANDA",,"APOTHECON",
62150,"ANDA",,"APOTHECON",
62151,"ANDA",,"APOTHECON",
62152,"ANDA",,"APOTHECON",
62153,"ANDA",,"APOTHECON",
62154,"ANDA",,"APOTHECON",
62155,"ANDA",,"APOTHECON",
62156,"ANDA",,"APOTHECON",
62157,"ANDA",,"APOTHECON",
62158,"ANDA",,"PHARMADERM",
62162,"ANDA",,"BARR",
62166,"ANDA",,"PERRIGO CO TENNESSEE",
62167,"ANDA",,"PHARMADERM",
62168,"ANDA",,"ERSANA",
62169,"ANDA",,"G AND W LABS INC",
62170,"ANDA",,"KING PHARMS",
62171,"ANDA",,"OPTOPICS",
62173,"ANDA",,"ROXANE",
62175,"ANDA",,"WARNER CHILCOTT",
62176,"ANDA",,"WATSON LABS",
62177,"ANDA",,"DISTA",
62178,"ANDA",,"WYETH AYERST",
62186,"ANDA",,"PERRIGO NEW YORK",
62196,"ANDA",,"SANDOZ INC",
62198,"ANDA",,"PHARMACIA AND UPJOHN",
62200,"ANDA",,"ALPHARMA US PHARMS",
62205,"ANDA",,"CEPH INTL",
62206,"ANDA",,"FACTA FARMA",
62208,"ANDA",,"LEDERLE",
62212,"ANDA",,"GLAXOSMITHKLINE",
62216,"ANDA",,"DR REDDYS LABS INC",
62222,"ANDA",,"ANI PHARMS INC",
62223,"ANDA",,"GLAXOSMITHKLINE",
62225,"ANDA",,"PERRIGO NEW YORK",
62226,"ANDA",,"DR REDDYS LABS INC",
62231,"ANDA",,"PARKE DAVIS",
62233,"ANDA",,"GLAXOSMITHKLINE",
62237,"ANDA",,"IVAX SUB TEVA PHARMS",
62238,"ANDA",,"GLAXOSMITHKLINE",
62240,"ANDA",,"TEVA",
62241,"ANDA",,"GLAXOSMITHKLINE",
62247,"ANDA",,"IVAX SUB TEVA PHARMS",
62248,"ANDA",,"PHARMACIA AND UPJOHN",
62251,"ANDA",,"WEST-WARD PHARMS INT",
62252,"ANDA",,"TEVA",
62256,"ANDA",,"BARR",
62264,"ANDA",,"WYETH AYERST",
62268,"ANDA",,"TEVA",
62269,"ANDA",,"CARIBE HOLDINGS",
62270,"ANDA",,"GLAXOSMITHKLINE",
62273,"ANDA",,"GLAXOSMITHKLINE",
62278,"ANDA",,"GRUPPO LEPETIT",
62279,"ANDA",,"VALEANT LUXEMBOURG",
62280,"ANDA",,"PERRIGO NEW YORK",
62286,"ANDA",,"TEVA",
62288,"ANDA",,"BRISTOL",
62289,"ANDA",,"KING PHARMS",
62290,"ANDA",,"ARBOR PHARMS INC",
62291,"ANDA",,"SANDOZ",
62297,"ANDA",,"APOTHECON",
62298,"ANDA",,"ARBOR PHARMS LLC",
62300,"ANDA",,"WARNER CHILCOTT",
62302,"ANDA",,"SCHERING",
62303,"ANDA",,"SANOFI AVENTIS US",
62304,"ANDA",,"ARBOR PHARMS LLC",
62305,"ANDA",,"ROSS LABS",
62306,"ANDA",,"ROSS LABS",
62307,"ANDA",,"PERRIGO NEW YORK",
62310,"ANDA",,"KING PFIZER",
62311,"ANDA",,"APOTHECON",
62318,"ANDA",,"WATSON LABS",
62321,"ANDA",,"GLAXOSMITHKLINE",
62322,"ANDA",,"WARNER CHILCOTT",
62323,"ANDA",,"APOTHECON",
62324,"ANDA",,"WEST-WARD PHARMS INT",
62325,"ANDA",,"INTL MEDICATION",
62326,"ANDA",,"ALPHARMA US PHARMS",
62327,"ANDA",,"ALPHARMA US PHARMS",
62328,"ANDA",,"ALPHARMA US PHARMS",
62332,"ANDA",,"WARNER CHILCOTT",
62333,"ANDA",,"BAYER PHARMS",
62334,"ANDA",,"APOTHECON",
62336,"ANDA",,"BRISTOL MYERS",
62337,"ANDA",,"MYLAN",
62338,"ANDA",,"WARNER CHILCOTT LLC",
62339,"ANDA",,"ALCON",
62340,"ANDA",,"PHARM SPEC",
62341,"ANDA",,"SANDOZ INC",
62342,"ANDA",,"ALPHARMA US PHARMS",
62343,"ANDA",,"WATSON LABS",
62347,"ANDA",,"TARO",
62349,"ANDA",,"G AND W LABS INC",
62351,"ANDA",,"PERRIGO NEW YORK",
62353,"ANDA",,"ALPHARMA US PHARMS",
62354,"ANDA",,"KALAPHARM",
62356,"ANDA",,"FRESENIUS KABI USA",
62362,"ANDA",,"LIFE LABS",
62363,"ANDA",,"PHARMACIA AND UPJOHN",
62364,"ANDA",,"TARO",
62365,"ANDA",,"FRESENIUS KABI USA",
62366,"ANDA",,"FRESENIUS KABI USA",
62367,"ANDA",,"G AND W LABS INC",
62372,"ANDA",,"BAYER PHARMS",
62373,"ANDA",,"BAXTER HLTHCARE",
62376,"ANDA",,"BRISTOL",
62378,"ANDA",,"BRISTOL",
62381,"ANDA",,"PHARMAFAIR",
62383,"ANDA",,"PHARMAFAIR",
62386,"ANDA",,"PHARMAFAIR",
62387,"ANDA",,"ALPHARMA US PHARMS",
62388,"ANDA",,"BAYER PHARMS",
62389,"ANDA",,"PHARMAFAIR",
62390,"ANDA",,"APOTHECON",
62391,"ANDA",,"MUTUAL PHARM",
62392,"ANDA",,"WATSON LABS",
62394,"ANDA",,"PHARMAFAIR",
62396,"ANDA",,"HIKMA INTL PHARMS",
62399,"ANDA",,"PHARMAFAIR",
62402,"ANDA",,"WATSON LABS",
62405,"ANDA",,"TARO",
62406,"ANDA",,"ELKINS SINN",
62408,"ANDA",,"BRISTOL",
62409,"ANDA",,"ALPHARMA US PHARMS",
62411,"ANDA",,"PHARMAFAIR",
62413,"ANDA",,"ABBOTT",
62414,"ANDA",,"HOSPIRA",
62417,"ANDA",,"BAYER PHARMS",
62418,"ANDA",,"MUTUAL PHARM",
62420,"ANDA",,"HOSPIRA",
62421,"ANDA",,"ACTAVIS LABS FL INC",
62422,"ANDA",,"BAXTER HLTHCARE",
62423,"ANDA",,"SANDOZ INC",
62426,"ANDA",,"INTL MEDICATION",
62427,"ANDA",,"TARO",
62428,"ANDA",,"PHARMAFAIR",
62430,"ANDA",,"PHARMAFAIR",
62432,"ANDA",,"MYLAN",
62434,"ANDA",,"PAR PHARM",
62435,"ANDA",,"GLAXOSMITHKLINE",
62436,"ANDA",,"WESTWOOD SQUIBB",
62437,"ANDA",,"PHARMAFAIR",
62438,"ANDA",,"WYETH AYERST",
62439,"ANDA",,"PHARMAFAIR",
62440,"ANDA",,"PHARMAFAIR",
62442,"ANDA",,"PAR PHARM",
62443,"ANDA",,"PHARMAFAIR",
62444,"ANDA",,"PHARMAFAIR",
62446,"ANDA",,"PHARMADERM",
62447,"ANDA",,"PERRIGO CO TENNESSEE",
62450,"ANDA",,"WEST-WARD PHARMS INT",
62452,"ANDA",,"ALLERGAN",
62453,"ANDA",,"PHARMAFAIR",
62455,"ANDA",,"PADDOCK LLC",
62456,"ANDA",,"PADDOCK LLC",
62457,"ANDA",,"TARO",
62458,"ANDA",,"PHARMAFAIR",
62459,"ANDA",,"FOUGERA",
62460,"ANDA",,"PHARMADERM",
62462,"ANDA",,"HEATHER",
62463,"ANDA",,"HEATHER",
62464,"ANDA",,"BRISTOL",
62466,"ANDA",,"INTL MEDICATION",
62467,"ANDA",,"SYOSSET",
62468,"ANDA",,"FOUGERA PHARMS",
62469,"ANDA",,"SUPERPHARM",
62471,"ANDA",,"ALPHARMA US PHARMS",
62472,"ANDA",,"PERRIGO NEW YORK",
62474,"ANDA",,"HERITAGE PHARMS INC",
62475,"ANDA",,"FRESENIUS KABI USA",
62476,"ANDA",,"ANI PHARMS INC",
62477,"ANDA",,"TARO",
62479,"ANDA",,"RANBAXY",
62480,"ANDA",,"NOVARTIS",
62481,"ANDA",,"PHARMAFAIR",
62483,"ANDA",,"VALEANT LUXEMBOURG",
62485,"ANDA",,"PHARMAFAIR",
62488,"ANDA",,"SANDOZ INC",
62489,"ANDA",,"BARLAN",
62493,"ANDA",,"PHARMAFAIR",
62494,"ANDA",,"SUPERPHARM",
62496,"ANDA",,"ALPHARMA US PHARMS",
62497,"ANDA",,"TEVA",
62499,"ANDA",,"COMBE",
62500,"ANDA",,"CHARTWELL LIFE SCI",
62501,"ANDA",,"NOVARTIS",
62502,"ANDA",,"TEVA",
62504,"ANDA",,"ABRAXIS PHARM",
62505,"ANDA",,"CHARTWELL LIFE SCI",
62506,"ANDA",,"TEVA",
62507,"ANDA",,"SOLOPAK",
62508,"ANDA",,"MERZ PHARMS",
62509,"ANDA",,"QUANTUM PHARMICS",
62510,"ANDA",,"ROCHE",
62512,"ANDA",,"WOCKHARDT BIO AG",
62517,"ANDA",,"FOUGERA PHARMS INC",
62518,"ANDA",,"PHARMADERM",
62519,"ANDA",,"SAVAGE LABS",
62520,"ANDA",,"WATSON LABS",
62521,"ANDA",,"ACTAVIS LABS FL INC",
62522,"ANDA",,"DOW PHARM",
62523,"ANDA",,"ALCON PHARMS LTD",
62524,"ANDA",,"USL PHARMA",
62525,"ANDA",,"QUANTUM PHARMICS",
62527,"ANDA",,"SANDOZ",
62528,"ANDA",,"LABS ATRAL",
62530,"ANDA",,"PHARMADERM",
62531,"ANDA",,"FOUGERA PHARMS INC",
62533,"ANDA",,"FOUGERA PHARMS INC",
62534,"ANDA",,"PHARMADERM",
62535,"ANDA",,"SANDOZ INC",
62538,"ANDA",,"VINTAGE PHARMS",
62539,"ANDA",,"PHARMAFAIR",
62540,"ANDA",,"SUPERPHARM",
62541,"ANDA",,"PHARMAFAIR",
62544,"ANDA",,"NOVARTIS",
62546,"ANDA",,"PARKE DAVIS",
62547,"ANDA",,"ABBOTT",
62548,"ANDA",,"ABBOTT",
62549,"ANDA",,"LILLY",
62557,"ANDA",,"LILLY",
62558,"ANDA",,"PHARMAFAIR",
62559,"ANDA",,"PHARMAFAIR",
62560,"ANDA",,"LILLY",
62562,"ANDA",,"APOTHECON",
62563,"ANDA",,"ELKINS SINN",
62564,"ANDA",,"APOTHECON",
62565,"ANDA",,"LILLY",
62566,"ANDA",,"NOVARTIS",
62569,"ANDA",,"WEST-WARD PHARMS INT",
62571,"ANDA",,"ALPHARMA US PHARMS",
62579,"ANDA",,"APOTHECON",
62581,"ANDA",,"TEVA",
62586,"ANDA",,"ABBOTT",
62588,"ANDA",,"HOSPIRA",
62590,"ANDA",,"LILLY",
62591,"ANDA",,"ACS DOBFAR",
62592,"ANDA",,"LILLY",
62593,"ANDA",,"WARNER CHILCOTT",
62594,"ANDA",,"WARNER CHILCOTT",
62595,"ANDA",,"PHARMADERM",
62596,"ANDA",,"PHARMADERM",
62597,"ANDA",,"SAVAGE LABS",
62598,"ANDA",,"SAVAGE LABS",
62599,"ANDA",,"FOUGERA PHARMS INC",
62600,"ANDA",,"FOUGERA",
62601,"ANDA",,"SAVAGE LABS",
62602,"ANDA",,"FOUGERA PHARMS INC",
62603,"ANDA",,"PHARMADERM",
62604,"ANDA",,"ABRAXIS PHARM",
62605,"ANDA",,"SOLOPAK",
62606,"ANDA",,"MYLAN PHARMS INC",
62607,"ANDA",,"PHARMADERM",
62608,"ANDA",,"FOUGERA",
62609,"ANDA",,"SAVAGE LABS",
62612,"ANDA",,"HOSPIRA",
62613,"ANDA",,"PADDOCK LLC",
62615,"ANDA",,"ODYSSEY PHARMS",
62616,"ANDA",,"PHARMAFAIR",
62617,"ANDA",,"PHARMAFAIR",
62618,"ANDA",,"PARKE DAVIS",
62623,"ANDA",,"PHARMAFAIR",
62628,"ANDA",,"ALCON",
62631,"ANDA",,"PVT FORM",
62634,"ANDA",,"INTL MEDICATION",
62635,"ANDA",,"AKORN",
62638,"ANDA",,"HOSPIRA",
62640,"ANDA",,"ACS DOBFAR",
62642,"ANDA",,"QUAD PHARMS",
62643,"ANDA",,"QUAD PHARMS",
62644,"ANDA",,"PHARMACIA AND UPJOHN",
62645,"ANDA",,"PLIVA",
62646,"ANDA",,"PLIVA",
62648,"ANDA",,"PARKE DAVIS",
62653,"ANDA",,"WARNER CHILCOTT",
62654,"ANDA",,"HOFFMANN LA ROCHE",
62655,"ANDA",,"LILLY",
62656,"ANDA",,"PHARMAFAIR",
62657,"ANDA",,"PHARMAFAIR",
62659,"ANDA",,"SANOFI AVENTIS US",
62660,"ANDA",,"QUAD PHARMS",
62662,"ANDA",,"HOSPIRA",
62663,"ANDA",,"FRESENIUS KABI USA",
62664,"ANDA",,"WATSON LABS",
62666,"ANDA",,"ABRAXIS PHARM",
62668,"ANDA",,"PHARMAFAIR",
62669,"ANDA",,"PHARMAFAIR",
62670,"ANDA",,"TEVA",
62672,"ANDA",,"PHARMAFAIR",
62674,"ANDA",,"NASKA",
62676,"ANDA",,"SUN PHARM INDUSTRIES",
62677,"ANDA",,"SUN PHARM INDUSTRIES",
62682,"ANDA",,"WEST-WARD PHARMS INT",
62683,"ANDA",,"TEVA",
62686,"ANDA",,"PVT FORM",
62687,"ANDA",,"SAPTALIS PHARMS",
62688,"ANDA",,"ABRAXIS PHARM",
62690,"ANDA",,"GLAXOSMITHKLINE",
62691,"ANDA",,"GLAXOSMITHKLINE",
62692,"ANDA",,"WEST-WARD PHARMS INT",
62693,"ANDA",,"TEVA",
62695,"ANDA",,"TEVA",
62696,"ANDA",,"QUAD PHARMS",
62697,"ANDA",,"BAYER PHARMS",
62698,"ANDA",,"ANI PHARMS INC",
62702,"ANDA",,"TEVA",
62703,"ANDA",,"TEVA",
62707,"ANDA",,"LILLY",
62711,"ANDA",,"ELKINS SINN",
62713,"ANDA",,"BELCHER PHARMS",
62714,"ANDA",,"ALCON PHARMS LTD",
62716,"ANDA",,"ANI PHARMS INC",
62717,"ANDA",,"WYETH AYERST",
62718,"ANDA",,"WYETH AYERST",
62719,"ANDA",,"ISTITUTO BIO ITA SPA",
62720,"ANDA",,"WEST-WARD PHARMS INT",
62721,"ANDA",,"ALCON PHARMS LTD",
62723,"ANDA",,"ABRAXIS PHARM",
62724,"ANDA",,"APOTHECON",
62726,"ANDA",,"APOTHECON",
62727,"ANDA",,"GLAXOSMITHKLINE",
62728,"ANDA",,"ABRAXIS PHARM",
62730,"ANDA",,"BAXTER HLTHCARE",
62731,"ANDA",,"ALPHARMA US PHARMS",
62732,"ANDA",,"SANDOZ",
62733,"ANDA",,"G AND W LABS INC",
62736,"ANDA",,"GLAXOSMITHKLINE",
62737,"ANDA",,"SANDOZ",
62738,"ANDA",,"SANDOZ",
62739,"ANDA",,"LILLY",
62745,"ANDA",,"LILLY",
62746,"ANDA",,"ARBOR PHARMS LLC",
62747,"ANDA",,"ABRAXIS PHARM",
62748,"ANDA",,"WESTWOOD SQUIBB",
62750,"ANDA",,"WYETH PHARMS INC",
62751,"ANDA",,"IVAX SUB TEVA PHARMS",
62752,"ANDA",,"CHARTWELL TETRA",
62755,"ANDA",,"GLAXOSMITHKLINE",
62756,"ANDA",,"MERCK",
62757,"ANDA",,"MYLAN INSTITUTIONAL",
62758,"ANDA",,"ALRA",
62759,"ANDA",,"BARR",
62760,"ANDA",,"TEVA",
62761,"ANDA",,"TEVA",
62762,"ANDA",,"IVAX SUB TEVA PHARMS",
62763,"ANDA",,"INTERPHARM",
62764,"ANDA",,"INTERPHARM",
62766,"ANDA",,"IVAX SUB TEVA PHARMS",
62767,"ANDA",,"TEVA",
62768,"ANDA",,"TEVA",
62772,"ANDA",,"HANFORD GC",
62773,"ANDA",,"BARR",
62774,"ANDA",,"TEVA PHARMS",
62775,"ANDA",,"BARR",
62776,"ANDA",,"G AND W LABS INC",
62777,"ANDA",,"BARR",
62778,"ANDA",,"BARR",
62779,"ANDA",,"VITARINE",
62781,"ANDA",,"VITARINE",
62784,"ANDA",,"QUAD PHARMS",
62788,"ANDA",,"WATSON LABS",
62791,"ANDA",,"SUN PHARM INDS (IN)",
62795,"ANDA",,"QUAD PHARMS",
62797,"ANDA",,"ISTITUTO BIO ITA SPA",
62798,"ANDA",,"ISTITUTO BIO ITA SPA",
62799,"ANDA",,"COMBE",
62800,"ANDA",,"ALVOGEN INC",
62801,"ANDA",,"ALVOGEN INC",
62803,"ANDA",,"PHARMACIA AND UPJOHN",
62806,"ANDA",,"WEST-WARD PHARMS INT",
62807,"ANDA",,"WEST-WARD PHARMS INT",
62809,"ANDA",,"PUREPAC PHARM",
62811,"ANDA",,"G AND W LABS INC",
62812,"ANDA",,"ANI PHARMS INC",
62813,"ANDA",,"VITARINE",
62814,"ANDA",,"B BRAUN",
62816,"ANDA",,"WATSON LABS INC",
62818,"ANDA",,"IPHARM",
62819,"ANDA",,"SOLOPAK",
62821,"ANDA",,"TEVA",
62822,"ANDA",,"MONARCH PHARMS",
62823,"ANDA",,"TEVA",
62825,"ANDA",,"WOCKHARDT BIO AG",
62826,"ANDA",,"BARR",
62827,"ANDA",,"BARR",
62831,"ANDA",,"SANDOZ",
62832,"ANDA",,"SOCORRO",
62833,"ANDA",,"NASKA",
62835,"ANDA",,"MORTON GROVE",
62838,"ANDA",,"SUN PHARM INDUSTRIES",
62840,"ANDA",,"ACTAVIS MID ATLANTIC",
62844,"ANDA",,"WATSON LABS INC",
62845,"ANDA",,"QUAD PHARMS",
62847,"ANDA",,"MYLAN",
62849,"ANDA",,"NASKA",
62850,"ANDA",,"BARR",
62851,"ANDA",,"BARR",
62852,"ANDA",,"SOLOPAK",
62853,"ANDA",,"TEVA",
62854,"ANDA",,"TEVA",
62856,"ANDA",,"WATSON LABS INC",
62857,"ANDA",,"NASKA",
62858,"ANDA",,"BARR",
62859,"ANDA",,"BARR",
62860,"ANDA",,"APOTHECON",
62863,"ANDA",,"VITARINE",
62867,"ANDA",,"TEVA",
62869,"ANDA",,"STEVENS J",
62870,"ANDA",,"STEVENS J",
62871,"ANDA",,"YOSHITOMI",
62872,"ANDA",,"YOSHITOMI",
62873,"ANDA",,"TEVA",
62874,"ANDA",,"SANDOZ INC",
62876,"ANDA",,"TARO PHARM",
62877,"ANDA",,"QUAD PHARMS",
62879,"ANDA",,"WEST-WARD PHARMS INT",
62881,"ANDA",,"DAVA PHARMS INC",
62882,"ANDA",,"DAVA PHARMS INC",
62883,"ANDA",,"DAVA PHARMS INC",
62884,"ANDA",,"DAVA PHARMS INC",
62885,"ANDA",,"APOTHECON",
62888,"ANDA",,"APOTHECON",
62889,"ANDA",,"WEST-WARD PHARMS INT",
62894,"ANDA",,"BEDFORD",
62895,"ANDA",,"TEVA",
62900,"ANDA",,"WATSON LABS",
62901,"ANDA",,"PFIZER",
62905,"ANDA",,"LOCH",
62908,"ANDA",,"BRISTOL MYERS SQUIBB",
62911,"ANDA",,"HOSPIRA",
62912,"ANDA",,"HOSPIRA",
62913,"ANDA",,"MARSAM PHARMS LLC",
62921,"ANDA",,"WEST-WARD PHARMS INT",
62926,"ANDA",,"BRISTOL MYERS SQUIBB",
62927,"ANDA",,"DAVA PHARMS INC",
62928,"ANDA",,"IGI LABS INC",
62930,"ANDA",,"VINTAGE PHARMS",
62931,"ANDA",,"HOSPIRA",
62932,"ANDA",,"PACO",
62933,"ANDA",,"HOSPIRA",
62935,"ANDA",,"DAVA PHARMS INC",
62936,"ANDA",,"DAVA PHARMS INC",
62938,"ANDA",,"PERRIGO CO TENNESSEE",
62943,"ANDA",,"ALVOGEN INC",
62944,"ANDA",,"BOCA PHARMA LLC",
62945,"ANDA",,"WATSON LABS INC",
62946,"ANDA",,"TEVA",
62949,"ANDA",,"ACTAVIS MID ATLANTIC",
62953,"ANDA",,"WEST-WARD PHARMS INT",
62956,"ANDA",,"PHARMACIA AND UPJOHN",
62957,"ANDA",,"ALPHARMA US PHARMS",
62961,"ANDA",,"APOTHECON",
62973,"ANDA",,"APOTHECON",
62974,"ANDA",,"APOTHECON",
62975,"ANDA",,"WEST-WARD PHARMS INT",
62978,"ANDA",,"TEVA",
62981,"ANDA",,"DAVA PHARMS INC",
62982,"ANDA",,"DAVA PHARMS INC",
62984,"ANDA",,"WATSON LABS INC",
62986,"ANDA",,"APOTHECON",
62987,"ANDA",,"APOTHECON",
62988,"ANDA",,"WATSON LABS INC",
62989,"ANDA",,"WATSON LABS INC",
62991,"ANDA",,"WATSON LABS INC",
62992,"ANDA",,"WEST-WARD PHARMS INT",
62993,"ANDA",,"BAXTER HLTHCARE",
62994,"ANDA",,"WATSON LABS INC",
62999,"ANDA",,"BARR",
63000,"ANDA",,"X GEN PHARMS",
63001,"ANDA",,"TEVA",
63002,"ANDA",,"BAXTER HLTHCARE",
63008,"ANDA",,"WATSON LABS INC",
63009,"ANDA",,"ZYDUS WORLDWIDE",
63010,"ANDA",,"ALPHARMA US PHARMS",
63011,"ANDA",,"ZYDUS WORLDWIDE",
63014,"ANDA",,"WATSON LABS INC",
63016,"ANDA",,"TEVA PHARMS",
63017,"ANDA",,"PUREPAC PHARM",
63018,"ANDA",,"TEVA PHARMS",
63021,"ANDA",,"LOCH",
63022,"ANDA",,"LOCH",
63023,"ANDA",,"TEVA",
63024,"ANDA",,"TEVA",
63025,"ANDA",,"LOCH",
63027,"ANDA",,"TEVA",
63028,"ANDA",,"BARR",
63029,"ANDA",,"G AND W LABS INC",
63030,"ANDA",,"TEVA",
63031,"ANDA",,"TEVA",
63038,"ANDA",,"PERRIGO NEW YORK",
63041,"ANDA",,"TEVA PARENTERAL",
63063,"ANDA",,"APOTHECON",
63065,"ANDA",,"WATSON LABS",
63067,"ANDA",,"CNTY LINE PHARMS",
63068,"ANDA",,"WEST-WARD PHARMS INT",
63076,"ANDA",,"HOSPIRA",
63079,"ANDA",,"WATSON LABS",
63080,"ANDA",,"HOSPIRA",
63081,"ANDA",,"HOSPIRA",
63082,"ANDA",,"WATSON LABS",
63083,"ANDA",,"WATSON LABS",
63086,"ANDA",,"BARR",
63092,"ANDA",,"WARNER CHILCOTT",
63097,"ANDA",,"PHARMACHEMIE BV",
63098,"ANDA",,"BARR",
63099,"ANDA",,"APOTHECON",
63100,"ANDA",,"TEVA PHARMS USA",
63106,"ANDA",,"TEVA PARENTERAL",
63107,"ANDA",,"ALTANA",
63111,"ANDA",,"HOSPIRA",
63112,"ANDA",,"HOSPIRA",
63113,"ANDA",,"WEST-WARD PHARMS INT",
63116,"ANDA",,"HOSPIRA",
63117,"ANDA",,"WEST-WARD PHARMS INT",
63118,"ANDA",,"WEST-WARD PHARMS INT",
63119,"ANDA",,"IGI LABS INC",
63120,"ANDA",,"IGI LABS INC",
63121,"ANDA",,"IGI LABS INC",
63122,"ANDA",,"IGI LABS INC",
63127,"ANDA",,"WEST-WARD PHARMS INT",
63128,"ANDA",,"WEST-WARD PHARMS INT",
63142,"ANDA",,"HANFORD GC",
63147,"ANDA",,"HANFORD GC",
63149,"ANDA",,"TEVA PARENTERAL",
63161,"ANDA",,"HOSPIRA",
63163,"ANDA",,"BEDFORD",
63165,"ANDA",,"PHARMACIA AND UPJOHN",
63167,"ANDA",,"IGI LABS INC",
63169,"ANDA",,"IGI LABS INC",
63176,"ANDA",,"ALCON PHARMS LTD",
63179,"ANDA",,"ANI PHARMS INC",
63180,"ANDA",,"WATSON LABS",
63181,"ANDA",,"WATSON LABS TEVA",
63182,"ANDA",,"MYLAN INSTITUTIONAL",
63186,"ANDA",,"APOTHECON",
63187,"ANDA",,"PLIVA",
63206,"ANDA",,"X GEN PHARMS",
63207,"ANDA",,"FACTA FARMA",
63208,"ANDA",,"STERI PHARMA",
63209,"ANDA",,"FACTA FARMA",
63211,"ANDA",,"PERRIGO CO",
63214,"ANDA",,"FACTA FARMA",
63216,"ANDA",,"STERI PHARMA",
63221,"ANDA",,"BAXTER HLTHCARE",
63239,"ANDA",,"HOFFMANN LA ROCHE",
63253,"ANDA",,"TEVA PARENTERAL",
63263,"ANDA",,"HOSPIRA",
63264,"ANDA",,"HOSPIRA",
63265,"ANDA",,"ABBOTT",
63266,"ANDA",,"ABBOTT",
63274,"ANDA",,"WEST-WARD PHARMS INT",
63275,"ANDA",,"WEST-WARD PHARMS INT",
63277,"ANDA",,"FRESENIUS KABI USA",
63282,"ANDA",,"TEVA PARENTERAL",
63283,"ANDA",,"HOSPIRA",
63293,"ANDA",,"TELIGENT PHARMA INC",
63294,"ANDA",,"ASTELLAS",
63295,"ANDA",,"GLAXOSMITHKLINE",
63304,"ANDA",,"WOCKHARDT BIO AG",
63305,"ANDA",,"TARO",
63313,"ANDA",,"WEST-WARD PHARMS INT",
63315,"ANDA",,"WEST-WARD PHARMS INT",
63321,"ANDA",,"LEDERLE",
63322,"ANDA",,"GLAXOSMITHKLINE",
63329,"ANDA",,"PADDOCK LLC",
63333,"ANDA",,"PFIZER",
63336,"ANDA",,"PHARMACHEMIE BV",
63350,"ANDA",,"HOSPIRA",
64006,"ANDA",,"GLAXOSMITHKLINE",
64008,"ANDA",,"GLAXOSMITHKLINE",
64013,"ANDA",,"TEVA",
64021,"ANDA",,"APOTHECON",
64022,"ANDA",,"TARO",
64026,"ANDA",,"APOTHECON",
64028,"ANDA",,"AKORN",
64030,"ANDA",,"AKORN",
64031,"ANDA",,"TEVA",
64032,"ANDA",,"HOSPIRA",
64033,"ANDA",,"GLAXOSMITHKLINE",
64035,"ANDA",,"WATSON LABS INC",
64036,"ANDA",,"WATSON LABS INC",
64039,"ANDA",,"BAUSCH AND LOMB",
64042,"ANDA",,"HI TECH PHARMA",
64045,"ANDA",,"TEVA PHARMS USA",
64046,"ANDA",,"BAUSCH AND LOMB",
64047,"ANDA",,"BAUSCH AND LOMB",
64048,"ANDA",,"BAUSCH AND LOMB",
64050,"ANDA",,"PERRIGO NEW YORK",
64052,"ANDA",,"BAUSCH AND LOMB",
64053,"ANDA",,"BAUSCH AND LOMB",
64054,"ANDA",,"G AND W LABS INC",
64055,"ANDA",,"BAUSCH AND LOMB",
64056,"ANDA",,"G AND W LABS INC",
64061,"ANDA",,"IVAX SUB TEVA PHARMS",
64062,"ANDA",,"TEVA PARENTERAL",
64063,"ANDA",,"BAUSCH AND LOMB",
64064,"ANDA",,"BAUSCH AND LOMB",
64065,"ANDA",,"BAUSCH AND LOMB",
64067,"ANDA",,"BAUSCH AND LOMB",
64068,"ANDA",,"BAUSCH AND LOMB",
64070,"ANDA",,"IVAX SUB TEVA PHARMS",
64071,"ANDA",,"SANDOZ",
64076,"ANDA",,"SANDOZ",
64081,"ANDA",,"TEVA",
64082,"ANDA",,"SANDOZ",
64084,"ANDA",,"TEVA PARENTERAL",
64085,"ANDA",,"IVAX SUB TEVA PHARMS",
64086,"ANDA",,"IVAX SUB TEVA PHARMS",
64087,"ANDA",,"IVAX SUB TEVA PHARMS",
64093,"ANDA",,"AKORN",
64096,"ANDA",,"AKORN",
64097,"ANDA",,"WEST-WARD PHARMS INT",
64098,"ANDA",,"HOSPIRA",
64099,"ANDA",,"HOSPIRA",
64101,"ANDA",,"HI TECH PHARMA",
64103,"ANDA",,"WEST-WARD PHARMS INT",
64106,"ANDA",,"HOSPIRA",
64107,"ANDA",,"DAVA PHARMS INC",
64108,"ANDA",,"NOVAST LABS",
64110,"ANDA",,"DAVA PHARMS INC",
64114,"ANDA",,"DAVA PHARMS INC",
64115,"ANDA",,"DAVA PHARMS INC",
64116,"ANDA",,"DAVA PHARMS INC",
64117,"ANDA",,"WEST-WARD PHARMS INT",
64118,"ANDA",,"PADDOCK LLC",
64120,"ANDA",,"BAUSCH AND LOMB",
64124,"ANDA",,"ACS DOBFAR SPA",
64125,"ANDA",,"ACS DOBFAR SPA",
64126,"ANDA",,"PERRIGO CO",
64127,"ANDA",,"RENAISSANCE PHARMA",
64128,"ANDA",,"MYLAN PHARMS INC",
64131,"ANDA",,"APOTHECON",
64134,"ANDA",,"BAUSCH AND LOMB",
64135,"ANDA",,"BAUSCH AND LOMB",
64136,"ANDA",,"PERRIGO CO",
64139,"ANDA",,"DAVA PHARMS INC",
64140,"ANDA",,"TEVA PHARMS USA",
64141,"ANDA",,"ABBOTT",
64142,"ANDA",,"VISTAPHARM",
64144,"ANDA",,"ACCORD HLTHCARE",
64145,"ANDA",,"TEVA",
64146,"ANDA",,"HOSPIRA",
64148,"ANDA",,"WATSON LABS INC",
64150,"ANDA",,"SANDOZ",
64153,"ANDA",,"X GEN PHARMS",
64155,"ANDA",,"RANBAXY",
64156,"ANDA",,"RANBAXY",
64159,"ANDA",,"FOUGERA PHARMS INC",
64160,"ANDA",,"FOUGERA PHARMS",
64163,"ANDA",,"AKORN",
64164,"ANDA",,"RANBAXY",
64165,"ANDA",,"RANBAXY",
64166,"ANDA",,"RANBAXY",
64169,"ANDA",,"FRESENIUS KABI USA",
64170,"ANDA",,"FRESENIUS KABI USA",
64171,"ANDA",,"SUN PHARM INDS INC",
64180,"ANDA",,"WEST-WARD PHARMS INT",
64184,"ANDA",,"FOUGERA PHARMS",
64187,"ANDA",,"FOUGERA PHARMS",
64191,"ANDA",,"TEVA PHARMS",
64192,"ANDA",,"TEVA PHARMS",
64200,"ANDA",,"FRESENIUS KABI USA",
64201,"ANDA",,"FRESENIUS KABI USA",
64204,"ANDA",,"WATSON LABS INC",
64205,"ANDA",,"WATSON LABS INC",
64206,"ANDA",,"WATSON LABS INC",
64207,"ANDA",,"WATSON LABS INC",
64210,"ANDA",,"X GEN PHARMS",
64211,"ANDA",,"SANDOZ INC",
64212,"ANDA",,"TEVA PARENTERAL",
64216,"ANDA",,"X GEN PHARMS",
64217,"ANDA",,"WEST-WARD PHARMS INT",
65000,"ANDA",,"FRESENIUS KABI USA",
65001,"ANDA",,"FRESENIUS KABI USA",
65002,"ANDA",,"FRESENIUS KABI USA",
65003,"ANDA",,"ABBVIE",
65004,"ANDA",,"WEST-WARD PHARMS INT",
65005,"ANDA",,"IMPAX LABS",
65006,"ANDA",,"AKORN INC",
65007,"ANDA",,"SUN PHARM INDS LTD",
65009,"ANDA",,"MYLAN PHARMS INC",
65010,"ANDA",,"X GEN PHARMS",
65011,"ANDA",,"FRESENIUS KABI USA",
65012,"ANDA",,"FRESENIUS KABI USA",
65013,"ANDA",,"X GEN PHARMS",
65015,"ANDA",,"RANBAXY LABS LTD",
65016,"ANDA",,"SUN PHARM INDS LTD",
65017,"ANDA",,"SANDOZ",
65018,"ANDA",,"RANBAXY",
65021,"ANDA",,"SUN PHARM INDS LTD",
65022,"ANDA",,"PERRIGO CO TENNESSEE",
65024,"ANDA",,"PERRIGO CO TENNESSEE",
65025,"ANDA",,"ABBVIE",
65026,"ANDA",,"FERA PHARMS",
65027,"ANDA",,"ABBOTT LABS",
65028,"ANDA",,"AKORN",
65031,"ANDA",,"HOSPIRA",
65032,"ANDA",,"SANDOZ INC",
65033,"ANDA",,"TEVA PHARMS USA",
65034,"ANDA",,"FRESENIUS KABI USA",
65035,"ANDA",,"TEVA PHARMS USA",
65036,"ANDA",,"TEVA PHARMS USA",
65037,"ANDA",,"TEVA PARENTERAL",
65040,"ANDA",,"APOTEX",
65041,"ANDA",,"WATSON LABS",
65042,"ANDA",,"WEST-WARD PHARMS INT",
65043,"ANDA",,"RANBAXY LABS LTD",
65044,"ANDA",,"MAYNE PHARMA",
65046,"ANDA",,"HIKMA FARMACEUTICA",
65047,"ANDA",,"HIKMA FARMACEUTICA",
65048,"ANDA",,"HIKMA FARMACEUTICA",
65049,"ANDA",,"PERRIGO NEW YORK",
65050,"ANDA",,"WEST-WARD PHARMS INT",
65051,"ANDA",,"WEST-WARD PHARMS INT",
65053,"ANDA",,"SUN PHARM INDS LTD",
65054,"ANDA",,"MAYNE PHARMA",
65055,"ANDA",,"PAR PHARM",
65056,"ANDA",,"TEVA",
65057,"ANDA",,"WORLD GEN",
65058,"ANDA",,"TEVA",
65059,"ANDA",,"SUN PHARM INDS LTD",
65060,"ANDA",,"SUN PHARM INDS LTD",
65061,"ANDA",,"SUN PHARM INDS LTD",
65062,"ANDA",,"TORRENT PHARMA INC",
65063,"ANDA",,"SANDOZ",
65064,"ANDA",,"SANDOZ",
65065,"ANDA",,"SANDOZ",
65066,"ANDA",,"SANDOZ",
65067,"ANDA",,"FOUGERA PHARMS",
65068,"ANDA",,"SANDOZ",
65069,"ANDA",,"APOTEX",
65070,"ANDA",,"PAR PHARM",
65071,"ANDA",,"HIKMA",
65072,"ANDA",,"HIKMA",
65074,"ANDA",,"WEST-WARD PHARMS INT",
65076,"ANDA",,"WEST-WARD PHARMS INT",
65078,"ANDA",,"IVAX SUB TEVA PHARMS",
65079,"ANDA",,"SANDOZ",
65080,"ANDA",,"RANBAXY LABS LTD",
65081,"ANDA",,"SUN PHARM INDS LTD",
65082,"ANDA",,"SUN PHARM INDS LTD",
65083,"ANDA",,"SUN PHARM INDS LTD",
65085,"ANDA",,"TEVA",
65087,"ANDA",,"APOTEX INC",
65088,"ANDA",,"AKORN",
65089,"ANDA",,"TEVA",
65092,"ANDA",,"RANBAXY LABS LTD",
65093,"ANDA",,"SANDOZ INC",
65094,"ANDA",,"IMPAX LABS",
65095,"ANDA",,"HIKMA INTL PHARMS",
65096,"ANDA",,"TEVA PHARMS USA",
65098,"ANDA",,"SANDOZ INC",
65100,"ANDA",,"RANBAXY LABS LTD",
65101,"ANDA",,"TEVA",
65102,"ANDA",,"SUN PHARM INDS LTD",
65103,"ANDA",,"HIKMA INTL PHARMS",
65106,"ANDA",,"X GEN PHARMS",
65108,"ANDA",,"X GEN PHARMS",
65109,"ANDA",,"SUN PHARM INDS LTD",
65110,"ANDA",,"IVAX SUB TEVA PHARMS",
65111,"ANDA",,"FRESENIUS KABI USA",
65112,"ANDA",,"TOLMAR",
65113,"ANDA",,"SUN PHARM INDS LTD",
65114,"ANDA",,"ISTITUTO BIO ITA SPA",
65115,"ANDA",,"SUN PHARM INDS LTD",
65116,"ANDA",,"FRESENIUS KABI USA",
65117,"ANDA",,"SANDOZ INC",
65118,"ANDA",,"SUN PHARM INDS LTD",
65119,"ANDA",,"TEVA",
65120,"ANDA",,"FRESENIUS KABI USA",
65121,"ANDA",,"PERRIGO CO TENNESSEE",
65122,"ANDA",,"FRESENIUS KABI USA",
65123,"ANDA",,"PERRIGO NEW YORK",
65124,"ANDA",,"LUPIN",
65125,"ANDA",,"LUPIN",
65126,"ANDA",,"FOSUN PHARMA",
65129,"ANDA",,"LUPIN PHARMS",
65130,"ANDA",,"LUPIN PHARMS",
65131,"ANDA",,"PAR PHARM",
65132,"ANDA",,"SUN PHARM INDS LTD",
65133,"ANDA",,"WOCKHARDT BIO AG",
65134,"ANDA",,"SUN PHARM INDUSTRIES",
65135,"ANDA",,"LUPIN",
65136,"ANDA",,"SANDOZ",
65137,"ANDA",,"IVAX SUB TEVA PHARMS",
65138,"ANDA",,"GAVIS PHARMS",
65139,"ANDA",,"FOUGERA PHARMS",
65141,"ANDA",,"SAMSON MEDCL",
65143,"ANDA",,"HIKMA FARMACEUTICA",
65144,"ANDA",,"SANDOZ",
65145,"ANDA",,"ACTAVIS LABS FL INC",
65146,"ANDA",,"YUNG SHIN PHARM",
65148,"ANDA",,"LANNETT CO INC",
65149,"ANDA",,"HANFORD GC",
65150,"ANDA",,"TEVA",
65151,"ANDA",,"LUITPOLD",
65152,"ANDA",,"YUNG SHIN PHARM",
65153,"ANDA",,"TEVA",
65154,"ANDA",,"MAYNE PHARMA",
65155,"ANDA",,"TEVA",
65156,"ANDA",,"TORRENT PHARMA INC",
65157,"ANDA",,"ISTITUTO BIO ITA SPA",
65159,"ANDA",,"RANBAXY LABS LTD",
65161,"ANDA",,"SUN PHARM INDS LTD",
65162,"ANDA",,"TEVA",
65163,"ANDA",,"IVAX SUB TEVA PHARMS",
65166,"ANDA",,"WOCKHARDT",
65167,"ANDA",,"APOTEX INC",
65168,"ANDA",,"SANDOZ",
65169,"ANDA",,"SANDOZ",
65170,"ANDA",,"TARO",
65171,"ANDA",,"BARR",
65173,"ANDA",,"HERITAGE PHARMS INC",
65174,"ANDA",,"SUN PHARM INDS LTD",
65175,"ANDA",,"X GEN PHARMS",
65176,"ANDA",,"HANFORD GC",
65177,"ANDA",,"NEXUS PHARMS",
65178,"ANDA",,"WEST-WARD PHARMS INT",
65179,"ANDA",,"FRESENIUS KABI USA",
65180,"ANDA",,"WOCKHARDT",
65182,"ANDA",,"EPIC PHARMA LLC",
65183,"ANDA",,"UPSHER-SMITH LABS",
65184,"ANDA",,"TARO PHARM INDS",
65185,"ANDA",,"FRESENIUS KABI USA",
65187,"ANDA",,"AMRING PHARMS",
65188,"ANDA",,"HANFORD GC",
65189,"ANDA",,"SANDOZ",
65190,"ANDA",,"ANI PHARMS INC",
65191,"ANDA",,"HIKMA PHARMS",
65192,"ANDA",,"FOUGERA PHARMS",
65193,"ANDA",,"TEVA",
65194,"ANDA",,"EPIC PHARMA LLC",
65195,"ANDA",,"MYLAN",
65196,"ANDA",,"WOCKHARDT",
65197,"ANDA",,"WOCKHARDT",
65198,"ANDA",,"RANBAXY LABS LTD",
65200,"ANDA",,"CHARTWELL RX",
65201,"ANDA",,"PHARMACHEMIE BV",
65202,"ANDA",,"RANBAXY LABS LTD",
65203,"ANDA",,"MAYNE PHARMA INC",
65204,"ANDA",,"SANDOZ INC",
65205,"ANDA",,"TEVA",
65206,"ANDA",,"WEST-WARD PHARMS INT",
65207,"ANDA",,"SUN PHARM INDS LTD",
65208,"ANDA",,"TEVA",
65209,"ANDA",,"SANDOZ",
65210,"ANDA",,"RANBAXY",
65211,"ANDA",,"SANDOZ",
65212,"ANDA",,"SANDOZ",
65213,"ANDA",,"AKORN",
65214,"NDA",,"B BRAUN",
65215,"ANDA",,"HIKMA",
65216,"ANDA",,"AMRING PHARMS",
65217,"ANDA",,"ZYDUS PHARMS USA",
65218,"ANDA",,"PLIVA",
65219,"ANDA",,"AMRING PHARMS",
65220,"ANDA",,"X GEN PHARMS",
65221,"ANDA",,"HIKMA INTL PHARMS",
65222,"ANDA",,"ISTITUTO BIO ITA SPA",
65223,"ANDA",,"PLIVA",
65224,"ANDA",,"BAXTER HLTHCARE",
65225,"ANDA",,"PLIVA",
65226,"ANDA",,"HOSPIRA INC",
65227,"ANDA",,"TEVA PHARMS USA",
65228,"ANDA",,"SANDOZ",
65229,"ANDA",,"LUPIN",
65230,"ANDA",,"HOSPIRA INC",
65231,"ANDA",,"HOSPIRA INC",
65232,"ANDA",,"HOSPIRA INC",
65234,"ANDA",,"LUPIN",
65235,"ANDA",,"CASI PHARMS INC",
65236,"ANDA",,"TEVA PHARMS",
65238,"ANDA",,"HIKMA FARMACEUTICA",
65239,"ANDA",,"HIKMA FARMACEUTICA",
65240,"ANDA",,"SANDOZ",
65241,"ANDA",,"SANDOZ",
65243,"ANDA",,"LANNETT CO INC",
65244,"ANDA",,"HOSPIRA INC",
65245,"ANDA",,"FRESENIUS KABI USA",
65246,"ANDA",,"PLIVA",
65247,"ANDA",,"HOSPIRA INC",
65248,"ANDA",,"ORCHID HLTHCARE",
65250,"ANDA",,"ANI PHARMS INC",
65251,"ANDA",,"SAMSON MEDCL",
65252,"ANDA",,"FRESENIUS KABI USA",
65253,"ANDA",,"AUROBINDO PHARMA LTD",
65254,"ANDA",,"FOUGERA PHARMS",
65255,"ANDA",,"HIKMA",
65256,"ANDA",,"AUROBINDO",
65257,"ANDA",,"SANDOZ",
65259,"ANDA",,"LUPIN",
65260,"ANDA",,"HIKMA",
65261,"ANDA",,"LUPIN",
65262,"ANDA",,"TEVA",
65263,"ANDA",,"LUPIN",
65264,"ANDA",,"LUPIN",
65265,"ANDA",,"CSPC OUYI PHARM CO",
65266,"ANDA",,"WOCKHARDT",
65267,"ANDA",,"ORCHID HLTHCARE",
65268,"ANDA",,"FACTA FARMA",
65269,"ANDA",,"FACTA FARMA",
65271,"ANDA",,"AUROBINDO",
65274,"ANDA",,"TEVA",
65275,"ANDA",,"WEST-WARD PHARMS INT",
65276,"ANDA",,"LUPIN",
65277,"ANDA",,"LANNETT CO INC",
65278,"ANDA",,"ANI PHARMS INC",
65280,"ANDA",,"CEPHAZONE PHARMA",
65281,"ANDA",,"MEDICIS",
65282,"ANDA",,"TEVA PHARMS",
65283,"ANDA",,"SANDOZ",
65284,"ANDA",,"ORCHID HLTHCARE",
65285,"ANDA",,"LANNETT CO INC",
65286,"ANDA",,"WEST-WARD PHARMS INT",
65287,"ANDA",,"LARKEN LABS",
65288,"ANDA",,"WEST-WARD PHARMS INT",
65289,"ANDA",,"WEST-WARD PHARMS INT",
65290,"ANDA",,"HOSPIRA INC",
65291,"ANDA",,"HIKMA PHARMS",
65292,"ANDA",,"HOSPIRA INC",
65293,"ANDA",,"HOSPIRA INC",
65294,"ANDA",,"CEPHAZONE PHARMA",
65295,"ANDA",,"CEPHAZONE PHARMA",
65296,"ANDA",,"CEPHAZONE PHARMA",
65297,"ANDA",,"SANDOZ",
65301,"ANDA",,"ORCHID HLTHCARE",
65302,"ANDA",,"WOCKHARDT",
65303,"ANDA",,"ACS DOBFAR",
65305,"ANDA",,"AKORN INC",
65306,"ANDA",,"ACS DOBFAR",
65307,"ANDA",,"ORCHID HLTHCARE",
65308,"ANDA",,"AUROBINDO PHARMA LTD",
65309,"ANDA",,"ORCHID HLTHCARE",
65310,"ANDA",,"SANDOZ",
65311,"ANDA",,"HIKMA",
65312,"ANDA",,"HOSPIRA INC",
65313,"ANDA",,"HOSPIRA INC",
65314,"ANDA",,"ISTITUTO BIO ITA SPA",
65315,"ANDA",,"VINTAGE",
65316,"ANDA",,"MUSTAFA NEVZAT ILAC",
65317,"ANDA",,"APOTEX INC",
65319,"ANDA",,"WOCKHARDT BIO AG",
65320,"ANDA",,"FOUGERA PHARMS",
65321,"ANDA",,"NESHER PHARMS",
65322,"ANDA",,"HIKMA",
65323,"ANDA",,"SUN PHARM INDS LTD",
65324,"ANDA",,"AUROBINDO PHARMA LTD",
65325,"ANDA",,"HIKMA",
65326,"ANDA",,"ORCHID HLTHCARE",
65327,"ANDA",,"APOTEX INC",
65328,"ANDA",,"ACS DOBFAR",
65329,"ANDA",,"ACS DOBFAR",
65330,"ANDA",,"SANDOZ",
65331,"ANDA",,"IMPAX LABS INC",
65332,"ANDA",,"TEVA PHARMS",
65333,"ANDA",,"APOTEX INC",
65334,"ANDA",,"AUROBINDO",
65336,"ANDA",,"YUNG SHIN PHARM",
65337,"ANDA",,"SANDOZ",
65339,"ANDA",,"EBEWE PHARMA",
65340,"ANDA",,"AUROBINDO PHARMA LTD",
65342,"ANDA",,"HIKMA FARMACEUTICA",
65343,"ANDA",,"HOSPIRA",
65344,"ANDA",,"DAVA PHARMS INC",
65345,"ANDA",,"SANDOZ",
65346,"ANDA",,"FRESENIUS KABI USA",
65347,"ANDA",,"FRESENIUS KABI USA",
65348,"ANDA",,"CEPHAZONE PHARMA",
65349,"ANDA",,"AUROBINDO",
65350,"ANDA",,"HIKMA",
65351,"ANDA",,"APOTEX INC",
65352,"ANDA",,"AUROBINDO PHARMA",
65353,"ANDA",,"SANDOZ INC",
65354,"ANDA",,"CIPLA LTD",
65355,"ANDA",,"LUPIN PHARMS",
65356,"ANDA",,"SUN PHARM INDS LTD",
65358,"ANDA",,"SANDOZ INC",
65359,"ANDA",,"ORCHID HLTHCARE",
65360,"ANDA",,"MYLAN",
65361,"ANDA",,"CIPLA LTD",
65362,"ANDA",,"SANDOZ",
65363,"ANDA",,"SANDOZ",
65364,"ANDA",,"FRESENIUS KABI USA",
65365,"ANDA",,"MYLAN",
65366,"ANDA",,"MYLAN",
65368,"ANDA",,"TEVA PHARMS",
65369,"ANDA",,"HOSPIRA INC",
65370,"ANDA",,"AUROBINDO PHARMA",
65371,"ANDA",,"MYLAN INSTITUTIONAL",
65372,"ANDA",,"FRESENIUS KABI USA",
65373,"ANDA",,"HIKMA PHARMS",
65374,"ANDA",,"FRESENIUS KABI USA",
65375,"ANDA",,"FRESENIUS KABI USA",
65377,"ANDA",,"MYLAN",
65378,"ANDA",,"SANDOZ",
65379,"ANDA",,"SANDOZ",
65380,"ANDA",,"LUPIN LTD",
65381,"ANDA",,"AUROBINDO PHARMA",
65382,"ANDA",,"SUN PHARM INDS LTD",
65384,"ANDA",,"APOTEX CORP",
65385,"ANDA",,"LYNE",
65386,"ANDA",,"HOSPIRA INC",
65387,"ANDA",,"SANDOZ",
65388,"ANDA",,"ORCHID HLTHCARE",
65389,"ANDA",,"AKORN",
65390,"ANDA",,"LANNETT CO INC",
65391,"ANDA",,"WOCKHARDT",
65392,"ANDA",,"LUPIN",
65394,"ANDA",,"ACTAVIS MID ATLANTIC",
65395,"ANDA",,"AUROBINDO PHARMA",
65396,"ANDA",,"LUPIN",
65397,"ANDA",,"MYLAN LABS LTD",
65398,"ANDA",,"LUPIN LTD",
65399,"ANDA",,"LUPIN LTD",
65400,"ANDA",,"LUPIN LTD",
65401,"ANDA",,"MUSTAFA NEVZAT ILAC",
65403,"ANDA",,"ACS DOBFAR",
65404,"ANDA",,"WOCKHARDT",
65405,"ANDA",,"WOCKHARDT",
65406,"ANDA",,"ACS DOBFAR",
65407,"ANDA",,"MYLAN LABS LTD",
65408,"ANDA",,"FRESENIUS KABI USA",
65409,"ANDA",,"AUROBINDO PHARMA LTD",
65410,"ANDA",,"WEST-WARD PHARMS INT",
65411,"ANDA",,"FRESENIUS KABI ONCOL",
65412,"ANDA",,"YUNG SHIN PHARM",
65413,"ANDA",,"WEST-WARD PHARMS INT",
65414,"ANDA",,"ACS DOBFAR",
65415,"ANDA",,"ACS DOBFAR",
65416,"ANDA",,"ACCORD HLTHCARE",
65418,"ANDA",,"ORCHID HLTHCARE",
65419,"ANDA",,"TEVA PHARMS",
65420,"ANDA",,"WOCKHARDT BIO AG",
65421,"ANDA",,"MYLAN LABS LTD",
65422,"ANDA",,"VISTAPHARM",
65425,"ANDA",,"AMNEAL PHARM",
65427,"ANDA",,"MYLAN",
65428,"ANDA",,"WOCKHARDT",
65429,"ANDA",,"ORCHID HLTHCARE",
65430,"NDA",,"B BRAUN",
65431,"ANDA",,"WOCKHARDT BIO AG",
65432,"ANDA",,"MYLAN LABS LTD",
65433,"ANDA",,"ZYDUS PHARMS USA INC",
65434,"ANDA",,"AUROBINDO PHARMA",
65435,"ANDA",,"AUROBINDO PHARMA",
65436,"ANDA",,"DR REDDYS LABS LTD",
65438,"ANDA",,"VINTAGE PHARMS",
65439,"ANDA",,"FRESENIUS KABI USA",
65440,"ANDA",,"FRESENIUS KABI USA",
65441,"ANDA",,"ACS DOBFAR",
65442,"ANDA",,"AUROBINDO PHARMA",
65443,"ANDA",,"MYLAN PHARMS INC",
65444,"ANDA",,"HIKMA PHARMS",
65445,"ANDA",,"ACTAVIS TOTOWA",
65446,"ANDA",,"HOSPIRA INC",
65447,"ANDA",,"EPIC PHARMA LLC",
65448,"ANDA",,"ISTITUTO BIO ITA SPA",
65451,"ANDA",,"SANDOZ",
65453,"ANDA",,"FRESENIUS KABI USA",
65454,"ANDA",,"CHARTWELL LIFE SCI",
65455,"ANDA",,"HOSPIRA INC",
65457,"ANDA",,"TEVA PHARMS",
65458,"ANDA",,"MYLAN LABS LTD",
65461,"ANDA",,"SANDOZ",
65462,"ANDA",,"SANDOZ",
65464,"ANDA",,"ACS DOBFAR SPA",
65465,"ANDA",,"BEDFORD",
65467,"ANDA",,"ACS DOBFAR SPA",
65468,"ANDA",,"BRECKENRIDGE PHARM",
65470,"ANDA",,"AUROBINDO PHARMA",
65471,"ANDA",,"SUN PHARM INDUSTRIES",
65473,"ANDA",,"AUROBINDO PHARMA",
65475,"ANDA",,"BEDFORD",
65477,"ANDA",,"ZYDUS PHARMS USA INC",
65478,"ANDA",,"AKORN",
65481,"ANDA",,"AUROBINDO PHARMA LTD",
65482,"ANDA",,"AUROBINDO PHARMA LTD",
65483,"ANDA",,"HOSPIRA INC",
65484,"ANDA",,"HOSPIRA INC",
65485,"ANDA",,"BARR LABS INC",
65488,"ANDA",,"LUPIN LTD",
65489,"ANDA",,"AUROBINDO",
65490,"ANDA",,"STRIDES PHARMA",
65491,"ANDA",,"TEVA PHARMS",
65493,"ANDA",,"AUROBINDO PHARMA",
65496,"ANDA",,"ALKEM LABS LTD",
65498,"ANDA",,"AUROBINDO PHARMA LTD",
65499,"ANDA",,"AUROBINDO PHARMA",
65500,"ANDA",,"HOSPIRA",
65501,"ANDA",,"GLAND PHARMA LTD",
65502,"ANDA",,"AKORN",
65503,"ANDA",,"HOSPIRA INC",
65504,"ANDA",,"AUROBINDO PHARMA LTD",
65505,"ANDA",,"AUROBINDO PHARMA LTD",
65506,"ANDA",,"MYLAN ASI",
65507,"ANDA",,"APOTEX CORP",
65508,"ANDA",,"APOTEX CORP",
65509,"ANDA",,"APOTEX CORP",
65510,"ANDA",,"WATSON LABS",
65511,"ANDA",,"HOSPIRA",
65513,"ANDA",,"AKORN",
65515,"ANDA",,"ALVOGEN INC",
65516,"ANDA",,"AUROBINDO PHARMA LTD",
65517,"ANDA",,"AUROBINDO PHARMA",
65520,"ANDA",,"MYLAN",
65521,"ANDA",,"MYLAN",
65523,"ANDA",,"ISTITUTO BIO ITA SPA",
70000,"ANDA",,"WATSON LABS",
70002,"ANDA",,"WATSON LABS",
70004,"ANDA",,"INTL MEDICATION",
70006,"ANDA",,"MUTUAL PHARM",
70007,"ANDA",,"MUTUAL PHARM",
70008,"ANDA",,"SUPERPHARM",
70009,"ANDA",,"SUPERPHARM",
70010,"ANDA",,"HOSPIRA",
70011,"ANDA",,"SMITH AND NEPHEW",
70012,"ANDA",,"ABRAXIS PHARM",
70013,"ANDA",,"ABRAXIS PHARM",
70014,"ANDA",,"ASTRAZENECA",
70017,"ANDA",,"ACCORD HLTHCARE",
70019,"ANDA",,"WATSON LABS",
70021,"ANDA",,"HALSEY",
70022,"ANDA",,"NOVEL LABS INC",
70023,"ANDA",,"SMITH AND NEPHEW",
70026,"ANDA",,"INTL MEDICATION",
70027,"ANDA",,"TEVA PHARMS USA",
70028,"ANDA",,"ANI PHARMS INC",
70029,"ANDA",,"SAVAGE LABS",
70030,"ANDA",,"TEVA PHARMS",
70031,"ANDA",,"ABRAXIS PHARM",
70032,"ANDA",,"NOVEL LABS INC",
70033,"ANDA",,"PLIVA",
70034,"ANDA",,"TEVA",
70035,"ANDA",,"WATSON LABS",
70037,"ANDA",,"TEVA",
70038,"ANDA",,"WATSON LABS",
70039,"ANDA",,"VIVIMED GLOBAL",
70040,"ANDA",,"STRIDES VIVIMED",
70041,"ANDA",,"WATSON LABS",
70042,"ANDA",,"WATSON LABS",
70043,"ANDA",,"SUN PHARM INDUSTRIES",
70044,"ANDA",,"WATSON LABS INC",
70045,"ANDA",,"MYLAN PHARMS INC",
70046,"ANDA",,"SMITH AND NEPHEW",
70047,"ANDA",,"SMITH AND NEPHEW",
70048,"ANDA",,"TEVA",
70049,"ANDA",,"WATSON LABS",
70050,"ANDA",,"ACTAVIS MID ATLANTIC",
70051,"ANDA",,"ACTAVIS MID ATLANTIC",
70052,"ANDA",,"STI PHARMA LLC",
70053,"ANDA",,"PERRIGO NEW YORK",
70057,"ANDA",,"MYLAN",
70058,"ANDA",,"ABRAXIS PHARM",
70059,"ANDA",,"ABRAXIS PHARM",
70060,"ANDA",,"SUN PHARM INDUSTRIES",
70062,"ANDA",,"TARO",
70063,"ANDA",,"USL PHARMA",
70064,"ANDA",,"USL PHARMA",
70065,"ANDA",,"SUPERPHARM",
70066,"ANDA",,"SUPERPHARM",
70067,"ANDA",,"MUTUAL PHARM",
70068,"ANDA",,"MUTUAL PHARM",
70069,"ANDA",,"G AND W LABS INC",
70070,"ANDA",,"ACCORD HLTHCARE",
70071,"ANDA",,"ABRAXIS PHARM",
70072,"ANDA",,"G AND W LABS INC",
70073,"ANDA",,"SUN PHARM INDUSTRIES",
70074,"ANDA",,"SUN PHARM INDUSTRIES",
70075,"ANDA",,"MYLAN",
70076,"ANDA",,"MYLAN",
70077,"ANDA",,"ABRAXIS PHARM",
70078,"ANDA",,"SMITH AND NEPHEW",
70079,"ANDA",,"SUN PHARM INDUSTRIES",
70080,"ANDA",,"SUN PHARM INDUSTRIES",
70081,"ANDA",,"J AND J CONSUMER INC",
70082,"ANDA",,"MYLAN",
70083,"ANDA",,"BASF",
70084,"ANDA",,"ACCORD HLTHCARE",
70085,"ANDA",,"ACCORD HLTHCARE",
70086,"ANDA",,"WEST-WARD PHARMS INT",
70087,"ANDA",,"IGI LABS INC",
70088,"ANDA",,"BASF",
70089,"ANDA",,"IGI LABS INC",
70090,"ANDA",,"IGI LABS INC",
70091,"ANDA",,"IGI LABS INC",
70092,"ANDA",,"IGI LABS INC",
70093,"ANDA",,"IGI LABS INC",
70094,"ANDA",,"IGI LABS INC",
70095,"ANDA",,"IGI LABS INC",
70096,"ANDA",,"IGI LABS INC",
70098,"ANDA",,"IVAX SUB TEVA PHARMS",
70099,"ANDA",,"BASF",
70100,"ANDA",,"SUN PHARM INDUSTRIES",
70101,"ANDA",,"TEVA",
70102,"ANDA",,"TEVA",
70103,"ANDA",,"ANDA REPOSITORY",
70104,"ANDA",,"MATRIX MEDCL",
70106,"ANDA",,"KING PHARMS",
70107,"ANDA",,"TEVA",
70115,"ANDA",,"MUTUAL PHARM",
70116,"ANDA",,"MUTUAL PHARM",
70118,"ANDA",,"MORTON GROVE",
70119,"ANDA",,"INTL MEDICATION",
70120,"ANDA",,"SCHERING",
70121,"ANDA",,"SCHERING",
70122,"ANDA",,"SCHERING",
70123,"ANDA",,"SCHERING",
70124,"ANDA",,"SCHERING",
70125,"ANDA",,"DAVA PHARMS INC",
70126,"ANDA",,"DAVA PHARMS INC",
70127,"ANDA",,"DAVA PHARMS INC",
70128,"ANDA",,"DAVA PHARMS INC",
70134,"ANDA",,"ABRAXIS PHARM",
70135,"ANDA",,"SMITH AND NEPHEW",
70136,"ANDA",,"SOLOPAK",
70137,"ANDA",,"SMITH AND NEPHEW",
70138,"ANDA",,"MYLAN",
70139,"ANDA",,"MYLAN",
70140,"ANDA",,"WATSON LABS",
70141,"ANDA",,"WATSON LABS",
70142,"ANDA",,"WATSON LABS",
70143,"ANDA",,"WATSON LABS",
70144,"ANDA",,"WATSON LABS",
70145,"ANDA",,"MYLAN PHARMS INC",
70146,"ANDA",,"IVAX SUB TEVA PHARMS",
70147,"ANDA",,"PURACAP PHARM",
70150,"ANDA",,"PURACAP PHARM",
70152,"ANDA",,"BARR",
70153,"ANDA",,"TEVA PHARMS",
70154,"ANDA",,"BARR",
70156,"ANDA",,"PAR PHARM",
70159,"ANDA",,"PAR PHARM",
70160,"ANDA",,"PAR PHARM",
70161,"ANDA",,"PAR PHARM",
70162,"ANDA",,"BARR",
70163,"ANDA",,"BARR",
70164,"ANDA",,"BARR",
70165,"ANDA",,"DURAMED PHARMS BARR",
70166,"ANDA",,"DURAMED PHARMS BARR",
70167,"ANDA",,"DURAMED PHARMS BARR",
70168,"ANDA",,"USL PHARMA",
70169,"ANDA",,"USL PHARMA",
70170,"ANDA",,"WATSON LABS",
70171,"ANDA",,"HOSPIRA",
70172,"ANDA",,"HOSPIRA",
70173,"ANDA",,"MAYNE PHARMA",
70175,"ANDA",,"WATSON LABS",
70176,"ANDA",,"WATSON LABS",
70177,"ANDA",,"WATSON LABS",
70178,"ANDA",,"WATSON LABS",
70182,"ANDA",,"YAOPHARMA CO LTD",
70183,"ANDA",,"YAOPHARMA CO LTD",
70184,"ANDA",,"TEVA",
70185,"ANDA",,"NOVARTIS",
70186,"ANDA",,"IVAX SUB TEVA PHARMS",
70187,"ANDA",,"IVAX SUB TEVA PHARMS",
70188,"ANDA",,"WYETH AYERST",
70189,"ANDA",,"WYETH AYERST",
70190,"ANDA",,"WYETH AYERST",
70191,"ANDA",,"WYETH AYERST",
70192,"ANDA",,"ROXANE",
70193,"ANDA",,"ROXANE",
70194,"ANDA",,"ROXANE",
70195,"ANDA",,"SCHERER RP",
70200,"ANDA",,"QUANTUM PHARMICS",
70201,"ANDA",,"QUANTUM PHARMICS",
70202,"ANDA",,"QUANTUM PHARMICS",
70203,"ANDA",,"USL PHARMA",
70204,"ANDA",,"USL PHARMA",
70205,"ANDA",,"ALPHARMA US PHARMS",
70209,"ANDA",,"WARNER CHILCOTT",
70210,"ANDA",,"WARNER CHILCOTT",
70213,"ANDA",,"MYLAN",
70215,"ANDA",,"PLIVA",
70216,"ANDA",,"PLIVA",
70221,"ANDA",,"VINTAGE PHARMS",
70222,"ANDA",,"WARNER CHILCOTT",
70223,"ANDA",,"ABRAXIS PHARM",
70225,"ANDA",,"LUITPOLD",
70226,"ANDA",,"DAVA PHARMS INC",
70227,"ANDA",,"DAVA PHARMS INC",
70228,"ANDA",,"DAVA PHARMS INC",
70231,"ANDA",,"INWOOD LABS",
70232,"ANDA",,"TEVA",
70233,"ANDA",,"TEVA",
70234,"ANDA",,"TEVA",
70240,"ANDA",,"WATSON LABS",
70241,"ANDA",,"WATSON LABS",
70242,"ANDA",,"WATSON LABS",
70243,"ANDA",,"WATSON LABS",
70244,"ANDA",,"WATSON LABS",
70245,"ANDA",,"WATSON LABS",
70246,"ANDA",,"WATSON LABS",
70247,"ANDA",,"WATSON LABS",
70248,"ANDA",,"WATSON LABS",
70249,"ANDA",,"WATSON LABS",
70252,"ANDA",,"HOSPIRA",
70253,"ANDA",,"HOSPIRA",
70254,"ANDA",,"HOSPIRA",
70255,"ANDA",,"HOSPIRA",
70256,"ANDA",,"HOSPIRA",
70257,"ANDA",,"HOSPIRA",
70259,"ANDA",,"MYLAN PHARMS INC",
70260,"ANDA",,"WATSON LABS",
70261,"ANDA",,"WATSON LABS",
70262,"ANDA",,"WATSON LABS",
70265,"ANDA",,"MYLAN",
70266,"ANDA",,"TEVA",
70267,"ANDA",,"TEVA",
70268,"ANDA",,"FOSUN PHARMA",
70269,"ANDA",,"SANDOZ",
70270,"ANDA",,"SUN PHARM INDUSTRIES",
70271,"ANDA",,"SUN PHARM INDUSTRIES",
70272,"ANDA",,"SUN PHARM INDUSTRIES",
70273,"ANDA",,"SAVAGE LABS",
70274,"ANDA",,"PHARMADERM",
70275,"ANDA",,"FOUGERA PHARMS INC",
70278,"ANDA",,"MYLAN",
70281,"ANDA",,"ACTAVIS MID ATLANTIC",
70288,"ANDA",,"ACTAVIS MID ATLANTIC",
70289,"ANDA",,"YAOPHARMA CO LTD",
70290,"ANDA",,"YAOPHARMA CO LTD",
70291,"ANDA",,"BAXTER HLTHCARE",
70292,"ANDA",,"PHARMAFAIR",
70293,"ANDA",,"LYPHOMED",
70294,"ANDA",,"QUANTUM PHARMICS",
70295,"ANDA",,"ABRAXIS PHARM",
70296,"ANDA",,"WATSON LABS",
70297,"ANDA",,"SUN PHARM INDUSTRIES",
70298,"ANDA",,"WEST-WARD PHARMS INT",
70299,"ANDA",,"WEST-WARD PHARMS INT",
70300,"ANDA",,"USL PHARMA",
70301,"ANDA",,"WATSON LABS",
70302,"ANDA",,"UPSHER-SMITH LABS",
70303,"ANDA",,"UPSHER-SMITH LABS",
70304,"ANDA",,"UPSHER-SMITH LABS",
70305,"ANDA",,"WATSON LABS",
70306,"ANDA",,"DURAMED PHARMS BARR",
70307,"ANDA",,"DURAMED PHARMS BARR",
70308,"ANDA",,"DURAMED PHARMS BARR",
70309,"ANDA",,"DURAMED PHARMS BARR",
70310,"ANDA",,"DURAMED PHARMS BARR",
70311,"ANDA",,"WEST-WARD PHARMS INT",
70312,"ANDA",,"WEST-WARD PHARMS INT",
70313,"ANDA",,"WEST-WARD PHARMS INT",
70317,"ANDA",,"MYLAN",
70318,"ANDA",,"ALPHARMA",
70319,"ANDA",,"ANDA REPOSITORY",
70320,"ANDA",,"ANDA REPOSITORY",
70321,"ANDA",,"ANDA REPOSITORY",
70322,"ANDA",,"ANDA REPOSITORY",
70325,"ANDA",,"MYLAN",
70326,"ANDA",,"DURAMED PHARMS BARR",
70327,"ANDA",,"DURAMED PHARMS BARR",
70328,"ANDA",,"PAR PHARM",
70329,"ANDA",,"PAR PHARM",
70330,"ANDA",,"PAR PHARM",
70331,"ANDA",,"PARKE DAVIS",
70332,"ANDA",,"PARKE DAVIS",
70333,"ANDA",,"PARKE DAVIS",
70336,"ANDA",,"MYLAN",
70337,"ANDA",,"MYLAN",
70338,"ANDA",,"MYLAN",
70339,"ANDA",,"USL PHARMA",
70340,"ANDA",,"WARNER CHILCOTT",
70341,"ANDA",,"WARNER CHILCOTT",
70342,"ANDA",,"PAR PHARM",
70343,"ANDA",,"IVAX SUB TEVA PHARMS",
70345,"ANDA",,"MYLAN PHARMS INC",
70346,"ANDA",,"PAR PHARM",
70347,"ANDA",,"PAR PHARM",
70348,"ANDA",,"ABRAXIS PHARM",
70351,"ANDA",,"SUN PHARM INDUSTRIES",
70352,"ANDA",,"SUN PHARM INDUSTRIES",
70353,"ANDA",,"CYCLE PHARMS LTD",
70354,"ANDA",,"CYCLE PHARMS LTD",
70356,"ANDA",,"ROXANE",
70357,"ANDA",,"ROXANE",
70358,"ANDA",,"ROXANE",
70360,"ANDA",,"IVAX SUB TEVA PHARMS",
70361,"ANDA",,"IVAX SUB TEVA PHARMS",
70362,"ANDA",,"IVAX SUB TEVA PHARMS",
70363,"ANDA",,"WATSON LABS",
70364,"ANDA",,"ABRAXIS PHARM",
70365,"ANDA",,"WATSON LABS",
70366,"ANDA",,"WATSON LABS",
70367,"ANDA",,"WATSON LABS",
70368,"ANDA",,"WATSON LABS",
70373,"ANDA",,"WATSON LABS",
70374,"ANDA",,"WATSON LABS",
70375,"ANDA",,"WATSON LABS",
70376,"ANDA",,"WATSON LABS",
70377,"ANDA",,"WATSON LABS",
70378,"ANDA",,"WATSON LABS",
70379,"ANDA",,"WATSON LABS",
70380,"ANDA",,"WATSON LABS",
70381,"ANDA",,"WATSON LABS",
70382,"ANDA",,"WATSON LABS",
70383,"ANDA",,"WATSON LABS",
70384,"ANDA",,"WATSON LABS",
70395,"ANDA",,"WATSON LABS",
70396,"ANDA",,"WATSON LABS",
70397,"ANDA",,"WATSON LABS",
70398,"ANDA",,"WATSON LABS",
70399,"ANDA",,"WATSON LABS",
70400,"ANDA",,"WATSON LABS",
70401,"ANDA",,"WATSON LABS",
70407,"ANDA",,"WATSON LABS",
70411,"ANDA",,"ABRAXIS PHARM",
70412,"ANDA",,"WATSON LABS",
70413,"ANDA",,"WATSON LABS",
70417,"ANDA",,"INTL MEDICATION",
70423,"ANDA",,"QUANTUM PHARMICS",
70424,"ANDA",,"QUANTUM PHARMICS",
70425,"ANDA",,"QUANTUM PHARMICS",
70427,"ANDA",,"USL PHARMA",
70428,"ANDA",,"USL PHARMA",
70429,"ANDA",,"WARNER CHILCOTT",
70431,"ANDA",,"PAR PHARM",
70433,"ANDA",,"WEST-WARD PHARMS INT",
70434,"ANDA",,"WEST-WARD PHARMS INT",
70435,"ANDA",,"WATSON LABS",
70436,"ANDA",,"WATSON LABS",
70437,"ANDA",,"WATSON LABS",
70438,"ANDA",,"WARNER CHILCOTT",
70439,"ANDA",,"WARNER CHILCOTT",
70440,"ANDA",,"WARNER CHILCOTT",
70441,"ANDA",,"WARNER CHILCOTT",
70442,"ANDA",,"WARNER CHILCOTT",
70443,"ANDA",,"SANDOZ",
70444,"ANDA",,"PAR PHARM",
70445,"ANDA",,"PAR PHARM",
70449,"ANDA",,"WATSON LABS TEVA",
70450,"ANDA",,"WATSON LABS",
70451,"ANDA",,"INTL MEDICATION",
70452,"ANDA",,"PUREPAC PHARM",
70453,"ANDA",,"WATSON LABS",
70454,"ANDA",,"SUN PHARM INDUSTRIES",
70455,"ANDA",,"SUN PHARM INDUSTRIES",
70456,"ANDA",,"WATSON LABS",
70457,"ANDA",,"WATSON LABS",
70458,"ANDA",,"WATSON LABS",
70459,"ANDA",,"PAR PHARM",
70460,"ANDA",,"PAR PHARM",
70461,"ANDA",,"PAR PHARM",
70462,"ANDA",,"VIRTUS PHARMS",
70463,"ANDA",,"VIRTUS PHARMS",
70464,"ANDA",,"VIRTUS PHARMS",
70466,"ANDA",,"MUTUAL PHARM",
70467,"ANDA",,"MUTUAL PHARM",
70468,"ANDA",,"ACTAVIS ELIZABETH",
70469,"ANDA",,"OHM LABS",
70470,"ANDA",,"AUROLIFE PHARMA LLC",
70471,"ANDA",,"AUROLIFE PHARMA LLC",
70472,"ANDA",,"MUTUAL PHARM",
70473,"ANDA",,"MUTUAL PHARM",
70474,"ANDA",,"MUTUAL PHARM",
70475,"ANDA",,"MCNEIL",
70476,"ANDA",,"MCNEIL",
70477,"ANDA",,"USL PHARMA",
70478,"ANDA",,"USL PHARMA",
70480,"ANDA",,"ELKINS SINN",
70481,"ANDA",,"PAR PHARM",
70482,"ANDA",,"MUTUAL PHARM",
70483,"ANDA",,"MUTUAL PHARM",
70484,"ANDA",,"PHARMAFAIR",
70485,"ANDA",,"PHARMAFAIR",
70486,"ANDA",,"PHARMAFAIR",
70487,"ANDA",,"SUPERPHARM",
70488,"ANDA",,"SUPERPHARM",
70489,"ANDA",,"USL PHARMA",
70490,"ANDA",,"USL PHARMA",
70491,"ANDA",,"USL PHARMA",
70492,"ANDA",,"USL PHARMA",
70493,"ANDA",,"SUN PHARM INDUSTRIES",
70494,"ANDA",,"SUN PHARM INDUSTRIES",
70495,"ANDA",,"SUN PHARM INDUSTRIES",
70496,"ANDA",,"WEST-WARD PHARMS INT",
70497,"ANDA",,"ALPHARMA US PHARMS",
70505,"ANDA",,"HOSPIRA",
70506,"ANDA",,"HOSPIRA",
70511,"ANDA",,"WATSON LABS",
70513,"ANDA",,"WATSON LABS",
70514,"ANDA",,"WATSON LABS",
70515,"ANDA",,"WATSON LABS",
70516,"ANDA",,"ROXANE",
70517,"ANDA",,"ROXANE",
70518,"ANDA",,"ROXANE",
70519,"ANDA",,"ROXANE",
70520,"ANDA",,"ROXANE",
70521,"ANDA",,"ROXANE",
70522,"ANDA",,"ABRAXIS PHARM",
70524,"ANDA",,"WARNER CHILCOTT",
70528,"ANDA",,"WATSON LABS TEVA",
70529,"ANDA",,"WATSON LABS",
70530,"ANDA",,"WATSON LABS",
70531,"ANDA",,"USL PHARMA",
70533,"ANDA",,"APOTHECON",
70535,"ANDA",,"PAR PHARM",
70536,"ANDA",,"PAR PHARM",
70537,"ANDA",,"PAR PHARM",
70539,"ANDA",,"USL PHARMA",
70540,"ANDA",,"USL PHARMA",
70541,"ANDA",,"TEVA",
70543,"ANDA",,"YAOPHARMA CO LTD",
70544,"ANDA",,"YAOPHARMA CO LTD",
70545,"ANDA",,"WEST-WARD PHARMS INT",
70546,"ANDA",,"EUROHLTH INTL SARL",
70547,"ANDA",,"QUANTUM PHARMICS",
70548,"ANDA",,"WATSON LABS TEVA",
70549,"ANDA",,"WATSON LABS TEVA",
70550,"ANDA",,"WATSON LABS TEVA",
70551,"ANDA",,"WATSON LABS",
70552,"ANDA",,"FRESENIUS KABI USA",
70553,"ANDA",,"FRESENIUS KABI USA",
70554,"ANDA",,"FRESENIUS KABI USA",
70556,"ANDA",,"ABBOTT",
70558,"ANDA",,"WARNER CHILCOTT",
70559,"ANDA",,"WARNER CHILCOTT",
70562,"ANDA",,"USL PHARMA",
70563,"ANDA",,"USL PHARMA",
70564,"ANDA",,"QUANTUM PHARMICS",
70565,"ANDA",,"PAR PHARM",
70566,"ANDA",,"HOSPIRA",
70574,"ANDA",,"PAR PHARM",
70575,"ANDA",,"DEY",
70576,"ANDA",,"DEY",
70577,"ANDA",,"HOSPIRA",
70578,"ANDA",,"HOSPIRA",
70579,"ANDA",,"PUREPAC PHARM",
70580,"ANDA",,"PUREPAC PHARM",
70581,"ANDA",,"PAR PHARM INC",
70583,"ANDA",,"HOSPIRA",
70584,"ANDA",,"HOSPIRA",
70585,"ANDA",,"HOSPIRA",
70586,"ANDA",,"HOSPIRA",
70587,"ANDA",,"HOSPIRA",
70589,"ANDA",,"USL PHARMA",
70590,"ANDA",,"HOSPIRA",
70591,"ANDA",,"BAYER",
70592,"ANDA",,"PIONEER PHARMS",
70593,"ANDA",,"HALSEY",
70595,"ANDA",,"PAR PHARM",
70597,"ANDA",,"HOSPIRA",
70598,"ANDA",,"SCHERING",
70600,"ANDA",,"WATSON LABS",
70601,"ANDA",,"WATSON LABS",
70602,"ANDA",,"WATSON LABS",
70603,"ANDA",,"WATSON LABS",
70604,"ANDA",,"WATSON LABS",
70607,"ANDA",,"PERRIGO NEW YORK",
70608,"ANDA",,"PERRIGO NEW YORK",
70609,"ANDA",,"HOSPIRA",
70612,"ANDA",,"PAR PHARM",
70613,"ANDA",,"PAR PHARM",
70614,"ANDA",,"PAR PHARM",
70615,"ANDA",,"MUTUAL PHARM",
70616,"ANDA",,"PAR PHARM",
70617,"ANDA",,"LUITPOLD",
70618,"ANDA",,"COPLEY PHARM",
70620,"ANDA",,"PAR PHARM",
70621,"ANDA",,"PAR PHARM",
70622,"ANDA",,"SMITH AND NEPHEW",
70623,"ANDA",,"SMITH AND NEPHEW",
70624,"ANDA",,"MYLAN",
70625,"ANDA",,"WATSON LABS",
70626,"ANDA",,"BAYER",
70627,"ANDA",,"WEST-WARD PHARMS INT",
70628,"ANDA",,"WEST-WARD PHARMS INT",
70629,"ANDA",,"LEDERLE",
70630,"ANDA",,"LEDERLE",
70631,"ANDA",,"USL PHARMA",
70632,"ANDA",,"QUANTUM PHARMICS",
70633,"ANDA",,"SMITH AND NEPHEW",
70634,"ANDA",,"SMITH AND NEPHEW",
70635,"ANDA",,"HALSEY",
70636,"ANDA",,"ABBOTT",
70637,"ANDA",,"ABBOTT",
70639,"ANDA",,"INTL MEDICATION",
70640,"ANDA",,"QUANTUM PHARMICS",
70641,"ANDA",,"QUANTUM PHARMICS",
70645,"ANDA",,"WATSON LABS",
70646,"ANDA",,"USL PHARMA",
70647,"ANDA",,"USL PHARMA",
70648,"ANDA",,"ABRAXIS PHARM",
70649,"ANDA",,"ABRAXIS PHARM",
70650,"ANDA",,"QUANTUM PHARMICS",
70651,"ANDA",,"CHARTWELL MOLECULES",
70652,"ANDA",,"ABRAXIS PHARM",
70654,"ANDA",,"PAR PHARM",
70655,"ANDA",,"WOCKHARDT BIO AG",
70656,"ANDA",,"ABBOTT",
70657,"ANDA",,"ABBOTT",
70659,"ANDA",,"TEVA",
70660,"ANDA",,"MUTUAL PHARM",
70661,"ANDA",,"ABRAXIS PHARM",
70662,"ANDA",,"ABRAXIS PHARM",
70663,"ANDA",,"YAOPHARMA CO LTD",
70664,"ANDA",,"YAOPHARMA CO LTD",
70665,"ANDA",,"YAOPHARMA CO LTD",
70666,"ANDA",,"YAOPHARMA CO LTD",
70667,"ANDA",,"YAOPHARMA CO LTD",
70669,"ANDA",,"SUPERPHARM",
70670,"ANDA",,"SUPERPHARM",
70671,"ANDA",,"QUAD PHARMS",
70672,"ANDA",,"QUAD PHARMS",
70673,"ANDA",,"SANDOZ",
70674,"ANDA",,"SANDOZ",
70675,"ANDA",,"PAR PHARM",
70676,"ANDA",,"PAR PHARM",
70677,"ANDA",,"PAR PHARM",
70678,"ANDA",,"QUAD PHARMS",
70679,"ANDA",,"QUAD PHARMS",
70680,"ANDA",,"QUAD PHARMS",
70683,"ANDA",,"SUN PHARM INDUSTRIES",
70684,"ANDA",,"WATSON LABS",
70685,"ANDA",,"WATSON PHARMS TEVA",
70686,"ANDA",,"MAYNE PHARMA",
70687,"ANDA",,"WATSON LABS TEVA",
70688,"ANDA",,"PUREPAC PHARM",
70689,"ANDA",,"PUREPAC PHARM",
70690,"ANDA",,"WEST-WARD PHARMS INT",
70691,"ANDA",,"HOSPIRA",
70692,"ANDA",,"QUAD PHARMS",
70693,"ANDA",,"QUAD PHARMS",
70694,"ANDA",,"QUAD PHARMS",
70695,"ANDA",,"SOLOPAK",
70696,"ANDA",,"SMITH AND NEPHEW",
70697,"ANDA",,"SMITH AND NEPHEW",
70698,"ANDA",,"HOSPIRA",
70699,"ANDA",,"HOSPIRA",
70700,"ANDA",,"QUAD PHARMS",
70701,"ANDA",,"QUAD PHARMS",
70702,"ANDA",,"TEVA",
70703,"ANDA",,"WATSON LABS",
70704,"ANDA",,"ANI PHARMS INC",
70705,"ANDA",,"ANI PHARMS INC",
70706,"ANDA",,"ACTAVIS ELIZABETH",
70707,"ANDA",,"ACTAVIS ELIZABETH",
70709,"ANDA",,"SUPERPHARM",
70710,"ANDA",,"MORTON GROVE",
70713,"ANDA",,"WATSON LABS",
70714,"ANDA",,"WATSON LABS",
70719,"ANDA",,"IVAX SUB TEVA PHARMS",
70720,"ANDA",,"SCS",
70721,"ANDA",,"SCS",
70722,"ANDA",,"SCS",
70723,"ANDA",,"SCS",
70724,"ANDA",,"SCS",
70725,"ANDA",,"SCS",
70726,"ANDA",,"SCS",
70727,"ANDA",,"AM THERAP",
70728,"ANDA",,"AM THERAP",
70729,"ANDA",,"AM THERAP",
70730,"ANDA",,"TARO",
70731,"ANDA",,"SAVAGE LABS",
70732,"ANDA",,"TEVA",
70733,"ANDA",,"P AND L DEV LLC",
70736,"ANDA",,"AUROLIFE PHARMA LLC",
70737,"ANDA",,"HOSPIRA",
70738,"ANDA",,"HOSPIRA",
70739,"ANDA",,"HOSPIRA",
70740,"ANDA",,"HOSPIRA",
70744,"ANDA",,"WATSON LABS",
70745,"ANDA",,"BASF",
70746,"ANDA",,"USL PHARMA",
70747,"ANDA",,"TEVA",
70749,"ANDA",,"PUREPAC PHARM",
70750,"ANDA",,"PUREPAC PHARM",
70751,"ANDA",,"ABRAXIS PHARM",
70752,"ANDA",,"ABRAXIS PHARM",
70753,"ANDA",,"USL PHARMA",
70754,"ANDA",,"USL PHARMA",
70755,"ANDA",,"WOCKHARDT BIO AG",
70756,"ANDA",,"IVAX SUB TEVA PHARMS",
70757,"ANDA",,"PUREPAC PHARM",
70758,"ANDA",,"WATSON LABS",
70759,"ANDA",,"WATSON LABS",
70762,"ANDA",,"QUAD PHARMS",
70763,"ANDA",,"SUPERPHARM",
70764,"ANDA",,"SUPERPHARM",
70765,"ANDA",,"ANDA REPOSITORY",
70766,"ANDA",,"ANDA REPOSITORY",
70767,"ANDA",,"JANSSEN PHARMA",
70770,"ANDA",,"SANDOZ",
70771,"ANDA",,"MUTUAL PHARM",
70772,"ANDA",,"INNOGENIX",
70775,"ANDA",,"MUTUAL PHARM",
70776,"ANDA",,"PIONEER PHARMS",
70777,"ANDA",,"QUAD PHARMS",
70778,"ANDA",,"QUAD PHARMS",
70781,"ANDA",,"ACTAVIS ELIZABETH",
70782,"ANDA",,"HALSEY",
70783,"ANDA",,"PAR PHARM",
70784,"ANDA",,"WATSON LABS",
70785,"ANDA",,"WATSON LABS",
70787,"ANDA",,"PIONEER PHARMS",
70788,"ANDA",,"PIONEER PHARMS",
70790,"ANDA",,"MYLAN",
70791,"ANDA",,"MYLAN PHARMS INC",
70792,"ANDA",,"MYLAN",
70793,"ANDA",,"MYLAN",
70795,"ANDA",,"TEVA",
70797,"ANDA",,"AUROLIFE PHARMA LLC",
70799,"ANDA",,"LUITPOLD",
70800,"ANDA",,"SOLOPAK",
70801,"ANDA",,"SOLOPAK",
70802,"ANDA",,"SMITH AND NEPHEW",
70803,"ANDA",,"ABBOTT",
70804,"ANDA",,"MYLAN SPECIALITY LP",
70805,"ANDA",,"DEY",
70813,"ANDA",,"PIONEER PHARMS",
70814,"ANDA",,"PUREPAC PHARM",
70815,"ANDA",,"PUREPAC PHARM",
70816,"ANDA",,"PUREPAC PHARM",
70817,"ANDA",,"PUREPAC PHARM",
70818,"ANDA",,"OHM LABS",
70819,"ANDA",,"TEVA",
70820,"ANDA",,"LUITPOLD",
70821,"ANDA",,"QUAD PHARMS",
70822,"ANDA",,"QUAD PHARMS",
70825,"ANDA",,"SANDOZ",
70826,"ANDA",,"LUITPOLD",
70827,"ANDA",,"SANDOZ",
70828,"ANDA",,"SANDOZ",
70829,"ANDA",,"SANDOZ",
70830,"ANDA",,"SANDOZ",
70841,"ANDA",,"SMITH AND NEPHEW",
70847,"ANDA",,"HOSPIRA",
70848,"ANDA",,"TEVA",
70849,"ANDA",,"HOSPIRA",
70850,"ANDA",,"SANDOZ",
70851,"ANDA",,"ACTAVIS ELIZABETH",
70852,"ANDA",,"ACTAVIS ELIZABETH",
70853,"ANDA",,"PUREPAC PHARM",
70854,"ANDA",,"PUREPAC PHARM",
70855,"ANDA",,"WATSON LABS",
70856,"ANDA",,"WATSON LABS",
70857,"ANDA",,"WATSON LABS",
70858,"ANDA",,"WATSON LABS",
70863,"ANDA",,"PARKE DAVIS",
70864,"ANDA",,"SOLOPAK",
70867,"ANDA",,"BRISTOL MYERS SQUIBB",
70868,"ANDA",,"WOCKHARDT BIO AG",
70869,"ANDA",,"ANI PHARMS INC",
70870,"ANDA",,"ANI PHARMS INC",
70871,"ANDA",,"PARKE DAVIS",
70872,"ANDA",,"PARKE DAVIS",
70873,"ANDA",,"ABIC",
70881,"ANDA",,"AM THERAP",
70882,"ANDA",,"AM THERAP",
70883,"ANDA",,"AM THERAP",
70885,"ANDA",,"ACTAVIS MID ATLANTIC",
70886,"ANDA",,"AUROLIFE PHARMA LLC",
70888,"ANDA",,"HOSPIRA",
70889,"ANDA",,"FOSUN PHARMA",
70890,"ANDA",,"FOSUN PHARMA",
70891,"ANDA",,"LUITPOLD",
70892,"ANDA",,"NORBROOK",
70894,"ANDA",,"DURAMED PHARMS BARR",
70895,"ANDA",,"DURAMED PHARMS BARR",
70896,"ANDA",,"DURAMED PHARMS BARR",
70900,"ANDA",,"SUN PHARM INDUSTRIES",
70903,"ANDA",,"FERNDALE LABS",
70904,"ANDA",,"FERNDALE LABS",
70905,"ANDA",,"FERNDALE LABS",
70906,"ANDA",,"HALSEY",
70908,"ANDA",,"SUN PHARM INDUSTRIES",
70910,"ANDA",,"ACTAVIS ELIZABETH",
70911,"ANDA",,"WATSON LABS",
70912,"ANDA",,"WATSON LABS",
70914,"ANDA",,"HOSPIRA",
70915,"ANDA",,"HOSPIRA",
70916,"ANDA",,"HOSPIRA",
70917,"ANDA",,"ABBOTT",
70918,"ANDA",,"HOSPIRA",
70920,"ANDA",,"MYLAN",
70921,"ANDA",,"QUANTUM PHARMICS",
70923,"ANDA",,"FRONTIDA BIOPHARM",
70924,"ANDA",,"FRONTIDA BIOPHARM",
70925,"ANDA",,"FRONTIDA BIOPHARM",
70926,"ANDA",,"SUPERPHARM",
70928,"ANDA",,"WEST-WARD PHARMS INT",
70929,"ANDA",,"ACTAVIS LABS FL INC",
70930,"ANDA",,"WATSON LABS",
70931,"ANDA",,"QUANTUM PHARMICS",
70932,"ANDA",,"QUANTUM PHARMICS",
70935,"ANDA",,"IVAX SUB TEVA PHARMS",
70936,"ANDA",,"IVAX SUB TEVA PHARMS",
70937,"ANDA",,"IVAX SUB TEVA PHARMS",
70938,"ANDA",,"IVAX SUB TEVA PHARMS",
70939,"ANDA",,"IVAX SUB TEVA PHARMS",
70940,"ANDA",,"SUPERPHARM",
70941,"ANDA",,"SUPERPHARM",
70942,"ANDA",,"QUANTUM PHARMICS",
70943,"ANDA",,"IVAX SUB TEVA PHARMS",
70944,"ANDA",,"IVAX SUB TEVA PHARMS",
70945,"ANDA",,"IVAX SUB TEVA PHARMS",
70947,"ANDA",,"MYLAN",
70949,"ANDA",,"MORTON GROVE",
70950,"ANDA",,"SUPERPHARM",
70951,"ANDA",,"SUPERPHARM",
70952,"ANDA",,"WATSON LABS",
70953,"ANDA",,"WATSON LABS",
70954,"ANDA",,"WATSON LABS",
70955,"ANDA",,"WATSON LABS",
70956,"ANDA",,"HALSEY",
70958,"ANDA",,"WATSON LABS",
70959,"ANDA",,"WATSON LABS",
70960,"ANDA",,"WATSON LABS",
70962,"ANDA",,"ABRAXIS PHARM",
70963,"ANDA",,"WATSON LABS",
70964,"ANDA",,"WATSON LABS",
70965,"ANDA",,"WATSON LABS",
70966,"ANDA",,"FRESENIUS KABI USA",
70967,"ANDA",,"FRESENIUS KABI USA",
70968,"ANDA",,"FRESENIUS KABI USA",
70969,"ANDA",,"ALPHARMA US PHARMS",
70972,"ANDA",,"QUANTUM PHARMICS",
70973,"ANDA",,"QUANTUM PHARMICS",
70974,"ANDA",,"ACTAVIS ELIZABETH",
70975,"ANDA",,"ACTAVIS ELIZABETH",
70976,"ANDA",,"ACTAVIS ELIZABETH",
70979,"ANDA",,"WEST-WARD PHARMS INT",
70980,"ANDA",,"NESHER PHARMS",
70981,"ANDA",,"WATSON LABS",
70982,"ANDA",,"WATSON LABS",
70983,"ANDA",,"WATSON LABS",
70984,"ANDA",,"WATSON LABS",
70985,"ANDA",,"MERRO PHARM",
70986,"ANDA",,"PAR PHARM",
70987,"ANDA",,"HALSEY",
70990,"ANDA",,"ABRAXIS PHARM",
70992,"ANDA",,"ABRAXIS PHARM",
70993,"ANDA",,"ABRAXIS PHARM",
70994,"ANDA",,"WATSON LABS",
70995,"ANDA",,"WATSON LABS",
70996,"ANDA",,"HALSEY",
70998,"ANDA",,"FUTURE PAK",
70999,"ANDA",,"FUTURE PAK",
71000,"ANDA",,"SOLVAY",
71001,"ANDA",,"BAYER",
71002,"ANDA",,"BAYER",
71006,"ANDA",,"DURAMED PHARMS BARR",
71007,"ANDA",,"USL PHARMA",
71008,"ANDA",,"USL PHARMA",
71009,"ANDA",,"DURAMED PHARMS BARR",
71010,"ANDA",,"ACINO PRODS",
71011,"ANDA",,"ACINO PRODS",
71012,"ANDA",,"ACTAVIS MID ATLANTIC",
71013,"ANDA",,"USL PHARMA",
71014,"ANDA",,"USL PHARMA",
71015,"ANDA",,"TEVA",
71017,"ANDA",,"SUN PHARM INDUSTRIES",
71018,"ANDA",,"ASTRAZENECA",
71019,"ANDA",,"ACTAVIS ELIZABETH",
71022,"ANDA",,"QUAD PHARMS",
71023,"ANDA",,"QUAD PHARMS",
71024,"ANDA",,"QUAD PHARMS",
71026,"ANDA",,"ANDA REPOSITORY",
71027,"ANDA",,"HALSEY",
71028,"ANDA",,"HALSEY",
71029,"ANDA",,"HALSEY",
71030,"ANDA",,"HALSEY",
71038,"ANDA",,"WARNER CHILCOTT",
71039,"ANDA",,"WARNER CHILCOTT",
71041,"ANDA",,"WATSON LABS TEVA",
71042,"ANDA",,"WATSON LABS",
71043,"ANDA",,"WATSON LABS",
71044,"ANDA",,"WATSON LABS TEVA",
71050,"ANDA",,"FRESENIUS KABI USA",
71051,"ANDA",,"FRESENIUS KABI USA",
71052,"ANDA",,"FRESENIUS KABI USA",
71053,"ANDA",,"FRESENIUS KABI USA",
71054,"ANDA",,"ALRA",
71055,"ANDA",,"QUAD PHARMS",
71056,"ANDA",,"QUAD PHARMS",
71057,"ANDA",,"ALRA",
71058,"ANDA",,"ALRA",
71059,"ANDA",,"ALRA",
71060,"ANDA",,"YAOPHARMA CO LTD",
71061,"ANDA",,"YAOPHARMA CO LTD",
71062,"ANDA",,"FOSUN PHARMA",
71063,"ANDA",,"FOSUN PHARMA",
71064,"ANDA",,"FOSUN PHARMA",
71065,"ANDA",,"LEDERLE",
71067,"ANDA",,"TEVA",
71068,"ANDA",,"WATSON LABS",
71069,"ANDA",,"WATSON LABS",
71071,"ANDA",,"PUREPAC PHARM",
71072,"ANDA",,"PUREPAC PHARM",
71073,"ANDA",,"PUREPAC PHARM",
71074,"ANDA",,"PUREPAC PHARM",
71075,"ANDA",,"PUREPAC PHARM",
71076,"ANDA",,"PUREPAC PHARM",
71077,"ANDA",,"SUN PHARM INDUSTRIES",
71078,"ANDA",,"SUN PHARM INDUSTRIES",
71079,"ANDA",,"SUN PHARM INDUSTRIES",
71081,"ANDA",,"MYLAN",
71082,"ANDA",,"QUAD PHARMS",
71083,"ANDA",,"BRISTOL MYERS SQUIBB",
71084,"ANDA",,"BRISTOL MYERS SQUIBB",
71085,"ANDA",,"ALPHARMA US PHARMS",
71086,"ANDA",,"WATSON LABS",
71087,"ANDA",,"WATSON LABS",
71088,"ANDA",,"WATSON LABS",
71093,"ANDA",,"MYLAN",
71094,"ANDA",,"QUAD PHARMS",
71095,"ANDA",,"QUAD PHARMS",
71098,"ANDA",,"WATSON LABS",
71101,"ANDA",,"DURAMED PHARMS BARR",
71102,"ANDA",,"DURAMED PHARMS BARR",
71103,"ANDA",,"DURAMED PHARMS BARR",
71104,"ANDA",,"XANODYNE PHARM",
71105,"ANDA",,"TEVA",
71106,"ANDA",,"TEVA",
71107,"ANDA",,"HIKMA INTL PHARMS",
71108,"ANDA",,"HIKMA PHARMS",
71110,"ANDA",,"WATSON LABS",
71111,"ANDA",,"BARR",
71112,"ANDA",,"WATSON LABS",
71113,"ANDA",,"WATSON LABS",
71117,"ANDA",,"WATSON LABS",
71118,"ANDA",,"WATSON LABS",
71122,"ANDA",,"PUREPAC PHARM",
71123,"ANDA",,"PUREPAC PHARM",
71124,"ANDA",,"PUREPAC PHARM",
71125,"ANDA",,"PUREPAC PHARM",
71126,"ANDA",,"DURAMED PHARMS BARR",
71127,"ANDA",,"DURAMED PHARMS BARR",
71128,"ANDA",,"CYCLE PHARMS LTD",
71129,"ANDA",,"CYCLE PHARMS LTD",
71130,"ANDA",,"CYCLE PHARMS LTD",
71131,"ANDA",,"CYCLE PHARMS LTD",
71132,"ANDA",,"CYCLE PHARMS LTD",
71133,"ANDA",,"CYCLE PHARMS LTD",
71134,"ANDA",,"MAYNE PHARMA",
71135,"ANDA",,"MAYNE PHARMA",
71136,"ANDA",,"MAYNE PHARMA",
71139,"ANDA",,"AM THERAP",
71140,"ANDA",,"AM THERAP",
71141,"ANDA",,"SANDOZ",
71142,"ANDA",,"PAR PHARM",
71143,"ANDA",,"TARO",
71144,"ANDA",,"ANI PHARMS INC",
71145,"ANDA",,"IVAX SUB TEVA PHARMS",
71146,"ANDA",,"IVAX SUB TEVA PHARMS",
71148,"ANDA",,"PLIVA",
71149,"ANDA",,"PLIVA",
71151,"ANDA",,"ASTRAZENECA",
71152,"ANDA",,"ASTRAZENECA",
71153,"ANDA",,"ASTRAZENECA",
71154,"ANDA",,"IVAX SUB TEVA PHARMS",
71156,"ANDA",,"ANDA REPOSITORY",
71157,"ANDA",,"ANDA REPOSITORY",
71159,"ANDA",,"SANOFI AVENTIS US",
71163,"ANDA",,"OHM",
71165,"ANDA",,"HOSPIRA",
71166,"ANDA",,"HOSPIRA",
71167,"ANDA",,"HOSPIRA",
71168,"ANDA",,"HOSPIRA",
71169,"ANDA",,"HOSPIRA",
71170,"ANDA",,"HOSPIRA",
71171,"ANDA",,"HOSPIRA",
71172,"ANDA",,"ANDA REPOSITORY",
71173,"ANDA",,"ANDA REPOSITORY",
71174,"ANDA",,"SUN PHARM INDUSTRIES",
71175,"ANDA",,"SUN PHARM INDUSTRIES",
71177,"ANDA",,"ANDA REPOSITORY",
71178,"ANDA",,"PAR PHARM",
71179,"ANDA",,"PAR PHARM",
71181,"ANDA",,"QUAD PHARMS",
71183,"ANDA",,"WATSON LABS",
71184,"ANDA",,"TEVA",
71187,"ANDA",,"ABRAXIS PHARM",
71188,"ANDA",,"ABRAXIS PHARM",
71189,"ANDA",,"ABRAXIS PHARM",
71190,"ANDA",,"INTERPHARM",
71191,"ANDA",,"INTERPHARM",
71192,"ANDA",,"LUITPOLD",
71193,"ANDA",,"SANDOZ",
71194,"ANDA",,"SANDOZ",
71195,"ANDA",,"SANDOZ",
71196,"ANDA",,"APOTEX INC",
71198,"ANDA",,"BARR",
71199,"ANDA",,"BARR",
71200,"ANDA",,"NESHER PHARMS",
71202,"ANDA",,"FRESENIUS KABI USA",
71203,"ANDA",,"ABRAXIS PHARM",
71205,"ANDA",,"WATSON LABS",
71206,"ANDA",,"SANDOZ",
71207,"ANDA",,"SANDOZ",
71208,"ANDA",,"SANDOZ",
71209,"ANDA",,"SANDOZ",
71210,"ANDA",,"SANDOZ",
71211,"ANDA",,"SANDOZ",
71212,"ANDA",,"ANDA REPOSITORY",
71213,"ANDA",,"INTERPHARM",
71214,"ANDA",,"OHM LABS",
71215,"ANDA",,"MCNEIL",
71216,"ANDA",,"DURAMED PHARMS BARR",
71217,"ANDA",,"DURAMED PHARMS BARR",
71218,"ANDA",,"DURAMED PHARMS BARR",
71219,"ANDA",,"DURAMED PHARMS BARR",
71220,"ANDA",,"DURAMED PHARMS BARR",
71221,"ANDA",,"DURAMED PHARMS BARR",
71222,"ANDA",,"QUAD PHARMS",
71223,"ANDA",,"QUAD PHARMS",
71229,"ANDA",,"VINTAGE PHARMS",
71230,"ANDA",,"VINTAGE PHARMS",
71231,"ANDA",,"VINTAGE PHARMS",
71232,"ANDA",,"VINTAGE PHARMS",
71233,"ANDA",,"VINTAGE",
71234,"ANDA",,"VINTAGE",
71235,"ANDA",,"VINTAGE",
71236,"ANDA",,"VINTAGE",
71237,"ANDA",,"VINTAGE",
71238,"ANDA",,"WATSON LABS",
71239,"ANDA",,"WATSON LABS",
71242,"ANDA",,"USL PHARMA",
71243,"ANDA",,"USL PHARMA",
71244,"ANDA",,"USL PHARMA",
71245,"ANDA",,"SUPERPHARM",
71246,"ANDA",,"SUPERPHARM",
71247,"ANDA",,"SUPERPHARM",
71248,"ANDA",,"QUAD PHARMS",
71249,"ANDA",,"QUAD PHARMS",
71250,"ANDA",,"IMPAX LABS INC",
71251,"ANDA",,"APOTEX INC",
71252,"ANDA",,"INTERPHARM",
71253,"ANDA",,"INTERPHARM",
71254,"ANDA",,"INTERPHARM",
71255,"ANDA",,"QUANTUM PHARMICS",
71256,"ANDA",,"QUANTUM PHARMICS",
71257,"ANDA",,"QUANTUM PHARMICS",
71258,"ANDA",,"APOTEX",
71259,"ANDA",,"TEVA",
71260,"ANDA",,"USL PHARMA",
71261,"ANDA",,"USL PHARMA",
71264,"ANDA",,"ABBOTT",
71265,"ANDA",,"CONTRACT PHARMACAL",
71266,"ANDA",,"LEINER",
71267,"ANDA",,"CONTRACT PHARMACAL",
71268,"ANDA",,"CONTRACT PHARMACAL",
71269,"ANDA",,"QUANTUM PHARMICS",
71270,"ANDA",,"INTERPHARM",
71271,"ANDA",,"INTERPHARM",
71272,"ANDA",,"EUROHLTH INTL SARL",
71273,"ANDA",,"EUROHLTH INTL SARL",
71274,"ANDA",,"EUROHLTH INTL SARL",
71275,"ANDA",,"ASTRAZENECA",
71278,"ANDA",,"E Z EM",
71279,"ANDA",,"LUITPOLD",
71283,"ANDA",,"USL PHARMA",
71284,"ANDA",,"USL PHARMA",
71285,"ANDA",,"USL PHARMA",
71287,"ANDA",,"EUROHLTH INTL SARL",
71288,"ANDA",,"PAR PHARM",
71291,"ANDA",,"HOSPIRA",
71292,"ANDA",,"PERRIGO",
71293,"ANDA",,"SANDOZ",
71295,"ANDA",,"ABBVIE",
71296,"ANDA",,"MYLAN",
71297,"ANDA",,"MYLAN PHARMS INC",
71298,"ANDA",,"ABRAXIS PHARM",
71299,"ANDA",,"INTERPHARM",
71300,"ANDA",,"INTERPHARM",
71307,"ANDA",,"IVAX SUB TEVA PHARMS",
71308,"ANDA",,"WEST-WARD PHARMS INT",
71309,"ANDA",,"WEST-WARD PHARMS INT",
71310,"ANDA",,"WEST-WARD PHARMS INT",
71311,"ANDA",,"BRISTOL MYERS SQUIBB",
71315,"ANDA",,"TEVA",
71319,"ANDA",,"SUPERPHARM",
71320,"ANDA",,"DYNAPHARM",
71321,"ANDA",,"IVAX SUB TEVA PHARMS",
71322,"ANDA",,"IVAX SUB TEVA PHARMS",
71325,"ANDA",,"MYLAN",
71326,"ANDA",,"WATSON LABS",
71327,"ANDA",,"DURAMED PHARMS BARR",
71328,"ANDA",,"PAR PHARM",
71331,"ANDA",,"ALRA",
71333,"ANDA",,"AMNEAL PHARMS NY",
71334,"ANDA",,"AMNEAL PHARMS NY",
71335,"ANDA",,"AMNEAL PHARMS NY",
71338,"ANDA",,"WATSON LABS",
71339,"ANDA",,"WATSON LABS",
71340,"ANDA",,"ACTAVIS MID ATLANTIC",
71341,"ANDA",,"QUAD PHARMS",
71342,"ANDA",,"TEVA",
71343,"ANDA",,"TEVA",
71344,"ANDA",,"WATSON LABS",
71345,"ANDA",,"WATSON LABS",
71355,"ANDA",,"USL PHARMA",
71357,"ANDA",,"SUN PHARM INDUSTRIES",
71358,"ANDA",,"SUN PHARM INDUSTRIES",
71359,"ANDA",,"SUN PHARM INDUSTRIES",
71362,"ANDA",,"AM THERAP",
71363,"ANDA",,"AM THERAP",
71364,"ANDA",,"HOSPIRA",
71365,"ANDA",,"HOSPIRA",
71366,"ANDA",,"WATSON LABS",
71367,"ANDA",,"WATSON LABS",
71368,"ANDA",,"INTERPHARM",
71369,"ANDA",,"INTERPHARM",
71370,"ANDA",,"INTERPHARM",
71371,"ANDA",,"INTERPHARM",
71374,"ANDA",,"WATSON LABS",
71375,"ANDA",,"WATSON LABS",
71376,"ANDA",,"WATSON LABS",
71379,"ANDA",,"WATSON LABS",
71380,"ANDA",,"QUANTUM PHARMICS",
71381,"ANDA",,"QUANTUM PHARMICS",
71382,"ANDA",,"WATSON LABS",
71383,"ANDA",,"TARO",
71388,"ANDA",,"ROXANE",
71402,"ANDA",,"ANI PHARMS",
71405,"ANDA",,"MYLAN",
71406,"ANDA",,"MYLAN",
71412,"ANDA",,"CYCLE PHARMS LTD",
71413,"ANDA",,"FRESENIUS KABI USA",
71415,"ANDA",,"WEST-WARD PHARMS INT",
71419,"ANDA",,"SOAPCO",
71422,"ANDA",,"PAR PHARM",
71423,"ANDA",,"YAOPHARMA CO LTD",
71424,"ANDA",,"YAOPHARMA CO LTD",
71425,"ANDA",,"GALDERMA LABS LP",
71426,"ANDA",,"TEVA PARENTERAL",
71427,"ANDA",,"SANDOZ",
71428,"ANDA",,"SANDOZ",
71429,"ANDA",,"AM THERAP",
71430,"ANDA",,"AM THERAP",
71431,"ANDA",,"AM THERAP",
71434,"ANDA",,"HALSEY",
71435,"ANDA",,"HALSEY",
71436,"ANDA",,"HALSEY",
71437,"ANDA",,"PAR PHARM",
71438,"ANDA",,"HOSPIRA",
71439,"ANDA",,"WEST-WARD PHARMS INT",
71442,"ANDA",,"MYLAN",
71443,"ANDA",,"MYLAN",
71446,"ANDA",,"WATSON LABS",
71447,"ANDA",,"WATSON LABS",
71448,"ANDA",,"SUN PHARM INDUSTRIES",
71450,"ANDA",,"SUN PHARM INDUSTRIES",
71455,"ANDA",,"KV PHARM",
71456,"ANDA",,"NOVEL LABS INC",
71457,"ANDA",,"NOVEL LABS INC",
71458,"ANDA",,"IVAX SUB TEVA PHARMS",
71459,"ANDA",,"IVAX SUB TEVA PHARMS",
71460,"ANDA",,"IVAX SUB TEVA PHARMS",
71461,"ANDA",,"IVAX SUB TEVA PHARMS",
71462,"ANDA",,"SUN PHARM INDUSTRIES",
71467,"ANDA",,"G AND W LABS INC",
71468,"ANDA",,"WATSON LABS",
71469,"ANDA",,"WATSON LABS TEVA",
71471,"ANDA",,"WEST-WARD PHARMS INT",
71472,"ANDA",,"WEST-WARD PHARMS INT",
71476,"ANDA",,"TEVA",
71477,"ANDA",,"TEVA",
71478,"ANDA",,"PERRIGO NEW YORK",
71479,"ANDA",,"PLIVA",
71480,"ANDA",,"WATSON PHARMS TEVA",
71481,"ANDA",,"WATSON LABS",
71483,"ANDA",,"MYLAN",
71484,"ANDA",,"HOSPIRA",
71485,"ANDA",,"WATSON LABS",
71486,"ANDA",,"WATSON LABS",
71487,"ANDA",,"SANDOZ",
71489,"ANDA",,"SUN PHARM INDUSTRIES",
71492,"ANDA",,"LUITPOLD",
71494,"ANDA",,"WATSON LABS",
71495,"ANDA",,"DAVA PHARMS INC",
71496,"ANDA",,"DAVA PHARMS INC",
71498,"ANDA",,"WATSON LABS",
71500,"ANDA",,"TARO",
71501,"ANDA",,"WATSON LABS",
71502,"ANDA",,"SUN PHARM INDUSTRIES",
71508,"ANDA",,"PARKE DAVIS",
71509,"ANDA",,"MYLAN",
71510,"ANDA",,"MYLAN",
71511,"ANDA",,"MYLAN",
71514,"ANDA",,"ALVOGEN",
71515,"ANDA",,"SUPERPHARM",
71516,"ANDA",,"SUPERPHARM",
71517,"ANDA",,"SUPERPHARM",
71518,"ANDA",,"SUPERPHARM",
71519,"ANDA",,"ABRAXIS PHARM",
71521,"ANDA",,"SUN PHARM INDUSTRIES",
71522,"ANDA",,"QUANTUM PHARMICS",
71523,"ANDA",,"TEVA PHARMS USA",
71524,"ANDA",,"TEVA PHARMS USA",
71525,"ANDA",,"PLIVA",
71529,"ANDA",,"SANDOZ",
71530,"ANDA",,"SANDOZ",
71534,"ANDA",,"QUANTUM PHARMICS",
71535,"ANDA",,"G AND W LABS INC",
71536,"ANDA",,"SUN PHARM INDUSTRIES",
71537,"ANDA",,"USL PHARMA",
71539,"ANDA",,"WATSON LABS",
71540,"ANDA",,"WATSON LABS",
71541,"ANDA",,"LPI",
71542,"ANDA",,"LPI",
71545,"ANDA",,"ORTHO MCNEIL PHARM",
71546,"ANDA",,"ORTHO MCNEIL PHARM",
71547,"ANDA",,"WATSON LABS",
71548,"ANDA",,"ACTAVIS MID ATLANTIC",
71549,"ANDA",,"QUANTUM PHARMICS",
71550,"ANDA",,"QUANTUM PHARMICS",
71551,"ANDA",,"PUREPAC PHARM",
71552,"ANDA",,"IVAX SUB TEVA PHARMS",
71553,"ANDA",,"IVAX SUB TEVA PHARMS",
71554,"ANDA",,"TEVA PHARMS",
71555,"ANDA",,"ABBOTT",
71556,"ANDA",,"WATSON LABS",
71558,"ANDA",,"WATSON LABS",
71559,"ANDA",,"HOSPIRA",
71560,"ANDA",,"HOSPIRA",
71561,"ANDA",,"HOSPIRA",
71562,"ANDA",,"SANDOZ",
71563,"ANDA",,"QUAD PHARMS",
71569,"ANDA",,"AM THERAP",
71571,"ANDA",,"WATSON LABS",
71572,"ANDA",,"WATSON LABS",
71573,"ANDA",,"WATSON LABS",
71575,"ANDA",,"PAR PHARM",
71583,"ANDA",,"HOSPIRA",
71584,"ANDA",,"HOSPIRA",
71586,"ANDA",,"DR REDDYS LA",
71587,"ANDA",,"DR REDDYS LA",
71588,"ANDA",,"ACTAVIS TOTOWA",
71591,"ANDA",,"MYLAN",
71594,"ANDA",,"WATSON LABS",
71595,"ANDA",,"PAR PHARM",
71598,"ANDA",,"PAR PHARM",
71600,"ANDA",,"PAR PHARM",
71601,"ANDA",,"ACTAVIS TOTOWA",
71602,"ANDA",,"ACTAVIS TOTOWA",
71603,"ANDA",,"WATSON LABS",
71604,"ANDA",,"ABRAXIS PHARM",
71608,"ANDA",,"PAR PHARM",
71609,"ANDA",,"TEVA PHARMS",
71611,"ANDA",,"ACTAVIS LABS FL INC",
71613,"ANDA",,"WARNER CHILCOTT",
71614,"ANDA",,"WARNER CHILCOTT",
71617,"ANDA",,"TEVA PHARMS",
71618,"ANDA",,"HOSPIRA",
71619,"ANDA",,"HOSPIRA",
71620,"ANDA",,"ACTAVIS ELIZABETH",
71621,"ANDA",,"PARKE DAVIS",
71626,"ANDA",,"WATSON LABS",
71627,"ANDA",,"WATSON LABS",
71628,"ANDA",,"WATSON LABS",
71633,"ANDA",,"YAOPHARMA CO LTD",
71635,"ANDA",,"WATSON LABS",
71636,"ANDA",,"ALVOGEN",
71639,"ANDA",,"VINTAGE PHARMS",
71640,"ANDA",,"WATSON LABS",
71641,"ANDA",,"WATSON LABS",
71644,"ANDA",,"VINTAGE PHARMS",
71645,"ANDA",,"HOSPIRA",
71653,"ANDA",,"SUN PHARM INDUSTRIES",
71654,"ANDA",,"SUN PHARM INDUSTRIES",
71655,"ANDA",,"TEVA PHARMS USA",
71656,"ANDA",,"MORTON GROVE",
71658,"ANDA",,"SANDOZ",
71659,"ANDA",,"SUPERPHARM",
71660,"ANDA",,"SUPERPHARM",
71664,"ANDA",,"PUREPAC PHARM",
71665,"ANDA",,"PACO",
71666,"ANDA",,"PLIVA",
71667,"ANDA",,"PLIVA",
71668,"ANDA",,"PLIVA",
71669,"ANDA",,"PAR PHARM",
71671,"ANDA",,"SMITH AND NEPHEW",
71672,"ANDA",,"SOLOPAK",
71673,"ANDA",,"DAVA PHARMS INC",
71674,"ANDA",,"DAVA PHARMS INC",
71675,"ANDA",,"DAVA PHARMS INC",
71676,"ANDA",,"DAVA PHARMS INC",
71681,"ANDA",,"SMITH AND NEPHEW",
71682,"ANDA",,"SMITH AND NEPHEW",
71683,"ANDA",,"SOLOPAK",
71684,"ANDA",,"VITARINE",
71685,"ANDA",,"DAVA PHARMS INC",
71686,"ANDA",,"DAVA PHARMS INC",
71687,"ANDA",,"SANDOZ",
71688,"ANDA",,"SANDOZ",
71689,"ANDA",,"SANDOZ",
71696,"ANDA",,"ACTAVIS ELIZABETH",
71697,"ANDA",,"PAR PHARM",
71700,"ANDA",,"YAOPHARMA CO LTD",
71702,"ANDA",,"QUANTUM PHARMICS",
71708,"ANDA",,"DURAMED PHARMS BARR",
71709,"ANDA",,"DURAMED PHARMS BARR",
71710,"ANDA",,"VITARINE",
71713,"ANDA",,"MYLAN",
71714,"ANDA",,"MYLAN",
71715,"ANDA",,"MYLAN",
71717,"ANDA",,"AUROLIFE PHARMA LLC",
71722,"ANDA",,"ROYCE LABS",
71723,"ANDA",,"ROYCE LABS",
71724,"ANDA",,"ROYCE LABS",
71725,"ANDA",,"ROYCE LABS",
71726,"ANDA",,"NEPHRON",
71727,"ANDA",,"GD SEARLE LLC",
71728,"ANDA",,"GD SEARLE LLC",
71729,"ANDA",,"GD SEARLE LLC",
71730,"ANDA",,"QUANTUM PHARMICS",
71731,"ANDA",,"QUANTUM PHARMICS",
71732,"ANDA",,"CONTRACT PHARMACAL",
71735,"ANDA",,"CONTRACT PHARMACAL",
71737,"ANDA",,"VITARINE",
71738,"ANDA",,"QUANTUM PHARMICS",
71739,"ANDA",,"PARKE DAVIS",
71740,"ANDA",,"QUAD PHARMS",
71741,"ANDA",,"QUAD PHARMS",
71742,"ANDA",,"DAVA PHARMS INC",
71743,"ANDA",,"DAVA PHARMS INC",
71744,"ANDA",,"DAVA PHARMS INC",
71745,"ANDA",,"TEVA PHARMS",
71747,"ANDA",,"AM THERAP",
71748,"ANDA",,"AM THERAP",
71749,"ANDA",,"AM THERAP",
71750,"ANDA",,"SMITH AND NEPHEW",
71751,"ANDA",,"HALSEY",
71752,"ANDA",,"HALSEY",
71753,"ANDA",,"HALSEY",
71754,"ANDA",,"SOLOPAK",
71755,"ANDA",,"SOLOPAK",
71756,"ANDA",,"SANDOZ",
71763,"ANDA",,"WATSON LABS",
71764,"ANDA",,"WATSON LABS",
71765,"ANDA",,"WATSON LABS",
71766,"ANDA",,"ACTAVIS TOTOWA",
71767,"ANDA",,"WARNER CHILCOTT",
71768,"ANDA",,"WARNER CHILCOTT",
71769,"ANDA",,"IVAX SUB TEVA PHARMS",
71771,"ANDA",,"WARNER CHILCOTT",
71772,"ANDA",,"WARNER CHILCOTT",
71773,"ANDA",,"PLIVA",
71774,"ANDA",,"WARNER CHILCOTT",
71775,"ANDA",,"WARNER CHILCOTT",
71776,"ANDA",,"WARNER CHILCOTT",
71777,"ANDA",,"ABLE",
71778,"ANDA",,"ABLE",
71779,"ANDA",,"ABLE",
71780,"ANDA",,"ABLE",
71781,"ANDA",,"ABLE",
71782,"ANDA",,"ABLE",
71785,"ANDA",,"CHARTWELL MOLECULES",
71786,"ANDA",,"MYLAN SPECIALITY LP",
71787,"ANDA",,"ALRA",
71788,"ANDA",,"ALRA",
71789,"ANDA",,"ALRA",
71790,"ANDA",,"PERRIGO NEW YORK",
71791,"ANDA",,"WATSON LABS",
71792,"ANDA",,"WATSON LABS",
71793,"ANDA",,"GUARDIAN DRUG",
71795,"ANDA",,"WATSON LABS",
71796,"ANDA",,"ROYCE LABS",
71798,"ANDA",,"KV PHARM",
71799,"ANDA",,"ROYCE LABS",
71803,"ANDA",,"ANI PHARMS INC",
71805,"ANDA",,"DEY",
71806,"ANDA",,"DEY",
71807,"ANDA",,"SANDOZ",
71808,"ANDA",,"HALSEY",
71809,"ANDA",,"HALSEY",
71810,"ANDA",,"HOSPIRA",
71811,"ANDA",,"MARSAM PHARMS LLC",
71812,"ANDA",,"MARSAM PHARMS LLC",
71813,"ANDA",,"SANDOZ",
71814,"ANDA",,"SANDOZ",
71815,"ANDA",,"SHIONOGI",
71816,"ANDA",,"SHIONOGI",
71819,"ANDA",,"TEVA",
71820,"ANDA",,"TEVA",
71821,"ANDA",,"TEVA",
71822,"ANDA",,"TEVA",
71826,"ANDA",,"PAR PHARM",
71828,"ANDA",,"WARNER CHILCOTT",
71829,"ANDA",,"WARNER CHILCOTT",
71830,"ANDA",,"WARNER CHILCOTT",
71839,"ANDA",,"PAR PHARM",
71841,"ANDA",,"MORTON GROVE",
71842,"ANDA",,"MORTON GROVE",
71846,"ANDA",,"HOSPIRA",
71847,"ANDA",,"HOSPIRA",
71848,"ANDA",,"HOSPIRA",
71849,"ANDA",,"HOSPIRA",
71850,"ANDA",,"HOSPIRA",
71851,"ANDA",,"WATSON LABS",
71852,"ANDA",,"WATSON LABS",
71853,"ANDA",,"WATSON LABS",
71854,"ANDA",,"WATSON LABS",
71855,"ANDA",,"NEPHRON",
71857,"ANDA",,"MYLAN",
71858,"ANDA",,"MYLAN",
71860,"ANDA",,"WATSON LABS",
71862,"ANDA",,"FOSUN PHARMA",
71863,"ANDA",,"FOSUN PHARMA",
71864,"ANDA",,"USL PHARMA",
71865,"ANDA",,"USL PHARMA",
71866,"ANDA",,"USL PHARMA",
71867,"ANDA",,"USL PHARMA",
71868,"ANDA",,"HOSPIRA",
71870,"ANDA",,"MYLAN",
71878,"ANDA",,"WATSON LABS",
71879,"ANDA",,"WATSON LABS",
71881,"ANDA",,"HERITAGE PHARMS INC",
71882,"ANDA",,"G AND W LABS INC",
71883,"ANDA",,"TEVA PHARMS",
71884,"ANDA",,"AM THERAP",
71885,"ANDA",,"AM THERAP",
71886,"ANDA",,"AM THERAP",
71887,"ANDA",,"AM THERAP",
71891,"ANDA",,"WATSON LABS",
71893,"ANDA",,"WATSON LABS TEVA",
71894,"ANDA",,"WATSON LABS TEVA",
71897,"ANDA",,"PARKE DAVIS",
71898,"ANDA",,"PARKE DAVIS",
71899,"ANDA",,"PARKE DAVIS",
71900,"ANDA",,"PARKE DAVIS",
71905,"ANDA",,"WATSON LABS",
71908,"ANDA",,"QUAD PHARMS",
71909,"ANDA",,"MALLINKRODT NUCLEAR",
71910,"ANDA",,"MALLINKRODT NUCLEAR",
71911,"ANDA",,"WATSON LABS",
71917,"ANDA",,"PACO",
71918,"ANDA",,"WOCKHARDT BIO AG",
71919,"ANDA",,"WATSON LABS",
71920,"ANDA",,"WATSON LABS",
71921,"ANDA",,"WATSON LABS",
71922,"ANDA",,"WATSON LABS",
71923,"ANDA",,"WATSON LABS",
71924,"ANDA",,"PUREPAC PHARM",
71925,"ANDA",,"PUREPAC PHARM",
71926,"ANDA",,"PUREPAC PHARM",
71927,"ANDA",,"PUREPAC PHARM",
71935,"ANDA",,"AMNEAL PHARMS NY",
71936,"ANDA",,"WATSON LABS",
71937,"ANDA",,"QUAD PHARMS",
71938,"ANDA",,"AUROLIFE PHARMA LLC",
71939,"ANDA",,"PACO",
71940,"ANDA",,"JUBILANT CADISTA",
71941,"ANDA",,"QUAD PHARMS",
71942,"ANDA",,"QUAD PHARMS",
71943,"ANDA",,"WATSON LABS",
71944,"ANDA",,"WATSON LABS",
71945,"ANDA",,"WATSON LABS",
71949,"ANDA",,"QUAD PHARMS",
71950,"ANDA",,"QUAD PHARMS",
71951,"ANDA",,"QUAD PHARMS",
71955,"ANDA",,"AM THERAP",
71956,"ANDA",,"AM THERAP",
71957,"ANDA",,"AM THERAP",
71961,"ANDA",,"HOSPIRA",
71962,"ANDA",,"XANODYNE PHARM",
71964,"ANDA",,"PUREPAC PHARM",
71965,"ANDA",,"ALRA",
71969,"ANDA",,"WATSON LABS",
71972,"ANDA",,"IMPAX LABS INC",
71976,"ANDA",,"IMPAX LABS INC",
71977,"ANDA",,"ANI PHARMS INC",
71980,"ANDA",,"QUANTUM PHARMICS",
71981,"ANDA",,"HOSPIRA",
71982,"ANDA",,"HOSPIRA",
71984,"ANDA",,"MORTON GROVE",
71985,"ANDA",,"MORTON GROVE",
71990,"ANDA",,"HOSPIRA",
71994,"ANDA",,"IVAX SUB TEVA PHARMS",
71995,"ANDA",,"TEVA PHARMS",
71999,"ANDA",,"MYLAN",
72001,"ANDA",,"USL PHARMA",
72002,"ANDA",,"USL PHARMA",
72003,"ANDA",,"USL PHARMA",
72004,"ANDA",,"VINTAGE PHARMS",
72011,"ANDA",,"SANDOZ",
72013,"ANDA",,"LEDERLE",
72014,"ANDA",,"LEDERLE",
72015,"ANDA",,"LEDERLE",
72018,"ANDA",,"ASTRAZENECA",
72019,"ANDA",,"IGI LABS INC",
72020,"ANDA",,"IGI LABS INC",
72021,"ANDA",,"IGI LABS INC",
72022,"ANDA",,"AM THERAP",
72023,"ANDA",,"MURO",
72024,"ANDA",,"PAR PHARM",
72025,"ANDA",,"PAR PHARM",
72026,"ANDA",,"ASTRAZENECA",
72027,"ANDA",,"ASTRAZENECA",
72028,"ANDA",,"ASTRAZENECA",
72029,"ANDA",,"PACO",
72034,"ANDA",,"LUITPOLD",
72035,"ANDA",,"BRISTOL MYERS",
72036,"ANDA",,"BRISTOL MYERS",
72038,"ANDA",,"ROXANE",
72040,"ANDA",,"IVAX SUB TEVA PHARMS",
72041,"ANDA",,"TARO",
72042,"ANDA",,"ANI PHARMS INC",
72043,"ANDA",,"ANI PHARMS INC",
72045,"ANDA",,"CYCLE PHARMS LTD",
72050,"ANDA",,"SUN PHARM INDUSTRIES",
72051,"ANDA",,"SUN PHARM INDUSTRIES",
72052,"ANDA",,"WATSON LABS TEVA",
72053,"ANDA",,"WATSON LABS",
72054,"ANDA",,"AM THERAP",
72055,"ANDA",,"AM THERAP",
72058,"ANDA",,"ELKINS SINN",
72059,"ANDA",,"ELKINS SINN",
72060,"ANDA",,"ELKINS SINN",
72061,"ANDA",,"WATSON LABS",
72062,"ANDA",,"WATSON LABS",
72063,"ANDA",,"IVAX SUB TEVA PHARMS",
72064,"ANDA",,"SANDOZ",
72065,"ANDA",,"SANDOZ",
72066,"ANDA",,"IVAX SUB TEVA PHARMS",
72067,"ANDA",,"IVAX SUB TEVA PHARMS",
72068,"ANDA",,"IVAX SUB TEVA PHARMS",
72069,"ANDA",,"IVAX SUB TEVA PHARMS",
72070,"ANDA",,"IGI LABS INC",
72071,"ANDA",,"IGI LABS INC",
72072,"ANDA",,"IGI LABS INC",
72073,"ANDA",,"IGI LABS INC",
72074,"ANDA",,"IGI LABS INC",
72075,"ANDA",,"IGI LABS INC",
72076,"ANDA",,"INTL MEDICATION",
72077,"ANDA",,"PAR PHARM",
72078,"ANDA",,"PAR PHARM",
72079,"ANDA",,"HOSPIRA",
72080,"ANDA",,"HOSPIRA",
72081,"ANDA",,"ASTRAZENECA",
72082,"ANDA",,"IGI LABS INC",
72083,"ANDA",,"IGI LABS INC",
72084,"ANDA",,"IGI LABS INC",
72085,"ANDA",,"IGI LABS INC",
72086,"ANDA",,"IGI LABS INC",
72087,"ANDA",,"IGI LABS INC",
72088,"ANDA",,"IGI LABS INC",
72089,"ANDA",,"IGI LABS INC",
72090,"ANDA",,"IGI LABS INC",
72091,"ANDA",,"IGI LABS INC",
72092,"ANDA",,"IGI LABS INC",
72093,"ANDA",,"IGI LABS INC",
72095,"ANDA",,"PERRIGO",
72096,"ANDA",,"PERRIGO",
72097,"ANDA",,"PERRIGO",
72098,"ANDA",,"PERRIGO",
72099,"ANDA",,"SANDOZ",
72100,"ANDA",,"SANDOZ",
72101,"ANDA",,"SANDOZ",
72102,"ANDA",,"SANDOZ",
72103,"ANDA",,"SANDOZ",
72104,"ANDA",,"SANDOZ",
72105,"ANDA",,"HALSEY",
72106,"ANDA",,"HALSEY",
72109,"ANDA",,"PUREPAC PHARM",
72110,"ANDA",,"PUREPAC PHARM",
72112,"ANDA",,"AUROLIFE PHARMA LLC",
72113,"ANDA",,"WATSON LABS",
72115,"ANDA",,"INTL MEDICATION",
72117,"ANDA",,"LEDERLE",
72118,"ANDA",,"LEDERLE",
72119,"ANDA",,"LEDERLE",
72120,"ANDA",,"LEDERLE",
72121,"ANDA",,"ROYCE LABS",
72122,"ANDA",,"ROYCE LABS",
72123,"ANDA",,"LUITPOLD",
72124,"ANDA",,"PLIVA",
72125,"ANDA",,"PLIVA",
72126,"ANDA",,"PLIVA",
72127,"ANDA",,"PLIVA",
72128,"ANDA",,"PLIVA",
72129,"ANDA",,"AM THERAP",
72130,"ANDA",,"AM THERAP",
72131,"ANDA",,"AM THERAP",
72134,"ANDA",,"WATSON LABS",
72135,"ANDA",,"WATSON LABS",
72137,"ANDA",,"HALSEY",
72138,"ANDA",,"WARNER CHILCOTT",
72139,"ANDA",,"WARNER CHILCOTT",
72140,"ANDA",,"WARNER CHILCOTT",
72151,"ANDA",,"YAOPHARMA CO LTD",
72152,"ANDA",,"YAOPHARMA CO LTD",
72153,"ANDA",,"QUANTUM PHARMICS",
72155,"ANDA",,"BEDFORD",
72162,"ANDA",,"WATSON LABS TEVA",
72163,"ANDA",,"WATSON LABS TEVA",
72164,"ANDA",,"WATSON LABS",
72165,"ANDA",,"WATSON LABS",
72168,"ANDA",,"HOSPIRA",
72169,"ANDA",,"SANDOZ",
72190,"ANDA",,"WOCKHARDT",
72191,"ANDA",,"SANDOZ",
72192,"ANDA",,"OXFORD PHARMS",
72193,"ANDA",,"OXFORD PHARMS",
72194,"ANDA",,"QUANTUM PHARMICS",
72195,"ANDA",,"MYLAN",
72196,"ANDA",,"MILEX",
72197,"ANDA",,"SANDOZ",
72198,"ANDA",,"SANDOZ",
72199,"ANDA",,"AMNEAL PHARMS NY",
72200,"ANDA",,"AM THERAP",
72204,"ANDA",,"WATSON LABS",
72205,"ANDA",,"WATSON LABS",
72206,"ANDA",,"WATSON LABS",
72208,"ANDA",,"QUAD PHARMS",
72209,"ANDA",,"QUAD PHARMS",
72210,"ANDA",,"IGI LABS INC",
72211,"ANDA",,"IGI LABS INC",
72212,"ANDA",,"IGI LABS INC",
72213,"ANDA",,"IGI LABS INC",
72214,"ANDA",,"QUANTUM PHARMICS",
72215,"ANDA",,"YAOPHARMA CO LTD",
72218,"ANDA",,"G AND W LABS",
72224,"ANDA",,"QUAD PHARMS",
72233,"ANDA",,"MARSAM PHARMS LLC",
72234,"ANDA",,"IVAX SUB TEVA PHARMS",
72235,"ANDA",,"IVAX SUB TEVA PHARMS",
72237,"ANDA",,"G AND W LABS",
72244,"ANDA",,"BEDFORD",
72247,"ANDA",,"BEDFORD",
72249,"ANDA",,"VINTAGE PHARMS",
72253,"ANDA",,"ACTAVIS ELIZABETH",
72255,"ANDA",,"J AND J",
72262,"ANDA",,"FOSUN PHARMA",
72263,"ANDA",,"FOSUN PHARMA",
72264,"ANDA",,"EPIC PHARMA LLC",
72265,"ANDA",,"EPIC PHARMA LLC",
72266,"ANDA",,"EPIC PHARMA LLC",
72267,"ANDA",,"XSPIRE PHARMA",
72269,"ANDA",,"WATSON LABS",
72270,"ANDA",,"WATSON LABS",
72271,"ANDA",,"WATSON LABS",
72272,"ANDA",,"HOSPIRA",
72273,"ANDA",,"ARMSTRONG PHARMS",
72274,"ANDA",,"ACTAVIS ELIZABETH",
72275,"ANDA",,"MYLAN",
72276,"ANDA",,"TARO",
72277,"ANDA",,"PAR PHARM",
72278,"ANDA",,"PAR PHARM",
72285,"ANDA",,"MYLAN",
72289,"ANDA",,"ALPHARMA US PHARMS",
72292,"ANDA",,"J AND J",
72293,"ANDA",,"WATSON LABS",
72294,"ANDA",,"WATSON LABS",
72295,"ANDA",,"J AND J",
72296,"ANDA",,"QUANTUM PHARMICS",
72299,"ANDA",,"CONTRACT PHARMACAL",
72300,"ANDA",,"CONTRACT PHARMACAL",
72302,"ANDA",,"ALVOGEN MALTA",
72303,"ANDA",,"ALVOGEN MALTA",
72304,"ANDA",,"ALVOGEN MALTA",
72307,"ANDA",,"AM THERAP",
72308,"ANDA",,"AM THERAP",
72309,"ANDA",,"AM THERAP",
72316,"ANDA",,"PLIVA",
72317,"ANDA",,"PLIVA",
72319,"ANDA",,"GOLDLINE",
72320,"ANDA",,"HOSPIRA",
72321,"ANDA",,"HOSPIRA",
72323,"ANDA",,"ROXANE",
72324,"ANDA",,"ROXANE",
72326,"ANDA",,"DAVA PHARMS INC",
72330,"ANDA",,"PUREPAC PHARM",
72331,"ANDA",,"PUREPAC PHARM",
72332,"ANDA",,"PUREPAC PHARM",
72333,"ANDA",,"WATSON LABS",
72335,"ANDA",,"LUITPOLD",
72344,"ANDA",,"G AND W LABS",
72352,"ANDA",,"WATSON LABS",
72353,"ANDA",,"WATSON LABS",
72354,"ANDA",,"GALDERMA LABS LP",
72355,"ANDA",,"HALSEY",
72356,"ANDA",,"HALSEY",
72357,"ANDA",,"HALSEY",
72362,"ANDA",,"USL PHARMA",
72368,"ANDA",,"WATSON LABS",
72369,"ANDA",,"WATSON LABS",
72370,"ANDA",,"WATSON LABS INC",
72371,"ANDA",,"MARSAM PHARMS LLC",
72372,"ANDA",,"SOLVAY",
72374,"ANDA",,"SOLVAY",
72375,"ANDA",,"QUANTUM PHARMICS",
72376,"ANDA",,"QUANTUM PHARMICS",
72383,"ANDA",,"BEDFORD",
72384,"ANDA",,"QUANTUM PHARMICS",
72386,"ANDA",,"PUREPAC PHARM",
72387,"ANDA",,"PUREPAC PHARM",
72394,"ANDA",,"AUROLIFE PHARMA LLC",
72395,"ANDA",,"AUROLIFE PHARMA LLC",
72396,"ANDA",,"AUROLIFE PHARMA LLC",
72397,"ANDA",,"WATSON LABS INC",
72398,"ANDA",,"ALPHARMA US PHARMS",
72399,"ANDA",,"NASKA",
72402,"ANDA",,"MARTEC USA LLC",
72407,"ANDA",,"WATSON LABS TEVA",
72408,"ANDA",,"MARTEC USA LLC",
72409,"ANDA",,"CHASE LABS NJ",
72410,"ANDA",,"INWOOD LABS",
72416,"ANDA",,"HI TECH PHARMA",
72417,"ANDA",,"MARTEC USA LLC",
72418,"ANDA",,"WATSON PHARMS TEVA",
72419,"ANDA",,"WATSON PHARMS TEVA",
72420,"ANDA",,"WATSON PHARMS TEVA",
72421,"ANDA",,"WATSON PHARMS TEVA",
72422,"ANDA",,"PAR PHARM",
72423,"ANDA",,"PAR PHARM",
72427,"ANDA",,"SAVAGE LABS",
72429,"ANDA",,"PAR PHARM",
72431,"ANDA",,"QUANTUM PHARMICS",
72432,"ANDA",,"QUANTUM PHARMICS",
72433,"ANDA",,"QUANTUM PHARMICS",
72436,"ANDA",,"SANDOZ",
72437,"ANDA",,"PAR PHARM",
72438,"ANDA",,"PAR PHARM",
72449,"ANDA",,"AM THERAP",
72450,"ANDA",,"AM THERAP",
72466,"ANDA",,"QUANTUM PHARMICS",
72467,"ANDA",,"QUANTUM PHARMICS",
72468,"ANDA",,"QUANTUM PHARMICS",
72472,"ANDA",,"WARNER CHILCOTT",
72483,"ANDA",,"FOSUN PHARMA",
72484,"ANDA",,"AUROLIFE PHARMA LLC",
72485,"ANDA",,"WATSON LABS",
72488,"ANDA",,"TEVA",
72489,"ANDA",,"LUITPOLD",
72490,"ANDA",,"TEVA",
72494,"ANDA",,"TARO PHARM INDS LTD",
72499,"ANDA",,"INWOOD LABS",
72500,"ANDA",,"INWOOD LABS",
72501,"ANDA",,"INWOOD LABS",
72502,"ANDA",,"INWOOD LABS",
72507,"ANDA",,"DAVA PHARMS INC",
72508,"ANDA",,"DAVA PHARMS INC",
72509,"ANDA",,"DAVA PHARMS INC",
72510,"ANDA",,"DAVA PHARMS INC",
72511,"ANDA",,"TEVA",
72512,"ANDA",,"AUROLIFE PHARMA LLC",
72513,"ANDA",,"AUROLIFE PHARMA LLC",
72514,"ANDA",,"AUROLIFE PHARMA LLC",
72516,"ANDA",,"MARSAM PHARMS LLC",
72517,"ANDA",,"MARSAM PHARMS LLC",
72519,"ANDA",,"TEVA",
72520,"ANDA",,"TEVA",
72522,"ANDA",,"TEVA PHARMS",
72525,"ANDA",,"BECTON DICKINSON",
72526,"ANDA",,"PERRIGO NEW YORK",
72536,"ANDA",,"PERRIGO NEW YORK",
72537,"ANDA",,"G AND W LABS INC",
72538,"ANDA",,"PERRIGO NEW YORK",
72539,"ANDA",,"WATSON LABS",
72540,"ANDA",,"WATSON LABS",
72541,"ANDA",,"WATSON LABS",
72542,"ANDA",,"USL PHARMA",
72547,"ANDA",,"LUITPOLD",
72550,"ANDA",,"YAOPHARMA CO LTD",
72551,"ANDA",,"YAOPHARMA CO LTD",
72552,"ANDA",,"YAOPHARMA CO LTD",
72555,"ANDA",,"ANDA REPOSITORY",
72556,"ANDA",,"ACTAVIS ELIZABETH",
72557,"ANDA",,"IVAX SUB TEVA PHARMS",
72573,"ANDA",,"MYLAN",
72574,"ANDA",,"MYLAN",
72575,"ANDA",,"MYLAN",
72577,"ANDA",,"ANI PHARMS INC",
72579,"ANDA",,"ACTAVIS ELIZABETH",
72600,"ANDA",,"TEVA",
72602,"ANDA",,"WATSON LABS",
72609,"ANDA",,"WATSON LABS",
72619,"ANDA",,"TEVA",
72620,"ANDA",,"TEVA",
72621,"ANDA",,"ROXANE",
72622,"ANDA",,"ROXANE",
72629,"ANDA",,"WATSON LABS",
72630,"ANDA",,"WATSON LABS",
72637,"ANDA",,"SUN PHARM INDUSTRIES",
72639,"ANDA",,"CLONMEL",
72640,"ANDA",,"TARO",
72641,"ANDA",,"TARO",
72646,"ANDA",,"LANNETT CO INC",
72648,"ANDA",,"TEVA",
72649,"ANDA",,"TEVA",
72650,"ANDA",,"TEVA",
72651,"ANDA",,"TEVA",
72652,"ANDA",,"MYLAN SPECLT",
72655,"ANDA",,"G AND W LABS INC",
72668,"ANDA",,"MYLAN",
72687,"ANDA",,"NOVARTIS",
72691,"ANDA",,"WATSON LABS",
72692,"ANDA",,"BARR",
72693,"ANDA",,"BARR",
72694,"ANDA",,"BARR",
72695,"ANDA",,"BARR",
72696,"ANDA",,"BARR",
72697,"ANDA",,"BARR",
72705,"ANDA",,"DAVA PHARMS INC",
72706,"ANDA",,"DAVA PHARMS INC",
72707,"ANDA",,"DAVA PHARMS INC",
72709,"ANDA",,"SUN PHARM INDUSTRIES",
72710,"ANDA",,"EPIC PHARMA",
72711,"ANDA",,"EPIC PHARMA",
72712,"ANDA",,"FOSUN PHARMA",
72713,"ANDA",,"FOSUN PHARMA",
72720,"ANDA",,"WATSON PHARMS TEVA",
72721,"ANDA",,"MAYNE PHARMA",
72722,"ANDA",,"WATSON LABS",
72723,"ANDA",,"WATSON LABS",
72727,"ANDA",,"LEDERLE",
72728,"ANDA",,"LEDERLE",
72729,"ANDA",,"LEDERLE",
72730,"ANDA",,"LEDERLE",
72731,"ANDA",,"LEDERLE",
72732,"ANDA",,"LEDERLE",
72733,"ANDA",,"WEST-WARD PHARMS INT",
72734,"ANDA",,"WEST-WARD PHARMS INT",
72735,"ANDA",,"WEST-WARD PHARMS INT",
72736,"ANDA",,"WEST-WARD PHARMS INT",
72741,"ANDA",,"MYLAN",
72744,"ANDA",,"PHARM ASSOC",
72751,"ANDA",,"PLIVA",
72755,"ANDA",,"WEST-WARD PHARMS INT",
72758,"ANDA",,"KV PHARM",
72759,"ANDA",,"TEVA PHARMS USA",
72760,"ANDA",,"TEVA PHARMS USA",
72761,"ANDA",,"G AND W LABS INC",
72764,"ANDA",,"WATSON LABS",
72765,"ANDA",,"WATSON LABS",
72768,"ANDA",,"ROXANE",
72769,"ANDA",,"ROXANE",
72779,"ANDA",,"TEVA",
72780,"ANDA",,"TEVA",
72781,"ANDA",,"INTERGEL PHARM",
72782,"ANDA",,"AM THERAP",
72783,"ANDA",,"AM THERAP",
72784,"ANDA",,"AM THERAP",
72786,"ANDA",,"HOSPIRA",
72795,"ANDA",,"WATSON LABS",
72799,"ANDA",,"WATSON LABS",
72801,"ANDA",,"TEVA",
72809,"ANDA",,"BARR",
72817,"ANDA",,"WARNER CHILCOTT",
72818,"ANDA",,"WARNER CHILCOTT",
72824,"ANDA",,"WATSON LABS",
72825,"ANDA",,"WATSON LABS",
72838,"ANDA",,"MYLAN",
72848,"ANDA",,"BARR",
72854,"ANDA",,"UPSHER-SMITH LABS",
72857,"ANDA",,"TARO",
72860,"ANDA",,"DAVA PHARMS INC",
72878,"ANDA",,"UPSHER-SMITH LABS",
72879,"ANDA",,"UPSHER-SMITH LABS",
72888,"ANDA",,"BEDFORD",
72894,"ANDA",,"MYLAN",
72901,"ANDA",,"ANI PHARMS INC",
72902,"ANDA",,"SUN PHARM INDUSTRIES",
72903,"ANDA",,"ANI PHARMS INC",
72917,"ANDA",,"WATSON LABS",
72918,"ANDA",,"WATSON LABS",
72919,"ANDA",,"WATSON LABS",
72921,"ANDA",,"PUREPAC PHARM",
72922,"ANDA",,"PLIVA",
72923,"ANDA",,"WATSON LABS",
72924,"ANDA",,"WATSON LABS",
72926,"ANDA",,"WATSON LABS",
72927,"ANDA",,"WATSON LABS",
72928,"ANDA",,"WATSON LABS",
72929,"ANDA",,"PUREPAC PHARM",
72933,"ANDA",,"FOUGERA PHARMS INC",
72934,"ANDA",,"FOUGERA PHARMS INC",
72938,"ANDA",,"TEVA",
72939,"ANDA",,"TEVA",
72943,"ANDA",,"UPSHER-SMITH LABS",
72944,"ANDA",,"UPSHER-SMITH LABS",
72945,"ANDA",,"HOSPIRA",
72946,"ANDA",,"WARNER CHILCOTT",
72952,"ANDA",,"WATSON LABS TEVA",
72953,"ANDA",,"WATSON LABS",
72954,"ANDA",,"WATSON LABS",
72966,"ANDA",,"COPLEY PHARM",
72967,"ANDA",,"COPLEY PHARM",
72972,"ANDA",,"ANI PHARMS INC",
72973,"ANDA",,"ANI PHARMS INC",
72974,"ANDA",,"TEVA PARENTERAL",
72981,"ANDA",,"WATSON LABS",
72982,"ANDA",,"WATSON LABS",
72985,"ANDA",,"WATSON LABS",
72986,"ANDA",,"WATSON LABS",
72987,"ANDA",,"WATSON LABS TEVA",
72991,"ANDA",,"PUREPAC PHARM",
72992,"ANDA",,"PUREPAC PHARM",
72993,"ANDA",,"YAOPHARMA CO LTD",
72995,"ANDA",,"ROXANE",
72996,"ANDA",,"WATSON LABS",
72997,"ANDA",,"WATSON LABS",
72999,"ANDA",,"TEVA PARENTERAL",
73000,"ANDA",,"TEVA PARENTERAL",
73005,"ANDA",,"TEVA",
73006,"ANDA",,"TEVA",
73007,"ANDA",,"WATSON LABS",
73008,"ANDA",,"WATSON LABS",
73009,"ANDA",,"WATSON LABS",
73010,"ANDA",,"WATSON LABS",
73013,"ANDA",,"WATSON LABS",
73019,"ANDA",,"MCNEIL",
73025,"ANDA",,"SANDOZ",
73026,"ANDA",,"SANDOZ",
73030,"ANDA",,"FOUGERA PHARMS INC",
73034,"ANDA",,"G AND W LABS INC",
73037,"ANDA",,"PHARM ASSOC",
73038,"ANDA",,"MYLAN",
73039,"ANDA",,"MYLAN",
73043,"ANDA",,"TEVA",
73044,"ANDA",,"TEVA",
73045,"ANDA",,"GENPHARM",
73054,"ANDA",,"PUREPAC PHARM",
73055,"ANDA",,"PUREPAC PHARM",
73058,"ANDA",,"ANI PHARMS INC",
73062,"ANDA",,"WATSON LABS",
73079,"ANDA",,"ALLIED",
73080,"ANDA",,"ROXANE",
73085,"ANDA",,"G AND W LABS INC",
73092,"ANDA",,"WATSON LABS",
73093,"ANDA",,"WATSON LABS",
73095,"ANDA",,"TEVA PHARMS",
73098,"ANDA",,"SANDOZ",
73099,"ANDA",,"PHARMACHEMIE",
73101,"ANDA",,"PHARMACHEMIE",
73106,"ANDA",,"ABLE",
73107,"ANDA",,"ABLE",
73108,"ANDA",,"ABLE",
73115,"ANDA",,"TEVA PHARMS",
73117,"ANDA",,"HOSPIRA",
73118,"ANDA",,"HOSPIRA",
73120,"ANDA",,"UCB INC",
73121,"ANDA",,"UCB INC",
73122,"ANDA",,"TEVA",
73135,"ANDA",,"TEVA PHARMS USA",
73137,"ANDA",,"SUN PHARM INDUSTRIES",
73141,"ANDA",,"TEVA",
73143,"ANDA",,"WATSON LABS",
73144,"ANDA",,"MYLAN PHARMS INC",
73160,"ANDA",,"PACO",
73165,"ANDA",,"WATSON LABS",
73168,"ANDA",,"YAOPHARMA CO LTD",
73178,"ANDA",,"ANI PHARMS INC",
73187,"ANDA",,"ALPHARMA US PHARMS",
73191,"ANDA",,"CASI PHARMS INC",
73192,"ANDA",,"TEVA",
73193,"ANDA",,"TARO PHARM INDS LTD",
73199,"ANDA",,"HOSPIRA",
73209,"ANDA",,"MYLAN",
73210,"ANDA",,"TARO PHARM INDS LTD",
73229,"ANDA",,"CATALENT",
73243,"ANDA",,"PERRIGO",
73249,"ANDA",,"TEVA PHARMS",
73250,"ANDA",,"VALIDUS PHARMS",
73254,"ANDA",,"CONTRACT PHARMACAL",
73261,"ANDA",,"RADIUS PHARMS",
73262,"ANDA",,"EPIC PHARMA LLC",
73263,"ANDA",,"UPSHER-SMITH LABS",
73272,"ANDA",,"IVAX SUB TEVA PHARMS",
73281,"ANDA",,"SANDOZ",
73282,"ANDA",,"ANI PHARMS INC",
73283,"ANDA",,"TEVA",
73288,"ANDA",,"YAOPHARMA CO LTD",
73289,"ANDA",,"YAOPHARMA CO LTD",
73290,"ANDA",,"TEVA",
73303,"ANDA",,"TEVA PHARMS USA",
73306,"ANDA",,"TEVA",
73307,"ANDA",,"COPLEY PHARM",
73308,"ANDA",,"ACTAVIS ELIZABETH",
73310,"ANDA",,"SUN PHARM INDUSTRIES",
73311,"ANDA",,"SUN PHARM INDUSTRIES",
73314,"ANDA",,"G AND W LABS",
73315,"ANDA",,"TEVA",
73316,"ANDA",,"TEVA",
73317,"ANDA",,"APOTHECON",
73318,"ANDA",,"APOTHECON",
73334,"ANDA",,"WATSON LABS",
73340,"ANDA",,"MURO",
73343,"ANDA",,"TEVA",
73344,"ANDA",,"TEVA",
73345,"ANDA",,"TEVA",
73352,"ANDA",,"WATSON LABS",
73353,"ANDA",,"WATSON LABS TEVA",
73357,"ANDA",,"YAOPHARMA CO LTD",
73364,"ANDA",,"LANNETT CO INC",
73373,"ANDA",,"WATSON LABS",
73374,"ANDA",,"WATSON LABS",
73375,"ANDA",,"WATSON LABS",
73376,"ANDA",,"WATSON LABS",
73381,"ANDA",,"WATSON LABS",
73382,"ANDA",,"WATSON LABS",
73383,"ANDA",,"WATSON LABS",
73392,"ANDA",,"IVAX SUB TEVA PHARMS",
73393,"ANDA",,"MYLAN",
73396,"ANDA",,"BANNER PHARMACAPS",
73398,"ANDA",,"SAVAGE LABS",
73399,"ANDA",,"TEVA",
73403,"ANDA",,"APOTHECON",
73416,"ANDA",,"BECTON DICKINSON",
73419,"ANDA",,"TEVA",
73421,"ANDA",,"CHASE LABS NJ",
73428,"ANDA",,"VINTAGE PHARMS",
73433,"ANDA",,"VINTAGE PHARMS",
73440,"ANDA",,"ALTANA",
73443,"ANDA",,"WATSON LABS",
73444,"ANDA",,"WATSON LABS",
73445,"ANDA",,"WATSON LABS",
73447,"ANDA",,"ARMOUR PHARM",
73449,"ANDA",,"WATSON LABS",
73457,"ANDA",,"MYLAN",
73458,"ANDA",,"PLD ACQUISITIONS LLC",
73459,"ANDA",,"SANDOZ",
73462,"ANDA",,"FOSUN PHARMA",
73465,"ANDA",,"TEVA PARENTERAL",
73466,"ANDA",,"MYLAN",
73467,"ANDA",,"ANI PHARMS INC",
73475,"ANDA",,"SUN PHARM INDUSTRIES",
73476,"ANDA",,"SUN PHARM INDUSTRIES",
73478,"ANDA",,"TEVA",
73479,"ANDA",,"HOSPIRA",
73481,"ANDA",,"TEVA",
73484,"ANDA",,"BIONPHARMA INC",
73485,"ANDA",,"MARSAM PHARMS LLC",
73488,"ANDA",,"WATSON LABS",
73494,"ANDA",,"CYCLE PHARMS LTD",
73495,"ANDA",,"COPLEY PHARM",
73497,"ANDA",,"TEVA PHARMS",
73504,"ANDA",,"TEVA PHARMS",
73507,"ANDA",,"ACTAVIS PHARMA",
73508,"ANDA",,"ACTAVIS PHARMA",
73509,"ANDA",,"HOSPIRA",
73510,"ANDA",,"HOSPIRA",
73515,"ANDA",,"TEVA",
73516,"ANDA",,"TEVA",
73517,"ANDA",,"TEVA",
73519,"ANDA",,"TEVA",
73520,"ANDA",,"WATSON LABS",
73521,"ANDA",,"WATSON LABS",
73523,"ANDA",,"WATSON LABS",
73524,"ANDA",,"TEVA",
73527,"ANDA",,"ACTAVIS ELIZABETH",
73528,"ANDA",,"ABLE",
73529,"ANDA",,"WATSON LABS",
73531,"ANDA",,"TEVA",
73532,"ANDA",,"TEVA",
73533,"ANDA",,"ACTAVIS MID ATLANTIC",
73536,"ANDA",,"SUN PHARM INDUSTRIES",
73541,"ANDA",,"FRONTIDA BIOPHARM",
73542,"ANDA",,"DAVA PHARMS INC",
73543,"ANDA",,"DAVA PHARMS INC",
73548,"ANDA",,"TARO",
73552,"ANDA",,"TARO",
73556,"ANDA",,"MAYNE PHARMA",
73562,"ANDA",,"SOCORRO",
73563,"ANDA",,"SOCORRO",
73568,"ANDA",,"IVAX SUB TEVA PHARMS",
73580,"ANDA",,"IMPAX LABS INC",
73582,"ANDA",,"SUN PHARM INDUSTRIES",
73585,"ANDA",,"MCNEIL CONS",
73586,"ANDA",,"IDT AUSTRALIA LTD",
73587,"ANDA",,"ANI PHARMS INC",
73588,"ANDA",,"FOSUN PHARMA",
73589,"ANDA",,"MAYNE PHARMA",
73590,"ANDA",,"ROXANE",
73591,"ANDA",,"WEST-WARD PHARMS INT",
73592,"ANDA",,"WATSON LABS",
73594,"ANDA",,"MAYNE PHARMA",
73598,"ANDA",,"FERRING",
73599,"ANDA",,"FERRING",
73607,"ANDA",,"MAYNE PHARMA",
73609,"ANDA",,"ANI PHARMS INC",
73611,"ANDA",,"CUMBERLAND SWAN",
73617,"ANDA",,"BAXTER HLTHCARE",
73618,"ANDA",,"MAYNE PHARMA",
73630,"ANDA",,"SANDOZ INC",
73632,"ANDA",,"LANNETT CO INC",
73636,"ANDA",,"FALCON PHARMS",
73637,"ANDA",,"TEVA",
73638,"ANDA",,"TEVA",
73644,"ANDA",,"ODYSSEY PHARMS",
73645,"ANDA",,"ODYSSEY PHARMS",
73646,"ANDA",,"ALVOGEN MALTA",
73651,"ANDA",,"CYCLE PHARMS LTD",
73652,"ANDA",,"IMPAX LABS INC",
73654,"ANDA",,"SUN PHARM INDUSTRIES",
73661,"ANDA",,"G AND W LABS INC",
73664,"ANDA",,"HOSPIRA",
73665,"ANDA",,"WATSON LABS",
73666,"ANDA",,"MYLAN",
73667,"ANDA",,"TEVA",
73671,"ANDA",,"IMPAX LABS INC",
73673,"ANDA",,"TEVA",
73676,"ANDA",,"SCS",
73677,"ANDA",,"NOVARTIS",
73679,"ANDA",,"TEVA",
73680,"ANDA",,"LANNETT CO INC",
73683,"ANDA",,"SANDOZ",
73685,"ANDA",,"NOSTRUM LABS",
73686,"ANDA",,"NOSTRUM LABS",
73687,"ANDA",,"G AND W LABS INC",
73690,"ANDA",,"IGI LABS INC",
73691,"ANDA",,"CONTRACT PHARMACAL",
73695,"ANDA",,"COLGATE PALMOLIVE CO",
73696,"ANDA",,"WATSON LABS",
74002,"ANDA",,"FOSUN PHARMA",
74005,"ANDA",,"VINTAGE PHARMS LLC",
74007,"ANDA",,"WATSON LABS",
74013,"ANDA",,"MYLAN PHARMS INC",
74014,"ANDA",,"HERITAGE PHARMS INC",
74017,"ANDA",,"MARSAM PHARMS LLC",
74018,"ANDA",,"MYLAN PHARMS INC",
74019,"ANDA",,"MYLAN PHARMS INC",
74023,"ANDA",,"MYLAN",
74024,"ANDA",,"AUROLIFE PHARMA LLC",
74025,"ANDA",,"WATSON LABS",
74026,"ANDA",,"PLIVA",
74027,"ANDA",,"G AND W LABS INC",
74028,"ANDA",,"MIKART",
74030,"ANDA",,"TEVA PHARMS",
74031,"ANDA",,"MYLAN PHARMS INC",
74032,"ANDA",,"WATSON LABS",
74035,"ANDA",,"MYLAN",
74036,"ANDA",,"SCS",
74037,"ANDA",,"HOSPIRA",
74043,"ANDA",,"MYLAN",
74045,"ANDA",,"VALIDUS PHARMS",
74046,"ANDA",,"MYLAN PHARMS INC",
74047,"ANDA",,"BARR",
74051,"ANDA",,"APOTHECON",
74052,"ANDA",,"SANDOZ",
74054,"ANDA",,"ANI PHARMS INC",
74056,"ANDA",,"TEVA",
74060,"ANDA",,"HIGH TECH PHARMA",
74063,"ANDA",,"SUN PHARM INDUSTRIES",
74067,"ANDA",,"TEVA PHARMS",
74069,"ANDA",,"AMNEAL PHARMS LLC",
74072,"ANDA",,"PLIVA",
74075,"ANDA",,"ACTAVIS MID ATLANTIC",
74076,"ANDA",,"HI TECH PHARMA",
74077,"ANDA",,"HI TECH PHARMA",
74079,"ANDA",,"TEVA",
74080,"ANDA",,"SCS",
74081,"ANDA",,"ROXANE",
74083,"ANDA",,"HOSPIRA",
74084,"ANDA",,"TEVA",
74085,"ANDA",,"ANI PHARMS INC",
74086,"ANDA",,"HOSPIRA",
74087,"ANDA",,"TEVA PHARMS USA",
74089,"ANDA",,"G AND W LABS INC",
74091,"ANDA",,"OHM LABS",
74093,"ANDA",,"CHARTWELL MOLECULES",
74097,"ANDA",,"HOSPIRA",
74098,"ANDA",,"TELIGENT PHARMA INC",
74099,"ANDA",,"DAVA PHARMS INC",
74100,"ANDA",,"YAOPHARMA CO LTD",
74101,"ANDA",,"PLIVA",
74102,"ANDA",,"MYLAN",
74103,"ANDA",,"TEVA PHARMS",
74105,"ANDA",,"DAVA PHARMS INC",
74106,"ANDA",,"HAMILTON PHARMS",
74107,"ANDA",,"PLIVA",
74110,"ANDA",,"HAMILTON PHARMS",
74111,"ANDA",,"IVAX SUB TEVA PHARMS",
74112,"ANDA",,"SANDOZ",
74114,"ANDA",,"WATSON LABS",
74116,"ANDA",,"MYLAN IRELAND LTD",
74118,"ANDA",,"MYLAN IRELAND LTD",
74119,"ANDA",,"TEVA",
74120,"ANDA",,"TEVA PHARMS",
74121,"ANDA",,"MYLAN",
74123,"ANDA",,"G AND W LABS INC",
74124,"ANDA",,"BARR",
74125,"ANDA",,"PUREPAC PHARM",
74126,"ANDA",,"MYLAN",
74127,"ANDA",,"NOSTRUM LABS",
74128,"ANDA",,"ACTAVIS MID ATLANTIC",
74129,"ANDA",,"TEVA",
74131,"ANDA",,"TEVA",
74132,"ANDA",,"TEVA",
74133,"ANDA",,"HOSPIRA",
74136,"ANDA",,"TEVA",
74137,"ANDA",,"HOSPIRA",
74138,"ANDA",,"VISTAPHARM",
74139,"ANDA",,"G AND W LABS INC",
74140,"ANDA",,"FOSUN PHARMA",
74141,"ANDA",,"TEVA",
74142,"ANDA",,"TEVA",
74143,"ANDA",,"TEVA",
74145,"ANDA",,"WATSON LABS",
74147,"ANDA",,"HOSPIRA",
74148,"ANDA",,"IVAX SUB TEVA PHARMS",
74149,"ANDA",,"ANI PHARMS INC",
74151,"ANDA",,"TEVA",
74156,"ANDA",,"WATSON LABS",
74160,"ANDA",,"HOSPIRA",
74162,"ANDA",,"SANDOZ",
74163,"ANDA",,"WATSON LABS TEVA",
74164,"ANDA",,"ACTAVIS MID ATLANTIC",
74165,"ANDA",,"ACTAVIS MID ATLANTIC",
74166,"ANDA",,"TEVA PARENTERAL",
74168,"ANDA",,"IVAX SUB TEVA PHARMS",
74170,"ANDA",,"HI TECH PHARMA",
74171,"ANDA",,"TEVA PHARMS",
74172,"ANDA",,"MYLAN",
74174,"ANDA",,"DAVA INTL INC",
74176,"ANDA",,"G AND W LABS INC",
74182,"ANDA",,"PLIVA",
74184,"ANDA",,"SPECGX LLC",
74185,"ANDA",,"TEVA",
74188,"ANDA",,"BAUSCH AND LOMB",
74190,"ANDA",,"WEST-WARD PHARMS INT",
74194,"ANDA",,"PERRIGO",
74195,"ANDA",,"WATSON LABS",
74198,"ANDA",,"TEVA",
74199,"ANDA",,"ROXANE",
74201,"ANDA",,"TEVA",
74203,"ANDA",,"MYLAN",
74204,"ANDA",,"G AND W LABS INC",
74206,"ANDA",,"TEVA PARENTERAL",
74207,"ANDA",,"TEVA PHARMS",
74209,"ANDA",,"MYLAN SPECIALITY LP",
74211,"ANDA",,"ROXANE",
74215,"ANDA",,"MYLAN",
74216,"ANDA",,"TEVA",
74217,"ANDA",,"WATSON LABS",
74220,"ANDA",,"HI TECH PHARMA",
74221,"ANDA",,"HI TECH PHARMA",
74222,"ANDA",,"HI TECH PHARMA",
74223,"ANDA",,"WATSON LABS TEVA",
74224,"ANDA",,"WEST-WARD PHARMS INT",
74225,"ANDA",,"IVAX SUB TEVA PHARMS",
74226,"ANDA",,"MYLAN",
74227,"ANDA",,"PHARMACHEMIE BV",
74228,"ANDA",,"WATSON LABS",
74229,"ANDA",,"IVAX SUB TEVA PHARMS",
74230,"ANDA",,"IVAX SUB TEVA PHARMS",
74234,"ANDA",,"MYLAN",
74242,"ANDA",,"PLIVA",
74243,"ANDA",,"HOSPIRA",
74245,"ANDA",,"WEST-WARD PHARMS INT",
74246,"ANDA",,"MYLAN",
74248,"ANDA",,"TARO",
74249,"ANDA",,"TARO",
74250,"ANDA",,"SANDOZ INC",
74251,"ANDA",,"LANNETT CO INC",
74252,"ANDA",,"TEVA PARENTERAL",
74253,"ANDA",,"IMPAX LABS INC",
74254,"ANDA",,"TARO",
74255,"ANDA",,"IVAX SUB TEVA PHARMS",
74256,"ANDA",,"TEVA",
74257,"ANDA",,"ROXANE",
74258,"ANDA",,"APOTHECON",
74259,"ANDA",,"IVAX SUB TEVA PHARMS",
74260,"ANDA",,"ACTAVIS ELIZABETH",
74261,"ANDA",,"SANDOZ INC",
74262,"ANDA",,"SANDOZ INC",
74263,"ANDA",,"PUREPAC PHARM",
74265,"ANDA",,"SANDOZ",
74267,"ANDA",,"ANI PHARMS INC",
74269,"ANDA",,"HOSPIRA",
74270,"ANDA",,"CHARTWELL MOLECULES",
74271,"ANDA",,"TARO",
74272,"ANDA",,"TARO",
74276,"ANDA",,"WATSON LABS",
74277,"ANDA",,"WEST-WARD PHARMS INT",
74278,"ANDA",,"SENTYNL THERAPS INC",
74279,"ANDA",,"WATSON LABS INC",
74280,"ANDA",,"HOSPIRA",
74282,"ANDA",,"HOSPIRA",
74284,"ANDA",,"TEVA PHARMS USA",
74285,"ANDA",,"PUREPAC PHARM",
74286,"ANDA",,"TARO PHARM INDS LTD",
74287,"ANDA",,"WATSON LABS",
74288,"ANDA",,"MYLAN",
74289,"ANDA",,"TEVA PHARMS",
74290,"ANDA",,"WEST-WARD PHARMS INT",
74291,"ANDA",,"LYNE",
74292,"ANDA",,"HOSPIRA",
74294,"ANDA",,"IVAX SUB TEVA PHARMS",
74296,"ANDA",,"HOSPIRA",
74299,"ANDA",,"ANI PHARMS INC",
74300,"ANDA",,"HOSPIRA",
74302,"ANDA",,"MOVA",
74303,"ANDA",,"WATSON LABS",
74304,"ANDA",,"ACTAVIS MID ATLANTIC",
74305,"ANDA",,"SANDOZ",
74307,"ANDA",,"BAUSCH AND LOMB",
74311,"ANDA",,"SANDOZ INC",
74312,"ANDA",,"WEST-WARD PHARMS INT",
74314,"ANDA",,"ROXANE",
74315,"ANDA",,"SANDOZ",
74316,"ANDA",,"WATSON LABS INC",
74317,"ANDA",,"WATSON LABS",
74319,"ANDA",,"PUREPAC PHARM",
74320,"ANDA",,"HOSPIRA",
74322,"ANDA",,"TEVA",
74326,"ANDA",,"BAUSCH AND LOMB",
74329,"ANDA",,"CHARTWELL MOLECULES",
74330,"ANDA",,"IVAX SUB TEVA PHARMS",
74331,"ANDA",,"G AND W LABS INC",
74332,"ANDA",,"HOSPIRA",
74333,"ANDA",,"TEVA PHARMS",
74334,"ANDA",,"WATSON LABS",
74336,"ANDA",,"SANDOZ",
74337,"ANDA",,"HOSPIRA",
74339,"ANDA",,"DAVA PHARMS INC",
74340,"ANDA",,"DAVA PHARMS INC",
74342,"ANDA",,"ACTAVIS ELIZABETH",
74344,"ANDA",,"HOSPIRA",
74345,"ANDA",,"HOSPIRA",
74346,"ANDA",,"JACOBUS",
74347,"ANDA",,"TEVA",
74348,"ANDA",,"TEVA",
74349,"ANDA",,"WATSON LABS INC",
74351,"ANDA",,"HOSPIRA",
74352,"ANDA",,"HI TECH PHARMA",
74353,"ANDA",,"LUITPOLD",
74356,"ANDA",,"HI TECH PHARMA",
74357,"ANDA",,"TEVA",
74358,"ANDA",,"MYLAN",
74359,"ANDA",,"WATSON LABS",
74360,"ANDA",,"PUREPAC PHARM",
74361,"ANDA",,"CYCLE PHARMS LTD",
74363,"ANDA",,"YAOPHARMA CO LTD",
74364,"ANDA",,"SANDOZ",
74365,"ANDA",,"TEVA",
74366,"ANDA",,"G AND W LABS INC",
74367,"ANDA",,"MYLAN",
74368,"ANDA",,"TEVA PHARMS",
74370,"ANDA",,"WATSON LABS",
74371,"ANDA",,"CYCLE PHARMS LTD",
74374,"NDA",,"ALLEGIS",
74376,"ANDA",,"CASI PHARMS INC",
74377,"ANDA",,"TEVA",
74378,"ANDA",,"OXFORD PHARMS",
74380,"ANDA",,"PUREPAC PHARM",
74381,"ANDA",,"BAXTER HLTHCARE",
74382,"ANDA",,"AKORN",
74386,"ANDA",,"WATSON LABS",
74387,"ANDA",,"ANI PHARMS INC",
74388,"ANDA",,"TEVA",
74390,"ANDA",,"TEVA",
74391,"ANDA",,"ROXANE",
74392,"ANDA",,"FOUGERA PHARMS INC",
74393,"ANDA",,"WATSON LABS INC",
74394,"ANDA",,"CASI PHARMS INC",
74395,"ANDA",,"PERRIGO",
74396,"ANDA",,"PIRAMAL CRITICAL",
74399,"ANDA",,"G AND W LABS INC",
74400,"ANDA",,"WATSON LABS",
74401,"ANDA",,"IVAX SUB TEVA PHARMS",
74402,"ANDA",,"IVAX SUB TEVA PHARMS",
74403,"ANDA",,"HOSPIRA",
74404,"ANDA",,"NOSTRUM LABS",
74405,"ANDA",,"TEVA",
74406,"ANDA",,"WATSON LABS",
74407,"ANDA",,"FOUGERA PHARMS",
74410,"ANDA",,"CHARTWELL MOLECULES",
74411,"ANDA",,"IVAX SUB TEVA PHARMS",
74412,"ANDA",,"HOSPIRA",
74413,"ANDA",,"WEST-WARD PHARMS INT",
74414,"ANDA",,"G AND W LABS",
74415,"ANDA",,"MYLAN IRELAND LTD",
74416,"ANDA",,"PIRAMAL CRITICAL",
74418,"ANDA",,"OXFORD PHARMS",
74419,"ANDA",,"WEST-WARD PHARMS INT",
74421,"ANDA",,"PLIVA",
74422,"ANDA",,"HOSPIRA",
74423,"ANDA",,"DAVA PHARMS INC",
74424,"ANDA",,"IVAX SUB TEVA PHARMS",
74425,"ANDA",,"MYLAN",
74428,"ANDA",,"DAVA PHARMS INC",
74430,"ANDA",,"ACTAVIS TOTOWA",
74431,"ANDA",,"TEVA",
74432,"ANDA",,"PLIVA",
74433,"ANDA",,"G AND W LABS INC",
74434,"ANDA",,"MYLAN PHARMS INC",
74436,"ANDA",,"WATSON LABS",
74437,"ANDA",,"WATSON LABS",
74438,"ANDA",,"MYLAN",
74439,"ANDA",,"ANI PHARMS INC",
74441,"ANDA",,"ATHENEX INC",
74442,"ANDA",,"WATSON LABS",
74443,"ANDA",,"BAUSCH AND LOMB",
74444,"ANDA",,"TARO PHARMS",
74445,"ANDA",,"WATSON LABS",
74446,"ANDA",,"TEVA",
74447,"ANDA",,"BAUSCH AND LOMB",
74448,"ANDA",,"AUROLIFE PHARMA LLC",
74449,"ANDA",,"BAUSCH AND LOMB",
74450,"ANDA",,"ANI PHARMS INC",
74451,"ANDA",,"WATSON LABS",
74452,"ANDA",,"MYLAN",
74453,"ANDA",,"RENATA",
74454,"ANDA",,"G AND W LABS INC",
74455,"ANDA",,"WATSON LABS",
74456,"ANDA",,"WATSON LABS",
74457,"ANDA",,"WATSON LABS",
74458,"ANDA",,"WEST-WARD PHARMS INT",
74459,"ANDA",,"TEVA PHARMS",
74460,"ANDA",,"WATSON LABS",
74461,"ANDA",,"MYLAN",
74462,"ANDA",,"G AND W LABS INC",
74463,"ANDA",,"TEVA",
74464,"ANDA",,"SANDOZ",
74465,"ANDA",,"AKORN",
74466,"ANDA",,"AKORN",
74467,"ANDA",,"SANDOZ",
74468,"ANDA",,"HOSPIRA",
74471,"ANDA",,"BARR",
74472,"ANDA",,"APOTHECON",
74473,"ANDA",,"MYLAN",
74474,"ANDA",,"NOSTRUM LABS",
74476,"ANDA",,"ROXANE",
74477,"ANDA",,"PRINSTON INC",
74478,"ANDA",,"YAOPHARMA CO LTD",
74479,"ANDA",,"WATSON LABS",
74480,"ANDA",,"HIKMA",
74481,"ANDA",,"SANDOZ",
74483,"ANDA",,"G AND W LABS INC",
74488,"ANDA",,"TEVA",
74489,"ANDA",,"G AND W LABS INC",
74493,"ANDA",,"PAR PHARM",
74495,"ANDA",,"SANDOZ",
74496,"ANDA",,"WEST-WARD PHARMS INT",
74497,"ANDA",,"ANI PHARMS INC",
74498,"ANDA",,"ANI PHARMS INC",
74499,"ANDA",,"SUN PHARM INDUSTRIES",
74500,"ANDA",,"COPLEY PHARM",
74501,"ANDA",,"SANDOZ",
74502,"ANDA",,"PIRAMAL ENT",
74504,"ANDA",,"TEVA",
74505,"ANDA",,"HIKMA INTL PHARMS",
74506,"ANDA",,"UPSHER-SMITH LABS",
74507,"ANDA",,"ACTAVIS LABS NY INC",
74509,"ANDA",,"PHARM ASSOC",
74510,"ANDA",,"TEVA PARENTERAL",
74511,"ANDA",,"AKORN",
74512,"ANDA",,"L PERRIGO CO",
74513,"ANDA",,"ACCORD HLTHCARE",
74514,"ANDA",,"ACTAVIS ELIZABETH",
74515,"ANDA",,"AKORN",
74516,"ANDA",,"AKORN",
74517,"ANDA",,"YAOPHARMA CO LTD",
74519,"ANDA",,"YAOPHARMA CO LTD",
74520,"ANDA",,"LANNETT CO INC",
74521,"ANDA",,"WEST-WARD PHARMS INT",
74522,"ANDA",,"TEVA",
74523,"ANDA",,"LABS AF",
74524,"ANDA",,"WEST-WARD PHARMS INT",
74525,"ANDA",,"SANDOZ",
74529,"ANDA",,"TEVA PHARMS USA",
74530,"ANDA",,"IVAX SUB TEVA PHARMS",
74531,"ANDA",,"WEST-WARD PHARMS INT",
74532,"ANDA",,"WOCKHARDT LTD",
74533,"ANDA",,"SANDOZ",
74534,"ANDA",,"HOSPIRA",
74535,"ANDA",,"WATSON LABS INC",
74536,"ANDA",,"ACTAVIS MID ATLANTIC",
74537,"ANDA",,"G AND W LABS INC",
74538,"ANDA",,"MAYNE PHARMA",
74539,"ANDA",,"PHARMACHEMIE",
74540,"ANDA",,"ANI PHARMS INC",
74541,"ANDA",,"CYCLE PHARMS LTD",
74542,"ANDA",,"SANDOZ",
74543,"ANDA",,"HI TECH PHARMA",
74544,"ANDA",,"EPIC PHARMA LLC",
74545,"ANDA",,"LUITPOLD",
74546,"ANDA",,"SANDOZ",
74549,"ANDA",,"HOSPIRA",
74550,"ANDA",,"ACCORD HLTHCARE",
74551,"ANDA",,"WATSON LABS INC",
74552,"ANDA",,"MYLAN",
74553,"ANDA",,"PHARM ASSOC",
74554,"ANDA",,"ANI PHARMS INC",
74555,"ANDA",,"TEVA PHARMS",
74556,"ANDA",,"TEVA",
74557,"ANDA",,"SANDOZ",
74558,"ANDA",,"SANDOZ",
74559,"ANDA",,"MYLAN TECHNOLOGIES",
74560,"ANDA",,"THERAGEN",
74561,"ANDA",,"SANDOZ",
74562,"ANDA",,"SANDOZ",
74565,"ANDA",,"CHARTWELL MOLECULES",
74566,"ANDA",,"PLIVA",
74567,"ANDA",,"OHM LABS",
74568,"ANDA",,"PLIVA",
74569,"ANDA",,"TEVA",
74570,"ANDA",,"ROXANE",
74574,"ANDA",,"BEDFORD",
74575,"ANDA",,"BEDFORD",
74576,"ANDA",,"WATSON LABS",
74578,"ANDA",,"TEVA",
74579,"ANDA",,"PERRIGO NEW YORK",
74580,"ANDA",,"TARO",
74582,"ANDA",,"BARR",
74584,"ANDA",,"USL PHARMA",
74585,"ANDA",,"WATSON LABS",
74586,"ANDA",,"ACTAVIS MID ATLANTIC",
74587,"ANDA",,"MYLAN",
74588,"ANDA",,"ACTAVIS MID ATLANTIC",
74589,"ANDA",,"TEVA",
74590,"ANDA",,"G AND W LABS INC",
74591,"ANDA",,"DAVA PHARMS INC",
74593,"ANDA",,"WEST-WARD PHARMS INT",
74594,"ANDA",,"YAOPHARMA CO LTD",
74596,"ANDA",,"ATHENEX INC",
74597,"ANDA",,"WEST-WARD PHARMS INT",
74598,"ANDA",,"HOSPIRA",
74600,"ANDA",,"WATSON LABS",
74601,"ANDA",,"HOSPIRA",
74602,"ANDA",,"WOCKHARDT BIO AG",
74603,"ANDA",,"WOCKHARDT BIO AG",
74604,"ANDA",,"ANI PHARMS INC",
74610,"ANDA",,"ANI PHARMS INC",
74612,"ANDA",,"AVEVA",
74613,"ANDA",,"TEVA PARENTERAL",
74615,"ANDA",,"YAOPHARMA CO LTD",
74616,"ANDA",,"HOSPIRA",
74617,"ANDA",,"ATHENEX INC",
74619,"ANDA",,"BARR LABS INC",
74620,"ANDA",,"HOSPIRA",
74621,"ANDA",,"BARR",
74623,"ANDA",,"PHARM ASSOC",
74625,"ANDA",,"UPSHER-SMITH LABS",
74626,"ANDA",,"HOSPIRA",
74629,"ANDA",,"BAXTER HLTHCARE",
74631,"ANDA",,"SANDOZ INC",
74632,"ANDA",,"HOSPIRA",
74633,"ANDA",,"HOSPIRA",
74634,"ANDA",,"HOSPIRA",
74635,"ANDA",,"CONTRACT PHARMACAL",
74636,"ANDA",,"HOSPIRA",
74637,"ANDA",,"HOSPIRA",
74638,"ANDA",,"ABBVIE",
74639,"ANDA",,"HOSPIRA",
74640,"ANDA",,"PUREPAC PHARM",
74641,"ANDA",,"CHARTWELL MOLECULES",
74642,"ANDA",,"MYLAN",
74643,"ANDA",,"BAUSCH AND LOMB",
74644,"ANDA",,"SUN PHARM INDS INC",
74646,"ANDA",,"PLD ACQUISITIONS LLC",
74647,"ANDA",,"PLIVA",
74648,"ANDA",,"ROXANE",
74649,"ANDA",,"TARO",
74650,"ANDA",,"HI TECH PHARMA",
74653,"ANDA",,"WEST-WARD PHARMS INT",
74654,"ANDA",,"SANDOZ",
74655,"ANDA",,"SANDOZ",
74656,"ANDA",,"PHARMACHEMIE BV",
74657,"ANDA",,"SANDOZ",
74658,"ANDA",,"LEK PHARM",
74661,"ANDA",,"PERRIGO",
74662,"ANDA",,"BOEHRINGER INGELHEIM",
74663,"ANDA",,"HOSPIRA",
74664,"ANDA",,"HI TECH PHARMA",
74665,"ANDA",,"TEVA",
74667,"ANDA",,"FOUGERA",
74668,"ANDA",,"FOUGERA",
74670,"ANDA",,"WATSON LABS",
74672,"ANDA",,"SIEGFRIED",
74673,"ANDA",,"EPIC PHARMA LLC",
74674,"ANDA",,"IVAX SUB TEVA PHARMS",
74677,"ANDA",,"BOSCOGEN",
74679,"ANDA",,"FRESENIUS KABI USA",
74680,"ANDA",,"APOTEX",
74681,"ANDA",,"TEVA",
74686,"ANDA",,"TEVA",
74688,"ANDA",,"TEVA PHARMS USA",
74694,"ANDA",,"TARO",
74698,"ANDA",,"WATSON LABS",
74699,"ANDA",,"WATSON LABS",
74700,"ANDA",,"SANDOZ",
74701,"ANDA",,"MYLAN",
74702,"ANDA",,"WOCKHARDT",
74703,"ANDA",,"WOCKHARDT BIO AG",
74706,"ANDA",,"AKORN",
74707,"ANDA",,"ACTAVIS LABS NY INC",
74711,"ANDA",,"WATSON LABS",
74712,"ANDA",,"CUMBERLAND PHARMS",
74713,"ANDA",,"BEDFORD",
74719,"ANDA",,"BAXTER HLTHCARE",
74720,"ANDA",,"HOSPIRA",
74721,"ANDA",,"LANNETT CO INC",
74722,"ANDA",,"ACTAVIS ELIZABETH",
74723,"ANDA",,"TEVA",
74725,"ANDA",,"PHARM ASSOC",
74726,"ANDA",,"UPSHER-SMITH LABS",
74727,"ANDA",,"MYLAN",
74728,"ANDA",,"SANDOZ",
74729,"ANDA",,"G AND W LABS INC",
74730,"ANDA",,"WOCKHARDT BIO AG",
74731,"ANDA",,"HI TECH PHARMA",
74732,"ANDA",,"MYLAN",
74734,"ANDA",,"HOSPIRA",
74735,"ANDA",,"FRESENIUS KABI USA",
74736,"ANDA",,"WATSON LABS",
74737,"ANDA",,"APOTEX",
74738,"ANDA",,"ACTAVIS MID ATLANTIC",
74739,"ANDA",,"TEVA PHARMS",
74740,"ANDA",,"HOSPIRA",
74741,"ANDA",,"HOSPIRA",
74743,"ANDA",,"SIGHT PHARMS",
74744,"ANDA",,"G AND W LABS INC",
74745,"ANDA",,"TEVA",
74746,"ANDA",,"PACIFIC PHARMA",
74747,"ANDA",,"PACIFIC PHARMA",
74748,"ANDA",,"EGIS PHARMS",
74749,"ANDA",,"HI TECH PHARMA",
74750,"ANDA",,"LEK PHARM",
74751,"ANDA",,"WATSON LABS",
74752,"ANDA",,"ACTAVIS LABS FL INC",
74753,"ANDA",,"BAXTER HLTHCARE CORP",
74754,"ANDA",,"TEVA",
74755,"ANDA",,"MYLAN SPECIALITY LP",
74756,"ANDA",,"G AND W LABS INC",
74757,"ANDA",,"WOCKHARDT BIO AG",
74758,"ANDA",,"HOSPIRA",
74759,"ANDA",,"AKORN",
74760,"ANDA",,"PERRIGO",
74761,"ANDA",,"MYLAN",
74762,"ANDA",,"WATSON LABS",
74764,"ANDA",,"BEDFORD",
74767,"ANDA",,"WOCKHARDT BIO AG",
74768,"ANDA",,"BAXTER HLTHCARE CORP",
74769,"ANDA",,"RHODES PHARMS",
74771,"ANDA",,"IVAX SUB TEVA PHARMS",
74776,"ANDA",,"BAUSCH AND LOMB",
74777,"ANDA",,"WEST-WARD PHARMS INT",
74778,"ANDA",,"BAUSCH AND LOMB",
74779,"ANDA",,"AKORN",
74780,"ANDA",,"AKORN",
74782,"ANDA",,"CONTRACT PHARMACAL",
74784,"ANDA",,"TEVA PARENTERAL",
74787,"ANDA",,"IVAX SUB TEVA PHARMS",
74788,"ANDA",,"VINTAGE PHARMS LLC",
74789,"ANDA",,"CONTRACT PHARMACAL",
74790,"ANDA",,"CYCLE PHARMS LTD",
74792,"ANDA",,"MYLAN",
74793,"ANDA",,"DAVA PHARMS INC",
74794,"ANDA",,"ACTAVIS ELIZABETH",
74795,"ANDA",,"TEVA PARENTERAL",
74796,"ANDA",,"MYLAN",
74799,"ANDA",,"TARO",
74800,"ANDA",,"ACTAVIS MID ATLANTIC",
74801,"ANDA",,"HOSPIRA",
74802,"ANDA",,"HOSPIRA",
74803,"ANDA",,"BARR",
74805,"ANDA",,"BAUSCH AND LOMB",
74806,"ANDA",,"ACTAVIS LABS",
74808,"ANDA",,"EGIS",
74811,"ANDA",,"WEST-WARD PHARMS INT",
74812,"ANDA",,"ESI LEDERLE",
74813,"ANDA",,"PIERRE FABRE",
74814,"ANDA",,"TEVA PHARMS USA",
74815,"ANDA",,"WEST-WARD PHARMS INT",
74816,"ANDA",,"GENSIA SICOR PHARMS",
74817,"ANDA",,"SANDOZ",
74818,"ANDA",,"WATSON LABS",
74819,"ANDA",,"OXFORD PHARMS",
74821,"ANDA",,"SANDOZ",
74823,"ANDA",,"SANDOZ",
74824,"ANDA",,"BAXTER HLTHCARE",
74825,"ANDA",,"BAXTER HLTHCARE",
74826,"ANDA",,"PAR PHARM",
74827,"ANDA",,"G AND W LABS INC",
74828,"ANDA",,"TEVA",
74830,"ANDA",,"BAUSCH AND LOMB",
74832,"ANDA",,"WATSON LABS",
74833,"ANDA",,"DAVA PHARMS INC",
74834,"ANDA",,"CHARTWELL MOLECULES",
74835,"ANDA",,"AUROLIFE PHARMA LLC",
74836,"ANDA",,"IVAX SUB TEVA PHARMS",
74839,"ANDA",,"SANDOZ",
74840,"ANDA",,"ANI PHARMS INC",
74841,"ANDA",,"CHARTWELL MOLECULES",
74842,"ANDA",,"CHARTWELL MOLECULES",
74843,"ANDA",,"VINTAGE PHARMS",
74844,"ANDA",,"WATSON LABS",
74845,"ANDA",,"BIOVAIL",
74846,"ANDA",,"SANDOZ",
74847,"ANDA",,"TEVA",
74848,"ANDA",,"WEST-WARD PHARMS INT",
74849,"ANDA",,"TEVA",
74850,"ANDA",,"SANDOZ INC",
74851,"ANDA",,"ALCON LABS INC",
74852,"ANDA",,"ACTAVIS LABS FL INC",
74857,"ANDA",,"NOVARTIS",
74859,"ANDA",,"ANI PHARMS INC",
74862,"ANDA",,"RHODES PHARMS",
74863,"ANDA",,"WOCKHARDT BIO AG",
74864,"ANDA",,"WATSON LABS",
74865,"ANDA",,"WATSON LABS",
74866,"ANDA",,"MYLAN",
74868,"ANDA",,"WOCKHARDT BIO AG",
74869,"ANDA",,"ACTAVIS ELIZABETH",
74870,"ANDA",,"ACTAVIS ELIZABETH",
74871,"ANDA",,"APOTEX INC",
74872,"ANDA",,"CHARTWELL MOLECULES",
74873,"ANDA",,"TEVA PHARMS",
74874,"ANDA",,"PLIVA",
74877,"ANDA",,"HERITAGE PHARMS INC",
74878,"ANDA",,"ACTAVIS ELIZABETH",
74879,"ANDA",,"ALKERMES GAINESVILLE",
74880,"ANDA",,"NEPHRON",
74881,"ANDA",,"COOK IMAGING",
74883,"ANDA",,"IVAX SUB TEVA PHARMS",
74884,"ANDA",,"LANNETT CO INC",
74885,"ANDA",,"EUROHLTH INTL SARL",
74888,"ANDA",,"TEVA PHARMS USA",
74889,"ANDA",,"HERITAGE PHARMS INC",
74890,"ANDA",,"APOTEX",
74891,"ANDA",,"HERITAGE PHARMS INC",
74892,"ANDA",,"WATSON LABS",
74893,"ANDA",,"FRESENIUS KABI USA",
74894,"ANDA",,"TEVA PHARMS USA",
74895,"ANDA",,"TEVA",
74896,"ANDA",,"MYLAN",
74897,"ANDA",,"APOTHECON",
74898,"ANDA",,"HOSPIRA",
74899,"ANDA",,"ANI PHARMS INC",
74900,"ANDA",,"WEST-WARD PHARMS INT",
74901,"ANDA",,"WEST-WARD PHARMS INT",
74903,"ANDA",,"SANDOZ",
74904,"ANDA",,"TARO PHARM INDS LTD",
74905,"ANDA",,"FOUGERA PHARMS",
74906,"ANDA",,"ACTAVIS ELIZABETH",
74909,"ANDA",,"SANDOZ",
74910,"ANDA",,"MYLAN",
74911,"ANDA",,"VALEANT",
74912,"ANDA",,"BOSCOGEN",
74913,"ANDA",,"EUROHLTH INTL SARL",
74914,"ANDA",,"TEVA PHARMS",
74916,"ANDA",,"ACTAVIS MID ATLANTIC",
74917,"ANDA",,"WATSON LABS INC",
74918,"ANDA",,"BARR",
74920,"ANDA",,"TEVA",
74921,"ANDA",,"MAYNE PHARMA",
74924,"ANDA",,"APOTEX INC",
74925,"ANDA",,"SANDOZ",
74926,"ANDA",,"ACTAVIS MID ATLANTIC",
74927,"ANDA",,"ECI PHARMS LLC",
74928,"ANDA",,"EPIC PHARMA",
74929,"ANDA",,"ECI PHARMS LLC",
74930,"ANDA",,"FRESENIUS KABI USA",
74931,"ANDA",,"CONTRACT PHARMACAL",
74932,"ANDA",,"MYLAN",
74935,"ANDA",,"TARO",
74936,"ANDA",,"ACTAVIS ELIZABETH",
74937,"ANDA",,"PERRIGO",
74939,"ANDA",,"ATHENEX INC",
74940,"ANDA",,"MYLAN PHARMS INC",
74941,"ANDA",,"HOSPIRA",
74942,"ANDA",,"SANDOZ",
74943,"ANDA",,"APOTEX",
74944,"ANDA",,"WATSON LABS INC",
74945,"ANDA",,"WATSON PHARMS TEVA",
74946,"ANDA",,"DAVA PHARMS INC",
74947,"ANDA",,"MYLAN",
74948,"ANDA",,"APOTEX",
74949,"ANDA",,"IVAX SUB TEVA PHARMS",
74951,"ANDA",,"STEVENS J",
74952,"ANDA",,"TEVA PHARMS USA",
74953,"ANDA",,"SANDOZ",
74955,"ANDA",,"WATSON LABS",
74956,"ANDA",,"FRESENIUS KABI USA",
74958,"ANDA",,"TEVA",
74961,"ANDA",,"CONTRACT PHARMACAL",
74962,"ANDA",,"UPSHER-SMITH LABS",
74963,"ANDA",,"CONTRACT PHARMACAL",
74964,"ANDA",,"WATSON LABS",
74966,"ANDA",,"HOSPIRA",
74967,"ANDA",,"MYLAN",
74968,"ANDA",,"WATSON LABS INC",
74969,"ANDA",,"TEVA PARENTERAL",
74970,"ANDA",,"ANI PHARMS INC",
74971,"ANDA",,"TEVA",
74972,"ANDA",,"PERRIGO",
74973,"NDA",,"ALLEGIS",
74974,"ANDA",,"AKORN",
74975,"ANDA",,"RANBAXY",
74976,"ANDA",,"MYLAN",
74977,"ANDA",,"MYLAN",
74978,"ANDA",,"ACTAVIS MID ATLANTIC",
74979,"ANDA",,"SANDOZ",
74980,"ANDA",,"SUN PHARM INDS LTD",
74983,"ANDA",,"FRESENIUS KABI USA",
74984,"ANDA",,"PAR PHARM",
74986,"ANDA",,"ALLIED",
74988,"ANDA",,"STEVENS J",
74989,"ANDA",,"TEVA",
74991,"ANDA",,"DURAMED PHARMS BARR",
74992,"ANDA",,"MYLAN TECHNOLOGIES",
74993,"ANDA",,"HOSPIRA",
74995,"ANDA",,"WATSON LABS INC",
74997,"ANDA",,"APOTEX INC",
75000,"ANDA",,"RANBAXY",
75004,"ANDA",,"HOSPIRA",
75005,"ANDA",,"HOSPIRA",
75006,"ANDA",,"WOCKHARDT BIO AG",
75008,"ANDA",,"TARO",
75009,"ANDA",,"TEVA",
75010,"ANDA",,"LNK",
75012,"ANDA",,"MYLAN",
75014,"ANDA",,"ACTAVIS MID ATLANTIC",
75015,"ANDA",,"FRESENIUS KABI USA",
75020,"ANDA",,"BARR LABS INC",
75021,"ANDA",,"TEVA PHARMS",
75022,"ANDA",,"TEVA",
75025,"ANDA",,"AKORN",
75027,"ANDA",,"PERRIGO CO",
75028,"ANDA",,"VALEANT PHARMS",
75030,"ANDA",,"TEVA PHARMS",
75034,"ANDA",,"APOTEX",
75036,"ANDA",,"WEST-WARD PHARMS INT",
75037,"ANDA",,"ACTAVIS ELIZABETH",
75039,"ANDA",,"MIKART",
75040,"ANDA",,"ESI LEDERLE",
75041,"ANDA",,"ALKERMES GAINESVILLE",
75042,"ANDA",,"TARO",
75043,"ANDA",,"TARO",
75045,"ANDA",,"WEST-WARD PHARMS INT",
75046,"ANDA",,"WEST-WARD PHARMS INT",
75047,"ANDA",,"AMNEAL PHARM",
75048,"ANDA",,"SANDOZ",
75049,"ANDA",,"SANDOZ",
75050,"ANDA",,"BAUSCH AND LOMB",
75051,"ANDA",,"VISTAPHARM",
75052,"ANDA",,"DURAMED PHARMS BARR",
75055,"ANDA",,"IVAX SUB TEVA PHARMS",
75057,"ANDA",,"MYLAN PHARMS INC",
75058,"ANDA",,"SUN PHARM INDS INC",
75060,"ANDA",,"WOCKHARDT BIO AG",
75061,"ANDA",,"FOSUN PHARMA",
75062,"ANDA",,"WATSON LABS",
75063,"ANDA",,"HI TECH PHARMA",
75065,"ANDA",,"HOSPIRA",
75067,"ANDA",,"ACTAVIS MID ATLANTIC",
75069,"ANDA",,"WATSON LABS",
75071,"ANDA",,"MYLAN",
75072,"ANDA",,"PAR PHARM",
75073,"ANDA",,"MYLAN TECHNOLOGIES",
75074,"ANDA",,"TARO PHARM INDS",
75075,"ANDA",,"MYLAN TECHNOLOGIES",
75076,"ANDA",,"MYLAN TECHNOLOGIES",
75077,"ANDA",,"PERRIGO",
75078,"ANDA",,"TARO",
75079,"ANDA",,"VINTAGE PHARMS",
75082,"ANDA",,"SANDOZ",
75085,"ANDA",,"FOUGERA PHARMS",
75086,"ANDA",,"AKORN INC",
75088,"ANDA",,"KING PHARMS",
75089,"ANDA",,"APOTEX",
75090,"ANDA",,"BOSCOGEN",
75091,"ANDA",,"MYLAN",
75093,"ANDA",,"IMPAX LABS",
75094,"ANDA",,"CONTRACT PHARMACAL",
75095,"ANDA",,"AKORN",
75099,"ANDA",,"WOCKHARDT BIO AG",
75100,"ANDA",,"LEK PHARM",
75101,"ANDA",,"WATSON LABS",
75102,"ANDA",,"SAGENT PHARMS",
75103,"ANDA",,"ALPHARMA US PHARMS",
75104,"ANDA",,"MYLAN PHARMS INC",
75105,"ANDA",,"MYLAN PHARMS INC",
75106,"ANDA",,"HOSPIRA",
75107,"ANDA",,"WATSON LABS",
75108,"ANDA",,"MYLAN",
75109,"ANDA",,"AMNEAL PHARM",
75110,"ANDA",,"ANI PHARMS INC",
75111,"ANDA",,"ACTAVIS MID ATLANTIC",
75113,"ANDA",,"SANDOZ",
75114,"ANDA",,"ABBVIE",
75115,"ANDA",,"LANNETT CO INC",
75116,"ANDA",,"VALEANT PHARMS NORTH",
75117,"ANDA",,"CONCORDIA PHARMS INC",
75119,"ANDA",,"EGIS",
75122,"ANDA",,"SANDOZ INC",
75124,"ANDA",,"MYLAN",
75126,"ANDA",,"ANI PHARMS INC",
75128,"ANDA",,"WATSON LABS TEVA",
75129,"ANDA",,"ROXANE",
75132,"ANDA",,"SUN PHARM INDS LTD",
75133,"ANDA",,"WATSON LABS",
75135,"ANDA",,"UPSHER-SMITH LABS",
75136,"ANDA",,"HOSPIRA",
75137,"ANDA",,"PHARM ASSOC",
75138,"ANDA",,"MYLAN",
75139,"ANDA",,"LNK",
75140,"ANDA",,"MYLAN PHARMS INC",
75141,"ANDA",,"GALT PHARMS",
75143,"ANDA",,"BARR",
75145,"ANDA",,"LANNETT CO INC",
75147,"ANDA",,"ANI PHARMS INC",
75149,"ANDA",,"TEVA",
75150,"ANDA",,"MYLAN",
75151,"ANDA",,"HOSPIRA",
75152,"ANDA",,"WATSON LABS TEVA",
75153,"ANDA",,"L PERRIGO CO",
75154,"ANDA",,"FRESENIUS KABI USA",
75155,"ANDA",,"LANNETT CO INC",
75160,"ANDA",,"HOSPIRA",
75161,"ANDA",,"MYLAN",
75162,"ANDA",,"PAR PHARM",
75163,"ANDA",,"HI TECH PHARMA",
75164,"ANDA",,"HOSPIRA",
75165,"ANDA",,"IVAX SUB TEVA PHARMS",
75166,"ANDA",,"SKYEPHARMA AG",
75167,"ANDA",,"APOTEX INC",
75168,"ANDA",,"DR REDDYS LABS INC",
75170,"ANDA",,"HOSPIRA",
75172,"ANDA",,"PADDOCK LLC",
75174,"ANDA",,"YAOPHARMA CO LTD",
75175,"ANDA",,"ROXANE",
75176,"ANDA",,"HOSPIRA",
75178,"ANDA",,"APOTEX",
75179,"ANDA",,"COPLEY PHARM",
75180,"ANDA",,"PAR PHARM",
75181,"ANDA",,"WE PHARMS",
75182,"ANDA",,"MYLAN TECHNOLOGIES",
75183,"ANDA",,"HI TECH PHARMA",
75184,"ANDA",,"TEVA PHARMS",
75185,"ANDA",,"CARLSBAD",
75187,"ANDA",,"FOUGERA PHARMS",
75188,"ANDA",,"MYLAN",
75189,"ANDA",,"IMPAX LABS INC",
75190,"ANDA",,"WEST-WARD PHARMS INT",
75191,"ANDA",,"APOTEX",
75192,"ANDA",,"MARSAM PHARMS LLC",
75193,"ANDA",,"MARSAM PHARMS LLC",
75194,"ANDA",,"MARSAM PHARMS LLC",
75196,"ANDA",,"TEVA PHARMS USA",
75199,"ANDA",,"TEVA",
75201,"ANDA",,"AMERIGEN PHARMS LTD",
75203,"ANDA",,"WATSON LABS",
75205,"ANDA",,"WOCKHARDT BIO AG",
75206,"ANDA",,"TEVA PHARMS USA",
75207,"ANDA",,"MYLAN",
75208,"ANDA",,"WOCKHARDT LTD",
75209,"ANDA",,"PLD ACQUISITIONS LLC",
75211,"ANDA",,"MYLAN PHARMS INC",
75212,"ANDA",,"WATSON LABS",
75213,"ANDA",,"PERRIGO PHARMA INTL",
75215,"ANDA",,"INNOGENIX",
75217,"ANDA",,"L PERRIGO CO",
75218,"ANDA",,"WEST-WARD PHARMS INT",
75219,"ANDA",,"TEVA",
75220,"ANDA",,"HOSPIRA",
75221,"ANDA",,"HOSPIRA",
75222,"ANDA",,"WEST-WARD PHARMS INT",
75223,"ANDA",,"APOTHECON",
75224,"ANDA",,"TARO",
75225,"ANDA",,"HALOCARBON PRODS",
75226,"ANDA",,"RANBAXY LABS LTD",
75227,"ANDA",,"TEVA",
75228,"ANDA",,"WEST-WARD PHARMS INT",
75229,"ANDA",,"CASI PHARMS INC",
75230,"ANDA",,"BEDFORD",
75231,"ANDA",,"NEXGEN PHARMA INC",
75232,"ANDA",,"L PERRIGO CO",
75233,"ANDA",,"MYLAN TECHNOLOGIES",
75235,"ANDA",,"APOTEX INC",
75237,"ANDA",,"MYLAN",
75238,"ANDA",,"WATSON LABS",
75239,"ANDA",,"HOSPIRA",
75240,"ANDA",,"HOSPIRA",
75241,"ANDA",,"HOSPIRA",
75242,"ANDA",,"HOSPIRA",
75243,"ANDA",,"WEST-WARD PHARMS INT",
75245,"ANDA",,"IVAX SUB TEVA PHARMS",
75247,"ANDA",,"WEST-WARD PHARMS INT",
75249,"ANDA",,"BEDFORD",
75250,"ANDA",,"MEDICIS PHARMS",
75252,"ANDA",,"AAIPHARMA LLC",
75253,"ANDA",,"ACTAVIS ELIZABETH",
75254,"ANDA",,"RANBAXY",
75256,"ANDA",,"DURAMED PHARMS BARR",
75259,"ANDA",,"TEVA PHARMS USA",
75260,"ANDA",,"WOCKHARDT",
75262,"ANDA",,"ACTAVIS MID ATLANTIC",
75263,"ANDA",,"IGI LABS INC",
75264,"ANDA",,"PERRIGO PHARMA INTL",
75265,"ANDA",,"PERRIGO PHARMA INTL",
75269,"ANDA",,"VALEANT PHARMS NORTH",
75270,"ANDA",,"ACTAVIS LABS FL INC",
75271,"ANDA",,"TEVA PHARMS",
75273,"ANDA",,"TEVA",
75274,"ANDA",,"ELITE LABS",
75276,"ANDA",,"FOUGERA PHARMS",
75278,"ANDA",,"MYLAN",
75279,"ANDA",,"TARO",
75280,"ANDA",,"CASI PHARMS INC",
75281,"ANDA",,"MYLAN PHARMS INC",
75282,"ANDA",,"SANDOZ INC",
75284,"ANDA",,"PLIVA",
75285,"ANDA",,"L PERRIGO CO",
75286,"ANDA",,"FOSUN PHARMA",
75287,"ANDA",,"WATSON LABS",
75288,"ANDA",,"MAYNE PHARMA",
75289,"ANDA",,"VALEANT PHARMS NORTH",
75290,"ANDA",,"WEST-WARD PHARMS INT",
75292,"ANDA",,"APOTEX INC",
75293,"ANDA",,"HOSPIRA",
75294,"ANDA",,"DR REDDYS LABS LTD",
75295,"ANDA",,"VINTAGE PHARMS LLC",
75296,"ANDA",,"IVAX SUB TEVA PHARMS",
75297,"ANDA",,"TEVA PHARMS USA",
75298,"ANDA",,"PAR PHARM",
75299,"ANDA",,"WEST-WARD PHARMS INT",
75300,"ANDA",,"SANDOZ",
75302,"ANDA",,"PLD ACQUISITIONS",
75303,"ANDA",,"WEST-WARD PHARMS INT",
75305,"ANDA",,"WEST-WARD PHARMS INT",
75306,"ANDA",,"ACTAVIS ELIZABETH",
75309,"ANDA",,"WATSON LABS",
75310,"ANDA",,"TEVA",
75311,"ANDA",,"TEVA",
75312,"ANDA",,"TEVA",
75313,"ANDA",,"TEVA PHARMS USA",
75314,"ANDA",,"SUN PHARM INDUSTRIES",
75315,"ANDA",,"SANDOZ",
75316,"ANDA",,"MYLAN",
75317,"ANDA",,"JUBILANT CADISTA",
75318,"ANDA",,"YAOPHARMA CO LTD",
75319,"ANDA",,"TARO",
75321,"ANDA",,"APOTEX",
75323,"ANDA",,"BAXTER HLTHCARE",
75324,"ANDA",,"WEST-WARD PHARMS INT",
75325,"ANDA",,"HI TECH PHARMA",
75326,"ANDA",,"YAOPHARMA CO LTD",
75327,"ANDA",,"ANI PHARMS INC",
75328,"ANDA",,"VINTAGE PHARMS",
75329,"ANDA",,"PERRIGO",
75331,"ANDA",,"TARO",
75333,"ANDA",,"APOTEX INC",
75337,"ANDA",,"PLIVA",
75338,"ANDA",,"MYLAN PHARMS INC",
75339,"ANDA",,"VINTAGE PHARMS",
75340,"ANDA",,"PAR PHARM",
75341,"ANDA",,"AAIPHARMA LLC",
75342,"ANDA",,"HOSPIRA",
75343,"ANDA",,"TEVA PHARMS",
75345,"ANDA",,"IVAX SUB TEVA PHARMS",
75346,"ANDA",,"WOCKHARDT BIO AG",
75347,"ANDA",,"ACTAVIS LABS FL INC",
75348,"ANDA",,"APOTHECON",
75350,"ANDA",,"ACTAVIS ELIZABETH",
75351,"ANDA",,"VINTAGE PHARMS LLC",
75352,"ANDA",,"DAVA PHARMS INC",
75353,"ANDA",,"TEVA",
75355,"ANDA",,"APOTHECON",
75356,"ANDA",,"APOTEX",
75357,"ANDA",,"L PERRIGO CO",
75358,"ANDA",,"BAUSCH AND LOMB",
75360,"ANDA",,"APOTEX INC",
75361,"ANDA",,"HIKMA PHARMS",
75362,"ANDA",,"PLIVA",
75363,"ANDA",,"TARO",
75364,"ANDA",,"PERRIGO",
75366,"ANDA",,"UPSHER-SMITH LABS",
75367,"ANDA",,"L PERRIGO CO",
75368,"ANDA",,"FOUGERA PHARMS",
75369,"ANDA",,"KRKA DD NOVO MESTO",
75370,"ANDA",,"KRKA DD NOVO MESTO",
75371,"ANDA",,"FRESENIUS KABI USA",
75373,"ANDA",,"FOUGERA PHARMS",
75374,"ANDA",,"FOUGERA PHARMS",
75375,"ANDA",,"MYLAN LABS LTD",
75379,"ANDA",,"PHARM ASSOC",
75382,"ANDA",,"CARLSBAD",
75383,"ANDA",,"HOSPIRA",
75384,"ANDA",,"MYLAN TECHNOLOGIES",
75385,"ANDA",,"IVAX SUB TEVA PHARMS",
75386,"ANDA",,"AKORN",
75387,"ANDA",,"WEST-WARD PHARMS INT",
75388,"ANDA",,"OXFORD PHARMS",
75389,"ANDA",,"MAYNE PHARMA INC",
75390,"ANDA",,"MYLAN PHARMS INC",
75391,"ANDA",,"FOUGERA PHARMS",
75392,"ANDA",,"TEVA PARENTERAL",
75393,"ANDA",,"TEVA PHARMS USA",
75394,"ANDA",,"WOCKHARDT EU OPERATN",
75395,"ANDA",,"NESHER PHARMS",
75396,"ANDA",,"HOSPIRA",
75400,"ANDA",,"PERRIGO",
75401,"ANDA",,"ACTAVIS LABS FL INC",
75402,"ANDA",,"APOTEX INC",
75403,"ANDA",,"APOTEX INC",
75404,"ANDA",,"WATSON LABS",
75405,"ANDA",,"WEST-WARD PHARMS INT",
75406,"ANDA",,"WATSON LABS",
75407,"ANDA",,"DAVA PHARMS INC",
75409,"ANDA",,"HOSPIRA INC",
75410,"ANDA",,"LANNETT CO INC",
75411,"ANDA",,"APOTEX INC",
75412,"ANDA",,"APOTEX INC",
75413,"ANDA",,"FOSUN PHARMA",
75414,"ANDA",,"MARTEC USA LLC",
75416,"ANDA",,"ACTAVIS LABS FL INC",
75417,"ANDA",,"MYLAN",
75419,"ANDA",,"APOTEX",
75421,"ANDA",,"WEST-WARD PHARMS INT",
75423,"ANDA",,"SUN PHARM INDS INC",
75424,"ANDA",,"TARO PHARM",
75425,"ANDA",,"WATSON LABS TEVA",
75426,"ANDA",,"WATSON LABS INC",
75427,"ANDA",,"PERRIGO",
75428,"ANDA",,"SANDOZ",
75429,"ANDA",,"TEVA",
75430,"ANDA",,"FOUGERA PHARMS",
75431,"ANDA",,"AKORN INC",
75432,"ANDA",,"ANI PHARMS INC",
75434,"ANDA",,"FOSUN PHARMA",
75435,"ANDA",,"TEVA PHARMS",
75436,"ANDA",,"ACCORD HLTHCARE",
75437,"ANDA",,"FERA PHARMS LLC",
75438,"ANDA",,"WOCKHARDT BIO AG",
75439,"ANDA",,"SUN PHARM INDS LTD",
75440,"ANDA",,"MYLAN LABS LTD",
75441,"ANDA",,"APOTEX INC",
75442,"ANDA",,"AMNEAL PHARM",
75446,"ANDA",,"APOTEX INC",
75448,"ANDA",,"IVAX SUB TEVA PHARMS",
75450,"ANDA",,"ACTAVIS ELIZABETH",
75451,"ANDA",,"MYLAN",
75452,"ANDA",,"TEVA",
75453,"ANDA",,"IVAX SUB TEVA PHARMS",
75455,"ANDA",,"BEN VENUE",
75456,"ANDA",,"HOSPIRA",
75457,"ANDA",,"MYLAN PHARMS INC",
75458,"ANDA",,"HOSPIRA",
75459,"ANDA",,"SANDOZ INC",
75461,"ANDA",,"ANI PHARMS INC",
75463,"ANDA",,"MYLAN",
75464,"ANDA",,"LANDELA PHARM",
75465,"ANDA",,"MARKSANS PHARMA",
75466,"ANDA",,"GENPHARM",
75467,"ANDA",,"MYLAN",
75468,"ANDA",,"APOTEX INC",
75469,"ANDA",,"WATSON LABS TEVA",
75470,"ANDA",,"SUN PHARM INDUSTRIES",
75471,"ANDA",,"TEVA PHARMS USA",
75472,"ANDA",,"MYLAN",
75473,"ANDA",,"APOTEX INC",
75474,"ANDA",,"ANDA REPOSITORY",
75475,"ANDA",,"APOTEX INC",
75476,"ANDA",,"SANDOZ INC",
75477,"ANDA",,"CSPC OUYI PHARM CO",
75478,"ANDA",,"BARR",
75479,"ANDA",,"TEVA",
75480,"ANDA",,"MYLAN",
75481,"ANDA",,"AKORN INC",
75482,"ANDA",,"IVAX SUB TEVA PHARMS",
75483,"ANDA",,"WOCKHARDT LTD",
75484,"ANDA",,"HOSPIRA",
75485,"ANDA",,"WATSON LABS",
75486,"ANDA",,"WEST-WARD PHARMS INT",
75488,"ANDA",,"WEST-WARD PHARMS INT",
75491,"ANDA",,"MYLAN",
75492,"ANDA",,"VPNA",
75493,"ANDA",,"TEVA PHARMS USA",
75494,"ANDA",,"AKORN INC",
75496,"ANDA",,"SANDOZ INC",
75497,"ANDA",,"MYLAN",
75498,"ANDA",,"APOTEX",
75499,"ANDA",,"APOTEX INC",
75500,"ANDA",,"UPSHER-SMITH LABS",
75501,"ANDA",,"WATSON LABS",
75502,"ANDA",,"FOUGERA PHARMS",
75503,"ANDA",,"AKORN",
75504,"ANDA",,"TEVA",
75505,"ANDA",,"TEVA",
75506,"ANDA",,"TEVA",
75507,"ANDA",,"PHARMASCIENCE INC",
75508,"ANDA",,"TARO",
75509,"ANDA",,"MYLAN",
75510,"ANDA",,"WEST-WARD PHARMS INT",
75511,"ANDA",,"IVAX SUB TEVA PHARMS",
75512,"ANDA",,"IVAX SUB TEVA PHARMS",
75513,"ANDA",,"WEST-WARD PHARMS INT",
75514,"ANDA",,"WOCKHARDT BIO AG",
75515,"ANDA",,"SUN PHARM INDUSTRIES",
75517,"ANDA",,"EPIC PHARMA",
75518,"ANDA",,"ACTAVIS MID ATLANTIC",
75519,"ANDA",,"SANDOZ",
75520,"ANDA",,"TARO PHARM",
75521,"ANDA",,"APOTEX",
75522,"ANDA",,"DEXCEL LTD",
75523,"ANDA",,"SUN PHARM INDS LTD",
75524,"ANDA",,"AKORN INC",
75525,"ANDA",,"HI TECH PHARMA",
75526,"ANDA",,"SUN PHARM INDS INC",
75527,"ANDA",,"SANDOZ",
75528,"ANDA",,"PAR PHARM",
75529,"ANDA",,"PERRIGO PHARMA INTL",
75530,"ANDA",,"WEST-WARD PHARMS INT",
75536,"ANDA",,"TEVA",
75539,"ANDA",,"SANDOZ",
75541,"ANDA",,"EPIC PHARMA",
75542,"ANDA",,"BAXTER HLTHCARE CORP",
75543,"ANDA",,"TEVA",
75546,"ANDA",,"BAUSCH AND LOMB",
75547,"ANDA",,"WEST-WARD PHARMS INT",
75548,"ANDA",,"MAYNE PHARMA",
75549,"ANDA",,"WEST-WARD PHARMS INT",
75551,"ANDA",,"TEVA",
75552,"ANDA",,"MYLAN SPECIALITY LP",
75553,"ANDA",,"MYLAN SPECIALITY LP",
75555,"ANDA",,"TEVA PHARMS",
75556,"ANDA",,"SUN PHARM INDS LTD",
75557,"ANDA",,"TEVA",
75558,"ANDA",,"HOSPIRA",
75559,"ANDA",,"HOSPIRA",
75560,"ANDA",,"APOTEX INC",
75561,"ANDA",,"APOTEX INC",
75562,"ANDA",,"NEPHRON",
75563,"ANDA",,"OXFORD PHARMS",
75564,"ANDA",,"MYLAN",
75565,"ANDA",,"APOTEX INC",
75566,"ANDA",,"UPSHER-SMITH LABS",
75567,"ANDA",,"WEST-WARD PHARMS INT",
75568,"ANDA",,"MYLAN",
75569,"ANDA",,"TRACE LIFE",
75570,"ANDA",,"PERRIGO NEW YORK",
75571,"ANDA",,"HOSPIRA",
75572,"ANDA",,"NESHER PHARMS",
75574,"ANDA",,"ACTAVIS ELIZABETH",
75575,"ANDA",,"WATSON LABS INC",
75576,"ANDA",,"DR REDDYS LABS LTD",
75577,"ANDA",,"MYLAN PHARMS INC",
75578,"ANDA",,"TEVA PHARMS USA",
75579,"ANDA",,"SANDOZ",
75580,"ANDA",,"APOTEX",
75581,"ANDA",,"TEVA",
75582,"ANDA",,"SANDOZ",
75583,"ANDA",,"APOTHECON",
75584,"ANDA",,"SANDOZ",
75585,"ANDA",,"BAUSCH AND LOMB",
75586,"ANDA",,"WOCKHARDT",
75588,"ANDA",,"CONTRACT PHARMACAL",
75589,"ANDA",,"PERRIGO PHARMA INTL",
75590,"ANDA",,"SANDOZ",
75591,"ANDA",,"BAXTER HLTHCARE",
75592,"ANDA",,"TEVA PHARMS",
75593,"ANDA",,"DR REDDYS LABS LTD",
75594,"ANDA",,"AESGEN",
75595,"ANDA",,"ACTAVIS ELIZABETH",
75597,"ANDA",,"MYLAN",
75598,"ANDA",,"PERRIGO",
75600,"ANDA",,"PADDOCK LLC",
75602,"ANDA",,"AKORN",
75604,"ANDA",,"ACTAVIS LABS FL INC",
75606,"ANDA",,"PHARM ASSOC",
75607,"ANDA",,"SANDOZ",
75609,"ANDA",,"NESHER PHARMS",
75610,"ANDA",,"APOTEX",
75611,"ANDA",,"APOTEX",
75613,"ANDA",,"SANDOZ",
75614,"ANDA",,"IVAX SUB TEVA PHARMS",
75615,"ANDA",,"APOTEX INC",
75616,"ANDA",,"WATSON LABS",
75618,"ANDA",,"HIKMA INTL PHARMS",
75619,"ANDA",,"AVACOR PRODS",
75620,"ANDA",,"APOTHECON",
75621,"ANDA",,"SANDOZ INC",
75622,"ANDA",,"ATHENEX INC",
75624,"ANDA",,"MYLAN",
75626,"ANDA",,"APOTEX INC",
75627,"ANDA",,"TEVA PARENTERAL",
75629,"ANDA",,"SPECGX LLC",
75630,"ANDA",,"MEDIMETRIKS PHARMS",
75631,"ANDA",,"BAXTER HLTHCARE CORP",
75632,"ANDA",,"IVAX SUB TEVA PHARMS",
75633,"ANDA",,"TARO",
75634,"ANDA",,"ATHENEX INC",
75635,"ANDA",,"MYLAN",
75636,"ANDA",,"SANDOZ",
75637,"ANDA",,"BAXTER HLTHCARE CORP",
75638,"ANDA",,"TARO",
75639,"ANDA",,"SUN PHARM INDUSTRIES",
75640,"ANDA",,"MYLAN",
75641,"ANDA",,"APOTHECON",
75642,"ANDA",,"APOTHECON",
75643,"ANDA",,"CASI PHARMS INC",
75644,"ANDA",,"TEVA PHARMS",
75646,"ANDA",,"YAOPHARMA CO LTD",
75647,"ANDA",,"MAYNE PHARMA",
75650,"ANDA",,"ACTAVIS ELIZABETH",
75651,"ANDA",,"ATHENEX INC",
75656,"ANDA",,"WATSON LABS",
75657,"ANDA",,"TARO",
75658,"ANDA",,"SPECGX LLC",
75659,"ANDA",,"WATSON LABS",
75660,"ANDA",,"WEST-WARD PHARMS INT",
75661,"ANDA",,"DR REDDYS LA",
75662,"ANDA",,"WATSON LABS",
75663,"ANDA",,"IMPAX PHARMS",
75664,"ANDA",,"NEPHRON",
75665,"ANDA",,"TEVA",
75666,"ANDA",,"PERRIGO NEW YORK",
75667,"ANDA",,"SANDOZ",
75668,"ANDA",,"ANI PHARMS INC",
75669,"ANDA",,"HOSPIRA",
75671,"ANDA",,"PAR PHARM",
75672,"ANDA",,"ACTAVIS ELIZABETH",
75673,"ANDA",,"TARO",
75674,"ANDA",,"MYLAN",
75677,"ANDA",,"APOTEX INC",
75678,"ANDA",,"ACTAVIS ELIZABETH",
75679,"ANDA",,"MYLAN",
75681,"ANDA",,"TEVA PHARMS",
75682,"ANDA",,"DR REDDYS LA",
75684,"ANDA",,"ATHENEX INC",
75685,"ANDA",,"MYLAN",
75686,"ANDA",,"TEVA",
75687,"ANDA",,"TARO PHARM INDS",
75689,"ANDA",,"FRESENIUS KABI USA",
75690,"ANDA",,"ACTAVIS MID ATLANTIC",
75693,"ANDA",,"RITEDOSE CORP",
75694,"ANDA",,"ACTAVIS ELIZABETH",
75695,"ANDA",,"BAXTER HLTHCARE CORP",
75696,"ANDA",,"ACTAVIS ELIZABETH",
75697,"ANDA",,"BAXTER HLTHCARE CORP",
75698,"ANDA",,"FRESENIUS KABI USA",
75702,"ANDA",,"BAUSCH AND LOMB",
75703,"ANDA",,"APOTEX INC",
75704,"ANDA",,"MYLAN",
75705,"ANDA",,"HOSPIRA",
75706,"ANDA",,"ACTAVIS LABS FL INC",
75707,"ANDA",,"APOTHECON",
75708,"ANDA",,"APOTHECON",
75709,"ANDA",,"FRESENIUS KABI USA",
75710,"ANDA",,"IMPAX LABS INC",
75712,"ANDA",,"TORRENT PHARMS",
75713,"ANDA",,"SUN PHARM INDS INC",
75714,"ANDA",,"WOCKHARDT BIO AG",
75715,"ANDA",,"PERRIGO",
75716,"ANDA",,"MYLAN PHARMS INC",
75717,"ANDA",,"APOTEX INC",
75718,"ANDA",,"DR REDDYS LABS LTD",
75719,"ANDA",,"IVAX SUB TEVA PHARMS",
75720,"ANDA",,"SANDOZ INC",
75721,"ANDA",,"GENZYME",
75725,"ANDA",,"MYLAN",
75726,"ANDA",,"MALLINCKRODT",
75727,"ANDA",,"G AND W LABS INC",
75728,"ANDA",,"PERRIGO",
75729,"ANDA",,"ABBVIE",
75730,"ANDA",,"TEVA PARENTERAL",
75731,"ANDA",,"TARO PHARM",
75733,"ANDA",,"NOVAST LABS",
75734,"ANDA",,"BARR",
75735,"ANDA",,"GAVIS PHARMS",
75736,"ANDA",,"IVAX SUB TEVA PHARMS",
75737,"ANDA",,"PERRIGO NEW YORK",
75738,"ANDA",,"MALLINCKRODT",
75739,"ANDA",,"WEST-WARD PHARMS INT",
75740,"ANDA",,"IVAX SUB TEVA PHARMS",
75742,"ANDA",,"DR REDDYS LABS LTD",
75743,"ANDA",,"PRINSTON INC",
75746,"ANDA",,"LUITPOLD",
75747,"ANDA",,"SUN PHARM INDS LTD",
75749,"ANDA",,"INTL MEDICATION",
75750,"ANDA",,"PLIVA",
75751,"ANDA",,"FOUGERA PHARMS",
75752,"ANDA",,"IVAX SUB TEVA PHARMS",
75753,"ANDA",,"RHODES PHARMS",
75755,"ANDA",,"MYLAN",
75757,"ANDA",,"SANDOZ",
75758,"ANDA",,"DR REDDYS LABS LTD",
75759,"ANDA",,"MYLAN",
75761,"ANDA",,"FRESENIUS KABI USA",
75762,"ANDA",,"BEDFORD",
75763,"ANDA",,"IVAX SUB TEVA PHARMS",
75764,"ANDA",,"TEVA PHARMS USA",
75765,"ANDA",,"TEVA",
75766,"ANDA",,"FRESENIUS MEDCL",
75768,"ANDA",,"MYLAN",
75769,"ANDA",,"MYLAN LABS LTD",
75772,"ANDA",,"WEST-WARD PHARMS INT",
75773,"ANDA",,"FRESENIUS KABI USA",
75774,"ANDA",,"PERRIGO NEW YORK",
75775,"ANDA",,"ELAN PHARM",
75776,"ANDA",,"IVAX SUB TEVA PHARMS",
75780,"ANDA",,"CIPLA LTD",
75782,"ANDA",,"VISTAPHARM",
75783,"ANDA",,"TEVA",
75784,"ANDA",,"FRESENIUS KABI USA",
75785,"ANDA",,"IMPAX LABS",
75786,"ANDA",,"WOCKHARDT LTD",
75787,"ANDA",,"SUN PHARM INDUSTRIES",
75788,"ANDA",,"TARO PHARM INDS",
75789,"ANDA",,"WEST-WARD PHARMS INT",
75790,"ANDA",,"MYLAN",
75791,"ANDA",,"SANDOZ",
75792,"ANDA",,"ATHENEX INC",
75793,"ANDA",,"SANDOZ",
75794,"ANDA",,"PERRIGO",
75795,"ANDA",,"APOTEX",
75796,"ANDA",,"DURAMED PHARMS BARR",
75797,"ANDA",,"MAYNE PHARMA",
75798,"ANDA",,"VINTAGE PHARMS",
75799,"ANDA",,"WEST-WARD PHARMS INT",
75800,"ANDA",,"MYLAN",
75803,"ANDA",,"BARR",
75804,"ANDA",,"BARR",
75805,"ANDA",,"CARLSBAD",
75806,"ANDA",,"MYLAN PHARMS INC",
75807,"ANDA",,"SANDOZ",
75808,"ANDA",,"BARR",
75809,"ANDA",,"DURAMED PHARMS BARR",
75810,"ANDA",,"BARR",
75811,"ANDA",,"FRESENIUS KABI USA",
75812,"ANDA",,"WEST-WARD PHARMS INT",
75813,"ANDA",,"FRESENIUS KABI USA",
75815,"ANDA",,"WOCKHARDT BIO AG",
75816,"ANDA",,"HOSPIRA",
75817,"ANDA",,"MYLAN",
75818,"ANDA",,"YAOPHARMA CO LTD",
75819,"ANDA",,"CMP PHARMA INC",
75820,"ANDA",,"ACTAVIS LABS FL INC",
75822,"ANDA",,"PFIZER",
75823,"ANDA",,"TEVA PARENTERAL",
75824,"ANDA",,"WEST-WARD PHARMS INT",
75825,"ANDA",,"ATHENEX INC",
75826,"ANDA",,"FRESENIUS KABI USA",
75827,"ANDA",,"TEVA",
75828,"ANDA",,"ACTAVIS ELIZABETH",
75829,"ANDA",,"WATSON LABS FLORIDA",
75830,"ANDA",,"HOSPIRA",
75831,"ANDA",,"MYLAN",
75834,"ANDA",,"BAXTER HLTHCARE",
75835,"ANDA",,"BAUSCH AND LOMB INC",
75836,"ANDA",,"FRESENIUS KABI USA",
75837,"ANDA",,"FRESENIUS KABI USA",
75838,"ANDA",,"ABLE",
75839,"ANDA",,"APOTEX INC",
75840,"ANDA",,"DURAMED PHARMS BARR",
75841,"ANDA",,"HOSPIRA",
75842,"ANDA",,"SANDOZ",
75843,"ANDA",,"ACTAVIS ELIZABETH",
75844,"ANDA",,"SUN PHARM INDS INC",
75845,"ANDA",,"SANDOZ",
75846,"ANDA",,"IVAX SUB TEVA PHARMS",
75847,"ANDA",,"MYLAN PHARMS INC",
75848,"ANDA",,"WATSON LABS",
75849,"ANDA",,"TEVA",
75850,"ANDA",,"SANDOZ",
75851,"ANDA",,"MYLAN",
75852,"ANDA",,"WEST-WARD PHARMS INT",
75853,"ANDA",,"HOSPIRA",
75855,"ANDA",,"DR REDDYS LABS LTD",
75856,"ANDA",,"HOSPIRA",
75857,"ANDA",,"HOSPIRA",
75858,"ANDA",,"WEST-WARD PHARMS INT",
75860,"ANDA",,"FOUGERA PHARMS",
75861,"ANDA",,"LUITPOLD",
75862,"ANDA",,"BARR",
75863,"ANDA",,"BARR",
75865,"ANDA",,"IVAX SUB TEVA PHARMS",
75866,"ANDA",,"BARR",
75867,"ANDA",,"ROXANE",
75868,"ANDA",,"IMPAX LABS",
75869,"ANDA",,"TEVA",
75870,"ANDA",,"HOSPIRA",
75871,"ANDA",,"UPSHER-SMITH LABS",
75872,"ANDA",,"TEVA",
75873,"ANDA",,"WEST-WARD PHARMS INT",
75874,"ANDA",,"TEVA PHARMS USA",
75875,"ANDA",,"TARO",
75876,"ANDA",,"MYLAN",
75877,"ANDA",,"IMPAX LABS",
75880,"ANDA",,"BAXTER HLTHCARE",
75881,"ANDA",,"TEVA PHARMS USA",
75882,"ANDA",,"ANI PHARMS INC",
75883,"ANDA",,"TARO",
75884,"ANDA",,"HOSPIRA",
75885,"ANDA",,"HOSPIRA",
75887,"ANDA",,"UPSHER-SMITH LABS",
75888,"ANDA",,"UPSHER-SMITH LABS",
75889,"ANDA",,"MYLAN",
75890,"ANDA",,"HIKMA",
75893,"ANDA",,"TEVA",
75894,"ANDA",,"WATSON LABS",
75895,"ANDA",,"BAXTER HLTHCARE",
75896,"ANDA",,"SUN PHARM INDUSTRIES",
75897,"ANDA",,"ANI PHARMS INC",
75898,"ANDA",,"ANI PHARMS INC",
75899,"ANDA",,"SYNTHON PHARMS",
75900,"ANDA",,"ECI PHARMS LLC",
75901,"ANDA",,"ACTAVIS ELIZABETH",
75902,"ANDA",,"APOTEX",
75903,"ANDA",,"SANDOZ",
75905,"ANDA",,"HOSPIRA",
75906,"ANDA",,"FRESENIUS KABI USA",
75907,"ANDA",,"PRINSTON INC",
75909,"ANDA",,"DR REDDYS LABS LTD",
75910,"ANDA",,"ACTAVIS ELIZABETH",
75911,"ANDA",,"APOTEX INC",
75912,"ANDA",,"APOTEX",
75913,"ANDA",,"IMPAX LABS",
75914,"ANDA",,"IMPAX LABS",
75915,"ANDA",,"PERRIGO",
75916,"ANDA",,"IMPAX LABS INC",
75918,"ANDA",,"MYLAN LABS LTD",
75919,"ANDA",,"FOUGERA PHARMS",
75920,"ANDA",,"SPECGX LLC",
75924,"ANDA",,"PHARM ASSOC",
75926,"ANDA",,"SANDOZ",
75927,"ANDA",,"AMNEAL PHARMS NY",
75928,"ANDA",,"APOTEX INC",
75929,"ANDA",,"VINTAGE PHARMS",
75932,"ANDA",,"SANDOZ",
75934,"ANDA",,"MYLAN PHARMS INC",
75935,"ANDA",,"MYLAN",
75936,"ANDA",,"FRESENIUS KABI USA",
75938,"ANDA",,"VINTAGE PHARMS",
75939,"ANDA",,"ANI PHARMS INC",
75940,"ANDA",,"HOSPIRA",
75941,"ANDA",,"BIO NUCLEONICS",
75942,"ANDA",,"APOTEX INC",
75943,"ANDA",,"ANI PHARMS INC",
75944,"ANDA",,"SUN PHARM INDS LTD",
75945,"ANDA",,"MYLAN PHARMS INC",
75947,"ANDA",,"ACTAVIS ELIZABETH",
75948,"ANDA",,"APOTEX INC",
75950,"ANDA",,"MYLAN",
75951,"ANDA",,"BARR",
75953,"ANDA",,"TARO",
75955,"ANDA",,"HOSPIRA",
75957,"ANDA",,"TEVA PHARMS USA",
75958,"ANDA",,"HI TECH PHARMA",
75959,"ANDA",,"TEVA PHARMS USA",
75960,"ANDA",,"ACTAVIS ELIZABETH",
75961,"ANDA",,"WATSON LABS FLORIDA",
75962,"ANDA",,"WATSON LABS",
75963,"ANDA",,"IVAX SUB TEVA PHARMS",
75964,"ANDA",,"SUN PHARM INDS INC",
75965,"ANDA",,"SANDOZ",
75967,"ANDA",,"SUN PHARM INDS INC",
75968,"ANDA",,"FOSUN PHARMA",
75969,"ANDA",,"MYLAN PHARMS INC",
75971,"ANDA",,"BARR",
75972,"ANDA",,"CHARTWELL LIFE SCI",
75973,"ANDA",,"MYLAN",
75974,"ANDA",,"ASTA",
75975,"ANDA",,"IVAX SUB TEVA PHARMS",
75976,"ANDA",,"MYLAN",
75977,"ANDA",,"TEVA",
75978,"ANDA",,"TEVA",
75979,"ANDA",,"WATSON LABS",
75980,"ANDA",,"MYLAN PHARMS INC",
75981,"ANDA",,"APOTEX",
75982,"ANDA",,"PLIVA",
75983,"ANDA",,"SPECGX LLC",
75984,"ANDA",,"APOTEX",
75985,"ANDA",,"SANDOZ",
75986,"ANDA",,"MYLAN",
75987,"ANDA",,"APOTEX INC",
75988,"ANDA",,"CHARTWELL RX",
75989,"ANDA",,"PERRIGO PHARMA INTL",
75990,"ANDA",,"ACTAVIS LABS FL INC",
75991,"ANDA",,"CARLSBAD",
75992,"ANDA",,"WEST-WARD PHARMS INT",
75993,"ANDA",,"LANNETT CO INC",
75994,"ANDA",,"CASI PHARMS INC",
75995,"ANDA",,"PERRIGO",
75997,"ANDA",,"WEST-WARD PHARMS INT",
75998,"ANDA",,"SUN PHARM INDUSTRIES",
75999,"ANDA",,"SANDOZ",
76000,"ANDA",,"TEVA PHARMS",
76001,"ANDA",,"TEVA PHARMS USA",
76002,"ANDA",,"ACTAVIS MID ATLANTIC",
76003,"ANDA",,"AMNEAL PHARMS",
76004,"ANDA",,"APOTEX INC",
76005,"ANDA",,"TARO",
76006,"ANDA",,"DR REDDYS LABS LTD",
76007,"ANDA",,"SUN PHARM INDS LTD",
76008,"ANDA",,"MYLAN",
76009,"ANDA",,"CHARTWELL MOLECULES",
76011,"ANDA",,"PERRIGO PHARMA INTL",
76012,"ANDA",,"INTL MEDICATED",
76013,"ANDA",,"INTL MEDICATED",
76015,"ANDA",,"PHARM ASSOC",
76017,"ANDA",,"IVAX SUB TEVA PHARMS",
76018,"ANDA",,"BEDFORD",
76019,"ANDA",,"HOSPIRA",
76020,"ANDA",,"INTL MEDICATION",
76021,"ANDA",,"RANBAXY LABS LTD",
76022,"ANDA",,"CARLSBAD",
76023,"ANDA",,"TEVA",
76024,"ANDA",,"FOSUN PHARMA",
76025,"ANDA",,"BAUSCH AND LOMB",
76027,"ANDA",,"ROXANE",
76028,"ANDA",,"TEVA PHARMS USA",
76029,"ANDA",,"PERRIGO",
76030,"ANDA",,"ANI PHARMS INC",
76032,"ANDA",,"ABLE",
76033,"ANDA",,"ATLAS PHARMS LLC",
76035,"ANDA",,"TEVA PHARMS USA",
76036,"ANDA",,"MYLAN",
76037,"ANDA",,"TEVA",
76038,"ANDA",,"SUN PHARM INDUSTRIES",
76041,"ANDA",,"SUN PHARM INDS LTD",
76042,"ANDA",,"MYLAN PHARMS INC",
76043,"ANDA",,"TARO",
76044,"ANDA",,"NESHER PHARMS",
76045,"ANDA",,"SUN PHARM INDS LTD",
76047,"ANDA",,"CONTRACT PHARMACAL",
76048,"ANDA",,"APOTEX",
76049,"ANDA",,"ACTAVIS LABS FL INC",
76050,"ANDA",,"PERRIGO PHARMA INTL",
76051,"ANDA",,"BAXTER HLTHCARE CORP",
76052,"ANDA",,"IVAX SUB TEVA PHARMS",
76056,"ANDA",,"TEVA",
76057,"ANDA",,"BARR",
76058,"ANDA",,"SUN PHARM INDS LTD",
76059,"ANDA",,"WATSON LABS",
76061,"ANDA",,"PAR PHARM",
76062,"ANDA",,"VIVIMED GLOBAL",
76063,"ANDA",,"HIKMA INTL PHARMS",
76064,"ANDA",,"BARR",
76065,"ANDA",,"FOUGERA PHARMS",
76067,"ANDA",,"PERRIGO NEW YORK",
76068,"ANDA",,"WEST-WARD PHARMS INT",
76070,"ANDA",,"VALEANT PHARMS NORTH",
76071,"ANDA",,"MYLAN",
76072,"ANDA",,"ANI PHARMS INC",
76073,"ANDA",,"WATSON LABS",
76075,"ANDA",,"CASI PHARMS INC",
76077,"ANDA",,"IVAX SUB TEVA PHARMS",
76078,"ANDA",,"FRESENIUS KABI USA",
76081,"ANDA",,"BARR",
76086,"ANDA",,"ANI PHARMS INC",
76087,"ANDA",,"WEST-WARD PHARMS INT",
76088,"ANDA",,"BEN VENUE",
76089,"ANDA",,"IVAX SUB TEVA PHARMS",
76090,"ANDA",,"PERRIGO NEW YORK",
76092,"ANDA",,"MYLAN INSTITUTIONAL",
76093,"ANDA",,"LARKEN LABS",
76094,"ANDA",,"IVAX SUB TEVA PHARMS",
76095,"ANDA",,"IVAX SUB TEVA PHARMS",
76096,"ANDA",,"FOUGERA PHARMS",
76097,"ANDA",,"APOTEX INC",
76099,"ANDA",,"WEST-WARD PHARMS INT",
76100,"ANDA",,"SUN PHARM INDUSTRIES",
76101,"ANDA",,"SANDOZ",
76102,"ANDA",,"APOTEX INC",
76103,"ANDA",,"BAUSCH AND LOMB",
76104,"ANDA",,"SANDOZ",
76105,"ANDA",,"BARR",
76108,"ANDA",,"HOSPIRA",
76109,"ANDA",,"APOTEX INC",
76110,"ANDA",,"TEVA",
76112,"ANDA",,"DR REDDYS LABS INC",
76113,"ANDA",,"MYLAN",
76114,"ANDA",,"ABLE",
76116,"ANDA",,"UPSHER-SMITH LABS",
76117,"ANDA",,"DR REDDYS LABS INC",
76118,"ANDA",,"PRINSTON INC",
76119,"ANDA",,"TEVA",
76120,"ANDA",,"SANDOZ",
76121,"ANDA",,"ABLE",
76122,"ANDA",,"MYLAN",
76123,"ANDA",,"PHARM ASSOC",
76124,"ANDA",,"ACTAVIS MID ATLANTIC",
76125,"ANDA",,"SUN PHARM INDUSTRIES",
76126,"ANDA",,"CARLSBAD",
76128,"ANDA",,"BAUSCH AND LOMB",
76129,"ANDA",,"MYLAN",
76130,"ANDA",,"DAVA PHARMS INC",
76131,"ANDA",,"HOSPIRA",
76132,"ANDA",,"IMPAX LABS",
76133,"ANDA",,"DR REDDYS LABS LTD",
76134,"ANDA",,"SUN PHARM INDS LTD",
76135,"ANDA",,"TEVA PHARMS USA",
76136,"ANDA",,"TEVA",
76137,"ANDA",,"MAYNE PHARMA",
76138,"ANDA",,"NOSTRUM LABS",
76139,"ANDA",,"TEVA",
76140,"ANDA",,"APOTEX INC",
76141,"ANDA",,"HI TECH PHARMA",
76143,"ANDA",,"APOTEX INC",
76144,"ANDA",,"INTL MEDICATED",
76145,"ANDA",,"FRESENIUS KABI USA",
76150,"ANDA",,"INTL MEDICATION SYS",
76151,"ANDA",,"APOTEX",
76152,"ANDA",,"MYLAN",
76153,"ANDA",,"TEVA PHARMS USA",
76154,"ANDA",,"MYLAN",
76155,"ANDA",,"APOTEX INC",
76156,"ANDA",,"APOTEX INC",
76157,"ANDA",,"AVEVA",
76159,"ANDA",,"PAR PHARM",
76161,"ANDA",,"DAVA PHARMS INC",
76162,"ANDA",,"WATSON LABS TEVA",
76163,"ANDA",,"TEVA PHARMS USA",
76164,"ANDA",,"PRINSTON INC",
76165,"ANDA",,"CR DOUBLE CRANE",
76166,"ANDA",,"MYLAN TECHNOLOGIES",
76168,"ANDA",,"TEVA",
76169,"ANDA",,"BARR",
76170,"ANDA",,"BARR",
76171,"ANDA",,"FOUGERA PHARMS",
76172,"ANDA",,"ACTAVIS LABS FL INC",
76173,"ANDA",,"IMPAX LABS",
76174,"ANDA",,"TARO",
76175,"ANDA",,"SANDOZ",
76176,"ANDA",,"MYLAN PHARMS INC",
76177,"ANDA",,"MAYNE PHARMA",
76178,"ANDA",,"SANDOZ",
76179,"ANDA",,"ACTAVIS LABS FL INC",
76180,"ANDA",,"PRINSTON INC",
76182,"ANDA",,"TEVA",
76183,"ANDA",,"DR REDDYS LABS LTD",
76184,"ANDA",,"TEVA PHARMS",
76185,"ANDA",,"MYLAN INSTITUTIONAL",
76186,"ANDA",,"USL PHARMA",
76187,"ANDA",,"MYLAN",
76188,"ANDA",,"UPSHER-SMITH LABS",
76189,"ANDA",,"UPSHER-SMITH LABS",
76191,"ANDA",,"BARR",
76192,"ANDA",,"CASI PHARMS INC",
76193,"ANDA",,"NESHER PHARMS",
76194,"ANDA",,"WATSON LABS",
76195,"ANDA",,"PERRIGO",
76196,"ANDA",,"ROXANE",
76198,"ANDA",,"BARR",
76200,"ANDA",,"OHM LABS",
76201,"ANDA",,"DEXCEL LTD",
76202,"ANDA",,"GAVIS PHARMS",
76203,"ANDA",,"KADMON PHARMS LLC",
76204,"ANDA",,"TEVA",
76206,"ANDA",,"ROCKWELL MEDCL",
76207,"ANDA",,"FRESENIUS KABI USA",
76208,"ANDA",,"ACTAVIS LABS FL INC",
76209,"ANDA",,"AMPHASTAR PHARM",
76211,"ANDA",,"TEVA",
76212,"ANDA",,"APOTEX",
76213,"ANDA",,"ROXANE",
76214,"ANDA",,"APOTEX",
76215,"ANDA",,"FOUGERA PHARMS",
76216,"ANDA",,"TARO",
76217,"ANDA",,"MYLAN INSTITUTIONAL",
76218,"ANDA",,"PAR PHARM",
76219,"ANDA",,"UPSHER-SMITH LABS",
76220,"ANDA",,"RANBAXY LABS LTD",
76221,"ANDA",,"BARR LABS INC",
76222,"ANDA",,"WEST-WARD PHARMS INT",
76223,"ANDA",,"SANDOZ",
76224,"ANDA",,"MYLAN",
76225,"ANDA",,"MAYNE PHARMA",
76226,"ANDA",,"PAR PHARM",
76228,"ANDA",,"TEVA",
76229,"ANDA",,"TARO PHARM INDS",
76230,"ANDA",,"PRINSTON INC",
76231,"ANDA",,"SANDOZ INC",
76232,"ANDA",,"AKORN",
76233,"ANDA",,"HOSPIRA",
76234,"ANDA",,"IMPAX PHARMS",
76235,"ANDA",,"FRESENIUS KABI USA",
76236,"ANDA",,"BARR",
76237,"ANDA",,"BARR",
76238,"ANDA",,"BARR",
76239,"ANDA",,"EI INC",
76240,"ANDA",,"APOTEX INC",
76241,"ANDA",,"ACTAVIS ELIZABETH",
76242,"ANDA",,"WEST-WARD PHARMS INT",
76243,"ANDA",,"MYLAN PHARMS INC",
76244,"ANDA",,"IVAX SUB TEVA PHARMS",
76246,"ANDA",,"WEST-WARD PHARMS INT",
76249,"ANDA",,"IMPAX LABS",
76250,"ANDA",,"BARR",
76251,"ANDA",,"BARR",
76252,"ANDA",,"TEVA",
76254,"ANDA",,"SANDOZ INC",
76255,"ANDA",,"DR REDDYS LABS LTD",
76256,"ANDA",,"WEST-WARD PHARMS INT",
76257,"ANDA",,"EPIC PHARMA LLC",
76258,"ANDA",,"MYLAN TECHNOLOGIES",
76259,"ANDA",,"BAXTER HLTHCARE",
76260,"ANDA",,"BAUSCH AND LOMB",
76262,"ANDA",,"SANDOZ",
76263,"ANDA",,"FOUGERA PHARMS",
76264,"ANDA",,"SPECGX LLC",
76265,"ANDA",,"HIKMA INTL PHARMS",
76266,"ANDA",,"ATHENEX INC",
76267,"ANDA",,"ACTAVIS LABS FL INC",
76268,"ANDA",,"STEVENS J",
76269,"ANDA",,"TEVA",
76270,"ANDA",,"ROXANE",
76271,"ANDA",,"SANDOZ INC",
76273,"ANDA",,"DR REDDYS LABS INC",
76274,"ANDA",,"APOTEX INC",
76276,"ANDA",,"MYLAN",
76277,"ANDA",,"TEVA",
76278,"ANDA",,"WEST-WARD PHARMS INT",
76280,"ANDA",,"CASI PHARMS INC",
76281,"ANDA",,"OXFORD PHARMS",
76282,"ANDA",,"MYLAN PHARMS INC",
76283,"ANDA",,"ACTAVIS ELIZABETH",
76284,"ANDA",,"TEVA",
76285,"ANDA",,"SUN PHARM INDS LTD",
76286,"ANDA",,"DR REDDYS LABS INC",
76287,"ANDA",,"ANI PHARMS INC",
76288,"ANDA",,"MYLAN",
76290,"ANDA",,"HI TECH PHARMA",
76291,"ANDA",,"WATSON LABS",
76294,"ANDA",,"FOUGERA PHARMS",
76295,"ANDA",,"ATHENEX INC",
76296,"ANDA",,"FRESENIUS KABI USA",
76298,"ANDA",,"IMPAX PHARMS",
76299,"ANDA",,"BEDFORD LABS",
76300,"ANDA",,"FOUGERA PHARMS",
76301,"ANDA",,"PERRIGO",
76302,"ANDA",,"FOSUN PHARMA",
76303,"ANDA",,"HOSPIRA",
76304,"ANDA",,"HOSPIRA",
76306,"ANDA",,"ROXANE",
76307,"ANDA",,"ACTAVIS LABS FL INC",
76308,"ANDA",,"ACTAVIS ELIZABETH",
76309,"ANDA",,"DR REDDYS LABS INC",
76310,"ANDA",,"PAR PHARM",
76311,"ANDA",,"ACCORD HLTHCARE",
76312,"ANDA",,"WATSON LABS",
76313,"ANDA",,"WEST-WARD PHARMS INT",
76314,"ANDA",,"MYLAN",
76315,"ANDA",,"BARR",
76316,"ANDA",,"HAEMONETICS",
76317,"ANDA",,"TEVA",
76318,"ANDA",,"IMPAX LABS",
76320,"ANDA",,"TOLMAR",
76321,"ANDA",,"IVAX SUB TEVA PHARMS",
76322,"ANDA",,"APOTEX INC",
76323,"ANDA",,"WEST-WARD PHARMS INT",
76324,"ANDA",,"APOTEX INC",
76327,"ANDA",,"SUN PHARM INDS LTD",
76328,"ANDA",,"TEVA",
76329,"ANDA",,"FOUGERA PHARMS",
76330,"ANDA",,"WEST-WARD PHARMS INT",
76332,"ANDA",,"SUN PHARM INDS LTD",
76333,"ANDA",,"IVAX SUB TEVA PHARMS",
76334,"ANDA",,"VINTAGE PHARMS LLC",
76335,"ANDA",,"VINTAGE PHARMS LLC",
76336,"ANDA",,"ACTAVIS LABS FL INC",
76337,"ANDA",,"VINTAGE PHARMS LLC",
76338,"ANDA",,"VINTAGE PHARMS LLC",
76340,"ANDA",,"IVAX SUB TEVA PHARMS",
76341,"ANDA",,"APOTEX INC",
76342,"ANDA",,"ACTAVIS LABS FL INC",
76343,"ANDA",,"CIPLA LTD",
76344,"ANDA",,"SUN PHARM INDS LTD",
76345,"ANDA",,"IMPAX LABS INC",
76346,"ANDA",,"PLIVA PHARM IND",
76347,"ANDA",,"EPIC PHARMA LLC",
76348,"ANDA",,"IVAX SUB TEVA PHARMS",
76349,"ANDA",,"CUSTOPHARM INC",
76350,"ANDA",,"RECIP",
76351,"ANDA",,"MYLAN",
76352,"ANDA",,"LANNETT CO INC",
76353,"ANDA",,"SPECGX LLC",
76354,"ANDA",,"MYLAN",
76355,"ANDA",,"NEPHRON",
76356,"ANDA",,"TEVA PHARMS USA",
76357,"ANDA",,"PERRIGO",
76359,"ANDA",,"PERRIGO",
76361,"ANDA",,"TEVA",
76362,"ANDA",,"TARO PHARM",
76363,"ANDA",,"SUN PHARM INDS INC",
76364,"ANDA",,"TARO PHARM INDS",
76366,"ANDA",,"BARR",
76367,"ANDA",,"TARO PHARM INDS",
76368,"ANDA",,"ADARE PHARMS INC",
76369,"ANDA",,"PERRIGO NEW YORK",
76370,"ANDA",,"WATSON LABS INC",
76371,"ANDA",,"BARR",
76372,"ANDA",,"TEVA PARENTERAL",
76373,"ANDA",,"TEVA",
76374,"ANDA",,"GAVIS PHARMS",
76375,"ANDA",,"ACTAVIS ELIZABETH",
76377,"ANDA",,"TEVA",
76378,"ANDA",,"BARR",
76379,"ANDA",,"PADDOCK LLC",
76380,"ANDA",,"BARR",
76381,"ANDA",,"BARR",
76382,"ANDA",,"ABLE",
76383,"ANDA",,"APOTEX INC",
76386,"ANDA",,"RANBAXY LABS LTD",
76387,"ANDA",,"WEST-WARD PHARMS INT",
76388,"ANDA",,"TEVA",
76390,"ANDA",,"DR REDDYS LABS INC",
76391,"ANDA",,"APOTEX INC",
76392,"ANDA",,"BARR",
76393,"ANDA",,"WATSON LABS",
76394,"ANDA",,"PAR STERILE PRODUCTS",
76395,"ANDA",,"APOTEX INC",
76396,"ANDA",,"APOTEX INC",
76397,"ANDA",,"SANDOZ",
76398,"ANDA",,"AEGIS PHARMS",
76400,"ANDA",,"FOSUN PHARMA",
76401,"ANDA",,"FRESENIUS KABI USA",
76402,"ANDA",,"CASI PHARMS INC",
76403,"ANDA",,"ACELLA PHARMS LLC",
76404,"ANDA",,"WEST-WARD PHARMS INT",
76405,"ANDA",,"BARR",
76407,"ANDA",,"AKORN",
76408,"ANDA",,"FOUGERA PHARMS",
76409,"ANDA",,"SUN PHARM INDS LTD",
76410,"ANDA",,"TEVA",
76411,"ANDA",,"IMPAX LABS INC",
76412,"ANDA",,"SPECGX LLC",
76413,"ANDA",,"RANBAXY LABS LTD",
76414,"ANDA",,"B BRAUN",
76416,"ANDA",,"SUN PHARM INDS INC",
76417,"ANDA",,"WATSON LABS",
76418,"ANDA",,"MYLAN PHARMS INC",
76419,"ANDA",,"PERRIGO NEW YORK",
76420,"ANDA",,"TEVA",
76421,"ANDA",,"SUN PHARM INDS LTD",
76422,"ANDA",,"FOUGERA PHARMS",
76424,"ANDA",,"PLIVA",
76426,"ANDA",,"PLIVA",
76427,"ANDA",,"BAXTER HLTHCARE CORP",
76428,"ANDA",,"MYLAN INSTITUTIONAL",
76429,"ANDA",,"XANODYNE PHARM",
76430,"ANDA",,"MYLAN",
76432,"ANDA",,"GEDEON RICHTER USA",
76433,"ANDA",,"RHODES PHARMS",
76434,"ANDA",,"SUNSTAR AMERICAS",
76435,"ANDA",,"FOUGERA PHARMS",
76436,"ANDA",,"DR REDDYS LABS INC",
76437,"ANDA",,"DR REDDYS LABS LTD",
76438,"ANDA",,"SPECGX LLC",
76439,"ANDA",,"AKORN",
76440,"ANDA",,"ANI PHARMS INC",
76442,"ANDA",,"SCIEGEN PHARMS INC",
76444,"ANDA",,"BARR",
76445,"ANDA",,"RANBAXY LABS LTD",
76446,"ANDA",,"IMPAX PHARMS",
76447,"ANDA",,"TEVA",
76448,"ANDA",,"BARR",
76449,"ANDA",,"IMPAX PHARMS",
76450,"ANDA",,"ACTAVIS ELIZABETH",
76451,"ANDA",,"FOUGERA PHARMS",
76453,"ANDA",,"FOUGERA PHARMS",
76455,"ANDA",,"DURAMED PHARMS BARR",
76457,"ANDA",,"RANBAXY LABS LTD",
76458,"ANDA",,"LANNETT CO INC",
76459,"ANDA",,"ACTAVIS ELIZABETH",
76460,"ANDA",,"AVEMA PHARMA",
76461,"ANDA",,"WEST-WARD PHARMS INT",
76462,"ANDA",,"ABLE",
76463,"ANDA",,"SANDOZ INC",
76464,"ANDA",,"FOSUN PHARMA",
76465,"ANDA",,"TEVA",
76466,"ANDA",,"SANDOZ",
76467,"ANDA",,"WATSON LABS",
76468,"ANDA",,"IVAX SUB TEVA PHARMS",
76469,"ANDA",,"WATSON LABS",
76470,"ANDA",,"ACTAVIS LABS FL INC",
76471,"ANDA",,"APOTEX INC",
76473,"ANDA",,"HOSPIRA",
76474,"ANDA",,"MYLAN INSTITUTIONAL",
76475,"ANDA",,"PAR PHARM",
76476,"ANDA",,"GENPHARM",
76477,"ANDA",,"SUN PHARM INDS LTD",
76478,"ANDA",,"PERRIGO",
76479,"ANDA",,"PERRIGO NEW YORK",
76481,"ANDA",,"TOLMAR",
76482,"ANDA",,"ROXANE",
76483,"ANDA",,"UPSHER-SMITH LABS",
76484,"ANDA",,"FRESENIUS KABI USA",
76485,"ANDA",,"DOUGLAS PHARMS",
76486,"ANDA",,"APOTEX INC",
76488,"ANDA",,"MYLAN INSTITUTIONAL",
76489,"ANDA",,"ROXANE",
76490,"ANDA",,"HIKMA INTL PHARMS",
76491,"ANDA",,"MYLAN PHARMS INC",
76493,"ANDA",,"TARO",
76494,"ANDA",,"HIKMA INTL PHARMS",
76495,"ANDA",,"WEST-WARD PHARMS INT",
76496,"ANDA",,"BARR",
76497,"ANDA",,"LNK",
76498,"ANDA",,"ZO SKIN HEALTH",
76499,"ANDA",,"TOLMAR",
76500,"ANDA",,"WEST-WARD PHARMS INT",
76501,"ANDA",,"WEST-WARD PHARMS INT",
76502,"ANDA",,"DR REDDYS LABS LTD",
76503,"ANDA",,"SUN PHARM INDS LTD",
76504,"ANDA",,"WEST-WARD PHARMS INT",
76505,"ANDA",,"ABLE",
76507,"ANDA",,"TARO",
76508,"ANDA",,"TARO",
76509,"ANDA",,"IMPAX LABS",
76510,"ANDA",,"PERRIGO NEW YORK",
76511,"ANDA",,"TEVA",
76512,"ANDA",,"FRESENIUS KABI USA",
76513,"ANDA",,"APOTEX INC",
76514,"ANDA",,"CASI PHARMS INC",
76515,"ANDA",,"SANDOZ",
76516,"ANDA",,"FOUGERA PHARMS",
76517,"ANDA",,"HOSPIRA",
76518,"ANDA",,"PERRIGO",
76519,"ANDA",,"ABLE",
76520,"ANDA",,"MYLAN",
76521,"ANDA",,"IMPAX LABS",
76522,"ANDA",,"PAR PHARM",
76523,"ANDA",,"WEST-WARD PHARMS INT",
76525,"ANDA",,"TARO",
76526,"ANDA",,"TARO PHARM",
76527,"ANDA",,"APOTEX INC",
76528,"ANDA",,"ABLE",
76529,"ANDA",,"RANBAXY LABS LTD",
76530,"ANDA",,"BARR",
76532,"ANDA",,"TEVA PHARMS",
76533,"ANDA",,"APOTEX",
76534,"ANDA",,"DR REDDYS LABS LTD",
76536,"ANDA",,"BARR LABS INC",
76537,"ANDA",,"SUN PHARM INDUSTRIES",
76538,"ANDA",,"MYLAN",
76539,"ANDA",,"FRESENIUS KABI USA",
76540,"ANDA",,"MYLAN PHARMS INC",
76541,"ANDA",,"SUN PHARM INDS INC",
76543,"ANDA",,"TARO",
76544,"ANDA",,"ABLE",
76545,"ANDA",,"IVAX SUB TEVA PHARMS",
76546,"ANDA",,"GAVIS PHARMS",
76549,"ANDA",,"WATSON LABS",
76550,"ANDA",,"ANI PHARMS INC",
76552,"ANDA",,"TEVA PHARMS USA",
76553,"ANDA",,"TEVA PHARMS USA",
76554,"ANDA",,"SUN PHARM INDS LTD",
76555,"ANDA",,"AKORN INC",
76557,"ANDA",,"SUN PHARM INDS LTD",
76558,"ANDA",,"HIKMA",
76560,"ANDA",,"NEXGEN PHARMA INC",
76561,"ANDA",,"APOTEX",
76563,"ANDA",,"NESHER PHARMS",
76564,"ANDA",,"TEVA PHARMS USA",
76565,"ANDA",,"TEVA",
76568,"ANDA",,"ACTAVIS LABS NY INC",
76569,"ANDA",,"ACTAVIS LABS NY INC",
76570,"ANDA",,"SUN PHARM INDUSTRIES",
76571,"ANDA",,"FRESENIUS KABI USA",
76572,"ANDA",,"SUN PHARM INDS LTD",
76573,"ANDA",,"FRESENIUS KABI USA",
76574,"ANDA",,"TELIGENT PHARMA INC",
76575,"ANDA",,"TEVA",
76576,"ANDA",,"SUN PHARM INDUSTRIES",
76577,"ANDA",,"MYLAN PHARMS INC",
76578,"ANDA",,"MYLAN",
76580,"ANDA",,"RANBAXY LABS LTD",
76582,"ANDA",,"WEST-WARD PHARMS INT",
76583,"ANDA",,"SANDOZ INC",
76584,"ANDA",,"MYLAN",
76585,"ANDA",,"G AND W LABS",
76586,"ANDA",,"FOUGERA PHARMS",
76587,"ANDA",,"TARO",
76588,"ANDA",,"SUN PHARM INDS LTD",
76589,"ANDA",,"TEVA PHARMS USA",
76591,"ANDA",,"TOLMAR",
76592,"ANDA",,"PERRIGO NEW YORK",
76593,"ANDA",,"FOSUN PHARMA",
76594,"ANDA",,"MYLAN PHARMS INC",
76596,"ANDA",,"TEVA PHARMS",
76597,"ANDA",,"BARR",
76598,"ANDA",,"WEST-WARD PHARMS INT",
76600,"ANDA",,"TEVA",
76601,"ANDA",,"TARO",
76602,"ANDA",,"PLIVA",
76603,"ANDA",,"TOLMAR",
76604,"ANDA",,"ACTAVIS LABS FL INC",
76605,"ANDA",,"RANBAXY",
76606,"ANDA",,"SUN PHARM INDS LTD",
76607,"ANDA",,"SUN PHARM INDS LTD",
76608,"ANDA",,"ACTAVIS LABS FL INC",
76609,"ANDA",,"WATSON LABS FLORIDA",
76610,"ANDA",,"TEVA",
76611,"ANDA",,"WEST-WARD PHARMS INT",
76612,"ANDA",,"MYLAN PHARMS INC",
76615,"ANDA",,"HI TECH PHARMA",
76616,"ANDA",,"HI TECH PHARMA",
76617,"ANDA",,"HOSPIRA",
76618,"ANDA",,"TEVA",
76619,"ANDA",,"WEST-WARD PHARMS INT",
76620,"ANDA",,"ACTAVIS LABS FL INC",
76622,"ANDA",,"BAUSCH AND LOMB",
76624,"ANDA",,"TARO",
76625,"ANDA",,"MAYNE PHARMA",
76626,"ANDA",,"WATSON LABS",
76627,"ANDA",,"WATSON LABS",
76629,"ANDA",,"MAYNE PHARMA",
76630,"ANDA",,"MYLAN",
76631,"ANDA",,"SANDOZ",
76633,"ANDA",,"TOLMAR",
76635,"ANDA",,"SUN PHARM INDS LTD",
76636,"ANDA",,"ACTAVIS ELIZABETH",
76639,"ANDA",,"UNIQUE PHARM LABS",
76640,"ANDA",,"NESHER PHARMS",
76642,"ANDA",,"AMNEAL PHARMS NY",
76643,"ANDA",,"RANBAXY",
76644,"ANDA",,"MYLAN PHARMS INC",
76645,"ANDA",,"APOTEX INC",
76648,"ANDA",,"MYLAN",
76649,"ANDA",,"DR REDDYS LABS LTD",
76650,"ANDA",,"MYLAN",
76652,"ANDA",,"LANNETT CO INC",
76653,"ANDA",,"TEVA PHARMS USA",
76654,"ANDA",,"TARO PHARM INDS",
76655,"ANDA",,"ACTAVIS LABS FL",
76656,"ANDA",,"LUITPOLD",
76657,"ANDA",,"TEVA PHARMS USA",
76658,"ANDA",,"DR REDDYS LABS INC",
76661,"ANDA",,"SAGENT PHARMS",
76663,"ANDA",,"KV PHARM",
76664,"ANDA",,"WEST-WARD PHARMS INT",
76665,"ANDA",,"APOTEX",
76666,"ANDA",,"ABLE",
76667,"ANDA",,"DR REDDYS LABS LTD",
76668,"ANDA",,"PERRIGO NEW YORK",
76670,"ANDA",,"SUN PHARM INDS INC",
76671,"ANDA",,"MYLAN",
76672,"ANDA",,"TARO",
76673,"ANDA",,"WATSON LABS INC",
76674,"ANDA",,"APOTEX INC",
76675,"ANDA",,"VINTAGE PHARMS LLC",
76677,"ANDA",,"MYLAN",
76679,"ANDA",,"TARO",
76681,"ANDA",,"VINTAGE PHARMS",
76682,"ANDA",,"LANNETT CO INC",
76683,"ANDA",,"UPSHER-SMITH LABS",
76684,"ANDA",,"AMPHASTAR PHARM",
76685,"ANDA",,"WATSON LABS TEVA",
76686,"ANDA",,"ELITE LABS INC",
76688,"ANDA",,"MYLAN",
76689,"ANDA",,"ACTAVIS ELIZABETH",
76690,"ANDA",,"TEVA",
76691,"ANDA",,"WEST-WARD PHARMS INT",
76692,"ANDA",,"DR REDDYS LABS LTD",
76693,"ANDA",,"BARR",
76694,"ANDA",,"MYLAN",
76695,"ANDA",,"HOSPIRA",
76696,"ANDA",,"HOSPIRA",
76697,"ANDA",,"MYLAN IRELAND LTD",
76698,"ANDA",,"MYLAN",
76699,"ANDA",,"UCB INC",
76701,"ANDA",,"DR REDDYS LABS LTD",
76702,"ANDA",,"MYLAN",
76703,"ANDA",,"APOTEX INC",
76704,"ANDA",,"MYLAN",
76705,"ANDA",,"DR REDDYS LABS INC",
76706,"ANDA",,"APOTEX",
76707,"ANDA",,"SANDOZ",
76708,"ANDA",,"DR REDDYS LABS LTD",
76709,"ANDA",,"ACTAVIS LABS UT INC",
76710,"ANDA",,"DR REDDYS LABS INC",
76711,"ANDA",,"IMPAX LABS",
76712,"ANDA",,"FOUGERA PHARMS",
76713,"ANDA",,"ANDRX PHARM",
76714,"ANDA",,"DR REDDYS LABS INC",
76715,"ANDA",,"WATSON LABS INC",
76716,"ANDA",,"ACTAVIS ELIZABETH",
76717,"ANDA",,"HIKMA FARMACEUTICA",
76719,"ANDA",,"APOTEX",
76720,"ANDA",,"NESHER PHARMS",
76721,"ANDA",,"WOCKHARDT BIO AG",
76722,"ANDA",,"GLAND PHARMA LTD",
76723,"ANDA",,"ELITE LABS",
76724,"ANDA",,"TEVA PHARMS",
76725,"ANDA",,"UPSHER-SMITH LABS",
76726,"ANDA",,"TEVA",
76729,"ANDA",,"TARO PHARM",
76730,"ANDA",,"TARO",
76731,"ANDA",,"IMPAX LABS INC",
76732,"ANDA",,"SANDOZ",
76733,"ANDA",,"NESHER PHARMS",
76736,"ANDA",,"HIKMA FARMACEUTICA",
76737,"ANDA",,"ACTAVIS LABS UT INC",
76739,"ANDA",,"SUN PHARM INDS LTD",
76740,"ANDA",,"BIONPHARMA INC",
76741,"ANDA",,"LNK",
76743,"ANDA",,"CORNERSTONE",
76744,"ANDA",,"PAR PHARM",
76745,"ANDA",,"IMPAX PHARMS",
76746,"ANDA",,"PERRIGO PHARMA INTL",
76747,"ANDA",,"TEVA",
76748,"ANDA",,"DR REDDYS LABS INC",
76749,"ANDA",,"NEPHRON",
76750,"ANDA",,"CORNERSTONE",
76751,"ANDA",,"PERRIGO ISRAEL",
76752,"ANDA",,"MERCK KGAA",
76753,"ANDA",,"TARO",
76754,"ANDA",,"TELIGENT",
76755,"ANDA",,"BAXTER HLTHCARE CORP",
76756,"ANDA",,"NOSTRUM PHARMS LLC",
76757,"ANDA",,"HIKMA FARMACEUTICA",
76758,"ANDA",,"SPECGX LLC",
76759,"ANDA",,"TEVA",
76760,"ANDA",,"WOCKHARDT",
76761,"ANDA",,"UPSHER-SMITH LABS",
76762,"ANDA",,"MYLAN",
76763,"ANDA",,"PADDOCK LLC",
76764,"ANDA",,"MYLAN",
76765,"ANDA",,"TEVA PHARMS USA",
76766,"ANDA",,"BAXTER HLTHCARE",
76768,"ANDA",,"CIPLA LTD",
76770,"ANDA",,"ATHENEX INC",
76772,"ANDA",,"ACTAVIS LABS FL INC",
76773,"ANDA",,"TARO",
76774,"ANDA",,"GLAND PHARMA LTD",
76775,"ANDA",,"L PERRIGO CO",
76776,"ANDA",,"L PERRIGO CO",
76777,"ANDA",,"L PERRIGO CO",
76778,"ANDA",,"L PERRIGO CO",
76779,"ANDA",,"L PERRIGO CO",
76780,"ANDA",,"HIKMA FARMACEUTICA",
76781,"ANDA",,"HIKMA FARMACEUTICA",
76783,"ANDA",,"BARR",
76784,"ANDA",,"BARR LABS INC",
76785,"ANDA",,"BARR",
76786,"ANDA",,"SUN PHARM INDS LTD",
76787,"ANDA",,"WEST-WARD PHARMS INT",
76788,"ANDA",,"TARO",
76789,"ANDA",,"L PERRIGO CO",
76790,"ANDA",,"TARO",
76791,"ANDA",,"BAXTER HLTHCARE CORP",
76792,"ANDA",,"MYLAN",
76793,"ANDA",,"PERRIGO NEW YORK",
76794,"ANDA",,"WATSON LABS",
76795,"ANDA",,"APOTEX INC",
76796,"ANDA",,"PRINSTON INC",
76797,"ANDA",,"PRECISION DOSE",
76798,"ANDA",,"CIPLA LTD",
76799,"ANDA",,"ALPHAPHARM",
76801,"ANDA",,"MYLAN PHARMS INC",
76802,"ANDA",,"TEVA",
76803,"ANDA",,"YAOPHARMA CO LTD",
76805,"ANDA",,"TARO",
76806,"ANDA",,"WATSON LABS",
76809,"ANDA",,"IVAX SUB TEVA PHARMS",
76810,"ANDA",,"TEVA",
76811,"ANDA",,"MYLAN PHARMS INC",
76812,"ANDA",,"BARR",
76813,"ANDA",,"HIKMA PHARMS",
76814,"ANDA",,"ABLE",
76815,"ANDA",,"PARENTA PHARMS",
76817,"ANDA",,"VISTA PHARMS",
76818,"ANDA",,"WATSON LABS INC",
76820,"ANDA",,"AMNEAL PHARMS",
76821,"ANDA",,"TEVA",
76822,"ANDA",,"TEVA PHARMS USA",
76823,"ANDA",,"ABLE",
76824,"ANDA",,"DR REDDYS LABS LTD",
76826,"ANDA",,"WATSON LABS TEVA",
76827,"ANDA",,"HOSPIRA",
76828,"ANDA",,"BAXTER HLTHCARE CORP",
76829,"ANDA",,"WATSON LABS INC",
76830,"ANDA",,"ALVOGEN",
76831,"ANDA",,"PADDOCK LLC",
76832,"ANDA",,"WEST-WARD PHARMS INT",
76833,"ANDA",,"TEVA",
76834,"ANDA",,"SANDOZ",
76835,"ANDA",,"EPIC PHARMA",
76837,"ANDA",,"TEVA PHARMS",
76840,"ANDA",,"TEVA",
76841,"ANDA",,"G AND W LABS INC",
76842,"ANDA",,"TARO",
76844,"ANDA",,"WEST-WARD PHARMS INT",
76845,"ANDA",,"SANDOZ",
76846,"ANDA",,"TEVA",
76847,"ANDA",,"DR REDDYS LABS INC",
76848,"ANDA",,"SANDOZ",
76849,"ANDA",,"FRESENIUS KABI USA",
76850,"ANDA",,"FOUGERA PHARMS",
76851,"ANDA",,"LYNE",
76852,"ANDA",,"IMPAX LABS",
76853,"ANDA",,"TEVA PHARMS USA",
76855,"ANDA",,"SPECGX LLC",
76856,"ANDA",,"IMPAX LABS",
76858,"ANDA",,"RISING PHARMS",
76859,"ANDA",,"YAOPHARMA CO LTD",
76862,"ANDA",,"ACTAVIS LABS FL INC",
76863,"ANDA",,"BARR",
76864,"ANDA",,"TEVA",
76865,"ANDA",,"NESHER PHARMS",
76866,"ANDA",,"MYLAN PHARMS INC",
76867,"ANDA",,"FOSUN PHARMA",
76868,"ANDA",,"ELITE LABS INC",
76869,"ANDA",,"ACTAVIS LABS FL INC",
76870,"ANDA",,"WEST-WARD PHARMS INT",
76871,"ANDA",,"HOSPIRA",
76872,"ANDA",,"PERRIGO ISRAEL",
76873,"ANDA",,"SANDOZ",
76875,"ANDA",,"RANBAXY LABS LTD",
76876,"ANDA",,"TEVA",
76877,"ANDA",,"SANDOZ",
76878,"ANDA",,"ACTAVIS ELIZABETH",
76879,"ANDA",,"DR REDDYS LABS LTD",
76880,"ANDA",,"IVAX SUB TEVA PHARMS",
76881,"ANDA",,"ACI HEALTHCARE LTD",
76882,"ANDA",,"APOTEX INC",
76883,"ANDA",,"TEVA",
76884,"ANDA",,"FOUGERA PHARMS",
76885,"ANDA",,"MYLAN PHARMS INC",
76886,"ANDA",,"TEVA PHARMS USA",
76887,"ANDA",,"FRESENIUS KABI USA",
76888,"ANDA",,"MYLAN LABS LTD",
76889,"ANDA",,"MYLAN LABS LTD",
76890,"ANDA",,"CIPLA LTD",
76891,"ANDA",,"WATSON LABS",
76893,"ANDA",,"PAR PHARM",
76894,"ANDA",,"APOTEX INC",
76895,"ANDA",,"WOCKHARDT BIO AG",
76896,"ANDA",,"APOTEX",
76897,"ANDA",,"SANDOZ",
76898,"ANDA",,"TEVA",
76899,"ANDA",,"AMNEAL PHARMS NY",
76900,"ANDA",,"ZYDUS PHARMS USA",
76901,"ANDA",,"IMPAX LABS INC",
76903,"ANDA",,"FOUGERA PHARMS",
76904,"ANDA",,"WEST-WARD PHARMS INT",
76905,"ANDA",,"TEVA",
76906,"ANDA",,"APOTEX INC",
76907,"ANDA",,"ABLE",
76908,"ANDA",,"TEVA",
76910,"ANDA",,"IMPAX LABS",
76911,"ANDA",,"SUN PHARM INDS LTD",
76912,"ANDA",,"TARO PHARM",
76913,"ANDA",,"PHARM ASSOC",
76914,"ANDA",,"CSPC OUYI PHARM CO",
76915,"ANDA",,"WATSON LABS",
76916,"ANDA",,"MAYNE PHARMA",
76917,"ANDA",,"WEST-WARD PHARMS INT",
76918,"ANDA",,"TARO PHARM INDS",
76919,"ANDA",,"MYLAN",
76920,"ANDA",,"DR REDDYS LABS LTD",
76921,"ANDA",,"AUROBINDO",
76922,"ANDA",,"PAR PHARM",
76923,"ANDA",,"X GEN PHARMS",
76925,"ANDA",,"PERRIGO R AND D",
76928,"ANDA",,"WATSON LABS",
76930,"ANDA",,"MYLAN",
76931,"ANDA",,"WEST-WARD PHARMS INT",
76932,"ANDA",,"TEVA",
76933,"ANDA",,"WATSON LABS",
76934,"ANDA",,"ACI HEALTHCARE LTD",
76935,"ANDA",,"SANDOZ",
76938,"ANDA",,"DR REDDYS LABS LTD",
76939,"ANDA",,"WATSON LABS",
76941,"ANDA",,"TEVA",
76942,"ANDA",,"TOLMAR",
76943,"ANDA",,"WEST-WARD PHARMS INT",
76945,"ANDA",,"TEVA",
76951,"ANDA",,"RANBAXY LABS LTD",
76953,"ANDA",,"RANBAXY",
76955,"ANDA",,"FRESENIUS KABI USA",
76957,"ANDA",,"UNIQUE PHARM LABS",
76958,"ANDA",,"TEVA",
76959,"ANDA",,"SANDOZ",
76960,"ANDA",,"WEST-WARD PHARMS INT",
76961,"ANDA",,"SANDOZ",
76962,"ANDA",,"MYLAN",
76963,"ANDA",,"INNOGENIX",
76967,"ANDA",,"WEST-WARD PHARMS INT",
76968,"ANDA",,"OXFORD PHARMS",
76969,"ANDA",,"SANDOZ",
76970,"ANDA",,"RANBAXY",
76972,"ANDA",,"FRESENIUS KABI USA",
76973,"ANDA",,"FOUGERA PHARMS",
76974,"ANDA",,"FRESENIUS KABI USA",
76976,"ANDA",,"FOSUN PHARMA",
76977,"ANDA",,"TOLMAR",
76978,"ANDA",,"HOSPIRA",
76979,"ANDA",,"PAR PHARM",
76980,"ANDA",,"TEVA",
76981,"ANDA",,"ALPHAPHARM",
76982,"ANDA",,"NESHER PHARMS",
76984,"ANDA",,"WATSON LABS",
76985,"ANDA",,"IMPAX LABS",
76987,"ANDA",,"WATSON LABS",
76988,"ANDA",,"NESHER PHARMS",
76989,"ANDA",,"SUN PHARM INDS LTD",
76990,"ANDA",,"SUN PHARM INDS LTD",
76992,"ANDA",,"BEDFORD LABS",
76993,"ANDA",,"BEDFORD LABS",
76994,"ANDA",,"TARO",
76995,"ANDA",,"ACTAVIS LABS FL INC",
76996,"ANDA",,"ACTAVIS LABS FL INC",
76999,"ANDA",,"TEVA",
77001,"ANDA",,"FOUGERA PHARMS",
77002,"ANDA",,"HIKMA INTL PHARMS",
77004,"ANDA",,"CIPLA",
77005,"ANDA",,"IVAX SUB TEVA PHARMS",
77006,"ANDA",,"IVAX SUB TEVA PHARMS",
77007,"ANDA",,"PERRIGO R AND D",
77009,"ANDA",,"TARO",
77011,"ANDA",,"WEST-WARD PHARMS INT",
77013,"ANDA",,"MYLAN",
77015,"ANDA",,"FOUGERA PHARMS",
77018,"ANDA",,"FOUGERA PHARMS",
77019,"ANDA",,"MYLAN PHARMS INC",
77020,"ANDA",,"IVAX SUB TEVA PHARMS",
77021,"ANDA",,"CASI PHARMS INC",
77022,"ANDA",,"EPIC PHARMA LLC",
77024,"ANDA",,"WEST-WARD PHARMS INT",
77025,"ANDA",,"MYLAN",
77026,"ANDA",,"HI TECH PHARMA",
77027,"ANDA",,"TEVA",
77028,"ANDA",,"ACTAVIS ELIZABETH",
77029,"ANDA",,"TOLMAR",
77030,"ANDA",,"APOTEX INC",
77031,"ANDA",,"AUROBINDO",
77032,"ANDA",,"SUN PHARM INDS INC",
77033,"ANDA",,"ACTAVIS ELIZABETH",
77034,"ANDA",,"WATSON LABS",
77035,"ANDA",,"FOSUN PHARMA",
77036,"ANDA",,"EPIC PHARMA LLC",
77037,"ANDA",,"MYLAN PHARMS INC",
77038,"ANDA",,"DR REDDYS LABS LTD",
77039,"ANDA",,"MYLAN",
77040,"ANDA",,"FOSUN PHARMA",
77041,"ANDA",,"ROXANE",
77042,"ANDA",,"MYLAN",
77043,"ANDA",,"WEST-WARD PHARMS INT",
77044,"ANDA",,"CHARTWELL MOLECULAR",
77045,"ANDA",,"EPIC PHARMA",
77046,"ANDA",,"APOTEX INC",
77048,"ANDA",,"G AND W LABS INC",
77050,"ANDA",,"SUN PHARM INDS (IN)",
77051,"ANDA",,"LAVIPHARM LABS",
77052,"ANDA",,"SUN PHARM INDUSTRIES",
77053,"ANDA",,"TEVA",
77055,"ANDA",,"G AND W LABS",
77056,"ANDA",,"TEVA",
77058,"ANDA",,"SUN PHARM INDS LTD",
77059,"ANDA",,"HOSPIRA",
77060,"ANDA",,"ZYDUS PHARMS USA",
77061,"ANDA",,"FOUGERA PHARMS",
77062,"ANDA",,"MAYNE PHARMA",
77063,"ANDA",,"WATSON LABS TEVA",
77064,"ANDA",,"ZYDUS PHARMS USA",
77065,"ANDA",,"GEDEON RICHTER USA",
77066,"ANDA",,"SANDOZ",
77067,"ANDA",,"SUN PHARM INDS INC",
77068,"ANDA",,"VINTAGE PHARMS",
77069,"ANDA",,"MURTY PHARMS",
77070,"ANDA",,"EPIC PHARMA INC",
77071,"ANDA",,"SANDOZ INC",
77072,"ANDA",,"LANDELA PHARM",
77073,"ANDA",,"CIPLA LTD",
77074,"ANDA",,"BEDFORD LABS",
77075,"ANDA",,"VINTAGE PHARMS LLC",
77076,"ANDA",,"BEDFORD",
77077,"ANDA",,"VINTAGE PHARMS LLC",
77078,"ANDA",,"ZYDUS PHARMS USA",
77080,"ANDA",,"SYNTHON PHARMS",
77081,"ANDA",,"MYLAN",
77082,"ANDA",,"TEVA PHARMS",
77083,"ANDA",,"BARR",
77084,"ANDA",,"TEVA PHARMS",
77085,"ANDA",,"SANDOZ",
77086,"ANDA",,"HERITAGE PHARMS INC",
77087,"ANDA",,"FOSUN PHARMA",
77088,"ANDA",,"OXFORD PHARMS",
77090,"ANDA",,"APOTEX INC",
77091,"ANDA",,"DR REDDYS LABS LTD",
77092,"ANDA",,"TARO",
77093,"ANDA",,"MYLAN",
77094,"ANDA",,"ZYDUS PHARMS USA",
77095,"ANDA",,"AUROBINDO",
77096,"ANDA",,"NANJING KING-FRIEND",
77097,"ANDA",,"MYLAN",
77098,"ANDA",,"DR REDDYS LABS LTD",
77099,"ANDA",,"VINTAGE PHARMS LLC",
77100,"ANDA",,"ZYDUS PHARMS USA INC",
77101,"ANDA",,"WATSON LABS",
77102,"ANDA",,"SAGENT PHARMS",
77105,"ANDA",,"APOTEX INC",
77106,"ANDA",,"ZYDUS PHARMS USA",
77107,"ANDA",,"TEVA PHARMS",
77109,"ANDA",,"G AND W LABS INC",
77111,"ANDA",,"FOUGERA PHARMS",
77112,"ANDA",,"PLIVA HRVATSKA DOO",
77113,"ANDA",,"MYLAN",
77114,"ANDA",,"PERRIGO R AND D",
77115,"ANDA",,"APOTEX INC",
77117,"ANDA",,"APOTEX INC",
77120,"ANDA",,"APOTEX INC",
77121,"ANDA",,"MYLAN",
77122,"ANDA",,"IMPAX LABS INC",
77123,"ANDA",,"PERRIGO ISRAEL",
77124,"ANDA",,"SUN PHARM INDUSTRIES",
77126,"ANDA",,"SUN PHARMA GLOBAL",
77127,"ANDA",,"OSMOTICA PHARM US",
77128,"ANDA",,"APOTEX INC",
77129,"ANDA",,"WATSON LABS",
77130,"ANDA",,"DR REDDYS LABS INC",
77131,"ANDA",,"SUN PHARM INDS LTD",
77132,"ANDA",,"TEVA PHARMS USA",
77133,"ANDA",,"FRESENIUS KABI USA",
77135,"ANDA",,"CIPLA LTD",
77136,"ANDA",,"MYLAN",
77137,"ANDA",,"CIPLA LTD",
77138,"ANDA",,"TEVA PHARMS",
77139,"ANDA",,"TEVA PHARMS USA",
77141,"ANDA",,"NATCO PHARMA LTD",
77142,"ANDA",,"SPECGX LLC",
77144,"ANDA",,"WATSON LABS",
77145,"ANDA",,"TARO PHARM INDS",
77146,"ANDA",,"WOCKHARDT",
77147,"ANDA",,"ACCORD HLTHCARE",
77149,"ANDA",,"PERRIGO NEW YORK",
77150,"ANDA",,"EPIC PHARMA LLC",
77151,"ANDA",,"RENAISSANCE SSA LLC",
77152,"ANDA",,"LANNETT CO INC",
77153,"ANDA",,"SUN PHARM INDS LTD",
77154,"ANDA",,"SPECGX LLC",
77155,"ANDA",,"SANDOZ INC",
77157,"ANDA",,"TEVA PHARMS",
77159,"ANDA",,"TEVA PHARMS",
77161,"ANDA",,"GLAND PHARMA LTD",
77162,"ANDA",,"CHARTWELL MOLECULAR",
77163,"ANDA",,"MYLAN",
77165,"ANDA",,"TEVA PHARMS USA",
77166,"ANDA",,"MYLAN",
77167,"ANDA",,"BARR",
77168,"ANDA",,"G AND W LABS",
77169,"ANDA",,"ELITE LABS INC",
77170,"ANDA",,"IVAX SUB TEVA PHARMS",
77171,"ANDA",,"PAR PHARM",
77172,"ANDA",,"SUN PHARM INDS (IN)",
77173,"ANDA",,"SUN PHARM INDS LTD",
77174,"ANDA",,"HOSPIRA",
77176,"ANDA",,"NESHER PHARMS",
77177,"ANDA",,"WEST-WARD PHARMS INT",
77179,"ANDA",,"TEVA PHARMS",
77180,"ANDA",,"PERRIGO ISRAEL",
77181,"ANDA",,"MYLAN",
77182,"ANDA",,"MAYNE PHARMA",
77183,"ANDA",,"DR REDDYS LABS INC",
77184,"ANDA",,"SUN PHARM INDS INC",
77186,"ANDA",,"WEST-WARD PHARMS INT",
77187,"ANDA",,"WEST-WARD PHARMS INT",
77190,"ANDA",,"GLAND PHARMA LTD",
77194,"ANDA",,"BARR",
77195,"ANDA",,"MYLAN",
77196,"ANDA",,"WATSON LABS FLORIDA",
77197,"ANDA",,"FOUGERA PHARMS",
77198,"ANDA",,"ACTAVIS LABS FL INC",
77200,"ANDA",,"ALCON PHARMS LTD",
77201,"ANDA",,"APOTEX INC",
77203,"ANDA",,"PAR PHARM",
77204,"ANDA",,"PAR PHARM",
77205,"ANDA",,"CHARTWELL MOLECULAR",
77206,"ANDA",,"AUROBINDO PHARMA",
77208,"ANDA",,"FRONTIDA BIOPHARM",
77209,"ANDA",,"OXFORD PHARMS",
77210,"ANDA",,"TEVA PHARMS USA",
77211,"ANDA",,"RANBAXY LABS LTD",
77212,"ANDA",,"SUN PHARM INDS",
77213,"ANDA",,"TEVA PHARMS",
77214,"ANDA",,"ACME LABS",
77215,"ANDA",,"WATSON LABS",
77218,"ANDA",,"ARCO PHARMS LLC",
77219,"ANDA",,"CIPLA LTD",
77220,"ANDA",,"LANNETT CO INC",
77221,"ANDA",,"CIPLA LTD",
77222,"ANDA",,"INVAGEN PHARMS",
77223,"ANDA",,"ROXANE",
77224,"ANDA",,"ZYDUS PHARMS USA",
77226,"ANDA",,"MYLAN",
77227,"ANDA",,"TARO",
77232,"ANDA",,"PLIVA",
77233,"ANDA",,"EXELA PHARMA SCIENCE",
77234,"ANDA",,"HIKMA FARMACEUTICA",
77236,"ANDA",,"FOUGERA PHARMS",
77237,"ANDA",,"WEST-WARD PHARMS INT",
77238,"ANDA",,"MYLAN",
77239,"ANDA",,"TEVA PHARMS",
77241,"ANDA",,"LANNETT CO INC",
77242,"ANDA",,"SUN PHARM INDS LTD",
77243,"ANDA",,"BARR LABS INC",
77244,"ANDA",,"WEST-WARD PHARMS INT",
77245,"ANDA",,"HOSPIRA",
77246,"ANDA",,"LANNETT CO INC",
77247,"ANDA",,"FRESENIUS KABI USA",
77248,"ANDA",,"IMPAX LABS",
77249,"ANDA",,"ROXANE",
77250,"ANDA",,"SEPTODONT",
77251,"ANDA",,"GEDEON RICHTER USA",
77253,"ANDA",,"GLENMARK GENERICS",
77254,"ANDA",,"MYLAN",
77255,"ANDA",,"TEVA PHARMS",
77256,"ANDA",,"EPIC PHARMA LLC",
77259,"ANDA",,"FDC LTD",
77260,"ANDA",,"TEVA PARENTERAL",
77261,"ANDA",,"TARO PHARM",
77262,"ANDA",,"WEST-WARD PHARMS INT",
77263,"ANDA",,"TEVA PHARMS",
77264,"ANDA",,"TOLMAR",
77266,"ANDA",,"FRESENIUS KABI USA",
77267,"ANDA",,"AUROBINDO",
77268,"ANDA",,"AUROBINDO",
77269,"ANDA",,"PHARMACHEMIE BV",
77270,"ANDA",,"TEVA PHARMS",
77272,"ANDA",,"TORRENT PHARMS",
77273,"ANDA",,"ECR PHARMA",
77274,"ANDA",,"EPIC PHARMA LLC",
77275,"ANDA",,"AUROBINDO",
77277,"ANDA",,"IMPAX LABS",
77278,"ANDA",,"TARO",
77279,"ANDA",,"TEVA PHARMS",
77280,"ANDA",,"WATSON LABS",
77283,"ANDA",,"GLAND PHARMA LTD",
77284,"ANDA",,"ANCHEN PHARMS",
77285,"ANDA",,"WATSON LABS INC",
77287,"ANDA",,"FOUGERA PHARMS",
77288,"ANDA",,"SUN PHARM INDUSTRIES",
77289,"ANDA",,"AMNEAL PHARMS NY",
77290,"ANDA",,"NESHER PHARMS",
77293,"ANDA",,"LEADING PHARMA LLC",
77295,"ANDA",,"INVAGEN PHARMS",
77296,"ANDA",,"WOCKHARDT",
77297,"ANDA",,"TEVA PHARMS USA",
77298,"ANDA",,"ACTAVIS LABS FL INC",
77299,"ANDA",,"PLIVA HRVATSKA DOO",
77301,"ANDA",,"IVAX PHARMS INC",
77302,"ANDA",,"ACTAVIS ELIZABETH",
77303,"ANDA",,"CHARTWELL MOLECULES",
77304,"ANDA",,"EXELA PHARMA SCS LLC",
77306,"ANDA",,"APOTEX",
77307,"ANDA",,"CIPLA",
77308,"ANDA",,"APOTEX INC",
77309,"ANDA",,"APOTEX INC",
77310,"ANDA",,"CASI PHARMS INC",
77311,"ANDA",,"NESHER PHARMS",
77312,"ANDA",,"PAR PHARM",
77314,"ANDA",,"DR REDDYS LABS LTD",
77316,"ANDA",,"MYLAN",
77317,"ANDA",,"WATSON LABS TEVA",
77318,"ANDA",,"CIPLA LTD",
77319,"ANDA",,"OXFORD PHARMS",
77321,"ANDA",,"LUPIN",
77322,"ANDA",,"SANDOZ INC",
77323,"ANDA",,"MYLAN",
77324,"ANDA",,"FOSUN PHARMA",
77327,"ANDA",,"RANBAXY LABS LTD",
77328,"ANDA",,"DR REDDYS LABS LTD",
77329,"ANDA",,"SUN PHARM INDS",
77330,"ANDA",,"SUN PHARM INDS",
77331,"ANDA",,"SUN PHARM INDS",
77332,"ANDA",,"PAR PHARM",
77333,"ANDA",,"GEDEON RICHTER USA",
77335,"ANDA",,"CIPLA LTD",
77336,"ANDA",,"SUN PHARM INDS (IN)",
77337,"ANDA",,"TEVA",
77338,"ANDA",,"P AND L DEV LLC",
77339,"ANDA",,"PERRIGO R AND D",
77342,"ANDA",,"TEVA",
77343,"ANDA",,"APOTEX INC",
77344,"ANDA",,"TEVA",
77345,"ANDA",,"ACTAVIS ELIZABETH",
77346,"ANDA",,"SUN PHARM INDS INC",
77349,"ANDA",,"PERRIGO R AND D",
77351,"ANDA",,"PERRIGO R AND D",
77352,"ANDA",,"PERRIGO R AND D",
77353,"ANDA",,"APOTEX INC",
77354,"ANDA",,"APOTEX INC",
77355,"ANDA",,"PERRIGO R AND D",
77356,"ANDA",,"TEVA PHARMS USA",
77357,"ANDA",,"RANBAXY",
77359,"ANDA",,"SUN PHARM INDS INC",
77360,"ANDA",,"SANDOZ INC",
77361,"ANDA",,"ELITE LABS INC",
77362,"ANDA",,"GENPHARM",
77363,"ANDA",,"RANBAXY",
77364,"ANDA",,"PERRIGO NEW YORK",
77365,"ANDA",,"WEST-WARD PHARMS INT",
77366,"ANDA",,"RANBAXY",
77367,"ANDA",,"DR REDDYS LABS LTD",
77368,"ANDA",,"APOTEX INC",
77369,"ANDA",,"TEVA",
77370,"ANDA",,"PRINSTON INC",
77372,"ANDA",,"SUN PHARM INDS",
77373,"ANDA",,"SUN PHARM INDS",
77375,"ANDA",,"MYLAN",
77376,"ANDA",,"AUROBINDO PHARMA LTD",
77380,"ANDA",,"DR REDDYS LABS LTD",
77381,"ANDA",,"DR REDDYS LABS INC",
77383,"ANDA",,"CIPLA LTD",
77387,"ANDA",,"LUITPOLD",
77388,"ANDA",,"CIPLA LTD",
77389,"ANDA",,"TEVA PARENTERAL",
77391,"ANDA",,"MYLAN",
77392,"ANDA",,"ROXANE",
77393,"ANDA",,"TARO",
77394,"ANDA",,"HOSPIRA",
77395,"ANDA",,"APOTEX INC",
77396,"ANDA",,"ANI PHARMS INC",
77397,"ANDA",,"INVAGEN PHARMS",
77399,"ANDA",,"HI TECH PHARMA",
77401,"ANDA",,"G AND W LABS",
77404,"ANDA",,"APOTEX INC",
77405,"ANDA",,"PHARM ASSOC",
77406,"ANDA",,"CHARTWELL MOLECULES",
77407,"ANDA",,"TARO",
77408,"ANDA",,"ACTAVIS LABS FL INC",
77410,"ANDA",,"OSMOTICA PHARM US",
77411,"ANDA",,"CIPLA LTD",
77412,"ANDA",,"TEVA PHARMS",
77413,"ANDA",,"PLIVA LACHEMA",
77414,"ANDA",,"APOTEX INC",
77415,"ANDA",,"IMPAX LABS",
77416,"ANDA",,"RANBAXY",
77417,"ANDA",,"ACTAVIS LABS FL INC",
77419,"ANDA",,"ACTAVIS LABS FL INC",
77420,"ANDA",,"MYLAN",
77421,"ANDA",,"LANNETT CO INC",
77424,"ANDA",,"SANDOZ",
77425,"ANDA",,"TEVA PHARMS USA",
77426,"ANDA",,"WATSON LABS INC",
77428,"ANDA",,"MYLAN",
77429,"ANDA",,"RANBAXY",
77430,"ANDA",,"SANDOZ INC",
77431,"ANDA",,"WEST-WARD PHARMS INT",
77432,"ANDA",,"FRESENIUS KABI ONCOL",
77433,"ANDA",,"AREVA PHARMS",
77436,"ANDA",,"APOTEX INC",
77437,"ANDA",,"TEVA PHARMS USA",
77438,"ANDA",,"SANDOZ",
77440,"ANDA",,"MOUNTAIN",
77442,"ANDA",,"SUN PHARM INDS LTD",
77443,"ANDA",,"UNIQUE PHARM LABS",
77445,"ANDA",,"TEVA PHARMS",
77446,"ANDA",,"SANDOZ",
77447,"ANDA",,"G AND W LABS",
77449,"ANDA",,"AVEVA",
77450,"ANDA",,"FRESENIUS KABI USA",
77453,"ANDA",,"TEVA PHARMS USA",
77454,"ANDA",,"ACTAVIS LABS FL INC",
77455,"ANDA",,"WATSON LABS INC",
77456,"ANDA",,"KADMON PHARMS LLC",
77457,"ANDA",,"FRESENIUS KABI USA",
77458,"ANDA",,"WEST-WARD PHARMS INT",
77459,"ANDA",,"WEST-WARD PHARMS INT",
77460,"ANDA",,"G AND W LABS INC",
77461,"ANDA",,"DR REDDYS LABS LTD",
77462,"ANDA",,"WATSON LABS",
77463,"ANDA",,"PAR PHARM",
77464,"ANDA",,"AUROBINDO PHARMA LTD",
77466,"ANDA",,"SANDOZ",
77467,"ANDA",,"TEVA PHARMS",
77469,"ANDA",,"SANDOZ",
77470,"ANDA",,"TEVA PHARMS",
77471,"ANDA",,"LANNETT CO INC",
77472,"ANDA",,"RANBAXY LABS LTD",
77473,"ANDA",,"HOSPIRA",
77474,"ANDA",,"CHARTWELL MOLECULAR",
77475,"ANDA",,"SANDOZ INC",
77476,"ANDA",,"TARO",
77477,"ANDA",,"TARO",
77478,"ANDA",,"SANDOZ",
77481,"ANDA",,"WEST-WARD PHARMS INT",
77483,"ANDA",,"SUN PHARM INDS LTD",
77486,"ANDA",,"MYLAN",
77487,"ANDA",,"TEVA PHARMS",
77488,"ANDA",,"TEVA",
77489,"ANDA",,"TEVA PHARMS",
77491,"ANDA",,"SANDOZ",
77492,"ANDA",,"OHM LABS INC",
77493,"ANDA",,"PRINSTON INC",
77494,"ANDA",,"PAR PHARM",
77496,"ANDA",,"FRESENIUS KABI USA",
77498,"ANDA",,"SUN PHARM INDS LTD",
77499,"ANDA",,"SUN PHARM INDS INC",
77500,"ANDA",,"SUN PHARM INDS LTD",
77502,"ANDA",,"VINTAGE PHARMS LLC",
77505,"ANDA",,"CIPLA LTD",
77507,"ANDA",,"EPIC PHARMA LLC",
77510,"ANDA",,"IMPAX LABS",
77511,"ANDA",,"TARO",
77512,"ANDA",,"STI PHARMA LLC",
77513,"ANDA",,"ACTAVIS ELIZABETH",
77514,"ANDA",,"YAOPHARMA CO LTD",
77515,"ANDA",,"FOSUN PHARMA",
77516,"ANDA",,"VIVIMED GLOBAL",
77517,"ANDA",,"CASI PHARMS INC",
77518,"ANDA",,"CIPLA LTD",
77519,"ANDA",,"TEVA PHARMS",
77520,"ANDA",,"SUN PHARM INDUSTRIES",
77521,"ANDA",,"AUROBINDO",
77522,"ANDA",,"LUPIN",
77523,"ANDA",,"IVAX SUB TEVA PHARMS",
77524,"ANDA",,"MAYNE PHARMA",
77525,"ANDA",,"SUN PHARM INDS LTD",
77526,"ANDA",,"CIPLA LTD",
77527,"ANDA",,"BARR",
77528,"ANDA",,"TEVA PHARMS",
77530,"ANDA",,"IVAX PHARMS",
77531,"ANDA",,"WATSON LABS",
77532,"ANDA",,"WATSON LABS",
77533,"ANDA",,"INVAGEN PHARMS",
77534,"ANDA",,"INVAGEN PHARMS",
77535,"ANDA",,"GLENMARK GENERICS",
77536,"ANDA",,"CHARTWELL RX",
77537,"ANDA",,"AUROBINDO PHARMA",
77538,"ANDA",,"APOTEX INC",
77540,"ANDA",,"SYNTHON PHARMS",
77541,"ANDA",,"WEST-WARD PHARMS INT",
77542,"ANDA",,"SUN PHARM INDS LTD",
77543,"ANDA",,"CHARTWELL MOLECULAR",
77544,"ANDA",,"PLIVA HRVATSKA DOO",
77545,"ANDA",,"HIKMA INTL PHARMS",
77547,"ANDA",,"TOLMAR",
77548,"ANDA",,"HOSPIRA",
77549,"ANDA",,"G AND W LABS",
77550,"ANDA",,"MYLAN PHARMS INC",
77551,"ANDA",,"SANDOZ INC",
77552,"ANDA",,"PERRIGO NEW YORK",
77553,"ANDA",,"TARO",
77555,"ANDA",,"SUN PHARM INDS",
77557,"ANDA",,"SUN PHARM INDS",
77558,"ANDA",,"AUROBINDO PHARMA LTD",
77559,"ANDA",,"CIPLA LTD",
77560,"ANDA",,"LUPIN PHARMS",
77561,"ANDA",,"APOTEX INC",
77562,"ANDA",,"SANDOZ INC",
77563,"ANDA",,"JUBILANT CADISTA",
77565,"ANDA",,"DR REDDYS LABS INC",
77567,"ANDA",,"MYLAN",
77568,"ANDA",,"FDC LTD",
77569,"ANDA",,"LANDELA PHARM",
77570,"ANDA",,"HI TECH PHARMA",
77571,"ANDA",,"SUN PHARM INDS INC",
77574,"ANDA",,"FRESENIUS KABI ONCOL",
77575,"ANDA",,"SANDOZ INC",
77577,"ANDA",,"WOCKHARDT",
77578,"ANDA",,"MYLAN",
77579,"ANDA",,"HI TECH PHARMA",
77580,"ANDA",,"ZYDUS PHARMS USA",
77582,"ANDA",,"LUITPOLD",
77584,"ANDA",,"ZYDUS PHARMS USA",
77585,"ANDA",,"ACTAVIS ELIZABETH",
77587,"ANDA",,"TEVA PHARMS",
77588,"ANDA",,"RANBAXY",
77589,"ANDA",,"SANDOZ",
77590,"ANDA",,"MYLAN",
77592,"ANDA",,"SUN PHARM INDS",
77593,"ANDA",,"DR REDDYS LABS LTD",
77600,"ANDA",,"APOTEX INC",
77601,"ANDA",,"APOTEX INC",
77602,"ANDA",,"APOTEX INC",
77603,"ANDA",,"MYLAN",
77604,"ANDA",,"YABAO PHARM",
77605,"ANDA",,"BARR",
77606,"ANDA",,"AUROBINDO",
77608,"ANDA",,"WEST-WARD PHARMS INT",
77610,"ANDA",,"WOCKHARDT",
77611,"ANDA",,"TEVA PHARMS",
77612,"ANDA",,"ANI PHARMS INC",
77613,"ANDA",,"MYLAN PHARMS INC",
77614,"ANDA",,"ZYDUS PHARMS USA INC",
77615,"ANDA",,"APOTEX INC",
77616,"ANDA",,"MYLAN",
77619,"ANDA",,"DR REDDYS LABS LTD",
77620,"ANDA",,"SUN PHARM INDS INC",
77621,"ANDA",,"ZYDUS PHARMS USA",
77622,"ANDA",,"AUROBINDO",
77623,"ANDA",,"PERRIGO NEW YORK",
77624,"ANDA",,"MYLAN",
77625,"ANDA",,"ZYDUS PHARMS USA",
77626,"ANDA",,"LUPIN",
77627,"ANDA",,"GLENMARK GENERICS",
77628,"ANDA",,"DR REDDYS LABS LTD",
77629,"ANDA",,"LANNETT CO INC",
77630,"ANDA",,"TEVA PHARMS",
77631,"ANDA",,"SUN PHARM INDS INC",
77633,"ANDA",,"ZYDUS PHARMS USA",
77634,"ANDA",,"SUN PHARM INDS (IN)",
77635,"ANDA",,"SUN PHARM INDUSTRIES",
77636,"ANDA",,"WOCKHARDT",
77637,"ANDA",,"MYLAN",
77639,"ANDA",,"ANI PHARMS INC",
77641,"ANDA",,"ANI PHARMS INC",
77642,"ANDA",,"APOTEX INC",
77643,"ANDA",,"WATSON LABS",
77644,"ANDA",,"UPSHER-SMITH LABS",
77645,"ANDA",,"AUROBINDO PHARMA LTD",
77646,"ANDA",,"PADDOCK LLC",
77647,"ANDA",,"MYLAN PHARMS INC",
77648,"ANDA",,"ROXANE",
77650,"ANDA",,"WATSON LABS",
77651,"ANDA",,"GLENMARK GENERICS",
77652,"ANDA",,"ZYDUS PHARMS USA INC",
77653,"ANDA",,"ZYDUS PHARMS USA",
77654,"ANDA",,"GLENMARK GENERICS",
77655,"ANDA",,"TEVA PHARMS",
77656,"ANDA",,"GLAXOSMITHKLINE CONS",
77657,"ANDA",,"MYLAN",
77658,"ANDA",,"GLAXOSMITHKLINE CONS",
77659,"ANDA",,"ACTAVIS ELIZABETH",
77660,"ANDA",,"MYLAN PHARMS INC",
77661,"ANDA",,"APOTEX INC",
77662,"ANDA",,"GLENMARK PHARMS LTD",
77663,"ANDA",,"WATSON LABS TEVA",
77665,"ANDA",,"MYLAN PHARMS INC",
77666,"ANDA",,"APOTEX INC",
77667,"ANDA",,"APOTEX INC",
77668,"ANDA",,"MYLAN PHARMS INC",
77670,"ANDA",,"LUPIN",
77671,"ANDA",,"WATSON LABS",
77672,"ANDA",,"AUROBINDO PHARMA",
77673,"ANDA",,"AUROBINDO PHARMA LTD",
77676,"ANDA",,"PERRIGO NEW YORK",
77677,"ANDA",,"WOCKHARDT LTD",
77678,"ANDA",,"G AND W LABS",
77679,"ANDA",,"PHARMACHEMIE BV",
77681,"ANDA",,"MAYNE PHARMA",
77684,"ANDA",,"BARR LABS INC",
77686,"ANDA",,"ACTAVIS LABS FL INC",
77687,"ANDA",,"TOLMAR",
77689,"ANDA",,"RISING PHARMS",
77690,"ANDA",,"LUPIN",
77691,"ANDA",,"AUROBINDO PHARMA",
77693,"ANDA",,"WEST-WARD PHARMS INT",
77695,"ANDA",,"AUROBINDO PHARMA LTD",
77696,"ANDA",,"CHARTWELL MOLECULAR",
77697,"ANDA",,"APOTEX INC",
77698,"ANDA",,"MALLINKRODT NUCLEAR",
77699,"ANDA",,"HIKMA INTL PHARMS",
77700,"ANDA",,"RISING PHARMS",
77701,"ANDA",,"DR REDDYS LABS LTD",
77702,"ANDA",,"AUROBINDO",
77703,"ANDA",,"SUN PHARMA GLOBAL",
77704,"ANDA",,"HI TECH PHARMA CO",
77705,"ANDA",,"MYLAN",
77706,"ANDA",,"NEXGEN PHARMA INC",
77707,"ANDA",,"TEVA PHARMS",
77708,"ANDA",,"BRECKENRIDGE PHARM",
77711,"ANDA",,"TORRENT PHARMS",
77712,"ANDA",,"VINTAGE PHARMS",
77713,"ANDA",,"FOSUN PHARMA",
77714,"ANDA",,"BRECKENRIDGE PHARM",
77715,"ANDA",,"ACTAVIS LABS FL INC",
77716,"ANDA",,"WOCKHARDT",
77717,"ANDA",,"NESHER PHARMS",
77719,"ANDA",,"APOTEX INC",
77721,"ANDA",,"G AND W LABS",
77722,"ANDA",,"CHARTWELL RX",
77723,"ANDA",,"VINTAGE PHARMS",
77724,"ANDA",,"BARR",
77725,"ANDA",,"ANI PHARMS INC",
77727,"ANDA",,"VINTAGE PHARMS",
77728,"ANDA",,"WEST-WARD PHARMS INT",
77729,"ANDA",,"TARO",
77730,"ANDA",,"PLIVA HRVATSKA DOO",
77731,"ANDA",,"AUROBINDO PHARMA",
77732,"ANDA",,"WEST-WARD PHARMS INT",
77733,"ANDA",,"APOTEX INC",
77734,"ANDA",,"ZYDUS PHARMS USA INC",
77736,"ANDA",,"BRECKENRIDGE PHARM",
77739,"ANDA",,"AUROBINDO PHARMA",
77741,"ANDA",,"APOTEX INC",
77742,"ANDA",,"PAR PHARM",
77743,"ANDA",,"SANDOZ",
77744,"ANDA",,"MYLAN",
77745,"ANDA",,"TEVA PHARMS",
77746,"ANDA",,"APOTEX INC",
77747,"ANDA",,"APOTEX INC",
77748,"ANDA",,"APOTEX INC",
77749,"ANDA",,"VINTAGE PHARMS",
77750,"ANDA",,"IVAX SUB TEVA PHARMS",
77751,"ANDA",,"ZYDUS PHARMS USA",
77752,"ANDA",,"DR REDDYS LABS INC",
77753,"ANDA",,"HOSPIRA",
77754,"ANDA",,"OXFORD PHARMS",
77756,"ANDA",,"IMPAX LABS INC",
77757,"ANDA",,"CARACO",
77759,"ANDA",,"UPSHER-SMITH LABS",
77760,"ANDA",,"HIKMA FARMACEUTICA",
77761,"ANDA",,"HIKMA FARMACEUTICA",
77763,"ANDA",,"PERRIGO ISRAEL",
77764,"ANDA",,"AKORN INC",
77765,"ANDA",,"TORRENT PHARMS",
77766,"ANDA",,"YAOPHARMA CO LTD",
77767,"ANDA",,"WATSON LABS",
77769,"ANDA",,"PLIVA HRVATSKA DOO",
77770,"ANDA",,"PERRIGO ISRAEL",
77771,"ANDA",,"HIKMA PHARMS",
77772,"ANDA",,"WATSON LABS",
77773,"ANDA",,"WATSON LABS",
77774,"ANDA",,"AUROBINDO PHARMA",
77775,"ANDA",,"NOVEN",
77776,"ANDA",,"FRESENIUS KABI USA",
77777,"ANDA",,"SANDOZ INC",
77779,"ANDA",,"NESHER PHARMS",
77780,"ANDA",,"TARO",
77781,"ANDA",,"APOTEX INC",
77782,"ANDA",,"TEVA PHARMS USA",
77783,"ANDA",,"CIPLA LTD",
77784,"ANDA",,"RATIOPHARM",
77785,"ANDA",,"LANNETT CO INC",
77787,"ANDA",,"DR REDDYS LABS INC",
77788,"ANDA",,"VISTAPHARM",
77789,"ANDA",,"XTTRIUM",
77790,"ANDA",,"HOSPIRA",
77793,"ANDA",,"TEVA PHARMS",
77794,"ANDA",,"SUN PHARM INDS",
77795,"ANDA",,"WEST-WARD PHARMS INT",
77797,"ANDA",,"PRINSTON INC",
77798,"ANDA",,"DR REDDYS LABS INC",
77800,"ANDA",,"MYLAN SPECIALITY LP",
77801,"ANDA",,"TARO",
77802,"ANDA",,"GLENMARK PHARMS LTD",
77805,"ANDA",,"WATSON LABS",
77806,"ANDA",,"WEST-WARD PHARMS INT",
77807,"ANDA",,"MYLAN",
77809,"ANDA",,"ACTAVIS LABS FL INC",
77811,"ANDA",,"HERITAGE PHARMS INC",
77812,"ANDA",,"AUROBINDO PHARMA LTD",
77813,"ANDA",,"BIONPHARMA INC",
77818,"ANDA",,"ANDA REPOSITORY",
77819,"ANDA",,"TARO",
77820,"ANDA",,"SUN PHARM INDS INC",
77821,"ANDA",,"MIRROR PHARMS",
77822,"ANDA",,"MALLINCKRODT",
77824,"ANDA",,"AMNEAL PHARMS NY",
77826,"ANDA",,"TEVA PARENTERAL",
77827,"ANDA",,"PAR PHARM",
77828,"ANDA",,"SUN PHARM INDS",
77829,"ANDA",,"UNIQUE PHARM LABS",
77831,"ANDA",,"CHARTWELL RX",
77833,"ANDA",,"IMPAX LABS",
77834,"ANDA",,"WOCKHARDT",
77836,"ANDA",,"INVAGEN PHARMS",
77837,"ANDA",,"ZYDUS PHARMS USA",
77839,"ANDA",,"RITEDOSE CORP",
77840,"ANDA",,"HOSPIRA",
77841,"ANDA",,"WEST-WARD PHARMS INT",
77842,"ANDA",,"WEST-WARD PHARMS INT",
77843,"ANDA",,"IMPAX LABS INC",
77844,"ANDA",,"AUROBINDO PHARMA LTD",
77845,"ANDA",,"AKORN",
77846,"ANDA",,"HI TECH PHARMA",
77847,"ANDA",,"HI TECH PHARMA",
77849,"ANDA",,"LANNETT CO INC",
77850,"ANDA",,"IVAX SUB TEVA PHARMS",
77851,"ANDA",,"NATCO PHARMA LTD",
77852,"ANDA",,"WEST-WARD PHARMS INT",
77853,"ANDA",,"PROVIDENT PHARM",
77854,"ANDA",,"MYLAN",
77855,"ANDA",,"NESHER PHARMS",
77856,"ANDA",,"PRINSTON INC",
77857,"ANDA",,"SANDOZ",
77858,"ANDA",,"MYLAN",
77859,"ANDA",,"AUROBINDO PHARMA",
77860,"ANDA",,"WATSON LABS",
77861,"ANDA",,"CIPLA LTD",
77862,"ANDA",,"SUN PHARM INDS INC",
77863,"ANDA",,"UNIQUE PHARM LABS",
77864,"ANDA",,"HIKMA PHARMS",
77867,"ANDA",,"PIRAMAL CRITICAL",
77868,"ANDA",,"WATSON LABS",
77869,"ANDA",,"INVAGEN PHARMS",
77870,"ANDA",,"AUROBINDO PHARMA",
77871,"ANDA",,"PAR STERILE PRODUCTS",
77873,"ANDA",,"MYLAN",
77876,"ANDA",,"EPIC PHARMA LLC",
77877,"ANDA",,"IPCA LABS LTD",
77878,"ANDA",,"VINTAGE PHARMS",
77880,"ANDA",,"AMNEAL PHARMS NY",
77882,"ANDA",,"APOTEX INC",
77883,"ANDA",,"APOTEX INC",
77884,"ANDA",,"APOTEX INC",
77885,"ANDA",,"HIKMA INTL PHARMS",
77887,"ANDA",,"HIKMA",
77888,"ANDA",,"BAXTER HLTHCARE",
77890,"ANDA",,"WATSON LABS",
77892,"ANDA",,"CARACO",
77893,"ANDA",,"PADDOCK LLC",
77894,"ANDA",,"APOTEX INC",
77895,"ANDA",,"IMPAX LABS INC",
77896,"ANDA",,"FOUGERA PHARMS",
77897,"ANDA",,"FRESENIUS KABI USA",
77898,"ANDA",,"PLIVA HRVATSKA DOO",
77899,"ANDA",,"PAR PHARM",
77900,"ANDA",,"WEST-WARD PHARMS INT",
77901,"ANDA",,"PRINSTON INC",
77903,"ANDA",,"TORRENT PHARMS",
77904,"ANDA",,"CIPLA LTD",
77905,"ANDA",,"PLIVA HRVATSKA DOO",
77906,"ANDA",,"LUITPOLD",
77907,"ANDA",,"TEVA PHARMS USA",
77908,"ANDA",,"HOSPIRA",
77909,"ANDA",,"RENAISSANCE SSA LLC",
77910,"ANDA",,"AUROBINDO PHARMA",
77911,"ANDA",,"CARLSBAD",
77912,"ANDA",,"LUPIN",
77913,"ANDA",,"WEST-WARD PHARMS INT",
77914,"ANDA",,"ACTAVIS TOTOWA TEVA",
77915,"ANDA",,"HOSPIRA",
77916,"ANDA",,"CIPLA LIMITED",
77917,"ANDA",,"LUPIN PHARMS",
77918,"ANDA",,"YUNG SHIN PHARM",
77919,"ANDA",,"HARRIS PHARM",
77920,"ANDA",,"BRECKENRIDGE PHARM",
77921,"ANDA",,"ZYDUS PHARMS USA",
77923,"ANDA",,"MYLAN",
77925,"ANDA",,"ROXANE",
77926,"ANDA",,"SUN PHARMA GLOBAL",
77927,"ANDA",,"UNICHEM",
77928,"ANDA",,"STRIDES PHARMA",
77929,"ANDA",,"CIPLA LTD",
77930,"ANDA",,"IMPAX LABS INC",
77931,"ANDA",,"DR REDDYS LABS INC",
77932,"ANDA",,"GLENMARK GENERICS",
77933,"ANDA",,"YABAO PHARM",
77934,"ANDA",,"MYLAN",
77935,"ANDA",,"ANDA REPOSITORY",
77936,"ANDA",,"TEVA PHARMS",
77937,"ANDA",,"SUN PHARM INDS INC",
77938,"ANDA",,"PURACAP PHARM",
77941,"ANDA",,"WOCKHARDT",
77942,"ANDA",,"WOCKHARDT",
77943,"ANDA",,"WOCKHARDT",
77944,"ANDA",,"LUPIN PHARMS",
77946,"ANDA",,"PLD ACQUISITIONS",
77947,"ANDA",,"BAXTER HLTHCARE CORP",
77948,"ANDA",,"SANDOZ",
77950,"ANDA",,"AUROBINDO PHARMA LTD",
77953,"ANDA",,"APOTEX INC",
77954,"ANDA",,"APOTEX INC",
77955,"ANDA",,"INVAGEN PHARMS",
77956,"ANDA",,"CIPLA",
77958,"ANDA",,"AKORN",
77959,"ANDA",,"ACTAVIS ELIZABETH",
77960,"ANDA",,"LANNETT CO INC",
77963,"ANDA",,"TEVA PHARMS USA",
77965,"ANDA",,"TARO",
77966,"ANDA",,"HIKMA FARMACEUTICA",
77968,"ANDA",,"IMPAX LABS",
77969,"ANDA",,"MYLAN PHARMS INC",
77971,"ANDA",,"IMPAX LABS",
77973,"ANDA",,"SYNTHON PHARMS",
77974,"ANDA",,"SUN PHARM INDS LTD",
77975,"ANDA",,"SUN PHARM INDUSTRIES",
77976,"ANDA",,"HH AND P",
77977,"ANDA",,"SUN PHARM INDS LTD",
77979,"ANDA",,"ANI PHARMS INC",
77980,"ANDA",,"CIPLA LIMITED",
77981,"ANDA",,"CIPLA LTD",
77982,"ANDA",,"APOTEX",
77983,"ANDA",,"TEVA PHARMS",
77985,"ANDA",,"DR REDDYS LABS LTD",
77987,"ANDA",,"GLENMARK GENERICS",
77988,"ANDA",,"RENAISSANCE SSA LLC",
77989,"ANDA",,"WEST-WARD PHARMS INT",
77990,"ANDA",,"YUNG SHIN PHARM",
77991,"ANDA",,"PLD ACQUISITIONS",
77992,"ANDA",,"VINTAGE",
77993,"ANDA",,"ROXANE",
77994,"ANDA",,"SANDOZ",
77995,"ANDA",,"KUDCO IRELAND",
77996,"ANDA",,"IMPAX LABS INC",
77997,"ANDA",,"FRESENIUS KABI USA",
77998,"ANDA",,"MYLAN INSTITUTIONAL",
77999,"ANDA",,"SANDOZ",
78002,"ANDA",,"FRESENIUS KABI USA",
78003,"ANDA",,"IVAX SUB TEVA PHARMS",
78004,"ANDA",,"ACME LABS",
78005,"ANDA",,"ANI PHARMS INC",
78007,"ANDA",,"WEST-WARD PHARMS INT",
78008,"ANDA",,"AUROBINDO PHARMA",
78009,"ANDA",,"ZYDUS PHARMS USA INC",
78010,"ANDA",,"IPCA LABS LTD",
78011,"ANDA",,"ACTAVIS TOTOWA",
78012,"ANDA",,"CARIBE HOLDINGS",
78014,"ANDA",,"TARO PHARMS IRELAND",
78015,"ANDA",,"SANDOZ",
78016,"ANDA",,"MYLAN PHARMS INC",
78020,"ANDA",,"MYLAN PHARMS INC",
78021,"ANDA",,"AUROBINDO PHARMA",
78022,"ANDA",,"MYLAN",
78023,"ANDA",,"WATSON LABS",
78024,"ANDA",,"BAXTER HLTHCARE CORP",
78026,"ANDA",,"ROXANE",
78027,"ANDA",,"TEVA PHARMS USA",
78030,"ANDA",,"CIPLA LTD",
78031,"ANDA",,"SANDOZ INC",
78032,"ANDA",,"PRINSTON INC",
78033,"ANDA",,"UPSHER-SMITH LABS",
78034,"ANDA",,"BIOCON LIMITED",
78035,"ANDA",,"ACTAVIS LABS FL INC",
78036,"ANDA",,"SUN PHARM INDS INC",
78037,"ANDA",,"CHARTWELL MOLECULAR",
78039,"ANDA",,"CR DOUBLE CRANE",
78040,"ANDA",,"ZYDUS PHARMS USA INC",
78042,"ANDA",,"ACI HEALTHCARE LTD",
78043,"ANDA",,"LUPIN",
78045,"ANDA",,"MYLAN",
78046,"ANDA",,"ACTAVIS MID ATLANTIC",
78048,"ANDA",,"KVK TECH",
78050,"ANDA",,"SANDOZ",
78052,"ANDA",,"FRESENIUS KABI USA",
78053,"ANDA",,"RANBAXY LABS LTD",
78055,"ANDA",,"SUN PHARM INDS LTD",
78056,"ANDA",,"ACTAVIS ELIZABETH",
78057,"ANDA",,"IMPAX LABS",
78058,"ANDA",,"TEVA PHARMS",
78060,"ANDA",,"CHARTWELL MOLECULES",
78061,"ANDA",,"TEVA PHARMS USA",
78062,"ANDA",,"BAXTER HLTHCARE CORP",
78064,"ANDA",,"AUROBINDO PHARMA LTD",
78065,"ANDA",,"NORTEC DEV ASSOC",
78066,"ANDA",,"AKORN",
78067,"ANDA",,"SANDOZ INC",
78069,"ANDA",,"BRECKENRIDGE PHARM",
78070,"ANDA",,"MYLAN",
78071,"ANDA",,"OXFORD PHARMS",
78072,"ANDA",,"TARO",
78073,"ANDA",,"TEVA PHARMS",
78075,"ANDA",,"SANDOZ INC",
78076,"ANDA",,"AKORN",
78079,"ANDA",,"TEVA PHARMS",
78080,"ANDA",,"TEVA PHARMS",
78081,"ANDA",,"SUN PHARM INDUSTRIES",
78083,"ANDA",,"MYLAN",
78084,"ANDA",,"BAXTER HLTHCARE CORP",
78085,"ANDA",,"HOSPIRA",
78086,"ANDA",,"WEST-WARD PHARMS INT",
78087,"ANDA",,"ANCHEN PHARMS",
78088,"ANDA",,"PAR PHARM",
78090,"ANDA",,"FRESENIUS KABI USA",
78092,"ANDA",,"MYLAN",
78095,"ANDA",,"UPSHER-SMITH LABS",
78096,"ANDA",,"FRESENIUS KABI USA",
78098,"ANDA",,"MALLINKRODT NUCLEAR",
78099,"ANDA",,"IMPAX LABS",
78101,"ANDA",,"TEVA PHARMS",
78102,"ANDA",,"TARO",
78103,"ANDA",,"LUPIN",
78104,"ANDA",,"PERRIGO ISRAEL",
78105,"ANDA",,"LANNETT CO INC",
78106,"ANDA",,"PRINSTON INC",
78107,"ANDA",,"WEST-WARD PHARMS INT",
78108,"ANDA",,"SUN PHARM INDS (IN)",
78109,"ANDA",,"PAR PHARM",
78110,"ANDA",,"PRINSTON INC",
78112,"ANDA",,"AUROBINDO PHARMA",
78113,"ANDA",,"WEST-WARD PHARMS INT",
78114,"ANDA",,"BEDFORD",
78115,"ANDA",,"TARO",
78116,"ANDA",,"SANDOZ",
78119,"ANDA",,"CIPLA LTD",
78122,"ANDA",,"PLIVA LACHEMA",
78124,"ANDA",,"INGENUS PHARMS LLC",
78126,"ANDA",,"APOTEX INC",
78127,"ANDA",,"APOTEX",
78128,"ANDA",,"AUROBINDO PHARMA LTD",
78129,"ANDA",,"HIKMA",
78131,"ANDA",,"PURACAP PHARM",
78132,"ANDA",,"NORTHSTAR HLTHCARE",
78133,"ANDA",,"SUN PHARM INDUSTRIES",
78134,"ANDA",,"HIKMA PHARMS",
78137,"ANDA",,"WOCKHARDT",
78138,"ANDA",,"ANI PHARMS INC",
78139,"ANDA",,"MYLAN",
78141,"ANDA",,"WOCKHARDT",
78143,"ANDA",,"WOCKHARDT LTD",
78144,"ANDA",,"TARO PHARM INDS",
78145,"ANDA",,"LUITPOLD",
78147,"ANDA",,"HIKMA PHARMS",
78148,"ANDA",,"ANCHEN PHARMS",
78149,"ANDA",,"NOSTRUM LABS INC",
78150,"ANDA",,"HIKMA",
78151,"ANDA",,"AKORN",
78152,"ANDA",,"GLENMARK GENERICS",
78154,"ANDA",,"LUPIN",
78155,"ANDA",,"ACCORD HLTHCARE",
78156,"ANDA",,"PLIVA LACHEMA",
78157,"ANDA",,"GLENMARK GENERICS",
78158,"ANDA",,"HOSPIRA",
78161,"ANDA",,"MYLAN PHARMS INC",
78162,"ANDA",,"G AND W LABS",
78163,"ANDA",,"ORCHID HLTHCARE",
78164,"ANDA",,"AUROBINDO PHARMA",
78165,"ANDA",,"APOTEX INC",
78166,"ANDA",,"ANCHEN PHARMS",
78167,"ANDA",,"SANDOZ INC",
78169,"ANDA",,"LUPIN LTD",
78170,"ANDA",,"GLENMARK GENERICS",
78171,"ANDA",,"CIPLA LTD",
78172,"ANDA",,"APOTEX INC",
78173,"ANDA",,"MYLAN PHARMS INC",
78175,"ANDA",,"OXFORD PHARMS",
78176,"ANDA",,"EI INC",
78177,"ANDA",,"FRESENIUS MEDCL",
78178,"ANDA",,"G AND W LABS INC",
78179,"ANDA",,"ACTAVIS ELIZABETH",
78180,"ANDA",,"SAGENT PHARMS",
78181,"ANDA",,"ACCORD HLTHCARE",
78182,"ANDA",,"UPSHER-SMITH LABS",
78183,"ANDA",,"MYLAN PHARMS INC",
78184,"ANDA",,"INVAGEN PHARMS",
78185,"ANDA",,"WEST-WARD PHARMS INT",
78187,"ANDA",,"SYNTHON PHARMS",
78188,"ANDA",,"FRESENIUS KABI ONCOL",
78189,"ANDA",,"BARR",
78190,"ANDA",,"MYLAN",
78191,"ANDA",,"DR REDDYS LABS LTD",
78192,"ANDA",,"DR REDDYS LABS LTD",
78193,"ANDA",,"TEVA PHARMS USA",
78194,"ANDA",,"SUN PHARM INDS INC",
78195,"ANDA",,"STRIDES PHARMA",
78197,"ANDA",,"BAXTER HLTHCARE CORP",
78198,"ANDA",,"BAXTER HLTHCARE CORP",
78199,"ANDA",,"APOTEX",
78201,"ANDA",,"APOTEX INC",
78202,"ANDA",,"APOTEX INC",
78203,"ANDA",,"LEADING PHARMA LLC",
78207,"ANDA",,"IMPAX PHARMS",
78208,"ANDA",,"ALTAIRE PHARMS INC",
78210,"ANDA",,"SUN PHARM INDS INC",
78211,"ANDA",,"SUN PHARM INDS LTD",
78212,"ANDA",,"AUROBINDO PHARMA",
78213,"ANDA",,"NORTHSTAR HLTHCARE",
78214,"ANDA",,"LANNETT",
78215,"ANDA",,"WEST-WARD PHARMS INT",
78216,"ANDA",,"TORRENT PHARMS",
78217,"ANDA",,"LUPIN",
78218,"ANDA",,"ORIT LABS LLC",
78219,"ANDA",,"CARACO",
78221,"ANDA",,"BARR",
78222,"ANDA",,"SANDOZ INC",
78223,"ANDA",,"ACTAVIS MID ATLANTIC",
78224,"ANDA",,"MYLAN PHARMS INC",
78225,"ANDA",,"ZYDUS PHARMS USA INC",
78226,"ANDA",,"ZYDUS PHARMS USA",
78227,"ANDA",,"SANDOZ",
78228,"ANDA",,"AKORN",
78229,"ANDA",,"WOCKHARDT",
78230,"ANDA",,"EPIC PHARMA LLC",
78231,"ANDA",,"SUN PHARM INDS INC",
78232,"ANDA",,"LUPIN LTD",
78233,"ANDA",,"G AND W LABS",
78234,"ANDA",,"INVAGEN PHARMS",
78235,"ANDA",,"ZYDUS PHARMS USA INC",
78239,"ANDA",,"ZYDUS PHARMS USA INC",
78240,"ANDA",,"PLIVA HRVATSKA DOO",
78241,"ANDA",,"ROXANE",
78242,"ANDA",,"PHARMALUCENCE",
78243,"ANDA",,"ZYDUS PHARMS USA INC",
78244,"ANDA",,"MYLAN LABS LTD",
78245,"ANDA",,"LUPIN LTD",
78246,"ANDA",,"AUROBINDO PHARMA LTD",
78247,"ANDA",,"HIKMA FARMACEUTICA",
78249,"ANDA",,"AUROBINDO PHARMA",
78250,"ANDA",,"GLENMARK GENERICS",
78251,"ANDA",,"GLENMARK GENERICS",
78252,"ANDA",,"INFORLIFE",
78253,"ANDA",,"NORTHSTAR HLTHCARE",
78254,"ANDA",,"NORTHSTAR HLTHCARE",
78256,"ANDA",,"STRIDES ACROLAB",
78257,"ANDA",,"MYLAN LABS LTD",
78258,"ANDA",,"CIPLA LTD",
78260,"ANDA",,"EPIC PHARMA LLC",
78261,"ANDA",,"AKORN",
78262,"ANDA",,"CIPLA LTD",
78263,"ANDA",,"LUPIN LTD",
78266,"ANDA",,"PADDOCK LLC",
78267,"ANDA",,"AMNEAL PHARMS",
78269,"ANDA",,"AUROBINDO PHARMA",
78270,"ANDA",,"HI TECH PHARMA",
78271,"ANDA",,"SUN PHARMA GLOBAL",
78274,"ANDA",,"SAGENT PHARMS",
78276,"ANDA",,"MYLAN PHARMS INC",
78277,"ANDA",,"LUITPOLD",
78278,"ANDA",,"CIPLA LTD",
78279,"ANDA",,"DR REDDYS LABS LTD",
78280,"ANDA",,"SANDOZ INC",
78281,"ANDA",,"LANNETT CO INC",
78282,"ANDA",,"APOTEX INC",
78284,"ANDA",,"ORCHID HLTHCARE",
78285,"ANDA",,"ROXANE",
78287,"ANDA",,"BAXTER HLTHCARE CORP",
78288,"ANDA",,"BAXTER HLTHCARE CORP",
78289,"ANDA",,"MYLAN LABS LTD",
78290,"ANDA",,"SANDOZ",
78292,"ANDA",,"SVC PHARMA",
78293,"ANDA",,"MYLAN PHARMS INC",
78295,"ANDA",,"SUN PHARM INDS",
78296,"ANDA",,"LUPIN",
78297,"ANDA",,"AUROBINDO PHARMA",
78298,"ANDA",,"HIKMA PHARMS",
78299,"ANDA",,"MYLAN LABS LTD",
78300,"ANDA",,"MN PHARMS",
78301,"ANDA",,"DR REDDYS LABS LTD",
78302,"ANDA",,"OXFORD PHARMS",
78305,"ANDA",,"FOUGERA PHARMS",
78306,"ANDA",,"MYLAN",
78309,"ANDA",,"MYLAN SPECIALITY LP",
78310,"ANDA",,"PHARMASCIENCE INC",
78311,"ANDA",,"UPSHER-SMITH LABS",
78312,"ANDA",,"AMNEAL PHARMS",
78313,"ANDA",,"WATSON LABS",
78314,"ANDA",,"GLENMARK PHARMS LTD",
78316,"ANDA",,"BARR LABS INC",
78317,"ANDA",,"APOTEX INC",
78318,"ANDA",,"TEVA PARENTERAL",
78319,"ANDA",,"ANTARES PHARMA INC",
78320,"ANDA",,"INVAGEN PHARMS",
78321,"ANDA",,"CSPC OUYI PHARM CO",
78322,"ANDA",,"SYNTHON PHARMS",
78323,"ANDA",,"WATSON LABS",
78324,"ANDA",,"BRECKENRIDGE PHARM",
78325,"ANDA",,"PERRIGO R AND D",
78326,"ANDA",,"PERRIGO R AND D",
78327,"ANDA",,"AUROBINDO PHARMA",
78329,"ANDA",,"STRIDES PHARMA",
78331,"ANDA",,"LUITPOLD",
78332,"ANDA",,"AUROBINDO PHARMA",
78334,"ANDA",,"PEDIATRX",
78336,"ANDA",,"PERRIGO R AND D",
78337,"ANDA",,"PERRIGO UK FINCO",
78338,"ANDA",,"FOUGERA PHARMS",
78339,"ANDA",,"HOSPIRA",
78340,"ANDA",,"SUN PHARMA GLOBAL",
78341,"ANDA",,"AUROBINDO PHARMA",
78343,"ANDA",,"DR REDDYS LABS LTD",
78345,"ANDA",,"AMNEAL PHARMS",
78346,"ANDA",,"MYLAN",
78347,"ANDA",,"MYLAN LABS LTD",
78348,"ANDA",,"CIPLA LIMITED",
78349,"ANDA",,"CIPLA LTD",
78350,"ANDA",,"APOTEX INC",
78351,"ANDA",,"MYLAN PHARMS INC",
78352,"ANDA",,"LUPIN PHARMS",
78353,"ANDA",,"ZYDUS PHARMS USA",
78355,"ANDA",,"BELCHER PHARMS",
78357,"ANDA",,"ORCHID HLTHCARE",
78359,"ANDA",,"SUN PHARM INDS",
78361,"ANDA",,"PERRIGO R AND D",
78362,"ANDA",,"GLENMARK GENERICS",
78364,"ANDA",,"SANDOZ",
78365,"ANDA",,"DR REDDYS LABS LTD",
78366,"ANDA",,"DR REDDYS LABS LTD",
78367,"ANDA",,"REDDYS",
78368,"ANDA",,"LUITPOLD",
78369,"ANDA",,"FOUGERA PHARMS",
78371,"ANDA",,"ACTAVIS TOTOWA",
78373,"ANDA",,"SAGENT PHARMS",
78374,"ANDA",,"NORTHSTAR HLTHCARE",
78376,"ANDA",,"VINTAGE PHARMS",
78378,"ANDA",,"US WORLDMEDS",
78379,"ANDA",,"WATSON LABS",
78380,"ANDA",,"TEVA PHARMS",
78381,"ANDA",,"PAR PHARM",
78383,"ANDA",,"NEOPHARMA",
78384,"ANDA",,"BEXIMCO USA",
78385,"ANDA",,"ZYDUS PHARMS USA INC",
78387,"ANDA",,"AMNEAL PHARMS NY",
78388,"ANDA",,"BARR",
78389,"ANDA",,"APOTEX",
78390,"ANDA",,"SUN PHARM INDS INC",
78391,"ANDA",,"JUBILANT CADISTA",
78392,"ANDA",,"TEVA PHARMS USA",
78393,"ANDA",,"FRESENIUS KABI USA",
78394,"ANDA",,"WATSON LABS",
78395,"ANDA",,"APOTEX INC",
78396,"ANDA",,"TEVA PHARMS USA",
78398,"ANDA",,"PERRIGO R AND D",
78399,"ANDA",,"AKORN",
78400,"ANDA",,"HIKMA FARMACEUTICA",
78401,"ANDA",,"NORTHSTAR HLTHCARE",
78402,"ANDA",,"WOCKHARDT",
78403,"ANDA",,"WOCKHARDT",
78404,"ANDA",,"IMPAX LABS INC",
78405,"NDA",,"SUN PHARMA GLOBAL",
78406,"ANDA",,"AUROBINDO PHARMA",
78407,"ANDA",,"TEVA PHARMS",
78408,"ANDA",,"EBEWE PHARMA",
78409,"ANDA",,"SANDOZ",
78410,"ANDA",,"LUPIN",
78411,"ANDA",,"ANCHEN PHARMS",
78412,"ANDA",,"APOTEX INC",
78413,"ANDA",,"AUROBINDO PHARMA",
78414,"ANDA",,"OXFORD PHARMS",
78416,"ANDA",,"VINTAGE PHARMS",
78417,"ANDA",,"SUN PHARMA GLOBAL",
78418,"ANDA",,"MYLAN",
78419,"ANDA",,"SANDOZ",
78420,"ANDA",,"SCIEGEN PHARMS INC",
78421,"ANDA",,"DR REDDYS LABS LTD",
78422,"ANDA",,"IPCA LABS LTD",
78423,"ANDA",,"HARRIS PHARM",
78424,"ANDA",,"LUPIN",
78426,"ANDA",,"WOCKHARDT",
78427,"ANDA",,"WOCKHARDT",
78428,"ANDA",,"AMNEAL PHARMS NY",
78430,"ANDA",,"ANI PHARMS",
78431,"ANDA",,"HIKMA FARMACEUTICA",
78432,"ANDA",,"AMNEAL PHARMS NY",
78433,"ANDA",,"SUN PHARMA GLOBAL",
78434,"ANDA",,"AKORN",
78438,"ANDA",,"AUROBINDO PHARMA",
78439,"ANDA",,"LANNETT",
78441,"ANDA",,"IMPAX LABS",
78442,"ANDA",,"VINTAGE PHARMS",
78443,"ANDA",,"MYLAN LABS LTD",
78445,"ANDA",,"ANCHEN PHARMS",
78446,"ANDA",,"ICU MEDICAL INC",
78447,"ANDA",,"MYLAN",
78448,"ANDA",,"RANBAXY",
78449,"ANDA",,"APOTEX INC",
78450,"ANDA",,"AUROBINDO PHARMA",
78452,"ANDA",,"LIFESTAR PHARMA",
78453,"ANDA",,"ORCHID HLTHCARE",
78454,"ANDA",,"APOTEX INC",
78457,"ANDA",,"INVAGEN PHARMS",
78458,"ANDA",,"MAYNE PHARMA",
78459,"ANDA",,"IPCA LABS LTD",
78460,"ANDA",,"EUROHLTH INTL",
78462,"ANDA",,"AUROBINDO PHARMA",
78463,"ANDA",,"G AND W LABS INC",
78464,"ANDA",,"SUN PHARM INDS LTD",
78465,"ANDA",,"PHARM ASSOC",
78466,"ANDA",,"LUPIN PHARMS",
78467,"ANDA",,"SANDOZ",
78468,"ANDA",,"G AND W LABS INC",
78469,"ANDA",,"ANCHEN PHARMS",
78470,"ANDA",,"WEST-WARD PHARMS INT",
78472,"ANDA",,"BRECKENRIDGE PHARM",
78474,"ANDA",,"SUN PHARM INDS LTD",
78475,"ANDA",,"CIPLA LTD",
78476,"ANDA",,"AMNEAL PHARMS CO",
78477,"ANDA",,"AMNEAL PHARMS NY",
78478,"ANDA",,"SUN PHARM INDS",
78479,"ANDA",,"APOTEX INC",
78480,"ANDA",,"APOTEX INC",
78482,"ANDA",,"APOTEX",
78483,"ANDA",,"SYNTHON PHARMS",
78484,"ANDA",,"IMPAX LABS",
78485,"ANDA",,"WEST-WARD PHARMS INT",
78486,"ANDA",,"DR REDDYS LABS LTD",
78488,"ANDA",,"BRECKENRIDGE PHARM",
78489,"ANDA",,"HERITAGE PHARMS INC",
78490,"ANDA",,"DR REDDYS LABS LTD",
78491,"ANDA",,"OXFORD PHARMS",
78492,"ANDA",,"WOCKHARDT BIO AG",
78493,"ANDA",,"DR REDDYS LABS LTD",
78494,"ANDA",,"ACTAVIS ELIZABETH",
78496,"ANDA",,"LANNETT CO INC",
78499,"ANDA",,"UPSHER-SMITH LABS",
78500,"ANDA",,"WOCKHARDT",
78501,"ANDA",,"INSYS THERAP",
78502,"ANDA",,"CYPRESS PHARM",
78503,"ANDA",,"OSMOTICA PHARM US",
78504,"ANDA",,"NORTHSTAR HLTHCARE",
78508,"ANDA",,"EPIC PHARMA",
78509,"ANDA",,"STRIDES INC",
78510,"ANDA",,"SANDOZ",
78511,"ANDA",,"WOCKHARDT",
78512,"ANDA",,"AUROBINDO PHARMA",
78515,"ANDA",,"BARR",
78516,"ANDA",,"ZYDUS PHARMS USA",
78517,"ANDA",,"PLIVA HRVATSKA DOO",
78518,"ANDA",,"MYLAN PHARMS INC",
78519,"ANDA",,"HOSPIRA",
78520,"ANDA",,"MYLAN LABS LTD",
78522,"ANDA",,"FRESENIUS KABI USA",
78523,"ANDA",,"HIKMA FARMACEUTICA",
78525,"ANDA",,"TARO PHARM INDS",
78526,"ANDA",,"ORCHID HLTHCARE",
78527,"ANDA",,"HIKMA FARMACEUTICA",
78528,"ANDA",,"SANDOZ",
78531,"ANDA",,"SANDOZ INC",
78533,"ANDA",,"APOTEX INC",
78534,"ANDA",,"SANDOZ INC",
78536,"ANDA",,"SUN PHARM INDS",
78537,"ANDA",,"NAVINTA LLC",
78538,"ANDA",,"WEST-WARD PHARMS INT",
78539,"ANDA",,"AUROBINDO PHARMA",
78540,"ANDA",,"PAR PHARM",
78541,"ANDA",,"GLENMARK GENERICS",
78542,"ANDA",,"GLENMARK PHARMS INC",
78544,"ANDA",,"FRESENIUS KABI USA",
78545,"ANDA",,"MATRIX LABS",
78546,"ANDA",,"PERRIGO R AND D",
78547,"ANDA",,"PERRIGO R AND D",
78548,"ANDA",,"FOUGERA PHARMS",
78551,"ANDA",,"WATSON LABS",
78552,"ANDA",,"EPIC PHARMA LLC",
78553,"ANDA",,"RISING PHARMS",
78554,"ANDA",,"HERITAGE PHARMS INC",
78555,"ANDA",,"CASI PHARMS INC",
78556,"ANDA",,"IMPAX LABS",
78558,"ANDA",,"AMNEAL PHARMS NY",
78559,"ANDA",,"FDC LTD",
78560,"ANDA",,"GLENMARK PHARMS LTD",
78561,"ANDA",,"ACTAVIS ELIZABETH",
78562,"ANDA",,"MYLAN LABS LTD",
78564,"ANDA",,"WOCKHARDT USA",
78565,"ANDA",,"WOCKHARDT USA",
78566,"ANDA",,"WOCKHARDT USA",
78567,"ANDA",,"MYLAN PHARMS INC",
78569,"ANDA",,"SUN PHARM INDS LTD",
78571,"ANDA",,"GLENMARK GENERICS",
78572,"ANDA",,"DR REDDYS LABS LTD",
78573,"ANDA",,"TORRENT PHARMS",
78575,"ANDA",,"SANDOZ",
78576,"ANDA",,"TEVA PARENTERAL",
78577,"ANDA",,"HOSPIRA INC",
78578,"ANDA",,"APOTEX INC",
78579,"ANDA",,"HOSPIRA INC",
78580,"ANDA",,"TEVA PARENTERAL",
78581,"ANDA",,"SUN PHARM INDUSTRIES",
78582,"ANDA",,"ACI HEALTHCARE LTD",
78583,"ANDA",,"APOTEX INC",
78584,"ANDA",,"HETERO LABS LTD III",
78587,"ANDA",,"EMCURE PHARMA",
78589,"ANDA",,"ACTAVIS TOTOWA",
78591,"ANDA",,"HOSPIRA INC",
78592,"ANDA",,"TEVA PHARMS",
78593,"ANDA",,"WOCKHARDT",
78594,"ANDA",,"PERRIGO CO",
78595,"ANDA",,"MYLAN LABS LTD",
78596,"ANDA",,"AMNEAL PHARMS NY",
78597,"ANDA",,"SUN PHARM INDS",
78598,"ANDA",,"AMRING PHARMS",
78599,"ANDA",,"HIKMA PHARMS",
78601,"ANDA",,"NAVINTA LLC",
78602,"ANDA",,"SUN PHARM INDS LTD",
78604,"ANDA",,"INVAGEN PHARMS",
78605,"ANDA",,"TEVA PHARMS",
78606,"ANDA",,"FRESENIUS KABI ONCOL",
78607,"ANDA",,"TEVA PHARMS USA",
78608,"ANDA",,"TEVA PHARMS USA",
78610,"ANDA",,"ACTAVIS TOTOWA",
78612,"ANDA",,"BARR LABS INC",
78613,"ANDA",,"BARR LABS INC",
78614,"ANDA",,"SUN PHARMA GLOBAL",
78615,"ANDA",,"ACTAVIS ELIZABETH",
78616,"ANDA",,"VINTAGE",
78617,"ANDA",,"ACTAVIS MID ATLANTIC",
78618,"ANDA",,"BEDFORD LABS",
78619,"ANDA",,"AUROBINDO PHARMA",
78620,"ANDA",,"ZYDUS PHARMS USA",
78621,"ANDA",,"APOTEX INC",
78623,"ANDA",,"APOTEX INC",
78625,"ANDA",,"APOTEX INC",
78626,"ANDA",,"MYLAN PHARMS INC",
78627,"ANDA",,"SUN PHARM INDS INC",
78629,"ANDA",,"HIKMA FARMACEUTICA",
78630,"ANDA",,"HIKMA FARMACEUTICA",
78631,"ANDA",,"PLIVA LACHEMA",
78633,"ANDA",,"WEST-WARD PHARMS INT",
78634,"ANDA",,"WATSON LABS TEVA",
78635,"ANDA",,"UNICHEM PHARMS (USA)",
78636,"ANDA",,"TEVA PHARMS",
78637,"ANDA",,"ACTAVIS TOTOWA",
78638,"ANDA",,"MYLAN",
78639,"ANDA",,"MYLAN INSTITUTIONAL",
78640,"ANDA",,"MYLAN LABS LTD",
78641,"ANDA",,"MYLAN LABS LTD",
78642,"ANDA",,"MYLAN LABS LTD",
78643,"ANDA",,"AUROBINDO PHARMA",
78644,"ANDA",,"PRINSTON INC",
78645,"ANDA",,"SANDOZ",
78648,"ANDA",,"AVANTHI INC",
78649,"ANDA",,"PERRIGO CO TENNESSEE",
78650,"ANDA",,"HALOCARBON PRODS",
78651,"ANDA",,"FRESENIUS KABI USA",
78652,"ANDA",,"ZYDUS PHARMS USA INC",
78653,"ANDA",,"WOCKHARDT",
78654,"ANDA",,"SUN PHARM INDS INC",
78656,"ANDA",,"WEST-WARD PHARMS INT",
78657,"ANDA",,"FOUGERA PHARMS",
78658,"ANDA",,"HIKMA PHARMS",
78660,"ANDA",,"SANDOZ INC",
78662,"ANDA",,"ACI HEALTHCARE LTD",
78665,"ANDA",,"FDN CONSUMER",
78666,"ANDA",,"WATSON LABS",
78668,"ANDA",,"TARO",
78669,"ANDA",,"ACTAVIS TOTOWA",
78670,"ANDA",,"SANDOZ",
78671,"ANDA",,"INVAGEN PHARMS",
78674,"ANDA",,"SANDOZ",
78676,"ANDA",,"TEVA PHARMS USA",
78677,"ANDA",,"AUSTARPHARMA LLC",
78678,"ANDA",,"ORCHID HLTHCARE",
78679,"ANDA",,"SANDOZ",
78680,"ANDA",,"UNICHEM",
78682,"ANDA",,"BIONPHARMA INC",
78684,"ANDA",,"BRECKENRIDGE PHARM",
78686,"ANDA",,"MYLAN LABS LTD",
78687,"ANDA",,"HIKMA FARMACEUTICA",
78688,"ANDA",,"MYLAN",
78690,"ANDA",,"SUN PHARMA GLOBAL",
78691,"ANDA",,"LUPIN LTD",
78692,"ANDA",,"SANDOZ",
78694,"ANDA",,"WOCKHARDT",
78695,"ANDA",,"ROXANE",
78697,"ANDA",,"ACTAVIS LABS NY INC",
78698,"ANDA",,"HIKMA FARMACEUTICA",
78699,"ANDA",,"ACTAVIS LABS NY INC",
78700,"ANDA",,"G AND W LABS INC",
78701,"ANDA",,"WOCKHARDT",
78702,"ANDA",,"MYLAN PHARMS INC",
78703,"ANDA",,"RP SCHERER",
78704,"ANDA",,"TEVA PHARMS",
78705,"ANDA",,"WOCKHARDT",
78706,"ANDA",,"UPSHER-SMITH LABS",
78707,"ANDA",,"RENATA",
78708,"ANDA",,"TEVA PHARMS USA",
78709,"ANDA",,"TEVA PHARMS USA",
78710,"ANDA",,"WATSON LABS",
78711,"ANDA",,"SANDOZ INC",
78712,"ANDA",,"FOSUN PHARMA",
78713,"ANDA",,"WEST-WARD PHARMS INT",
78714,"ANDA",,"WEST-WARD PHARMS INT",
78715,"ANDA",,"HIKMA INTL PHARMS",
78717,"ANDA",,"TEVA PHARMS",
78718,"ANDA",,"FRESENIUS KABI USA",
78720,"ANDA",,"BIONPHARMA INC",
78721,"ANDA",,"SANDOZ INC",
78722,"ANDA",,"SUN PHARM INDS LTD",
78723,"ANDA",,"TEVA PHARMS",
78724,"ANDA",,"TEVA PHARMS USA",
78725,"ANDA",,"MYLAN",
78728,"ANDA",,"HERITAGE PHARMS INC",
78729,"ANDA",,"TEVA PHARMS",
78730,"ANDA",,"ANI PHARMS INC",
78731,"ANDA",,"MYLAN",
78732,"ANDA",,"ACTAVIS TOTOWA",
78734,"ANDA",,"SUN PHARM INDS LTD",
78735,"ANDA",,"OXFORD PHARMS",
78736,"ANDA",,"MYLAN LABS LTD",
78737,"ANDA",,"SUN PHARMA GLOBAL",
78738,"ANDA",,"SUN PHARMA GLOBAL",
78739,"ANDA",,"SANDOZ",
78740,"ANDA",,"WEST WARD PHARMS",
78742,"ANDA",,"MATRIX LABS",
78743,"ANDA",,"MYLAN PHARMS INC",
78744,"ANDA",,"WOCKHARDT",
78745,"ANDA",,"CHARTWELL MOLECULAR",
78746,"ANDA",,"TEVA PHARMS USA",
78748,"ANDA",,"SANDOZ INC",
78749,"ANDA",,"SANDOZ",
78751,"ANDA",,"TEVA PHARMS",
78753,"ANDA",,"WEST-WARD PHARMS INT",
78755,"ANDA",,"DR REDDYS LABS LTD",
78756,"ANDA",,"TEVA PHARMS",
78757,"ANDA",,"WOCKHARDT",
78759,"ANDA",,"CIPLA LTD",
78761,"ANDA",,"SUN PHARM INDS LTD",
78763,"ANDA",,"MYLAN PHARMS INC",
78764,"ANDA",,"HIKMA FARMACEUTICA",
78765,"ANDA",,"HIKMA FARMACEUTICA",
78766,"ANDA",,"HIKMA PHARMS",
78767,"ANDA",,"HIKMA PHARMS",
78769,"ANDA",,"ACTAVIS ELIZABETH",
78771,"ANDA",,"WOCKHARDT",
78772,"ANDA",,"HOSPIRA",
78773,"ANDA",,"TEVA PHARMS",
78774,"ANDA",,"TARO",
78775,"ANDA",,"MYLAN LABS LTD",
78776,"ANDA",,"AUROBINDO PHARMA",
78777,"ANDA",,"APOTEX INC",
78778,"ANDA",,"APOTEX INC",
78780,"ANDA",,"AMNEAL PHARMS NY",
78782,"ANDA",,"HIKMA PHARMS",
78783,"ANDA",,"PAR PHARM INC",
78785,"ANDA",,"EMCURE PHARMA",
78786,"ANDA",,"WOCKHARDT LTD",
78787,"ANDA",,"AUROBINDO PHARMA LTD",
78789,"ANDA",,"MYLAN",
78790,"ANDA",,"LUPIN",
78791,"ANDA",,"IMPAX LABS",
78792,"ANDA",,"BAUSCH AND LOMB",
78794,"ANDA",,"APOTEX INC",
78796,"ANDA",,"HOSPIRA",
78797,"ANDA",,"WATSON LABS INC",
78800,"ANDA",,"CIPLA LTD",
78801,"ANDA",,"SYNTHON PHARMS",
78803,"ANDA",,"ACTAVIS TOTOWA",
78804,"ANDA",,"BARR",
78805,"ANDA",,"SUN PHARMA GLOBAL",
78806,"ANDA",,"JUBILANT DRAXIMAGE",
78807,"ANDA",,"IPCA LABS LTD",
78808,"ANDA",,"SANDOZ INC",
78809,"ANDA",,"CARDINAL HEALTH 414",
78810,"ANDA",,"FRESENIUS KABI ONCOL",
78811,"ANDA",,"FRESENIUS KABI ONCOL",
78812,"ANDA",,"SANDOZ INC",
78813,"ANDA",,"HOSPIRA WORLDWIDE",
78815,"ANDA",,"HOSPIRA INC",
78816,"ANDA",,"MUSTAFA NEVSAT IIAC SANAYII A.S.",
78817,"ANDA",,"SANDOZ",
78818,"ANDA",,"SUN PHARMA GLOBAL",
78819,"ANDA",,"FRESENIUS KABI USA",
78825,"ANDA",,"MYLAN PHARMA",
78826,"ANDA",,"AMNEAL PHARMS",
78827,"ANDA",,"MYLAN PHARMS INC",
78828,"ANDA",,"JUBILANT CADISTA",
78829,"ANDA",,"AUROBINDO PHARMA",
78830,"ANDA",,"PERRIGO PHARMS CO",
78832,"ANDA",,"ZYDUS PHARMS USA",
78833,"ANDA",,"WATSON LABS",
78834,"ANDA",,"MAYNE PHARMA",
78835,"ANDA",,"SANDOZ INC",
78837,"ANDA",,"PERRIGO ISRAEL",
78841,"ANDA",,"APOTEX",
78843,"ANDA",,"APOTEX INC",
78845,"ANDA",,"MYLAN PHARMS INC",
78846,"ANDA",,"DR REDDYS LABS LTD",
78848,"ANDA",,"ZYDUS PHARMS USA",
78849,"ANDA",,"RANBAXY LABS LTD",
78850,"ANDA",,"INVAGEN PHARMS",
78853,"ANDA",,"ORCHID HLTHCARE",
78854,"ANDA",,"ACTAVIS MID ATLANTIC",
78855,"ANDA",,"MYLAN",
78857,"ANDA",,"MYLAN PHARMS INC",
78858,"ANDA",,"TORRENT PHARMS",
78861,"ANDA",,"AUROBINDO PHARMA",
78862,"ANDA",,"ORCHID HLTHCARE",
78863,"ANDA",,"BIONPHARMA INC",
78864,"ANDA",,"MYLAN LABS",
78865,"ANDA",,"WOCKHARDT",
78866,"ANDA",,"SUN PHARMA GLOBAL",
78867,"ANDA",,"LUITPOLD",
78868,"ANDA",,"APOTEX INC",
78869,"ANDA",,"APOTEX INC",
78870,"ANDA",,"BIO PHARM INC",
78871,"ANDA",,"WOCKHARDT",
78872,"ANDA",,"PAR PHARM",
78873,"ANDA",,"TEVA PHARMS",
78876,"ANDA",,"LANNETT CO INC",
78877,"ANDA",,"ZYDUS PHARMS USA INC",
78878,"ANDA",,"DR REDDYS LABS LTD",
78879,"ANDA",,"BARR",
78880,"ANDA",,"BIONPHARMA INC",
78881,"ANDA",,"MYLAN",
78883,"ANDA",,"MATRIX LABS",
78884,"ANDA",,"WOCKHARDT",
78885,"ANDA",,"SUN PHARMA GLOBAL",
78886,"ANDA",,"HETERO LABS LTD III",
78887,"ANDA",,"EMCURE PHARMA",
78888,"ANDA",,"ZYDUS PHARMS USA INC",
78889,"ANDA",,"REDDYS",
78890,"ANDA",,"LANNETT CO INC",
78892,"ANDA",,"AMNEAL PHARMS",
78893,"ANDA",,"MYLAN",
78894,"ANDA",,"ALEMBIC PHARMS LTD",
78895,"ANDA",,"UNICHEM",
78898,"ANDA",,"ZYDUS PHARMS USA INC",
78899,"ANDA",,"ZYDUS PHARMS USA INC",
78900,"ANDA",,"ZYDUS PHARMS USA INC",
78901,"ANDA",,"SANDOZ",
78902,"ANDA",,"MYLAN",
78904,"ANDA",,"DR REDDYS LABS LTD",
78905,"ANDA",,"ZYDUS PHARMS USA INC",
78906,"ANDA",,"GLENMARK GENERICS",
78907,"ANDA",,"SPECGX LLC",
78908,"ANDA",,"TEVA PHARMS USA",
78909,"ANDA",,"BIO PHARM INC",
78912,"ANDA",,"PERRIGO R AND D",
78913,"ANDA",,"WEST-WARD PHARMS INT",
78915,"ANDA",,"MYLAN",
78916,"ANDA",,"ALEMBIC PHARMS LTD",
78917,"ANDA",,"ACCORD HLTHCARE",
78918,"ANDA",,"ZYDUS PHARMS USA INC",
78919,"ANDA",,"ZYDUS PHARMS USA INC",
78920,"ANDA",,"ZYDUS PHARMS USA INC",
78921,"ANDA",,"ZYDUS PHARMS USA INC",
78922,"ANDA",,"MYLAN PHARMS INC",
78925,"ANDA",,"ALKEM",
78926,"ANDA",,"ZYDUS PHARMS USA INC",
78929,"ANDA",,"EMCURE PHARMA",
78930,"ANDA",,"GLENMARK GENERICS",
78932,"ANDA",,"ALEMBIC PHARMS LTD",
78933,"ANDA",,"JUBILANT CADISTA",
78935,"ANDA",,"NORTHSTAR HLTHCARE",
78936,"ANDA",,"MYLAN PHARMS INC",
78938,"ANDA",,"WOCKHARDT",
78939,"ANDA",,"LUPIN",
78940,"ANDA",,"ACTAVIS ELIZABETH",
78941,"ANDA",,"WOCKHARDT LTD",
78942,"ANDA",,"LUITPOLD",
78943,"ANDA",,"PLIVA LACHEMA",
78944,"ANDA",,"SANTOS BIOTECH",
78945,"ANDA",,"EMCURE PHARMS LTD",
78946,"ANDA",,"LUPIN LTD",
78947,"ANDA",,"TORRENT PHARMS",
78948,"ANDA",,"APOTEX INC",
78949,"ANDA",,"APOTEX INC",
78950,"ANDA",,"BAXTER HLTHCARE CORP",
78952,"ANDA",,"HIKMA PHARMS",
78953,"ANDA",,"NEOPHARMA",
78955,"ANDA",,"IPCA LABS LTD",
78956,"ANDA",,"AUROBINDO PHARMA",
78957,"ANDA",,"HETERO LABS LTD III",
78958,"ANDA",,"EMCURE PHARMA",
78959,"ANDA",,"SEPTODONT INC",
78960,"ANDA",,"TARO",
78962,"ANDA",,"KVK TECH",
78963,"ANDA",,"ORCHID HLTHCARE",
78964,"ANDA",,"LUPIN LTD",
78965,"ANDA",,"BARR",
78966,"ANDA",,"PAR PHARM",
78967,"ANDA",,"PERRIGO R AND D",
78968,"ANDA",,"PERRIGO R AND D",
78969,"ANDA",,"NATCO PHARMA",
78970,"ANDA",,"LUPIN LTD",
78974,"ANDA",,"HI TECH PHARMA",
78975,"ANDA",,"AKORN",
78976,"ANDA",,"ACTAVIS MID ATLANTIC",
78979,"ANDA",,"DR REDDYS LABS LTD",
78980,"ANDA",,"MYLAN INSTITUTIONAL",
78981,"ANDA",,"SANDOZ INC",
78982,"ANDA",,"WOCKHARDT",
78983,"ANDA",,"APOTEX INC",
78984,"ANDA",,"WATSON LABS TEVA",
78986,"ANDA",,"APOTEX INC",
78987,"ANDA",,"GLENMARK PHARMS",
78988,"ANDA",,"PHARM ASSOC",
78989,"ANDA",,"UNICHEM",
78992,"ANDA",,"INTELLIPHARMACEUTICS",
78993,"ANDA",,"AUROBINDO PHARMA",
78995,"ANDA",,"MYLAN PHARMS INC",
78996,"ANDA",,"SUN PHARM INDUSTRIES",
78997,"ANDA",,"DR REDDYS LABS LTD",
78998,"ANDA",,"ORCHID HLTHCARE",
79001,"ANDA",,"SUN PHARMA GLOBAL",
79002,"ANDA",,"COBALT LABS INC",
79003,"ANDA",,"WATSON LABS TEVA",
79007,"ANDA",,"SANDOZ",
79009,"ANDA",,"HERITAGE PHARMS INC",
79010,"ANDA",,"VINTAGE",
79011,"ANDA",,"TEVA PHARMS USA",
79012,"ANDA",,"TIME-CAP LABS INC",
79013,"ANDA",,"APOTEX INC",
79014,"ANDA",,"MYLAN",
79016,"ANDA",,"AUROBINDO PHARMA LTD",
79017,"ANDA",,"ZYDUS PHARMS USA INC",
79019,"ANDA",,"GLENMARK PHARMS LTD",
79020,"ANDA",,"SUN PHARMA GLOBAL",
79021,"ANDA",,"MYLAN PHARMS INC",
79022,"ANDA",,"TEVA PHARMS USA",
79025,"ANDA",,"EMCURE PHARMS LTD",
79028,"ANDA",,"WATSON LABS",
79029,"ANDA",,"ZYDUS PHARMS USA INC",
79031,"ANDA",,"BARR LABS INC",
79032,"ANDA",,"LUITPOLD",
79033,"ANDA",,"MYLAN INSTITUTIONAL",
79038,"ANDA",,"ACTAVIS LABS NY INC",
79039,"ANDA",,"LUITPOLD",
79040,"ANDA",,"ACTAVIS ELIZABETH",
79042,"ANDA",,"WOCKHARDT",
79043,"ANDA",,"DR REDDYS LABS LTD",
79044,"ANDA",,"WATSON LABS",
79045,"ANDA",,"FRESENIUS KABI ONCOL",
79046,"ANDA",,"ACTAVIS ELIZABETH",
79047,"ANDA",,"MYLAN",
79049,"ANDA",,"NEOPHARMA",
79050,"ANDA",,"WOCKHARDT",
79051,"ANDA",,"MYLAN",
79054,"ANDA",,"TORRENT PHARMS",
79056,"ANDA",,"TEVA PHARMS",
79057,"ANDA",,"SUN PHARMA GLOBAL",
79058,"ANDA",,"TRIS PHARMA INC",
79059,"ANDA",,"TRIS PHARMA INC",
79060,"ANDA",,"AUROBINDO PHARMA LTD",
79061,"ANDA",,"GLENMARK GENERICS",
79062,"ANDA",,"AUROBINDO PHARMA LTD",
79063,"ANDA",,"AUROBINDO PHARMA LTD",
79064,"ANDA",,"LABS LEON FARMA",
79065,"ANDA",,"ALEMBIC PHARMS LTD",
79067,"ANDA",,"ALEMBIC PHARMS LTD",
79068,"ANDA",,"ACCORD HLTHCARE",
79069,"ANDA",,"MYLAN",
79070,"ANDA",,"AUROBINDO PHARMA",
79071,"ANDA",,"MATRIX LABS",
79072,"ANDA",,"NORTHSTAR HLTHCARE",
79074,"ANDA",,"MATRIX LABS LTD",
79075,"ANDA",,"WATSON LABS",
79076,"ANDA",,"MYLAN LABS LTD",
79078,"ANDA",,"AKORN INC",
79079,"ANDA",,"MATRIX LABS",
79080,"ANDA",,"ACTAVIS LABS FL INC",
79081,"ANDA",,"TEVA PHARMS",
79082,"ANDA",,"LANNETT CO INC",
79084,"ANDA",,"APOTEX INC",
79085,"ANDA",,"SUN PHARMA GLOBAL",
79086,"ANDA",,"PETNET",
79087,"ANDA",,"IMPAX LABS",
79088,"ANDA",,"TORRENT PHARMS",
79089,"ANDA",,"ZYDUS PHARMS USA INC",
79090,"ANDA",,"MAYNE PHARMA",
79093,"ANDA",,"OXFORD PHARMS",
79094,"ANDA",,"ACTAVIS LABS FL INC",
79095,"ANDA",,"ACTAVIS LABS FL INC",
79096,"ANDA",,"AMNEAL PHARMS NY",
79098,"ANDA",,"AMNEAL PHARMS",
79099,"ANDA",,"GLENMARK PHARMS LTD",
79102,"ANDA",,"LABS LEON FARMA",
79103,"ANDA",,"MYLAN PHARMS INC",
79104,"ANDA",,"INFORLIFE",
79106,"ANDA",,"UNICHEM",
79107,"ANDA",,"TOLMAR",
79108,"ANDA",,"IMPAX LABS INC",
79110,"ANDA",,"SUN PHARMA GLOBAL",
79111,"ANDA",,"AUROBINDO PHARMA",
79112,"ANDA",,"WOCKHARDT LTD",
79113,"ANDA",,"PERRIGO R AND D",
79114,"ANDA",,"PERRIGO R AND D",
79115,"ANDA",,"WOCKHARDT",
79116,"ANDA",,"APOTEX",
79117,"ANDA",,"AUROBINDO PHARMA",
79118,"ANDA",,"AUROBINDO PHARMA LTD",
79119,"ANDA",,"AKORN INC",
79120,"ANDA",,"BRECKENRIDGE PHARM",
79121,"ANDA",,"TARO",
79123,"ANDA",,"WEST-WARD PHARMS INT",
79124,"ANDA",,"HETERO LABS LTD III",
79128,"ANDA",,"STRIDES PHARMA",
79129,"ANDA",,"STRIDES PHARMA",
79132,"ANDA",,"JUBILANT CADISTA",
79133,"ANDA",,"SIGMAPHARM LABS LLC",
79134,"ANDA",,"MYLAN ASI",
79135,"ANDA",,"GLENMARK GENERICS",
79138,"ANDA",,"HOSPIRA",
79139,"ANDA",,"GLENMARK GENERICS",
79141,"ANDA",,"TEVA PHARMS USA",
79142,"ANDA",,"MYLAN PHARMS INC",
79145,"ANDA",,"APOTEX INC",
79147,"ANDA",,"WOCKHARDT",
79148,"ANDA",,"INDICUS PHARMA",
79150,"ANDA",,"AUROBINDO PHARMA LTD",
79153,"ANDA",,"TORRENT PHARMS",
79157,"ANDA",,"PHARMALUCENCE",
79158,"ANDA",,"LANNETT CO INC",
79159,"ANDA",,"ALEMBIC LTD",
79160,"ANDA",,"ACTAVIS TOTOWA",
79161,"ANDA",,"MYLAN PHARMS INC",
79162,"ANDA",,"INVAGEN PHARMS",
79163,"ANDA",,"UNICHEM LABS LTD",
79164,"ANDA",,"APOTEX INC",
79165,"ANDA",,"APOTEX",
79166,"ANDA",,"TEVA PHARMS USA",
79167,"ANDA",,"WATSON LABS INC",
79168,"ANDA",,"ALLIED",
79169,"ANDA",,"SUN PHARMA GLOBAL",
79170,"ANDA",,"AUROBINDO PHARMA LTD",
79171,"ANDA",,"SANDOZ INC",
79172,"ANDA",,"GLENMARK PHARMS",
79174,"ANDA",,"GRANULES INDIA",
79175,"ANDA",,"AVANTHI INC",
79179,"ANDA",,"APOTEX INC",
79182,"ANDA",,"PAR PHARM",
79183,"ANDA",,"HOSPIRA INC",
79184,"ANDA",,"TEVA PHARMS USA",
79185,"ANDA",,"MYLAN",
79186,"ANDA",,"LUITPOLD",
79187,"ANDA",,"MYLAN PHARMS INC",
79188,"ANDA",,"AUROBINDO PHARMA",
79191,"ANDA",,"TORRENT PHARMS LLC",
79193,"ANDA",,"BARR",
79194,"ANDA",,"TEVA PARENTERAL",
79195,"ANDA",,"SANDOZ INC",
79196,"ANDA",,"WEST-WARD PHARMS INT",
79197,"ANDA",,"AKORN INC",
79198,"ANDA",,"MYLAN INSTITUTIONAL",
79199,"ANDA",,"MYLAN INSTITUTIONAL",
79204,"ANDA",,"TARO",
79205,"ANDA",,"MARKSANS PHARMA",
79206,"ANDA",,"FOSUN PHARMA",
79209,"ANDA",,"AUROBINDO PHARMA LTD",
79211,"ANDA",,"WOCKHARDT",
79212,"ANDA",,"WOCKHARDT",
79213,"ANDA",,"ZYDUS PHARMS USA INC",
79214,"ANDA",,"PAR PHARM",
79215,"ANDA",,"TEVA PHARMS USA",
79216,"ANDA",,"ACTAVIS LABS NY INC",
79217,"ANDA",,"AKORN INC",
79218,"ANDA",,"WATSON LABS",
79219,"ANDA",,"ACTAVIS LABS NY INC",
79220,"ANDA",,"NATCO PHARMA LTD",
79221,"ANDA",,"LABS LEON FARMA",
79224,"ANDA",,"GLAND PHARMA LTD",
79225,"ANDA",,"MYLAN PHARMS INC",
79226,"ANDA",,"TORRENT PHARMS LTD",
79227,"ANDA",,"GLENMARK GENERICS",
79229,"ANDA",,"ORCHID HLTHCARE",
79230,"ANDA",,"SANDOZ",
79232,"ANDA",,"PADDOCK LLC",
79233,"ANDA",,"AMNEAL PHARMS",
79234,"ANDA",,"HETERO LABS LTD III",
79235,"ANDA",,"SEPTODONT INC",
79237,"ANDA",,"IPCA LABS LTD",
79238,"ANDA",,"PLIVA HRVATSKA DOO",
79239,"ANDA",,"SUN PHARM INDS INC",
79240,"ANDA",,"FRESENIUS KABI USA",
79241,"ANDA",,"AMNEAL PHARMS",
79242,"ANDA",,"FRESENIUS KABI USA",
79244,"ANDA",,"SAPTALIS PHARMS",
79245,"ANDA",,"AUROBINDO PHARMA",
79246,"ANDA",,"TEVA PHARMS USA",
79247,"ANDA",,"NOVEL LABS INC",
80001,"ANDA",,"ABBOTT",
80003,"ANDA",,"ELKINS SINN",
80013,"ANDA",,"WYETH AYERST",
80015,"ANDA",,"HALSEY",
80016,"ANDA",,"LANNETT",
80017,"ANDA",,"LANNETT",
80020,"ANDA",,"ALCON",
80021,"ANDA",,"ALCON",
80024,"ANDA",,"OPTOPICS",
80025,"ANDA",,"NOVARTIS",
80027,"ANDA",,"ALCON LABS INC",
80028,"ANDA",,"ALLERGAN",
80029,"ANDA",,"PERRIGO CO TENNESSEE",
80036,"ANDA",,"MK LABS",
80040,"ANDA",,"SOLVAY",
80043,"ANDA",,"SANDOZ",
80044,"ANDA",,"SANDOZ",
80059,"ANDA",,"MEDPOINTE PHARM HLC",
80078,"ANDA",,"IVAX SUB TEVA PHARMS",
80079,"ANDA",,"IMPAX LABS",
80081,"ANDA",,"IMPAX LABS",
80082,"ANDA",,"ROXANE",
80084,"ANDA",,"LANNETT",
80085,"ANDA",,"LANNETT",
80086,"ANDA",,"PUREPAC PHARM",
80087,"ANDA",,"PUREPAC PHARM",
80088,"ANDA",,"EVERYLIFE",
80094,"ANDA",,"PAL PAK",
80097,"ANDA",,"HEXCEL",
80098,"ANDA",,"HEXCEL",
80099,"ANDA",,"FOREST PHARMS",
80100,"ANDA",,"FOREST PHARMS",
80109,"ANDA",,"IMPAX LABS",
80120,"ANDA",,"WHITEWORTH TOWN PLSN",
80123,"ANDA",,"LANNETT",
80126,"ANDA",,"EVERYLIFE",
80132,"ANDA",,"PUREPAC PHARM",
80134,"ANDA",,"MEDPOINTE PHARM HLC",
80136,"ANDA",,"SUN PHARM INDUSTRIES",
80138,"ANDA",,"LANNETT",
80140,"ANDA",,"LANNETT",
80142,"ANDA",,"ANI PHARMS INC",
80151,"ANDA",,"IMPAX LABS",
80153,"ANDA",,"IMPAX LABS",
80154,"ANDA",,"HIKMA INTL PHARMS",
80157,"ANDA",,"DAVA PHARMS INC",
80159,"ANDA",,"IMPAX LABS",
80172,"ANDA",,"ACTAVIS ELIZABETH",
80188,"ANDA",,"WATSON LABS",
80189,"ANDA",,"HEATHER",
80195,"ANDA",,"MILES",
80197,"ANDA",,"HERITAGE PHARMS INC",
80198,"ANDA",,"FOUGERA PHARMS INC",
80203,"ANDA",,"BAXTER HLTHCARE",
80204,"ANDA",,"ABRAXIS PHARM",
80205,"ANDA",,"HOSPIRA",
80209,"ANDA",,"CONTRACT PHARMACAL",
80210,"ANDA",,"BELMORA LLC",
80211,"ANDA",,"PVT FORM",
80212,"ANDA",,"HIKMA INTL PHARMS",
80214,"ANDA",,"PVT FORM",
80215,"ANDA",,"ANI PHARMS INC",
80221,"ANDA",,"LUITPOLD",
80223,"ANDA",,"LEDERLE",
80224,"ANDA",,"HOSPIRA",
80225,"ANDA",,"FRESENIUS KABI USA",
80229,"ANDA",,"ALCON",
80232,"ANDA",,"REXALL",
80235,"ANDA",,"NOVARTIS",
80236,"ANDA",,"VALEANT PHARM INTL",
80237,"ANDA",,"VALEANT PHARM INTL",
80248,"ANDA",,"ALLERGAN",
80254,"ANDA",,"LILLY",
80256,"ANDA",,"LILLY",
80258,"ANDA",,"PARKE-DAVIS",
80259,"ANDA",,"ANI PHARMS INC",
80268,"ANDA",,"VALEANT PHARM INTL",
80269,"ANDA",,"PAR PHARM",
80270,"ANDA",,"IVAX SUB TEVA PHARMS",
80271,"ANDA",,"USL PHARMA",
80273,"ANDA",,"FOREST PHARMS",
80276,"ANDA",,"ELKINS SINN",
80279,"ANDA",,"INWOOD LABS",
80280,"ANDA",,"ALPHARMA US PHARMS",
80281,"ANDA",,"SCHERING",
80283,"ANDA",,"IVAX SUB TEVA PHARMS",
80285,"ANDA",,"ANABOLIC",
80292,"ANDA",,"MYLAN PHARMS INC",
80293,"ANDA",,"BAYER PHARMS",
80300,"ANDA",,"HALSEY",
80301,"ANDA",,"MARSHALL PHARMA",
80304,"ANDA",,"HALSEY",
80306,"ANDA",,"INWOOD LABS",
80307,"ANDA",,"MARSHALL PHARMA",
80308,"ANDA",,"PUREPAC PHARM",
80309,"ANDA",,"PUREPAC PHARM",
80310,"ANDA",,"PUREPAC PHARM",
80313,"ANDA",,"TABLICAPS",
80320,"ANDA",,"HEATHER",
80321,"ANDA",,"PHOENIX LABS NY",
80322,"ANDA",,"PHOENIX LABS NY",
80324,"ANDA",,"WEST WARD",
80325,"ANDA",,"PUREPAC PHARM",
80326,"ANDA",,"HEATHER",
80327,"ANDA",,"ROXANE",
80328,"ANDA",,"INWOOD LABS",
80330,"ANDA",,"DOW PHARM",
80333,"ANDA",,"VITARINE",
80334,"ANDA",,"VITARINE",
80336,"ANDA",,"SANDOZ",
80339,"ANDA",,"FOSUN PHARMA",
80340,"ANDA",,"PVT FORM",
80341,"ANDA",,"WHITEWORTH TOWN PLSN",
80342,"ANDA",,"WHITEWORTH TOWN PLSN",
80343,"ANDA",,"WHITEWORTH TOWN PLSN",
80344,"ANDA",,"WHITEWORTH TOWN PLSN",
80350,"ANDA",,"PANRAY",
80351,"ANDA",,"PANRAY",
80352,"ANDA",,"WEST-WARD PHARMS INT",
80353,"ANDA",,"PUREPAC PHARM",
80354,"ANDA",,"WATSON LABS",
80355,"ANDA",,"WATSON LABS",
80356,"ANDA",,"WATSON LABS",
80358,"ANDA",,"SPERTI",
80359,"ANDA",,"SPERTI",
80364,"ANDA",,"PARKE DAVIS",
80365,"ANDA",,"WATSON LABS",
80366,"ANDA",,"ALRA",
80368,"ANDA",,"PHOENIX LABS NY",
80370,"ANDA",,"WYETH AYERST",
80371,"ANDA",,"SCHERER LABS",
80377,"ANDA",,"WATSON LABS",
80378,"ANDA",,"IVAX SUB TEVA PHARMS",
80379,"ANDA",,"WEST WARD",
80380,"ANDA",,"ALRA",
80381,"ANDA",,"SCHERING",
80384,"ANDA",,"ABRAXIS PHARM",
80385,"ANDA",,"ABBOTT",
80386,"ANDA",,"ABBOTT",
80387,"ANDA",,"ABBOTT",
80388,"ANDA",,"ABBOTT",
80389,"ANDA",,"ABBOTT",
80390,"ANDA",,"LYPHOMED",
80393,"ANDA",,"WATSON LABS",
80395,"ANDA",,"PUREPAC PHARM",
80397,"ANDA",,"TEVA",
80398,"ANDA",,"TEVA",
80399,"ANDA",,"ANI PHARMS INC",
80400,"ANDA",,"TEVA",
80401,"ANDA",,"WATSON LABS",
80403,"ANDA",,"PUREPAC PHARM",
80404,"ANDA",,"FRESENIUS KABI USA",
80406,"ANDA",,"WEST-WARD PHARMS INT",
80407,"ANDA",,"WEST-WARD PHARMS INT",
80408,"ANDA",,"HOSPIRA",
80409,"ANDA",,"HOSPIRA",
80414,"ANDA",,"MILES",
80415,"ANDA",,"MILES",
80416,"ANDA",,"HOSPIRA",
80419,"ANDA",,"CENCI",
80420,"ANDA",,"ABRAXIS PHARM",
80421,"ANDA",,"ABRAXIS PHARM",
80425,"ANDA",,"MISSION PHARMA",
80426,"ANDA",,"DOW PHARM",
80429,"ANDA",,"BIONPHARMA INC",
80431,"ANDA",,"ABRAXIS PHARM",
80438,"ANDA",,"BAYER PHARMS",
80439,"ANDA",,"SANDOZ",
80442,"ANDA",,"DOW PHARM",
80443,"ANDA",,"DOW PHARM",
80445,"ANDA",,"WEST-WARD PHARMS INT",
80446,"ANDA",,"SOLVAY",
80447,"ANDA",,"WATSON LABS",
80448,"ANDA",,"SUN PHARM INDUSTRIES",
80452,"ANDA",,"EVERYLIFE",
80454,"ANDA",,"WYETH AYERST",
80455,"ANDA",,"WEST-WARD PHARMS INT",
80456,"ANDA",,"INGRAM PHARM",
80457,"ANDA",,"HALSEY",
80459,"ANDA",,"VALEANT PHARM INTL",
80472,"ANDA",,"VALEANT INTL",
80473,"ANDA",,"VALEANT INTL",
80474,"ANDA",,"DERMIK LABS",
80475,"ANDA",,"PUREPAC PHARM",
80481,"ANDA",,"C AND M PHARMA",
80482,"ANDA",,"C AND M PHARMA",
80483,"ANDA",,"C AND M PHARMA",
80489,"ANDA",,"ALTANA",
80491,"ANDA",,"ELKINS SINN",
80492,"ANDA",,"MARSHALL PHARMA",
80493,"ANDA",,"PUREPAC PHARM",
80496,"ANDA",,"WHITEWORTH TOWN PLSN",
80498,"ANDA",,"HALSEY",
80500,"ANDA",,"SOLVAY",
80504,"ANDA",,"BELMORA LLC",
80505,"ANDA",,"FOUGERA PHARMS",
80506,"ANDA",,"VITARINE",
80509,"ANDA",,"ABRAXIS PHARM",
80510,"ANDA",,"ABRAXIS PHARM",
80514,"ANDA",,"LANNETT",
80515,"ANDA",,"WEST-WARD PHARMS INT",
80516,"ANDA",,"ELKINS SINN",
80517,"ANDA",,"WATSON LABS",
80519,"ANDA",,"ALRA",
80521,"ANDA",,"WATSON LABS",
80522,"ANDA",,"WATSON LABS",
80523,"ANDA",,"WATSON LABS",
80525,"ANDA",,"MK LABS",
80530,"ANDA",,"HERITAGE PHARMS INC",
80531,"ANDA",,"LANNETT",
80534,"ANDA",,"VITARINE",
80553,"ANDA",,"WYETH AYERST",
80554,"ANDA",,"WYETH AYERST",
80556,"ANDA",,"FRESENIUS KABI USA",
80557,"ANDA",,"FRESENIUS KABI USA",
80562,"ANDA",,"FERRANTE",
80563,"ANDA",,"FERRANTE",
80564,"ANDA",,"SANOFI AVENTIS US",
80568,"ANDA",,"FERRANTE",
80570,"ANDA",,"SAVAGE LABS",
80571,"ANDA",,"WATSON LABS",
80572,"ANDA",,"WATSON LABS",
80573,"ANDA",,"WATSON LABS",
80575,"ANDA",,"WEST-WARD PHARMS INT",
80577,"ANDA",,"WYETH AYERST",
80581,"ANDA",,"ELKINS SINN",
80582,"ANDA",,"PVT FORM",
80583,"ANDA",,"PVT FORM",
80586,"ANDA",,"ABRAXIS PHARM",
80592,"ANDA",,"VALEANT PHARM INTL",
80596,"ANDA",,"VALEANT PHARM INTL",
80600,"ANDA",,"HIKMA PHARMS",
80614,"ANDA",,"WATSON LABS",
80615,"ANDA",,"WATSON LABS TEVA",
80618,"ANDA",,"FRESENIUS KABI USA",
80624,"ANDA",,"ELKINS SINN",
80625,"ANDA",,"ELKINS SINN",
80626,"ANDA",,"ROXANE",
80629,"ANDA",,"WATSON LABS",
80630,"ANDA",,"IVAX SUB TEVA PHARMS",
80635,"ANDA",,"ROXANE",
80637,"ANDA",,"REXALL",
80642,"ANDA",,"SANDOZ",
80643,"ANDA",,"ROXANE",
80655,"ANDA",,"AUROLIFE PHARMA LLC",
80658,"ANDA",,"WATSON LABS",
80660,"ANDA",,"MIZA PHARMS USA",
80667,"ANDA",,"LUITPOLD",
80668,"ANDA",,"LUITPOLD",
80669,"ANDA",,"LUITPOLD",
80671,"ANDA",,"LUITPOLD",
80677,"ANDA",,"FRESENIUS KABI USA",
80679,"ANDA",,"WATSON LABS",
80680,"ANDA",,"WATSON LABS",
80686,"ANDA",,"IMPAX LABS",
80689,"ANDA",,"DELL LABS",
80691,"ANDA",,"WHITEWORTH TOWN PLSN",
80692,"ANDA",,"FOUGERA PHARMS",
80693,"ANDA",,"FOUGERA PHARMS INC",
80694,"ANDA",,"LANNETT",
80696,"ANDA",,"WATSON LABS",
80699,"ANDA",,"SUN PHARM INDUSTRIES",
80700,"ANDA",,"SUN PHARM INDUSTRIES",
80701,"ANDA",,"MUTUAL PHARM",
80702,"ANDA",,"BANNER PHARMACAPS",
80704,"ANDA",,"BIONPHARMA INC",
80706,"ANDA",,"CROWN LABS",
80710,"ANDA",,"BEL MAR",
80711,"ANDA",,"BEL MAR",
80712,"ANDA",,"BEL MAR",
80713,"ANDA",,"WATSON LABS",
80715,"ANDA",,"ALRA",
80718,"ANDA",,"BEL MAR",
80721,"ANDA",,"BARR",
80722,"ANDA",,"FRESENIUS KABI USA",
80723,"ANDA",,"WHITEWORTH TOWN PLSN",
80727,"ANDA",,"WATSON LABS",
80728,"ANDA",,"WATSON LABS",
80731,"ANDA",,"INWOOD LABS",
80732,"ANDA",,"INWOOD LABS",
80736,"ANDA",,"LUITPOLD",
80737,"ANDA",,"LUITPOLD",
80738,"ANDA",,"BARR",
80741,"ANDA",,"BEL MAR",
80742,"ANDA",,"BEL MAR",
80743,"ANDA",,"BEL MAR",
80744,"ANDA",,"BARR",
80745,"ANDA",,"ASTELLAS",
80746,"ANDA",,"CHASE CHEM",
80747,"ANDA",,"CHASE CHEM",
80748,"ANDA",,"INWOOD LABS",
80749,"ANDA",,"WATSON LABS",
80750,"ANDA",,"ASTELLAS",
80751,"ANDA",,"NOVARTIS",
80753,"ANDA",,"PUREPAC PHARM",
80755,"ANDA",,"EVERYLIFE",
80756,"ANDA",,"BEL MAR",
80757,"ANDA",,"BEL MAR",
80758,"ANDA",,"BEL MAR",
80759,"ANDA",,"BEL MAR",
80760,"ANDA",,"BEL MAR",
80761,"ANDA",,"BEL MAR",
80762,"ANDA",,"IVAX SUB TEVA PHARMS",
80763,"ANDA",,"ALPHARMA US PHARMS",
80767,"ANDA",,"IMPAX LABS",
80770,"ANDA",,"PARKE DAVIS",
80774,"ANDA",,"ALPHARMA US PHARMS",
80776,"ANDA",,"HIKMA INTL PHARMS",
80778,"ANDA",,"MERCK",
80779,"ANDA",,"IVAX SUB TEVA PHARMS",
80780,"ANDA",,"IMPAX LABS",
80781,"ANDA",,"IMPAX LABS",
80782,"ANDA",,"IMPAX LABS",
80783,"ANDA",,"VALEANT PHARM INTL",
80784,"ANDA",,"PUREPAC PHARM",
80785,"ANDA",,"IMPAX LABS",
80786,"ANDA",,"PVT FORM",
80790,"ANDA",,"WATSON LABS",
80791,"ANDA",,"WATSON LABS",
80797,"ANDA",,"ELKINS SINN",
80800,"ANDA",,"WHITEWORTH TOWN PLSN",
80807,"ANDA",,"IMPAX LABS",
80808,"ANDA",,"IMPAX LABS",
80809,"ANDA",,"IMPAX LABS",
80810,"ANDA",,"HALOCARBON",
80816,"ANDA",,"LANNETT",
80817,"ANDA",,"WEST-WARD PHARMS INT",
80819,"ANDA",,"BEL MAR",
80820,"ANDA",,"BEL MAR",
80821,"ANDA",,"BEL MAR",
80822,"ANDA",,"BEL MAR",
80825,"ANDA",,"LANNETT",
80828,"ANDA",,"FERA PHARMS",
80830,"ANDA",,"DEL RAY LABS",
80832,"ANDA",,"FOSUN PHARMA",
80836,"ANDA",,"ELKINS SINN",
80839,"ANDA",,"INWOOD LABS",
80840,"ANDA",,"TABLICAPS",
80841,"ANDA",,"HEATHER",
80842,"ANDA",,"PUREPAC PHARM",
80845,"ANDA",,"FOSUN PHARMA",
80846,"ANDA",,"LANNETT",
80848,"ANDA",,"ALTANA",
80850,"ANDA",,"LUITPOLD",
80853,"ANDA",,"LILLY",
80854,"ANDA",,"LILLY",
80855,"ANDA",,"LILLY",
80857,"ANDA",,"LANNETT",
80860,"ANDA",,"BRISTOL MYERS SQUIBB",
80868,"ANDA",,"LANNETT",
80873,"ANDA",,"WATSON LABS TEVA",
80874,"ANDA",,"IMPAX LABS",
80880,"ANDA",,"IMPAX LABS",
80883,"ANDA",,"LILLY",
80884,"ANDA",,"LILLY",
80886,"ANDA",,"PUREPAC PHARM",
80903,"ANDA",,"VALEANT PHARM INTL",
80905,"ANDA",,"WATSON LABS",
80907,"ANDA",,"WATSON LABS",
80908,"ANDA",,"WATSON LABS",
80911,"ANDA",,"AUXILIUM PHARMS INC",
80914,"ANDA",,"WATSON LABS",
80921,"ANDA",,"TEVA",
80925,"ANDA",,"SEPTODONT INC",
80927,"ANDA",,"WEST-WARD PHARMS INT",
80928,"ANDA",,"SANDOZ",
80931,"ANDA",,"WATSON LABS",
80932,"ANDA",,"WATSON LABS",
80933,"ANDA",,"WATSON LABS",
80935,"ANDA",,"NOVARTIS",
80936,"ANDA",,"BARR",
80937,"ANDA",,"BARR",
80938,"ANDA",,"ELKINS SINN",
80939,"ANDA",,"LANNETT",
80941,"ANDA",,"MK LABS",
80943,"ANDA",,"EVERYLIFE",
80947,"ANDA",,"CENTURY PHARMS",
80949,"ANDA",,"LANNETT",
80951,"ANDA",,"IMPAX LABS",
80952,"ANDA",,"IMPAX LABS",
80953,"ANDA",,"IMPAX LABS",
80955,"ANDA",,"IMPAX LABS",
80956,"ANDA",,"EVERYLIFE",
80961,"ANDA",,"AUROLIFE PHARMA LLC",
80963,"ANDA",,"LANNETT",
80966,"ANDA",,"LANNETT",
80967,"ANDA",,"WEST WARD",
80968,"ANDA",,"WATSON LABS",
80970,"ANDA",,"PVT FORM",
80972,"ANDA",,"BAYER PHARMS",
80973,"ANDA",,"INWOOD LABS",
80975,"ANDA",,"HIKMA INTL PHARMS",
80977,"ANDA",,"PVT FORM",
80983,"ANDA",,"FOSUN PHARMA",
80985,"ANDA",,"WEST WARD",
80992,"ANDA",,"SOLVAY",
80997,"ANDA",,"ORGANON USA INC",
81002,"ANDA",,"WEST-WARD PHARMS INT",
81008,"ANDA",,"FERNDALE LABS",
81019,"ANDA",,"WATSON LABS",
81025,"ANDA",,"FOSUN PHARMA",
81029,"ANDA",,"SUN PHARM INDUSTRIES",
81030,"ANDA",,"SUN PHARM INDUSTRIES",
81031,"ANDA",,"SUN PHARM INDUSTRIES",
81034,"ANDA",,"AUXILIUM PHARMS INC",
81040,"ANDA",,"WATSON LABS",
81043,"ANDA",,"ALCON PHARMS LTD",
81044,"ANDA",,"ALCON PHARMS LTD",
81048,"ANDA",,"SUN PHARM INDUSTRIES",
81049,"ANDA",,"SUN PHARM INDUSTRIES",
81050,"ANDA",,"SUN PHARM INDUSTRIES",
81051,"ANDA",,"MIKART",
81054,"ANDA",,"PLIVA",
81066,"ANDA",,"BEN VENUE",
81067,"ANDA",,"MIKART",
81068,"ANDA",,"MIKART",
81069,"ANDA",,"MIKART",
81070,"ANDA",,"MIKART",
81079,"ANDA",,"WATSON LABS",
81080,"ANDA",,"WATSON LABS",
81083,"ANDA",,"WATSON LABS",
81095,"ANDA",,"MIKART",
81096,"ANDA",,"MIKART",
81097,"ANDA",,"MIKART",
81099,"ANDA",,"BARR",
81113,"ANDA",,"SUN PHARM INDUSTRIES",
81118,"ANDA",,"MIKART",
81125,"ANDA",,"TEVA PARENTERAL",
81126,"ANDA",,"TEVA PARENTERAL",
81127,"ANDA",,"SANDOZ",
81128,"ANDA",,"SANDOZ",
81129,"ANDA",,"SANDOZ",
81134,"ANDA",,"WOCKHARDT",
81142,"ANDA",,"TEVA PARENTERAL",
81145,"ANDA",,"STEVENS J",
81149,"ANDA",,"WATSON LABS",
81150,"ANDA",,"WATSON LABS",
81151,"ANDA",,"WATSON LABS",
81165,"ANDA",,"WATSON LABS",
81169,"ANDA",,"TEVA PARENTERAL",
81189,"ANDA",,"WATSON LABS",
81190,"ANDA",,"WATSON LABS",
81203,"ANDA",,"FOUGERA PHARMS INC",
81213,"ANDA",,"WATSON LABS",
81214,"ANDA",,"WATSON LABS",
81215,"ANDA",,"WATSON LABS TEVA",
81216,"ANDA",,"WATSON LABS",
81222,"ANDA",,"PHARMACIA AND UPJOHN",
81223,"ANDA",,"MIKART",
81224,"ANDA",,"ELKINS SINN",
81225,"ANDA",,"TEVA PARENTERAL",
81226,"ANDA",,"MIKART",
81235,"ANDA",,"MYLAN",
81236,"ANDA",,"TEVA PHARMS",
81239,"ANDA",,"ESI",
81240,"ANDA",,"ESI",
81242,"ANDA",,"PHARMACIA AND UPJOHN",
81249,"ANDA",,"FOSUN PHARMA",
81250,"ANDA",,"FOSUN PHARMA",
81265,"ANDA",,"CHARTWELL RX",
81266,"ANDA",,"TEVA PARENTERAL",
81267,"ANDA",,"TEVA PARENTERAL",
81268,"ANDA",,"TEVA PARENTERAL",
81271,"ANDA",,"MISSION PHARMA",
81274,"ANDA",,"ABLE",
81277,"ANDA",,"TEVA PHARMS USA",
81278,"ANDA",,"TEVA PARENTERAL",
81295,"ANDA",,"BRISTOL MYERS SQUIBB",
81297,"ANDA",,"BIONPHARMA INC",
81298,"ANDA",,"OHM LABS",
81299,"ANDA",,"OHM LABS",
81306,"ANDA",,"TEVA PHARMS",
81309,"ANDA",,"INTL MEDICATION",
81310,"ANDA",,"ANI PHARMS INC",
81318,"ANDA",,"G AND W LABS INC",
81319,"ANDA",,"AKORN",
83000,"ANDA",,"IVAX SUB TEVA PHARMS",
83002,"ANDA",,"TABLICAPS",
83003,"ANDA",,"TABLICAPS",
83004,"ANDA",,"TABLICAPS",
83005,"ANDA",,"TABLICAPS",
83006,"ANDA",,"TABLICAPS",
83007,"ANDA",,"TABLICAPS",
83009,"ANDA",,"SOLVAY",
83011,"ANDA",,"MONARCH PHARMS",
83013,"ANDA",,"WATSON LABS",
83015,"ANDA",,"ASTELLAS",
83016,"ANDA",,"ASTELLAS",
83017,"ANDA",,"ASTELLAS",
83021,"ANDA",,"AKORN",
83022,"ANDA",,"ACCORD HLTHCARE",
83027,"ANDA",,"PVT FORM",
83029,"ANDA",,"WATSON LABS",
83032,"ANDA",,"AKORN",
83035,"ANDA",,"IVAX SUB TEVA PHARMS",
83037,"ANDA",,"ANABOLIC",
83040,"ANDA",,"FOSUN PHARMA",
83051,"ANDA",,"INTL MEDICATION",
83058,"ANDA",,"BELL PHARMA",
83059,"ANDA",,"CHARTWELL RX",
83060,"ANDA",,"PERRIGO",
83061,"ANDA",,"PERRIGO",
83062,"ANDA",,"BELL PHARMA",
83063,"ANDA",,"PERRIGO",
83064,"ANDA",,"WATSON LABS",
83075,"ANDA",,"LYPHOMED",
83077,"ANDA",,"IVAX SUB TEVA PHARMS",
83078,"ANDA",,"ANABOLIC",
83080,"ANDA",,"ASTRAZENECA",
83082,"ANDA",,"HIKMA PHARMS",
83083,"ANDA",,"WYETH AYERST",
83087,"ANDA",,"MK LABS",
83088,"ANDA",,"MK LABS",
83089,"ANDA",,"ROXANE",
83101,"ANDA",,"SANDOZ",
83102,"ANDA",,"WEST WARD",
83113,"ANDA",,"PVT FORM",
83114,"ANDA",,"EVERYLIFE",
83115,"ANDA",,"IMPAX LABS",
83116,"ANDA",,"BARR",
83120,"ANDA",,"WATSON LABS",
83123,"ANDA",,"WATSON LABS",
83125,"ANDA",,"SANDOZ",
83128,"ANDA",,"WATSON LABS",
83130,"ANDA",,"ABBOTT",
83133,"ANDA",,"TABLICAPS",
83134,"ANDA",,"EVERYLIFE",
83135,"ANDA",,"GD SEARLE LLC",
83136,"ANDA",,"WATSON LABS",
83140,"ANDA",,"NEXGEN PHARMA INC",
83141,"ANDA",,"WATSON LABS",
83145,"ANDA",,"ELKINS SINN",
83147,"ANDA",,"WATSON LABS",
83149,"ANDA",,"NOVARTIS",
83151,"ANDA",,"WATSON LABS",
83154,"ANDA",,"ABBOTT",
83158,"ANDA",,"HOSPIRA",
83159,"ANDA",,"ABBOTT",
83161,"ANDA",,"DELL LABS",
83163,"ANDA",,"INTL MEDICATION",
83173,"ANDA",,"INTL MEDICATION",
83176,"ANDA",,"BRISTOL MYERS SQUIBB",
83177,"ANDA",,"IVAX SUB TEVA PHARMS",
83178,"ANDA",,"WATSON LABS",
83179,"ANDA",,"WATSON LABS",
83180,"ANDA",,"IVAX SUB TEVA PHARMS",
83183,"ANDA",,"EUROHLTH INTL SARL",
83184,"ANDA",,"ALRA",
83185,"ANDA",,"NEXGEN PHARMA INC",
83186,"ANDA",,"MUTUAL PHARM",
83187,"ANDA",,"STERLING WINTHROP",
83190,"ANDA",,"IVAX SUB TEVA PHARMS",
83198,"ANDA",,"LUITPOLD",
83201,"ANDA",,"CROWN LABS",
83203,"ANDA",,"EVERYLIFE",
83204,"ANDA",,"WATSON LABS",
83205,"ANDA",,"COLGATE",
83206,"ANDA",,"PVT FORM",
83207,"ANDA",,"CHASE CHEM",
83209,"ANDA",,"SOLVAY",
83213,"ANDA",,"FERNDALE LABS",
83214,"ANDA",,"PVT FORM",
83215,"ANDA",,"UPSHER-SMITH LABS",
83217,"ANDA",,"ABRAXIS PHARM",
83219,"ANDA",,"BLULINE",
83220,"ANDA",,"PHARMACIA AND UPJOHN",
83221,"ANDA",,"WATSON LABS",
83231,"ANDA",,"CROWN LABS",
83232,"ANDA",,"WATSON LABS TEVA",
83234,"ANDA",,"UPSHER-SMITH LABS",
83237,"ANDA",,"PUREPAC PHARM",
83239,"ANDA",,"WYETH AYERST",
83241,"ANDA",,"UPSHER-SMITH LABS",
83242,"ANDA",,"AMARIN PHARMS",
83243,"ANDA",,"PANRAY",
83244,"ANDA",,"OAK PHARMS",
83245,"ANDA",,"OAK PHARMS",
83246,"ANDA",,"OAK PHARMS",
83247,"ANDA",,"OAK PHARMS",
83254,"ANDA",,"HOSPIRA",
83256,"ANDA",,"BAXTER HLTHCARE",
83259,"ANDA",,"EVERYLIFE",
83261,"ANDA",,"WYETH AYERST",
83262,"ANDA",,"WYETH AYERST",
83263,"ANDA",,"HOSPIRA",
83264,"ANDA",,"VALEANT PHARM INTL",
83266,"ANDA",,"BRISTOL MYERS SQUIBB",
83270,"ANDA",,"ELKINS SINN",
83271,"ANDA",,"PUREPAC PHARM",
83275,"ANDA",,"ANABOLIC",
83278,"ANDA",,"PUREPAC PHARM",
83281,"ANDA",,"ELKINS SINN",
83283,"ANDA",,"HOSPIRA",
83284,"ANDA",,"VITARINE",
83285,"ANDA",,"VITARINE",
83287,"ANDA",,"WATSON LABS",
83288,"ANDA",,"WATSON LABS",
83296,"ANDA",,"ALLERGAN HERBERT",
83299,"ANDA",,"MYLAN",
83301,"ANDA",,"PUREPAC PHARM",
83304,"ANDA",,"WATSON LABS",
83305,"ANDA",,"WATSON LABS",
83306,"ANDA",,"SANDOZ",
83308,"ANDA",,"WATSON LABS",
83311,"ANDA",,"ARCUM",
83312,"ANDA",,"WEST-WARD PHARMS INT",
83315,"ANDA",,"ELKINS SINN",
83317,"ANDA",,"IMPAX LABS",
83320,"ANDA",,"ALRA",
83321,"ANDA",,"ARCUM",
83325,"ANDA",,"WHITEWORTH TOWN PLSN",
83329,"ANDA",,"WEST-WARD PHARMS INT",
83337,"ANDA",,"WHITEWORTH TOWN PLSN",
83338,"ANDA",,"WHITEWORTH TOWN PLSN",
83342,"ANDA",,"ALCON",
83343,"ANDA",,"SCHERER LABS",
83345,"ANDA",,"HOSPIRA",
83346,"ANDA",,"HOSPIRA",
83347,"ANDA",,"IMPAX LABS",
83351,"ANDA",,"CHASE CHEM",
83358,"ANDA",,"AKORN",
83362,"ANDA",,"WATSON LABS",
83363,"ANDA",,"ELKINS SINN",
83364,"ANDA",,"FERNDALE LABS",
83365,"ANDA",,"HIKMA INTL PHARMS",
83368,"ANDA",,"ELKINS SINN",
83376,"ANDA",,"ROCHE PALO",
83380,"ANDA",,"ASTELLAS",
83381,"ANDA",,"BAYER PHARMS",
83383,"ANDA",,"WYETH AYERST",
83386,"ANDA",,"USL PHARMA",
83387,"ANDA",,"DELL LABS",
83388,"ANDA",,"DELL LABS",
83389,"ANDA",,"DELL LABS",
83390,"ANDA",,"DELL LABS",
83391,"ANDA",,"WEST-WARD PHARMS INT",
83393,"ANDA",,"VALEANT PHARM INTL",
83397,"ANDA",,"WATSON LABS",
83398,"ANDA",,"WATSON LABS",
83401,"ANDA",,"WATSON LABS",
83403,"ANDA",,"WATSON LABS",
83414,"ANDA",,"PVT FORM",
83420,"ANDA",,"PVT FORM",
83426,"ANDA",,"WATSON LABS",
83431,"ANDA",,"ABRAXIS PHARM",
83436,"ANDA",,"LANNETT",
83439,"ANDA",,"EVERYLIFE",
83441,"ANDA",,"WHITEWORTH TOWN PLSN",
83442,"ANDA",,"WHITEWORTH TOWN PLSN",
83444,"ANDA",,"TABLICAPS",
83450,"ANDA",,"SOLVAY",
83453,"ANDA",,"HALSEY",
83456,"ANDA",,"WATSON LABS",
83457,"ANDA",,"MK LABS",
83458,"ANDA",,"WATSON LABS",
83459,"ANDA",,"SANOFI AVENTIS US",
83461,"ANDA",,"IVAX SUB TEVA PHARMS",
83462,"ANDA",,"WATSON LABS",
83464,"ANDA",,"PVT FORM",
83471,"ANDA",,"BARR",
83475,"ANDA",,"LANNETT",
83483,"ANDA",,"MILES",
83484,"ANDA",,"IVAX SUB TEVA PHARMS",
83486,"ANDA",,"BAXTER HLTHCARE",
83488,"ANDA",,"WYETH AYERST",
83494,"ANDA",,"TABLICAPS",
83501,"ANDA",,"WEST WARD",
83513,"ANDA",,"SAVAGE LABS",
83517,"ANDA",,"SANOFI AVENTIS US",
83518,"ANDA",,"SANOFI AVENTIS US",
83524,"ANDA",,"MARSHALL PHARMA",
83525,"ANDA",,"MK LABS",
83526,"ANDA",,"MK LABS",
83528,"ANDA",,"MYLAN",
83531,"ANDA",,"WATSON LABS",
83532,"ANDA",,"WATSON LABS",
83533,"ANDA",,"WATSON LABS",
83534,"ANDA",,"WATSON LABS",
83535,"ANDA",,"WATSON LABS",
83536,"ANDA",,"IVAX SUB TEVA PHARMS",
83538,"ANDA",,"HALSEY",
83544,"ANDA",,"MK LABS",
83546,"ANDA",,"WATSON LABS",
83547,"ANDA",,"WATSON LABS INC",
83549,"ANDA",,"IVAX SUB TEVA PHARMS",
83551,"ANDA",,"WATSON LABS",
83553,"ANDA",,"PANRAY",
83554,"ANDA",,"ALRA",
83557,"ANDA",,"LANNETT",
83559,"ANDA",,"BELMORA LLC",
83560,"ANDA",,"UPSHER-SMITH LABS",
83561,"ANDA",,"UPSHER-SMITH LABS",
83563,"ANDA",,"TEVA",
83564,"ANDA",,"TEVA",
83567,"ANDA",,"HIKMA INTL PHARMS",
83568,"ANDA",,"IVAX SUB TEVA PHARMS",
83570,"ANDA",,"IVAX SUB TEVA PHARMS",
83571,"ANDA",,"IVAX SUB TEVA PHARMS",
83572,"ANDA",,"IVAX SUB TEVA PHARMS",
83573,"ANDA",,"IVAX SUB TEVA PHARMS",
83574,"ANDA",,"IVAX SUB TEVA PHARMS",
83575,"ANDA",,"IVAX SUB TEVA PHARMS",
83576,"ANDA",,"KEY PHARMS",
83583,"ANDA",,"HALSEY",
83590,"ANDA",,"AKORN INC",
83593,"ANDA",,"WATSON LABS",
83595,"ANDA",,"WATSON LABS",
83597,"ANDA",,"IVAX SUB TEVA PHARMS",
83598,"ANDA",,"HALSEY",
83603,"ANDA",,"IVAX SUB TEVA PHARMS",
83604,"ANDA",,"IVAX SUB TEVA PHARMS",
83605,"ANDA",,"WATSON LABS",
83606,"ANDA",,"SOLVAY",
83607,"ANDA",,"IMPAX LABS",
83610,"ANDA",,"IVAX SUB TEVA PHARMS",
83613,"ANDA",,"IVAX SUB TEVA PHARMS",
83618,"ANDA",,"MYLAN",
83622,"ANDA",,"ELKINS SINN",
83625,"ANDA",,"PARKE DAVIS",
83626,"ANDA",,"PARKE DAVIS",
83627,"ANDA",,"WATSON LABS",
83629,"ANDA",,"HALSEY",
83632,"ANDA",,"HALSEY",
83633,"ANDA",,"SUN PHARM INDUSTRIES",
83634,"ANDA",,"NEXGEN PHARMA INC",
83639,"ANDA",,"ROCHE",
83640,"ANDA",,"CYCLE PHARMS LTD",
83643,"ANDA",,"CARNRICK",
83644,"ANDA",,"BARR",
83654,"ANDA",,"WATSON LABS",
83655,"ANDA",,"FERNDALE LABS",
83658,"ANDA",,"PVT FORM",
83665,"ANDA",,"WHARTON LABS",
83666,"ANDA",,"WATSON LABS",
83667,"ANDA",,"WATSON LABS",
83674,"ANDA",,"BUNDY",
83675,"ANDA",,"BUNDY",
83676,"ANDA",,"BUNDY",
83677,"ANDA",,"MYLAN PHARMS INC",
83682,"ANDA",,"IVAX SUB TEVA PHARMS",
83684,"ANDA",,"BARR",
83686,"ANDA",,"BARR",
83687,"ANDA",,"BARR",
83688,"ANDA",,"SANDOZ",
83689,"ANDA",,"MYLAN",
83693,"ANDA",,"LANNETT",
83702,"ANDA",,"WATSON LABS",
83706,"ANDA",,"MYLAN",
83711,"ANDA",,"WATSON LABS",
83712,"ANDA",,"WATSON LABS",
83714,"ANDA",,"WATSON LABS",
83718,"ANDA",,"HIKMA PHARMS",
83720,"ANDA",,"IMPAX LABS",
83722,"ANDA",,"INTL MEDICATION",
83724,"ANDA",,"INTL MEDICATION",
83729,"ANDA",,"TEVA",
83733,"ANDA",,"BEL MAR",
83734,"ANDA",,"ANI PHARMS INC",
83735,"ANDA",,"TEVA",
83738,"ANDA",,"BEL MAR",
83739,"ANDA",,"BEL MAR",
83740,"ANDA",,"IVAX SUB TEVA PHARMS",
83741,"ANDA",,"IVAX SUB TEVA PHARMS",
83742,"ANDA",,"IVAX SUB TEVA PHARMS",
83743,"ANDA",,"LANNETT",
83745,"ANDA",,"SANDOZ",
83750,"ANDA",,"IVAX SUB TEVA PHARMS",
83753,"ANDA",,"PHARMERAL",
83754,"ANDA",,"FOREST PHARMS",
83759,"ANDA",,"WATSON LABS",
83760,"ANDA",,"WATSON LABS",
83764,"ANDA",,"WATSON LABS",
83765,"ANDA",,"PVT FORM",
83767,"ANDA",,"WATSON LABS",
83770,"ANDA",,"WATSON LABS",
83771,"ANDA",,"DELL LABS",
83772,"ANDA",,"DELL LABS",
83775,"ANDA",,"DELL LABS",
83778,"ANDA",,"SEBELA IRELAND LTD",
83784,"ANDA",,"IVAX SUB TEVA PHARMS",
83786,"ANDA",,"WARNER CHILCOTT",
83787,"ANDA",,"WEST WARD",
83789,"ANDA",,"SHIRE",
83790,"ANDA",,"NUMARK",
83791,"ANDA",,"SHIRE",
83795,"ANDA",,"WATSON LABS",
83797,"ANDA",,"WATSON LABS",
83799,"ANDA",,"ROXANE",
83804,"ANDA",,"USL PHARMA",
83805,"ANDA",,"USL PHARMA",
83806,"ANDA",,"PHOENIX LABS NY",
83807,"ANDA",,"PHOENIX LABS NY",
83808,"ANDA",,"CONTRACT PHARMACAL",
83809,"ANDA",,"WHITEWORTH TOWN PLSN",
83820,"ANDA",,"WATSON LABS",
83821,"ANDA",,"WATSON LABS",
83823,"ANDA",,"SANOFI AVENTIS US",
83827,"ANDA",,"ALRA",
83830,"ANDA",,"WHITEWORTH TOWN PLSN",
83834,"ANDA",,"SCHERING",
83836,"ANDA",,"PVT FORM",
83838,"ANDA",,"HOSPIRA",
83847,"ANDA",,"WATSON LABS",
83855,"ANDA",,"WATSON LABS",
83856,"ANDA",,"SOLVAY",
83857,"ANDA",,"SOLVAY",
83858,"ANDA",,"MARSHALL PHARMA",
83862,"ANDA",,"HIKMA PHARMS",
83867,"ANDA",,"TABLICAPS",
83870,"ANDA",,"SANDOZ",
83871,"ANDA",,"HALSEY",
83872,"ANDA",,"HALSEY",
83877,"ANDA",,"IVAX SUB TEVA PHARMS",
83879,"ANDA",,"WARNER CHILCOTT",
83889,"ANDA",,"TEVA",
83891,"ANDA",,"HALSEY",
83892,"ANDA",,"ALLERGAN HERBERT",
83896,"ANDA",,"SOLVAY",
83897,"ANDA",,"SOLVAY",
83898,"ANDA",,"SOLVAY",
83899,"ANDA",,"AUROLIFE PHARMA LLC",
83900,"ANDA",,"SMITH KLINE & FRENCH",
83901,"ANDA",,"LANNETT",
83902,"ANDA",,"GLAXOSMITHKLINE",
83903,"ANDA",,"LANNETT",
83914,"ANDA",,"HOSPIRA",
83919,"ANDA",,"MEDPOINTE PHARM HLC",
83921,"ANDA",,"FOREST LABS",
83922,"ANDA",,"CHARTWELL RX",
83923,"ANDA",,"CHARTWELL RX",
83925,"ANDA",,"SOLVAY",
83930,"ANDA",,"HALSEY",
83937,"ANDA",,"WARNER CHILCOTT",
83938,"ANDA",,"WARNER CHILCOTT",
83939,"ANDA",,"WARNER CHILCOTT",
83941,"ANDA",,"FERNDALE LABS",
83943,"ANDA",,"DELCOR ASSET CORP",
83944,"ANDA",,"DELCOR ASSET CORP",
83947,"ANDA",,"PHARMACIA AND UPJOHN",
83948,"ANDA",,"BANNER PHARMACAPS",
83951,"ANDA",,"GLAXOSMITHKLINE",
83953,"ANDA",,"HEATHER",
83955,"ANDA",,"AKORN",
83963,"ANDA",,"VINTAGE PHARMS",
83965,"ANDA",,"CHARTWELL RX",
83967,"ANDA",,"IMPAX LABS",
83972,"ANDA",,"SUN PHARM INDUSTRIES",
83973,"ANDA",,"BANNER PHARMACAPS",
83976,"ANDA",,"VALEANT PHARM INTL",
83978,"ANDA",,"MYLAN",
83981,"ANDA",,"BANNER PHARMACAPS",
83982,"ANDA",,"SUN PHARM INDUSTRIES",
83989,"ANDA",,"HEATHER",
83993,"ANDA",,"SOLVAY",
83997,"ANDA",,"ALTANA",
83999,"ANDA",,"BARR",
84001,"ANDA",,"FERNDALE LABS",
84003,"ANDA",,"PUREPAC PHARM",
84013,"ANDA",,"SUN PHARM INDUSTRIES",
84014,"ANDA",,"SANDOZ",
84015,"ANDA",,"ALLERGAN",
84020,"ANDA",,"PUREPAC PHARM",
84026,"ANDA",,"WATSON LABS",
84027,"ANDA",,"TABLICAPS",
84029,"ANDA",,"IMPAX LABS",
84030,"ANDA",,"FERNDALE LABS",
84031,"ANDA",,"BARR",
84035,"ANDA",,"SOLVAY",
84040,"ANDA",,"IVAX SUB TEVA PHARMS",
84041,"ANDA",,"UPSHER-SMITH LABS",
84048,"ANDA",,"SEPTODONT",
84050,"ANDA",,"NEXGEN PHARMA INC",
84051,"ANDA",,"SHIRE",
84053,"ANDA",,"VITARINE",
84055,"ANDA",,"VALEANT PHARM INTL",
84059,"ANDA",,"G AND W LABS",
84060,"ANDA",,"GLAXOSMITHKLINE",
84072,"ANDA",,"WATSON LABS",
84074,"ANDA",,"LANNETT",
84075,"ANDA",,"ABBOTT",
84080,"ANDA",,"TABLICAPS",
84081,"ANDA",,"SUN PHARM INDUSTRIES",
84084,"ANDA",,"SUN PHARM INDUSTRIES",
84085,"ANDA",,"WHITEWORTH TOWN PLSN",
84086,"ANDA",,"SUN PHARM INDUSTRIES",
84088,"ANDA",,"LANNETT",
84092,"ANDA",,"SANDOZ",
84093,"ANDA",,"OAK PHARMS",
84094,"ANDA",,"INTL MEDICATION",
84095,"ANDA",,"OAK PHARMS",
84100,"ANDA",,"LILLY",
84106,"ANDA",,"MUTUAL PHARM",
84107,"ANDA",,"MUTUAL PHARM",
84108,"ANDA",,"ALCON LABS INC",
84109,"ANDA",,"ALCON LABS INC",
84110,"ANDA",,"ALCON LABS INC",
84112,"ANDA",,"USL PHARMA",
84113,"ANDA",,"USL PHARMA",
84114,"ANDA",,"USL PHARMA",
84115,"ANDA",,"USL PHARMA",
84122,"ANDA",,"WEST-WARD PHARMS INT",
84125,"ANDA",,"PUREPAC PHARM",
84133,"ANDA",,"IVAX SUB TEVA PHARMS",
84134,"ANDA",,"IVAX SUB TEVA PHARMS",
84135,"ANDA",,"HEATHER",
84138,"ANDA",,"KV PHARM",
84141,"ANDA",,"KV PHARM",
84143,"ANDA",,"SOLA BARNES HIND",
84144,"ANDA",,"SOLA BARNES HIND",
84145,"ANDA",,"SOLA BARNES HIND",
84146,"ANDA",,"SOLA BARNES HIND",
84147,"ANDA",,"SOLA BARNES HIND",
84148,"ANDA",,"SOLA BARNES HIND",
84149,"ANDA",,"SOLA BARNES HIND",
84150,"ANDA",,"SOLA BARNES HIND",
84151,"ANDA",,"SOLA BARNES HIND",
84153,"ANDA",,"IVC INDS",
84156,"ANDA",,"PARKE DAVIS",
84158,"ANDA",,"PHARMERAL",
84160,"ANDA",,"ABBOTT",
84166,"ANDA",,"ABBOTT",
84168,"ANDA",,"SOLA BARNES HIND",
84169,"ANDA",,"SOLA BARNES HIND",
84170,"ANDA",,"SOLA BARNES HIND",
84171,"ANDA",,"SOLA BARNES HIND",
84172,"ANDA",,"SOLA BARNES HIND",
84173,"ANDA",,"SOLA BARNES HIND",
84176,"ANDA",,"SANDOZ",
84177,"ANDA",,"BARR",
84181,"ANDA",,"IVAX SUB TEVA PHARMS",
84188,"ANDA",,"GLENWOOD",
84204,"ANDA",,"SUN PHARM INDUSTRIES",
84211,"ANDA",,"MYLAN",
84214,"ANDA",,"IMPAX LABS",
84215,"ANDA",,"ROCHE PALO",
84217,"ANDA",,"MYLAN",
84218,"ANDA",,"REED AND CARNRICK",
84219,"ANDA",,"REED AND CARNRICK",
84220,"ANDA",,"NEXGEN PHARMA INC",
84222,"ANDA",,"ABBOTT",
84223,"ANDA",,"ABBOTT",
84225,"ANDA",,"BARR",
84230,"ANDA",,"BARR",
84231,"ANDA",,"PURACAP PHARM",
84233,"ANDA",,"SANDOZ",
84236,"ANDA",,"KV PHARM",
84237,"ANDA",,"TABLICAPS",
84238,"ANDA",,"NEXGEN PHARMA INC",
84241,"ANDA",,"PARKE DAVIS",
84243,"ANDA",,"PARKE DAVIS",
84244,"ANDA",,"PARKE DAVIS",
84246,"ANDA",,"EVERYLIFE",
84247,"ANDA",,"PUREPAC PHARM",
84252,"ANDA",,"WATSON LABS",
84259,"ANDA",,"MYLAN",
84264,"ANDA",,"WEST WARD",
84267,"ANDA",,"BARR",
84268,"ANDA",,"BARR",
84270,"ANDA",,"WATSON LABS",
84272,"ANDA",,"SANDOZ",
84274,"ANDA",,"WATSON LABS",
84275,"ANDA",,"LANNETT",
84276,"ANDA",,"WATSON LABS",
84277,"ANDA",,"WATSON LABS",
84279,"ANDA",,"WATSON LABS",
84280,"ANDA",,"WATSON LABS",
84282,"ANDA",,"WEST-WARD PHARMS INT",
84283,"ANDA",,"WEST-WARD PHARMS INT",
84285,"ANDA",,"LANNETT",
84286,"ANDA",,"BARR",
84287,"ANDA",,"IMPAX LABS",
84290,"ANDA",,"ABRAXIS PHARM",
84291,"ANDA",,"IVAX SUB TEVA PHARMS",
84292,"ANDA",,"SANDOZ",
84294,"ANDA",,"SANDOZ",
84300,"ANDA",,"ALCON LABS INC",
84301,"ANDA",,"TEVA",
84303,"ANDA",,"WATSON LABS",
84305,"ANDA",,"SANDOZ INC",
84306,"ANDA",,"NOVARTIS PHARMS CORP",
84307,"ANDA",,"WEST-WARD PHARMS INT",
84310,"ANDA",,"IMPAX LABS",
84312,"ANDA",,"KV PHARM",
84315,"ANDA",,"WATSON LABS",
84316,"ANDA",,"WYETH AYERST",
84318,"ANDA",,"BARR",
84319,"ANDA",,"BARR",
84320,"ANDA",,"BARR",
84321,"ANDA",,"BEECHAM",
84323,"ANDA",,"MYLAN",
84324,"ANDA",,"LANNETT CO INC",
84325,"ANDA",,"LANNETT CO INC",
84326,"ANDA",,"WATSON LABS",
84327,"ANDA",,"WHITEWORTH TOWN PLSN",
84329,"ANDA",,"HEATHER",
84331,"ANDA",,"WEST WARD",
84332,"ANDA",,"ROXANE",
84339,"ANDA",,"FOSUN PHARMA",
84340,"ANDA",,"IMPAX LABS",
84341,"ANDA",,"HEATHER",
84342,"ANDA",,"CENT PHARMS",
84343,"ANDA",,"DELCOR ASSET CORP",
84349,"ANDA",,"PARKE-DAVIS",
84351,"ANDA",,"IVAX SUB TEVA PHARMS",
84353,"ANDA",,"SANDOZ",
84355,"ANDA",,"WATSON LABS",
84357,"ANDA",,"WATSON LABS",
84360,"ANDA",,"WHITEWORTH TOWN PLSN",
84361,"ANDA",,"WATSON LABS",
84362,"ANDA",,"WATSON LABS",
84363,"ANDA",,"WATSON LABS",
84364,"ANDA",,"WATSON LABS",
84369,"ANDA",,"SOLVAY",
84378,"ANDA",,"SANDOZ",
84379,"ANDA",,"SANDOZ",
84382,"ANDA",,"BUNDY",
84383,"ANDA",,"SANDOZ",
84384,"ANDA",,"SANDOZ",
84385,"ANDA",,"PHARMERAL",
84386,"ANDA",,"WYETH AYERST",
84393,"ANDA",,"LANNETT",
84394,"ANDA",,"ACTAVIS MID ATLANTIC",
84398,"ANDA",,"USL PHARMA",
84399,"ANDA",,"USL PHARMA",
84401,"ANDA",,"WATSON LABS",
84402,"ANDA",,"WATSON LABS",
84403,"ANDA",,"WATSON LABS",
84406,"ANDA",,"MYLAN",
84408,"ANDA",,"WATSON LABS",
84411,"ANDA",,"ABBOTT",
84412,"ANDA",,"ABBOTT",
84413,"ANDA",,"ABBOTT",
84414,"ANDA",,"ABBOTT",
84415,"ANDA",,"ABBOTT",
84417,"ANDA",,"HEATHER",
84422,"ANDA",,"ANABOLIC",
84423,"ANDA",,"PARKE DAVIS",
84426,"ANDA",,"BARR",
84427,"ANDA",,"PFIZER",
84428,"ANDA",,"TABLICAPS",
84435,"ANDA",,"SOLVAY",
84436,"ANDA",,"SOLVAY",
84437,"ANDA",,"IVAX SUB TEVA PHARMS",
84438,"ANDA",,"PHARMAVITE",
84439,"ANDA",,"EVERYLIFE",
84440,"ANDA",,"EVERYLIFE",
84441,"ANDA",,"WATSON LABS",
84442,"ANDA",,"WATSON LABS TEVA",
84443,"ANDA",,"IVAX SUB TEVA PHARMS",
84444,"ANDA",,"ROBINS AH",
84445,"ANDA",,"ROBINS AH",
84446,"ANDA",,"ROBINS AH",
84448,"ANDA",,"SOLVAY",
84449,"ANDA",,"SOLVAY",
84457,"ANDA",,"WATSON LABS",
84463,"ANDA",,"BANNER PHARMACAPS",
84466,"ANDA",,"WATSON LABS",
84467,"ANDA",,"WATSON LABS",
84468,"ANDA",,"BARR",
84469,"ANDA",,"IVAX SUB TEVA PHARMS",
84471,"ANDA",,"PURACAP PHARM",
84472,"ANDA",,"SANDOZ",
84476,"ANDA",,"BAYER PHARMS",
84479,"ANDA",,"ALPHARMA US PHARMS",
84486,"ANDA",,"SUN PHARM INDUSTRIES",
84487,"ANDA",,"UPSHER-SMITH LABS",
84488,"ANDA",,"SUN PHARM INDUSTRIES",
84492,"ANDA",,"AKORN",
84493,"ANDA",,"AKORN",
84498,"ANDA",,"WATSON LABS",
84499,"ANDA",,"BRISTOL MYERS SQUIBB",
84500,"ANDA",,"BRISTOL MYERS SQUIBB",
84503,"ANDA",,"WATSON LABS",
84504,"ANDA",,"WATSON LABS",
84505,"ANDA",,"SUN PHARM INDUSTRIES",
84506,"ANDA",,"MUTUAL PHARM",
84510,"ANDA",,"WATSON LABS",
84514,"ANDA",,"SAVAGE LABS",
84517,"ANDA",,"WATSON LABS",
84524,"ANDA",,"HEATHER",
84530,"ANDA",,"VALE",
84531,"ANDA",,"VALE",
84533,"ANDA",,"PAL PAK",
84535,"ANDA",,"LANNETT",
84536,"ANDA",,"ROXANE",
84539,"ANDA",,"ABBOTT",
84540,"ANDA",,"HIKMA INTL PHARMS",
84541,"ANDA",,"IMPAX LABS",
84542,"ANDA",,"CHARTWELL RX",
84543,"ANDA",,"CHARTWELL RX",
84546,"ANDA",,"PERRIGO",
84547,"ANDA",,"PERRIGO",
84549,"ANDA",,"IVAX SUB TEVA PHARMS",
84551,"ANDA",,"WHITEWORTH TOWN PLSN",
84552,"ANDA",,"PANRAY",
84553,"ANDA",,"ALRA",
84554,"ANDA",,"SUN PHARM INDUSTRIES",
84555,"ANDA",,"SUN PHARM INDUSTRIES",
84557,"ANDA",,"SUN PHARM INDUSTRIES",
84559,"ANDA",,"PANRAY",
84560,"ANDA",,"PERRIGO",
84561,"ANDA",,"PERRIGO",
84563,"ANDA",,"VALEANT PHARM INTL",
84566,"ANDA",,"MYLAN SPECIALITY LP",
84568,"ANDA",,"ABRAXIS PHARM",
84573,"ANDA",,"SOLVAY",
84574,"ANDA",,"IMPAX LABS",
84575,"ANDA",,"IMPAX LABS",
84576,"ANDA",,"IMPAX LABS",
84577,"ANDA",,"IMPAX LABS",
84578,"ANDA",,"LANNETT",
84579,"ANDA",,"BARR",
84580,"ANDA",,"BARR",
84581,"ANDA",,"IVAX SUB TEVA PHARMS",
84588,"ANDA",,"LANNETT",
84589,"ANDA",,"NEXGEN PHARMA INC",
84590,"ANDA",,"ANABOLIC",
84591,"ANDA",,"WATSON LABS",
84595,"ANDA",,"IVAX SUB TEVA PHARMS",
84598,"ANDA",,"PARKE DAVIS",
84600,"ANDA",,"SUN PHARM INDUSTRIES",
84601,"ANDA",,"MYLAN",
84603,"ANDA",,"ROXANE",
84604,"ANDA",,"IVAX SUB TEVA PHARMS",
84606,"ANDA",,"IVAX SUB TEVA PHARMS",
84610,"ANDA",,"WEST-WARD PHARMS INT",
84611,"ANDA",,"WEST-WARD PHARMS INT",
84612,"ANDA",,"WEST-WARD PHARMS INT",
84613,"ANDA",,"WEST-WARD PHARMS INT",
84614,"ANDA",,"ROXANE",
84615,"ANDA",,"FOSUN PHARMA",
84616,"ANDA",,"FOSUN PHARMA",
84617,"ANDA",,"SANDOZ",
84623,"ANDA",,"USL PHARMA",
84625,"ANDA",,"WEST-WARD PHARMS INT",
84626,"ANDA",,"ELKINS SINN",
84627,"ANDA",,"PHARMAVITE",
84629,"ANDA",,"BEL MAR",
84631,"ANDA",,"SANDOZ",
84632,"ANDA",,"TABLICAPS",
84634,"ANDA",,"MUTUAL PHARM",
84639,"ANDA",,"RACHELLE",
84640,"ANDA",,"USL PHARMA",
84642,"ANDA",,"WEST WARD",
84644,"ANDA",,"USL PHARMA",
84645,"ANDA",,"USL PHARMA",
84648,"ANDA",,"IVAX SUB TEVA PHARMS",
84649,"ANDA",,"IVAX SUB TEVA PHARMS",
84652,"ANDA",,"BANNER PHARMACAPS",
84655,"ANDA",,"SCHWARZ PHARMA",
84656,"ANDA",,"ROXANE",
84657,"ANDA",,"ANI PHARMS INC",
84658,"ANDA",,"IVAX SUB TEVA PHARMS",
84659,"ANDA",,"ROXANE",
84662,"ANDA",,"PHARMAVITE",
84663,"ANDA",,"PHARMAVITE",
84667,"ANDA",,"ROXANE",
84669,"ANDA",,"SANDOZ",
84674,"ANDA",,"HALSEY",
84675,"ANDA",,"HEATHER",
84676,"ANDA",,"HALSEY",
84677,"ANDA",,"HALSEY",
84678,"ANDA",,"UPSHER-SMITH LABS",
84679,"ANDA",,"UPSHER-SMITH LABS",
84685,"ANDA",,"HALSEY",
84689,"ANDA",,"IVAX SUB TEVA PHARMS",
84696,"ANDA",,"LANNETT",
84697,"ANDA",,"SEPTODONT INC",
84698,"ANDA",,"HEALTHPOINT",
84699,"ANDA",,"PUREPAC PHARM",
84700,"ANDA",,"ROXANE",
84702,"ANDA",,"LANNETT",
84705,"ANDA",,"ROXANE",
84706,"ANDA",,"ROXANE",
84707,"ANDA",,"ROXANE",
84708,"ANDA",,"ROXANE",
84709,"ANDA",,"ROXANE",
84710,"ANDA",,"PHARMACIA AND UPJOHN",
84712,"ANDA",,"LANNETT",
84714,"ANDA",,"ABC HOLDING",
84717,"ANDA",,"CENT PHARMS",
84719,"ANDA",,"HALSEY",
84720,"ANDA",,"CARLISLE",
84721,"ANDA",,"CARLISLE",
84723,"ANDA",,"HALSEY",
84726,"ANDA",,"ORTHO MCNEIL PHARM",
84727,"ANDA",,"PHARMATON",
84728,"ANDA",,"PHARMATON",
84729,"ANDA",,"PHARMATON",
84731,"ANDA",,"SCHERER RP",
84732,"ANDA",,"CARLISLE",
84735,"ANDA",,"NOVARTIS",
84736,"ANDA",,"PANRAY",
84737,"ANDA",,"WATSON LABS",
84738,"ANDA",,"WATSON LABS",
84739,"ANDA",,"ROXANE",
84740,"ANDA",,"INWOOD LABS",
84741,"ANDA",,"INWOOD LABS",
84742,"ANDA",,"INWOOD LABS",
84743,"ANDA",,"INWOOD LABS",
84744,"ANDA",,"PARKE DAVIS",
84747,"ANDA",,"WATSON LABS",
84748,"ANDA",,"WATSON LABS",
84751,"ANDA",,"SAVAGE LABS",
84752,"ANDA",,"BEL MAR",
84754,"ANDA",,"STI PHARMA LLC",
84756,"ANDA",,"LANNETT CO INC",
84762,"ANDA",,"PARKE DAVIS",
84763,"ANDA",,"SUN PHARM INDUSTRIES",
84764,"ANDA",,"SUN PHARM INDUSTRIES",
84765,"ANDA",,"SUN PHARM INDUSTRIES",
84766,"ANDA",,"SUN PHARM INDUSTRIES",
84767,"ANDA",,"BAXTER HLTHCARE",
84768,"ANDA",,"BARR",
84769,"ANDA",,"BARR",
84771,"ANDA",,"BARR",
84772,"ANDA",,"ALPHARMA US PHARMS",
84773,"ANDA",,"AUROLIFE PHARMA LLC",
84774,"ANDA",,"AUROLIFE PHARMA LLC",
84775,"ANDA",,"TEVA",
84776,"ANDA",,"INWOOD LABS",
84777,"ANDA",,"SOLVAY",
84779,"ANDA",,"WATSON LABS",
84789,"ANDA",,"LEDERLE",
84800,"ANDA",,"LEDERLE",
84801,"ANDA",,"LEDERLE",
84802,"ANDA",,"LEDERLE",
84803,"ANDA",,"LEDERLE",
84804,"ANDA",,"PUREPAC PHARM",
84810,"ANDA",,"NOVARTIS",
84811,"ANDA",,"NOVARTIS",
84823,"ANDA",,"UPSHER-SMITH LABS",
84827,"ANDA",,"SANDOZ",
84831,"ANDA",,"BARR",
84834,"ANDA",,"BARR",
84835,"ANDA",,"BARR",
84840,"ANDA",,"LANNETT",
84843,"ANDA",,"SANDOZ",
84846,"ANDA",,"TABLICAPS",
84850,"ANDA",,"BELMORA LLC",
84853,"ANDA",,"WATSON LABS",
84855,"ANDA",,"AKORN",
84863,"ANDA",,"SOLA BARNES HIND",
84868,"ANDA",,"3M",
84869,"ANDA",,"SANDOZ",
84872,"ANDA",,"BUNDY",
84875,"ANDA",,"WATSON LABS",
84876,"ANDA",,"SANDOZ",
84878,"ANDA",,"HIKMA INTL PHARMS",
84880,"ANDA",,"MYLAN",
84886,"ANDA",,"MYLAN",
84887,"ANDA",,"MYLAN",
84897,"ANDA",,"CHARTWELL RX",
84899,"ANDA",,"WEST WARD",
84901,"ANDA",,"POLYMEDICA",
84902,"ANDA",,"POLYMEDICA",
84903,"ANDA",,"LANNETT",
84908,"ANDA",,"TEVA",
84911,"ANDA",,"ABRAXIS PHARM",
84912,"ANDA",,"YAOPHARMA CO LTD",
84913,"ANDA",,"WHITEWORTH TOWN PLSN",
84914,"ANDA",,"SANDOZ",
84915,"ANDA",,"NEXGEN PHARMA INC",
84916,"ANDA",,"FRESENIUS KABI USA",
84919,"ANDA",,"UPSHER-SMITH LABS",
84920,"ANDA",,"UPSHER-SMITH LABS",
84921,"ANDA",,"ABRAXIS PHARM",
84922,"ANDA",,"IMPAX LABS",
84923,"ANDA",,"IMPAX LABS",
84924,"ANDA",,"HEATHER",
84926,"ANDA",,"WEST WARD",
84927,"ANDA",,"IMPAX LABS",
84928,"ANDA",,"IMPAX LABS",
84930,"ANDA",,"WATSON LABS",
84931,"ANDA",,"REXAR",
84932,"ANDA",,"SOLVAY",
84935,"ANDA",,"GLAXOSMITHKLINE",
84936,"ANDA",,"SANDOZ",
84937,"ANDA",,"SANDOZ",
84939,"ANDA",,"PUREPAC PHARM",
84944,"ANDA",,"CARLISLE",
84946,"ANDA",,"CARLISLE",
84947,"ANDA",,"CARLISLE",
84948,"ANDA",,"MONARCH PHARMS",
84949,"ANDA",,"MONARCH PHARMS",
84950,"ANDA",,"MONARCH PHARMS",
84951,"ANDA",,"MONARCH PHARMS",
84955,"ANDA",,"PARKE DAVIS",
84957,"ANDA",,"WARNER CHILCOTT",
84964,"ANDA",,"WATSON LABS",
84967,"ANDA",,"HEATHER",
84968,"ANDA",,"PERRIGO NEW YORK",
84969,"ANDA",,"PERRIGO NEW YORK",
84970,"ANDA",,"PERRIGO NEW YORK",
84974,"ANDA",,"MYLAN",
84975,"ANDA",,"ANI PHARMS INC",
84976,"ANDA",,"IVAX SUB TEVA PHARMS",
84977,"ANDA",,"BH",
84978,"ANDA",,"MEDPOINTE PHARM HLC",
84986,"ANDA",,"VITARINE",
84988,"ANDA",,"SOLA BARNES HIND",
84989,"ANDA",,"SOLA BARNES HIND",
84990,"ANDA",,"SOLVAY",
84991,"ANDA",,"SOLVAY",
84992,"ANDA",,"SOLVAY",
84993,"ANDA",,"SOLVAY",
84999,"ANDA",,"CARACO",
85000,"ANDA",,"WEST WARD",
85003,"ANDA",,"HIKMA INTL PHARMS",
85004,"ANDA",,"ROXANE",
85005,"ANDA",,"ROXANE",
85007,"ANDA",,"PVT FORM",
85008,"ANDA",,"PVT FORM",
85009,"ANDA",,"ALRA",
85010,"ANDA",,"SOLVAY",
85014,"ANDA",,"WEST WARD",
85015,"ANDA",,"ALPHARMA US PHARMS",
85017,"ANDA",,"KEY PHARMS",
85020,"ANDA",,"BRISTOL MYERS SQUIBB",
85022,"ANDA",,"IVAX SUB TEVA PHARMS",
85025,"ANDA",,"PERRIGO NEW YORK",
85026,"ANDA",,"PERRIGO NEW YORK",
85027,"ANDA",,"PERRIGO NEW YORK",
85028,"ANDA",,"PERRIGO NEW YORK",
85031,"ANDA",,"ANI PHARMS INC",
85032,"ANDA",,"ANI PHARMS INC",
85033,"ANDA",,"NYLOS",
85034,"ANDA",,"SANDOZ",
85035,"ANDA",,"R AND S PHARMA",
85037,"ANDA",,"AKORN",
85038,"ANDA",,"LILLY",
85046,"ANDA",,"SANDOZ",
85052,"ANDA",,"WATSON LABS",
85053,"ANDA",,"WATSON LABS",
85054,"ANDA",,"ACTAVIS ELIZABETH",
85055,"ANDA",,"JANSSEN PHARMS",
85056,"ANDA",,"ORTHO MCNEIL PHARM",
85057,"ANDA",,"ORTHO MCNEIL PHARM",
85061,"ANDA",,"CONTRACT PHARMACAL",
85067,"ANDA",,"INWOOD LABS",
85068,"ANDA",,"SCHERER LABS",
85070,"ANDA",,"LANNETT",
85075,"ANDA",,"FLEMING PHARMS",
85076,"ANDA",,"PVT FORM",
85079,"ANDA",,"PARKE DAVIS",
85082,"ANDA",,"WATSON LABS",
85083,"ANDA",,"WATSON LABS",
85084,"ANDA",,"WATSON LABS",
85085,"ANDA",,"WATSON LABS",
85086,"ANDA",,"RACHELLE",
85087,"ANDA",,"RACHELLE",
85088,"ANDA",,"UPSHER-SMITH LABS",
85091,"ANDA",,"PHARMAVITE",
85093,"ANDA",,"WARNER CHILCOTT",
85094,"ANDA",,"WATSON LABS",
85095,"ANDA",,"TEVA",
85098,"ANDA",,"IMPAX LABS",
85099,"ANDA",,"WATSON LABS",
85100,"ANDA",,"LEDERLE",
85103,"ANDA",,"LILLY",
85104,"ANDA",,"PHARMAVITE",
85105,"ANDA",,"WATSON LABS",
85106,"ANDA",,"VINTAGE PHARMS LLC",
85107,"ANDA",,"ALRA",
85108,"ANDA",,"ALRA",
85112,"ANDA",,"MYLAN",
85113,"ANDA",,"IMPAX LABS",
85115,"ANDA",,"NYLOS",
85117,"ANDA",,"WATSON LABS",
85118,"ANDA",,"FERRANTE",
85119,"ANDA",,"FERRANTE",
85120,"ANDA",,"FERRANTE",
85121,"ANDA",,"WYETH AYERST",
85122,"ANDA",,"AKORN",
85123,"ANDA",,"HIKMA INTL PHARMS",
85125,"ANDA",,"TABLICAPS",
85128,"ANDA",,"TEVA",
85130,"ANDA",,"PERRIGO NEW YORK",
85131,"ANDA",,"ELKINS SINN",
85133,"ANDA",,"SANDOZ",
85136,"ANDA",,"FOREST LABS",
85137,"ANDA",,"INWOOD LABS",
85138,"ANDA",,"WATSON LABS",
85139,"ANDA",,"WATSON LABS",
85140,"ANDA",,"WATSON LABS",
85141,"ANDA",,"WATSON LABS",
85144,"ANDA",,"PUREPAC PHARM",
85146,"ANDA",,"SANDOZ",
85148,"ANDA",,"NOVARTIS",
85150,"ANDA",,"PUREPAC PHARM",
85151,"ANDA",,"PVT FORM",
85152,"ANDA",,"ELKINS SINN",
85153,"ANDA",,"SANDOZ",
85155,"ANDA",,"PUREPAC PHARM",
85156,"ANDA",,"PUREPAC PHARM",
85159,"ANDA",,"HIKMA INTL PHARMS",
85161,"ANDA",,"WATSON LABS",
85162,"ANDA",,"WATSON LABS",
85163,"ANDA",,"PARKE DAVIS",
85164,"ANDA",,"PARKE DAVIS",
85165,"ANDA",,"WATSON LABS",
85166,"ANDA",,"WATSON LABS",
85167,"ANDA",,"WATSON LABS",
85169,"ANDA",,"HALSEY",
85170,"ANDA",,"TABLICAPS",
85171,"ANDA",,"UCB INC",
85172,"ANDA",,"WATSON LABS",
85173,"ANDA",,"WATSON LABS",
85175,"ANDA",,"KING PHARMS",
85177,"ANDA",,"WATSON LABS",
85178,"ANDA",,"WATSON LABS",
85180,"ANDA",,"WATSON LABS",
85182,"ANDA",,"HERITAGE PHARMS INC",
85186,"ANDA",,"NOSTRUM LABS INC",
85187,"ANDA",,"SANOFI AVENTIS US",
85188,"ANDA",,"WATSON LABS",
85190,"ANDA",,"WATSON LABS",
85191,"ANDA",,"TEVA",
85192,"ANDA",,"WATSON LABS",
85195,"ANDA",,"WATSON LABS",
85199,"ANDA",,"PVT FORM",
85200,"ANDA",,"SANDOZ",
85201,"ANDA",,"WATSON LABS",
85202,"ANDA",,"SANOFI AVENTIS US",
85203,"ANDA",,"SANOFI AVENTIS US",
85204,"ANDA",,"SANOFI AVENTIS US",
85205,"ANDA",,"SANOFI AVENTIS US",
85206,"ANDA",,"SANOFI AVENTIS US",
85207,"ANDA",,"TABLICAPS",
85208,"ANDA",,"ACTAVIS ELIZABETH",
85211,"ANDA",,"HALSEY",
85213,"ANDA",,"SANDOZ",
85214,"ANDA",,"WATSON LABS",
85217,"ANDA",,"EVERYLIFE",
85218,"ANDA",,"WARNER CHILCOTT",
85219,"ANDA",,"AUROLIFE PHARMA LLC",
85220,"ANDA",,"WATSON LABS",
85221,"ANDA",,"WATSON LABS",
85222,"ANDA",,"SCHERING",
85223,"ANDA",,"WATSON LABS",
85228,"ANDA",,"WATSON LABS",
85229,"ANDA",,"WATSON LABS",
85230,"ANDA",,"WATSON LABS",
85231,"ANDA",,"WATSON LABS",
85232,"ANDA",,"WATSON LABS",
85233,"ANDA",,"WATSON LABS",
85237,"ANDA",,"WATSON LABS",
85239,"ANDA",,"WATSON LABS TEVA",
85245,"ANDA",,"WATSON LABS",
85247,"ANDA",,"SANDOZ",
85248,"ANDA",,"WATSON LABS",
85252,"ANDA",,"ABC HOLDING",
85253,"ANDA",,"ABC HOLDING",
85261,"ANDA",,"ANI PHARMS INC",
85263,"ANDA",,"KV PHARM",
85264,"ANDA",,"SANOFI AVENTIS US",
85266,"ANDA",,"MD PHARM",
85269,"ANDA",,"WATSON LABS",
85270,"ANDA",,"TABLICAPS",
85272,"ANDA",,"VALEANT",
85273,"ANDA",,"IVAX SUB TEVA PHARMS",
85276,"ANDA",,"KV PHARM",
85282,"ANDA",,"MERICON",
85284,"ANDA",,"KV PHARM",
85285,"ANDA",,"KV PHARM",
85287,"ANDA",,"PVT FORM",
85288,"ANDA",,"KV PHARM",
85289,"ANDA",,"KV PHARM",
85291,"ANDA",,"SANDOZ",
85294,"ANDA",,"WEST WARD",
85296,"ANDA",,"SOLVAY",
85297,"ANDA",,"SOLVAY",
85298,"ANDA",,"SOLVAY",
85299,"ANDA",,"SOLVAY",
85302,"ANDA",,"SANDOZ",
85303,"ANDA",,"ROCHE",
85311,"ANDA",,"FOSUN PHARMA",
85317,"ANDA",,"WATSON LABS",
85318,"ANDA",,"CHARTWELL RX",
85319,"ANDA",,"CHARTWELL RX",
85320,"ANDA",,"CHARTWELL RX",
85321,"ANDA",,"CHARTWELL RX",
85322,"ANDA",,"PERRIGO",
85323,"ANDA",,"SOLVAY",
85328,"ANDA",,"SCHERING",
85331,"ANDA",,"CYCLE PHARMS LTD",
85333,"ANDA",,"PUREPAC PHARM",
85338,"ANDA",,"WHITEWORTH TOWN PLSN",
85339,"ANDA",,"HALSEY",
85340,"ANDA",,"HALSEY",
85347,"ANDA",,"WHITEWORTH TOWN PLSN",
85353,"ANDA",,"CENT PHARMS",
85355,"ANDA",,"TEVA",
85362,"ANDA",,"HOSPIRA",
85363,"ANDA",,"KV PHARM",
85364,"ANDA",,"KV PHARM",
85365,"ANDA",,"KV PHARM",
85368,"ANDA",,"SEBELA IRELAND LTD",
85370,"ANDA",,"ANI PHARMS INC",
85371,"ANDA",,"SANDOZ",
85372,"ANDA",,"LANNETT",
85373,"ANDA",,"WATSON LABS",
85374,"ANDA",,"WATSON LABS",
85375,"ANDA",,"ORTHO MCNEIL PHARM",
85376,"ANDA",,"IMPAX LABS",
85380,"ANDA",,"MEDA PHARMS",
85381,"ANDA",,"MEDPOINTE PHARM HLC",
85383,"ANDA",,"WOCKHARDT",
85385,"ANDA",,"KV PHARM",
85388,"ANDA",,"KV PHARM",
85400,"ANDA",,"INTL MEDICATION",
85401,"ANDA",,"WATSON LABS",
85402,"ANDA",,"SANDOZ",
85409,"ANDA",,"VINTAGE PHARMS",
85410,"ANDA",,"VINTAGE PHARMS",
85411,"ANDA",,"ABC HOLDING",
85412,"ANDA",,"NYLOS",
85415,"ANDA",,"WATSON LABS",
85416,"ANDA",,"WATSON LABS",
85417,"ANDA",,"CHARTWELL RX",
85418,"ANDA",,"HIKMA PHARMS",
85420,"ANDA",,"PHARMERAL",
85421,"ANDA",,"PHARMERAL",
85432,"ANDA",,"HIKMA PHARMS",
85433,"ANDA",,"WATSON LABS",
85434,"ANDA",,"WATSON LABS",
85435,"ANDA",,"PHARMERAL",
85440,"ANDA",,"WATSON LABS",
85441,"ANDA",,"IVAX PHARMS",
85444,"ANDA",,"WHITEWORTH TOWN PLSN",
85446,"ANDA",,"WATSON LABS",
85447,"ANDA",,"ABBOTT",
85454,"ANDA",,"FERNDALE LABS",
85455,"ANDA",,"WATSON LABS",
85456,"ANDA",,"WATSON LABS",
85457,"ANDA",,"WATSON LABS",
85458,"ANDA",,"WATSON LABS",
85461,"ANDA",,"VALEANT PHARM INTL",
85463,"ANDA",,"WATSON LABS",
85466,"ANDA",,"KV PHARM",
85470,"ANDA",,"PHARMACIA AND UPJOHN",
85472,"ANDA",,"VALEANT PHARM INTL",
85475,"ANDA",,"VALEANT PHARM INTL",
85476,"ANDA",,"WATSON LABS",
85477,"ANDA",,"VALEANT PHARM INTL",
85479,"ANDA",,"ELKINS SINN",
85481,"ANDA",,"VALEANT PHARM INTL",
85482,"ANDA",,"VALEANT PHARM INTL",
85484,"ANDA",,"KV PHARM",
85485,"ANDA",,"SANDOZ",
85487,"ANDA",,"WATSON LABS",
85488,"ANDA",,"VALEANT PHARM INTL",
85490,"ANDA",,"WATSON LABS",
85492,"ANDA",,"KV PHARM",
85493,"ANDA",,"KV PHARM",
85497,"ANDA",,"VIRTUS PHARMS",
85498,"ANDA",,"G AND W LABS",
85499,"ANDA",,"BAXTER HLTHCARE",
85502,"ANDA",,"FOREST LABS",
85506,"ANDA",,"SUN PHARM INDUSTRIES",
85507,"ANDA",,"TEVA",
85509,"ANDA",,"INWOOD LABS",
85511,"ANDA",,"ABC HOLDING",
85512,"ANDA",,"ABC HOLDING",
85513,"ANDA",,"ABBOTT",
85517,"ANDA",,"ABBOTT",
85518,"ANDA",,"ABBOTT",
85519,"ANDA",,"VITARINE",
85521,"ANDA",,"PHOENIX LABS NY",
85523,"ANDA",,"KV PHARM",
85524,"ANDA",,"KV PHARM",
85525,"ANDA",,"KV PHARM",
85527,"ANDA",,"SYOSSET",
85528,"ANDA",,"WATSON LABS",
85529,"ANDA",,"WATSON LABS",
85532,"ANDA",,"WATSON LABS",
85533,"ANDA",,"WATSON LABS",
85534,"ANDA",,"WATSON LABS",
85539,"ANDA",,"IVAX PHARMS",
85540,"ANDA",,"PARKE DAVIS",
85543,"ANDA",,"HEATHER",
85544,"ANDA",,"UCB INC",
85545,"ANDA",,"FOREST LABS",
85549,"ANDA",,"WATSON LABS",
85550,"ANDA",,"BUNDY",
85551,"ANDA",,"BAXTER HLTHCARE",
85552,"ANDA",,"WATSON LABS",
85553,"ANDA",,"IVAX PHARMS",
85555,"ANDA",,"AKORN",
85562,"ANDA",,"WATSON LABS",
85563,"ANDA",,"WATSON LABS",
85564,"ANDA",,"WATSON LABS",
85567,"ANDA",,"WATSON LABS",
85568,"ANDA",,"CHARTWELL RX",
85569,"ANDA",,"ABC HOLDING",
85571,"ANDA",,"LANNETT",
85579,"ANDA",,"WATSON LABS",
85580,"ANDA",,"WATSON LABS",
85583,"ANDA",,"WATSON LABS",
85584,"ANDA",,"WATSON LABS",
85588,"ANDA",,"VIRTUS PHARMS",
85591,"ANDA",,"WATSON LABS",
85592,"ANDA",,"NYLOS",
85594,"ANDA",,"WATSON LABS",
85595,"ANDA",,"WATSON LABS",
85597,"ANDA",,"WATSON LABS",
85598,"ANDA",,"WATSON PHARMS INC",
85599,"ANDA",,"WATSON LABS",
85600,"ANDA",,"WATSON LABS",
85601,"ANDA",,"SANDOZ",
85603,"ANDA",,"WATSON LABS",
85606,"ANDA",,"WATSON LABS",
85607,"ANDA",,"WHITEWORTH TOWN PLSN",
85610,"ANDA",,"VITARINE",
85611,"ANDA",,"IVAX PHARMS",
85612,"ANDA",,"IVAX PHARMS",
85620,"ANDA",,"WATSON LABS",
85621,"ANDA",,"KV PHARM",
85622,"ANDA",,"NYLOS",
85627,"ANDA",,"MUTUAL PHARM",
85628,"ANDA",,"AUROLIFE PHARMA LLC",
85630,"ANDA",,"LANNETT",
85632,"ANDA",,"CYCLE PHARMS LTD",
85633,"ANDA",,"SANDOZ",
85634,"ANDA",,"VITARINE",
85635,"ANDA",,"PHARMACIA AND UPJOHN",
85638,"ANDA",,"SCHERER LABS",
85639,"ANDA",,"SCHERER LABS",
85640,"ANDA",,"SCHERER LABS",
85641,"ANDA",,"WYETH AYERST",
85645,"ANDA",,"VITARINE",
85650,"ANDA",,"HEATHER",
85652,"ANDA",,"LANNETT",
85658,"ANDA",,"KV PHARM",
85659,"ANDA",,"KV PHARM",
85660,"ANDA",,"KV PHARM",
85662,"ANDA",,"PERRIGO NEW YORK",
85663,"ANDA",,"PERRIGO NEW YORK",
85664,"ANDA",,"WATSON LABS",
85665,"ANDA",,"ROERIG",
85667,"ANDA",,"ABBOTT",
85670,"ANDA",,"VITARINE",
85671,"ANDA",,"SANDOZ",
85672,"ANDA",,"ABC HOLDING",
85676,"ANDA",,"VITARINE",
85677,"ANDA",,"WATSON LABS",
85683,"ANDA",,"CHARTWELL RX",
85684,"ANDA",,"WATSON LABS",
85685,"ANDA",,"SOLVAY",
85686,"ANDA",,"SOLVAY",
85689,"ANDA",,"SANDOZ",
85691,"ANDA",,"FOUGERA PHARMS",
85692,"ANDA",,"FOUGERA PHARMS",
85694,"ANDA",,"SANDOZ",
85695,"ANDA",,"VIRTUS PHARMS",
85697,"ANDA",,"PVT FORM",
85698,"ANDA",,"PVT FORM",
85701,"ANDA",,"ELKINS SINN",
85702,"ANDA",,"SANDOZ",
85718,"ANDA",,"PUREPAC PHARM",
85719,"ANDA",,"WATSON LABS",
85720,"ANDA",,"WATSON LABS",
85721,"ANDA",,"WATSON LABS",
85732,"ANDA",,"WATSON LABS",
85733,"ANDA",,"IVAX PHARMS",
85734,"ANDA",,"B BRAUN",
85735,"ANDA",,"MEDPOINTE PHARM HLC",
85736,"ANDA",,"HEATHER",
85737,"ANDA",,"MEDPOINTE PHARM HLC",
85738,"ANDA",,"WATSON LABS",
85739,"ANDA",,"WATSON LABS",
85740,"ANDA",,"WATSON LABS",
85741,"ANDA",,"WATSON LABS",
85742,"ANDA",,"MUTUAL PHARM",
85743,"ANDA",,"MUTUAL PHARM",
85744,"ANDA",,"MUTUAL PHARM",
85745,"ANDA",,"MUTUAL PHARM",
85746,"ANDA",,"ALPHARMA US PHARMS",
85748,"ANDA",,"KV PHARM",
85749,"ANDA",,"ROCHE",
85750,"ANDA",,"KV PHARM",
85751,"ANDA",,"KV PHARM",
85752,"ANDA",,"KV PHARM",
85753,"ANDA",,"WATSON LABS",
85755,"ANDA",,"WATSON LABS",
85756,"ANDA",,"CAMALL",
85761,"ANDA",,"CHARTWELL RX",
85762,"ANDA",,"MYLAN",
85763,"ANDA",,"WATSON LABS",
85764,"ANDA",,"WATSON LABS",
85766,"ANDA",,"PVT FORM",
85767,"ANDA",,"WATSON LABS",
85768,"ANDA",,"WATSON LABS",
85769,"ANDA",,"WATSON LABS",
85770,"ANDA",,"WATSON LABS",
85771,"ANDA",,"WATSON LABS",
85772,"ANDA",,"WATSON LABS",
85773,"ANDA",,"WATSON LABS",
85775,"ANDA",,"PVT FORM",
85777,"ANDA",,"IVAX PHARMS",
85778,"ANDA",,"WATSON LABS",
85779,"ANDA",,"WATSON LABS",
85780,"ANDA",,"HEATHER",
85781,"ANDA",,"WATSON LABS",
85784,"ANDA",,"WATSON LABS",
85785,"ANDA",,"SANDOZ",
85786,"ANDA",,"SANDOZ",
85787,"ANDA",,"FOSUN PHARMA",
85788,"ANDA",,"SANDOZ",
85789,"ANDA",,"SANDOZ",
85790,"ANDA",,"WATSON LABS",
85791,"ANDA",,"WATSON LABS",
85792,"ANDA",,"WATSON LABS",
85794,"ANDA",,"MUTUAL PHARM",
85795,"ANDA",,"MUTUAL PHARM",
85796,"ANDA",,"WATSON LABS",
85797,"ANDA",,"WATSON LABS",
85798,"ANDA",,"WHITEWORTH TOWN PLSN",
85799,"ANDA",,"LANNETT CO INC",
85804,"ANDA",,"PARKE DAVIS",
85805,"ANDA",,"ALLERGAN HERBERT",
85809,"ANDA",,"3M",
85811,"ANDA",,"ELKINS SINN",
85813,"ANDA",,"AUROLIFE PHARMA LLC",
85815,"ANDA",,"WATSON LABS",
85816,"ANDA",,"WATSON LABS",
85817,"ANDA",,"WATSON LABS",
85818,"ANDA",,"WATSON LABS",
85819,"ANDA",,"WATSON LABS",
85820,"ANDA",,"WATSON LABS",
85821,"ANDA",,"WATSON LABS",
85825,"ANDA",,"WATSON LABS",
85827,"ANDA",,"WATSON LABS",
85828,"ANDA",,"WATSON LABS",
85830,"ANDA",,"SANDOZ",
85834,"ANDA",,"WATSON LABS",
85836,"ANDA",,"TEVA",
85837,"ANDA",,"VITARINE",
85839,"ANDA",,"WATSON LABS",
85840,"ANDA",,"WATSON LABS",
85841,"ANDA",,"WATSON LABS",
85842,"ANDA",,"WATSON LABS",
85844,"ANDA",,"AUROLIFE PHARMA LLC",
85849,"ANDA",,"LANNETT",
85850,"ANDA",,"VITARINE",
85852,"ANDA",,"HOSPIRA",
85853,"ANDA",,"HOSPIRA",
85854,"ANDA",,"HOSPIRA",
85855,"ANDA",,"HOSPIRA",
85856,"ANDA",,"ROBINS AH",
85860,"ANDA",,"WATSON LABS",
85861,"ANDA",,"ACTAVIS MID ATLANTIC",
85863,"ANDA",,"PRECISION DOSE",
85864,"ANDA",,"UCB INC",
85865,"ANDA",,"WATSON LABS",
85866,"ANDA",,"LANNETT",
85867,"ANDA",,"PUREPAC PHARM",
85868,"ANDA",,"SUN PHARM INDS LTD",
85869,"ANDA",,"IVAX PHARMS",
85870,"ANDA",,"B BRAUN",
85873,"ANDA",,"ALPHARMA US PHARMS",
85874,"ANDA",,"TEVA",
85875,"ANDA",,"WATSON LABS",
85876,"ANDA",,"WATSON LABS",
85877,"ANDA",,"WATSON LABS",
85878,"ANDA",,"WATSON LABS",
85880,"ANDA",,"LANNETT",
85881,"ANDA",,"LANNETT",
85882,"ANDA",,"BI-COASTAL PHARMA",
85883,"ANDA",,"ACTAVIS MID ATLANTIC",
85884,"ANDA",,"WATSON LABS",
85888,"ANDA",,"PVT FORM",
85889,"ANDA",,"PARKE DAVIS",
85891,"ANDA",,"ANABOLIC",
85892,"ANDA",,"VITARINE",
85893,"ANDA",,"SOLVAY",
85894,"ANDA",,"WATSON LABS",
85895,"ANDA",,"EVERYLIFE",
85896,"ANDA",,"VALEANT PHARM INTL",
85897,"ANDA",,"SOLVAY",
85898,"ANDA",,"VITARINE",
85899,"ANDA",,"KV PHARM",
85900,"ANDA",,"KV PHARM",
85903,"ANDA",,"LANNETT",
85904,"ANDA",,"ALPHARMA US PHARMS",
85907,"ANDA",,"PVT FORM",
85909,"ANDA",,"LANNETT",
85910,"ANDA",,"BRISTOL MYERS SQUIBB",
85911,"ANDA",,"BRISTOL MYERS SQUIBB",
85914,"ANDA",,"MFG CHEMISTS",
85915,"ANDA",,"LANNETT",
85916,"ANDA",,"SANDOZ",
85917,"ANDA",,"SANDOZ",
85922,"ANDA",,"HALSEY",
85923,"ANDA",,"HALSEY",
85925,"ANDA",,"HALSEY",
85926,"ANDA",,"HALSEY",
85927,"ANDA",,"HALSEY",
85928,"ANDA",,"ABBOTT",
85929,"ANDA",,"HOSPIRA",
85930,"ANDA",,"HOSPIRA",
85931,"ANDA",,"HOSPIRA",
85932,"ANDA",,"HOSPIRA",
85934,"ANDA",,"SANDOZ",
85935,"ANDA",,"UCB INC",
85936,"ANDA",,"UCB INC",
85937,"ANDA",,"LANNETT",
85938,"ANDA",,"SANDOZ",
85940,"ANDA",,"ALPHARMA US PHARMS",
85941,"ANDA",,"CHARTWELL RX",
85944,"ANDA",,"ROXANE",
85945,"ANDA",,"ROXANE",
85952,"ANDA",,"CHARTWELL RX",
85953,"ANDA",,"ACTAVIS MID ATLANTIC",
85956,"ANDA",,"WATSON LABS",
85957,"ANDA",,"WATSON LABS",
85958,"ANDA",,"WATSON LABS",
85959,"ANDA",,"WATSON LABS",
85960,"ANDA",,"WATSON LABS",
85961,"ANDA",,"CLONMEL HLTHCARE",
85962,"ANDA",,"WATSON LABS",
85963,"ANDA",,"CLONMEL HLTHCARE",
85964,"ANDA",,"SANDOZ",
85966,"ANDA",,"SANDOZ",
85967,"ANDA",,"SANDOZ",
85968,"ANDA",,"SANDOZ",
85969,"ANDA",,"SANDOZ",
85970,"ANDA",,"SANDOZ",
85971,"ANDA",,"SANDOZ",
85973,"ANDA",,"WATSON LABS",
85974,"ANDA",,"WATSON LABS",
85975,"ANDA",,"WATSON LABS",
85976,"ANDA",,"WATSON LABS",
85978,"ANDA",,"BAYER HLTHCARE",
85979,"ANDA",,"SEBELA IRELAND LTD",
85980,"ANDA",,"SEBELA IRELAND LTD",
85981,"ANDA",,"X GEN PHARMS",
85982,"ANDA",,"X GEN PHARMS",
85983,"ANDA",,"WHITBY",
85985,"ANDA",,"NEXGEN PHARMA INC",
85986,"ANDA",,"WATSON LABS",
85992,"ANDA",,"WARNER CHILCOTT",
85994,"ANDA",,"PARKE DAVIS",
85995,"ANDA",,"HOSPIRA",
85997,"ANDA",,"PARKE DAVIS",
85998,"ANDA",,"ACTAVIS LLC",
85999,"ANDA",,"SOLVAY",
86000,"ANDA",,"WATSON LABS",
86001,"ANDA",,"ALPHARMA US PHARMS",
86002,"ANDA",,"ROXANE",
86003,"ANDA",,"ROXANE",
86004,"ANDA",,"ROXANE",
86005,"ANDA",,"VITARINE",
86008,"ANDA",,"BIOGLAN",
86009,"ANDA",,"MYLAN",
86010,"ANDA",,"MYLAN",
86011,"ANDA",,"MYLAN",
86012,"ANDA",,"FOREST PHARMS",
86013,"ANDA",,"TEVA",
86020,"ANDA",,"NEXGEN PHARMA INC",
86024,"ANDA",,"VALEANT PHARMS LLC",
86026,"ANDA",,"WATSON LABS",
86028,"ANDA",,"HIKMA INTL PHARMS",
86029,"ANDA",,"WATSON LABS",
86030,"ANDA",,"WATSON PHARMS INC",
86031,"ANDA",,"WATSON LABS TEVA",
86032,"ANDA",,"WATSON LABS",
86033,"ANDA",,"WATSON LABS",
86034,"ANDA",,"WATSON LABS",
86046,"ANDA",,"WATSON LABS",
86047,"ANDA",,"PARKE DAVIS",
86050,"ANDA",,"PUREPAC PHARM",
86052,"ANDA",,"PUREPAC PHARM",
86054,"ANDA",,"HIKMA INTL PHARMS",
86055,"ANDA",,"HIKMA INTL PHARMS",
86057,"ANDA",,"ROXANE",
86061,"ANDA",,"PUREPAC PHARM",
86062,"ANDA",,"PUREPAC PHARM",
86065,"ANDA",,"PARKEDALE",
86066,"ANDA",,"HIKMA INTL PHARMS",
86067,"ANDA",,"HIKMA INTL PHARMS",
86069,"ANDA",,"ALLERGAN SALES LLC",
86077,"ANDA",,"AMBIX",
86079,"ANDA",,"AMBIX",
86080,"ANDA",,"AMBIX",
86087,"ANDA",,"WATSON LABS",
86088,"ANDA",,"VITARINE",
86090,"ANDA",,"ROXANE",
86095,"ANDA",,"WATSON LABS",
86096,"ANDA",,"WATSON LABS",
86099,"ANDA",,"BAYER HLTHCARE",
86101,"ANDA",,"VALEANT PHARMS NORTH",
86106,"ANDA",,"VITARINE",
86107,"ANDA",,"3M",
86109,"ANDA",,"WATSON LABS",
86113,"ANDA",,"WATSON LABS",
86114,"ANDA",,"WATSON LABS",
86117,"ANDA",,"PVT FORM",
86118,"ANDA",,"WATSON LABS",
86119,"ANDA",,"WATSON LABS",
86120,"ANDA",,"WATSON LABS",
86122,"ANDA",,"WATSON LABS",
86123,"ANDA",,"WATSON LABS",
86129,"ANDA",,"PHARMA SERVE NY",
86130,"ANDA",,"SANDOZ",
86141,"ANDA",,"ALRA",
86143,"ANDA",,"ROXANE",
86144,"ANDA",,"ROXANE",
86145,"ANDA",,"ROXANE",
86146,"ANDA",,"ROXANE",
86147,"ANDA",,"ROXANE",
86148,"ANDA",,"ROXANE",
86150,"ANDA",,"WATSON LABS",
86151,"ANDA",,"WATSON LABS",
86153,"ANDA",,"MYLAN",
86154,"ANDA",,"TARO",
86155,"ANDA",,"TARO PHARM INDS LTD",
86156,"ANDA",,"TARO",
86157,"ANDA",,"MYLAN",
86158,"ANDA",,"MYLAN",
86159,"ANDA",,"WATSON LABS",
86161,"ANDA",,"WATSON LABS",
86162,"ANDA",,"HIKMA INTL PHARMS",
86163,"ANDA",,"HEATHER",
86165,"ANDA",,"WATSON LABS",
86166,"ANDA",,"SUN PHARM INDUSTRIES",
86167,"ANDA",,"SUN PHARM INDUSTRIES",
86168,"ANDA",,"SUN PHARM INDUSTRIES",
86169,"ANDA",,"SUN PHARM INDUSTRIES",
86170,"ANDA",,"STIEFEL",
86171,"ANDA",,"SANDOZ",
86173,"ANDA",,"FOSUN PHARMA",
86176,"ANDA",,"LEDERLE",
86178,"ANDA",,"WATSON LABS",
86179,"ANDA",,"WATSON LABS TEVA",
86183,"ANDA",,"SANDOZ",
86184,"ANDA",,"SANDOZ",
86187,"ANDA",,"NEXGEN PHARMA INC",
86188,"ANDA",,"WATSON LABS",
86189,"ANDA",,"WATSON LABS",
86192,"ANDA",,"MAST MM",
86195,"ANDA",,"MYLAN SPECIALITY LP",
86202,"ANDA",,"GD SEARLE LLC",
86205,"ANDA",,"GD SEARLE LLC",
86207,"ANDA",,"INGRAM PHARM",
86208,"ANDA",,"WATSON LABS",
86209,"ANDA",,"G AND W LABS INC",
86210,"ANDA",,"WATSON LABS",
86212,"ANDA",,"IMPAX LABS",
86213,"ANDA",,"IMPAX LABS",
86217,"ANDA",,"MAST MM",
86219,"ANDA",,"GD SEARLE LLC",
86220,"ANDA",,"GD SEARLE LLC",
86221,"ANDA",,"SANDOZ",
86222,"ANDA",,"SANDOZ",
86223,"ANDA",,"SANDOZ",
86225,"ANDA",,"SANDOZ",
86231,"ANDA",,"WATSON LABS",
86237,"ANDA",,"WATSON LABS",
86240,"ANDA",,"DELCOR ASSET CORP",
86242,"ANDA",,"HERITAGE PHARMS INC",
86243,"ANDA",,"HERITAGE PHARMS INC",
86256,"ANDA",,"TARO",
86257,"ANDA",,"TARO",
86258,"ANDA",,"WYETH AYERST",
86259,"ANDA",,"MAST MM",
86260,"ANDA",,"MAST MM",
86262,"ANDA",,"BI-COASTAL PHARMA",
86263,"ANDA",,"BI-COASTAL PHARMA",
86264,"ANDA",,"KV PHARM",
86265,"ANDA",,"KV PHARM",
86267,"ANDA",,"LEDERLE",
86268,"ANDA",,"LEDERLE",
86269,"ANDA",,"LEDERLE",
86271,"ANDA",,"AMBIX",
86272,"ANDA",,"AMBIX",
86273,"ANDA",,"VITARINE",
86275,"ANDA",,"TARO",
86276,"ANDA",,"TARO",
86277,"ANDA",,"TARO",
86283,"ANDA",,"INTL MEDICATION",
86294,"ANDA",,"WATSON LABS",
86295,"ANDA",,"WARNER CHILCOTT",
86296,"ANDA",,"VINTAGE PHARMS",
86297,"ANDA",,"PHARMA SERVE NY",
86298,"ANDA",,"SOLVAY",
86299,"ANDA",,"LEDERLE",
86306,"ANDA",,"PUREPAC PHARM",
86308,"ANDA",,"MISSION PHARMA",
86309,"ANDA",,"MISSION PHARMA",
86310,"ANDA",,"MISSION PHARMA",
86329,"ANDA",,"IVAX PHARMS",
86330,"ANDA",,"WATSON LABS",
86331,"ANDA",,"WATSON LABS",
86332,"ANDA",,"INTL MEDICATION",
86333,"ANDA",,"ABBOTT",
86335,"ANDA",,"UCB INC",
86336,"ANDA",,"UCB INC",
86337,"ANDA",,"UCB INC",
86348,"ANDA",,"WYETH AYERST",
86357,"ANDA",,"INTL MEDICATION",
86358,"ANDA",,"BRISTOL",
86359,"ANDA",,"TEVA",
86363,"ANDA",,"3M",
86364,"ANDA",,"INTL MEDICATION",
86365,"ANDA",,"VIRTUS PHARMS",
86366,"ANDA",,"ACI HEALTHCARE LTD",
86369,"ANDA",,"ALRA",
86370,"ANDA",,"SANDOZ",
86382,"ANDA",,"WATSON LABS",
86383,"ANDA",,"WATSON LABS",
86385,"ANDA",,"WATSON LABS",
86386,"ANDA",,"WATSON LABS",
86389,"ANDA",,"INTL MEDICATION",
86390,"ANDA",,"WYETH AYERST",
86392,"ANDA",,"NEXGEN PHARMA INC",
86394,"ANDA",,"AKORN",
86395,"ANDA",,"WHITEWORTH TOWN PLSN",
86398,"ANDA",,"FOSUN PHARMA",
86399,"ANDA",,"MEDICIS",
86402,"ANDA",,"INTL MEDICATION",
86403,"ANDA",,"VITARINE",
86405,"ANDA",,"ASTRAZENECA",
86408,"ANDA",,"VITARINE",
86410,"ANDA",,"VITARINE",
86413,"ANDA",,"PERRIGO NEW YORK",
86417,"ANDA",,"WATSON LABS",
86418,"ANDA",,"GD SEARLE LLC",
86419,"ANDA",,"WATSON LABS",
86420,"ANDA",,"WATSON LABS",
86423,"ANDA",,"SAVAGE LABS",
86424,"ANDA",,"FOUGERA",
86428,"ANDA",,"LANNETT CO INC",
86429,"ANDA",,"LANNETT CO INC",
86433,"ANDA",,"WATSON LABS",
86440,"ANDA",,"SCHERER RP",
86445,"ANDA",,"MYLAN PHARMS INC",
86450,"ANDA",,"VALEANT PHARMS NORTH",
86453,"ANDA",,"VITARINE",
86454,"ANDA",,"BRISTOL MYERS SQUIBB",
86456,"ANDA",,"VITARINE",
86457,"ANDA",,"MYLAN SPECIALITY LP",
86458,"ANDA",,"WATSON LABS",
86459,"ANDA",,"WATSON LABS",
86462,"ANDA",,"SOLVAY",
86466,"ANDA",,"FISONS",
86468,"ANDA",,"PARKE DAVIS",
86471,"ANDA",,"ORTHO MCNEIL PHARM",
86480,"ANDA",,"ORTHO MCNEIL PHARM",
86485,"ANDA",,"ORTHO MCNEIL PHARM",
86494,"ANDA",,"TEVA",
86495,"ANDA",,"SANDOZ",
86504,"ANDA",,"HALSEY",
86505,"ANDA",,"GE HEALTHCARE",
86506,"ANDA",,"ORTHO MCNEIL PHARM",
86507,"ANDA",,"WATSON LABS",
86511,"ANDA",,"MAST MM",
86513,"ANDA",,"MYLAN",
86516,"ANDA",,"MAST MM",
86519,"ANDA",,"NEWTRON PHARMS",
86521,"ANDA",,"MAST MM",
86523,"ANDA",,"MAST MM",
86524,"ANDA",,"MAST MM",
86525,"ANDA",,"MAST MM",
86530,"ANDA",,"LILLY",
86535,"ANDA",,"BAKER NORTON",
86543,"ANDA",,"NEWTRON PHARMS",
86544,"ANDA",,"NEWTRON PHARMS",
86545,"ANDA",,"ALPHARMA US PHARMS",
86549,"ANDA",,"HALSEY",
86550,"ANDA",,"SHIRE RICHWOOD",
86551,"ANDA",,"SHIRE RICHWOOD",
86552,"ANDA",,"SHIRE RICHWOOD",
86553,"ANDA",,"SHIRE RICHWOOD",
86554,"ANDA",,"SHIRE RICHWOOD",
86557,"ANDA",,"HZNP",
86562,"ANDA",,"ORGANON USA INC",
86569,"ANDA",,"SCHWARZ PHARMA",
86574,"ANDA",,"YAOPHARMA CO LTD",
86576,"ANDA",,"FOUGERA PHARMS",
86577,"ANDA",,"WATSON LABS",
86578,"ANDA",,"ACTAVIS MID ATLANTIC",
86580,"ANDA",,"WATSON LABS",
86586,"ANDA",,"HALSEY",
86594,"ANDA",,"WATSON LABS",
86595,"ANDA",,"MUTUAL PHARM",
86596,"ANDA",,"SUN PHARM INDUSTRIES",
86597,"ANDA",,"PVT FORM",
86598,"ANDA",,"WATSON LABS",
86606,"ANDA",,"KING PHARMS",
86610,"ANDA",,"TEVA",
86619,"ANDA",,"BAXTER HLTHCARE",
86651,"ANDA",,"INTL MEDICATION",
86666,"ANDA",,"BEL MAR",
86678,"ANDA",,"MYLAN",
86681,"ANDA",,"PUREPAC PHARM",
86683,"ANDA",,"PUREPAC PHARM",
86695,"ANDA",,"WATSON LABS",
86697,"ANDA",,"WATSON LABS",
86698,"ANDA",,"WATSON LABS",
86705,"ANDA",,"WATSON LABS",
86710,"ANDA",,"ACTAVIS ELIZABETH",
86711,"ANDA",,"NEPHRON",
86712,"ANDA",,"ALPHARMA US PHARMS",
86713,"ANDA",,"ABRAXIS PHARM",
86714,"ANDA",,"ABRAXIS PHARM",
86715,"ANDA",,"SOLVAY",
86720,"ANDA",,"PHARM ASSOC",
86724,"ANDA",,"TARO",
86727,"ANDA",,"ANI PHARMS INC",
86728,"ANDA",,"WATSON LABS",
86732,"ANDA",,"CHARTWELL RX",
86735,"ANDA",,"CAMALL",
86737,"ANDA",,"KV PHARM",
86740,"ANDA",,"WATSON LABS",
86742,"ANDA",,"WARNER CHILCOTT LLC",
86743,"ANDA",,"LEDERLE",
86744,"ANDA",,"LEDERLE",
86745,"ANDA",,"LEDERLE",
86746,"ANDA",,"LEDERLE",
86747,"ANDA",,"LEDERLE",
86748,"ANDA",,"WOCKHARDT",
86750,"ANDA",,"ORGANON USA INC",
86754,"ANDA",,"ABRAXIS PHARM",
86760,"ANDA",,"PHARM RES ASSOC",
86761,"ANDA",,"ABRAXIS PHARM",
86763,"ANDA",,"DEY",
86764,"ANDA",,"DEY",
86765,"ANDA",,"NOVARTIS",
86766,"ANDA",,"WENDT",
86769,"ANDA",,"STIEFEL",
86795,"ANDA",,"WATSON LABS",
86796,"ANDA",,"WATSON LABS",
86797,"ANDA",,"HOSPIRA",
86798,"ANDA",,"HEATHER",
86808,"ANDA",,"FOSUN PHARMA",
86809,"ANDA",,"CASI PHARMS INC",
86810,"ANDA",,"PERRIGO NEW YORK",
86811,"ANDA",,"PERRIGO NEW YORK",
86813,"ANDA",,"WATSON LABS",
86821,"ANDA",,"HOSPIRA",
86822,"ANDA",,"SOLOPAK",
86823,"ANDA",,"PHARM ASSOC",
86824,"ANDA",,"PHARM ASSOC",
86826,"ANDA",,"FOREST LABS",
86827,"ANDA",,"WATSON LABS",
86829,"ANDA",,"WATSON LABS",
86831,"ANDA",,"MYLAN",
86833,"ANDA",,"ACTAVIS MID ATLANTIC",
86834,"ANDA",,"FERNDALE LABS",
86835,"ANDA",,"SCHERING",
86836,"ANDA",,"WATSON LABS",
86837,"ANDA",,"SCHERING",
86840,"ANDA",,"WATSON LABS",
86841,"ANDA",,"JACOBUS",
86842,"ANDA",,"JACOBUS",
86844,"ANDA",,"WARNER CHILCOTT",
86845,"ANDA",,"WARNER CHILCOTT",
86853,"ANDA",,"TEVA",
86854,"ANDA",,"TEVA",
86857,"ANDA",,"TEVA",
86859,"ANDA",,"TEVA",
86860,"ANDA",,"TEVA",
86863,"ANDA",,"ACTAVIS MID ATLANTIC",
86865,"ANDA",,"WATSON LABS",
86866,"ANDA",,"WATSON LABS",
86867,"ANDA",,"WATSON LABS",
86874,"ANDA",,"LEDERLE",
86875,"ANDA",,"LEDERLE",
86876,"ANDA",,"LEDERLE",
86880,"ANDA",,"STI PHARMA LLC",
86881,"ANDA",,"YAOPHARMA CO LTD",
86885,"ANDA",,"PARKE DAVIS",
86886,"ANDA",,"PARKE DAVIS",
86887,"ANDA",,"PARKE DAVIS",
86888,"ANDA",,"PARKE DAVIS",
86889,"ANDA",,"WATSON LABS",
86890,"ANDA",,"WATSON LABS TEVA",
86892,"ANDA",,"LEDERLE",
86893,"ANDA",,"LEDERLE",
86898,"ANDA",,"WATSON LABS",
86899,"ANDA",,"ROXANE",
86900,"ANDA",,"WATSON LABS",
86901,"ANDA",,"WATSON LABS",
86902,"ANDA",,"WATSON LABS",
86903,"ANDA",,"AKORN",
86906,"ANDA",,"ELKINS SINN",
86911,"ANDA",,"TEVA",
86917,"ANDA",,"LEDERLE",
86923,"ANDA",,"PAR PHARM",
86925,"ANDA",,"PAR PHARM",
86926,"ANDA",,"DAVA PHARMS INC",
86936,"ANDA",,"ALPHARMA US PHARMS",
86937,"ANDA",,"LEDERLE",
86938,"ANDA",,"LEDERLE",
86940,"ANDA",,"LEDERLE",
86941,"ANDA",,"LEDERLE",
86942,"ANDA",,"LEDERLE",
86943,"ANDA",,"LEDERLE",
86944,"ANDA",,"ANI PHARMS INC",
86945,"ANDA",,"SANDOZ",
86946,"ANDA",,"HEATHER",
86947,"ANDA",,"WATSON LABS",
86948,"ANDA",,"WATSON LABS",
86950,"ANDA",,"LEDERLE",
86952,"ANDA",,"LEDERLE",
86953,"ANDA",,"WATSON LABS",
86954,"ANDA",,"LEDERLE",
86961,"ANDA",,"PAR PHARM",
86962,"ANDA",,"PAR PHARM",
86968,"ANDA",,"LEDERLE",
86984,"ANDA",,"LEDERLE",
86985,"ANDA",,"LEDERLE",
86986,"ANDA",,"LANNETT",
86987,"ANDA",,"NEWTRON PHARMS",
86988,"ANDA",,"PRINSTON INC",
86989,"ANDA",,"PRINSTON INC",
86996,"ANDA",,"LANNETT",
86998,"ANDA",,"SCHERING",
87001,"ANDA",,"MORTON GROVE",
87002,"ANDA",,"WATSON LABS",
87003,"ANDA",,"WEST-WARD PHARMS INT",
87004,"ANDA",,"IVAX PHARMS",
87005,"ANDA",,"PAR PHARM",
87006,"ANDA",,"WOCKHARDT BIO AG",
87007,"ANDA",,"PAR PHARM",
87009,"ANDA",,"PAR PHARM",
87010,"ANDA",,"SCHERING",
87011,"ANDA",,"DAVA PHARMS INC",
87014,"ANDA",,"ORGANON USA INC",
87020,"ANDA",,"WATSON LABS",
87021,"ANDA",,"WATSON LABS",
87022,"ANDA",,"LANNETT",
87025,"ANDA",,"ROXANE",
87029,"ANDA",,"WATSON LABS",
87030,"ANDA",,"WATSON LABS",
87032,"ANDA",,"WOCKHARDT",
87037,"ANDA",,"LEDERLE",
87043,"ANDA",,"SOLOPAK",
87045,"ANDA",,"FISONS",
87048,"ANDA",,"PURACAP PHARM",
87050,"ANDA",,"WATSON LABS",
87053,"ANDA",,"WOCKHARDT",
87056,"ANDA",,"IVAX SUB TEVA PHARMS",
87059,"ANDA",,"OXFORD PHARMS",
87060,"ANDA",,"DAVA PHARMS INC",
87062,"ANDA",,"WATSON LABS",
87065,"ANDA",,"LYPHOMED",
87066,"ANDA",,"LYPHOMED",
87068,"ANDA",,"OXFORD PHARMS",
87073,"ANDA",,"MALLINCKRODT",
87074,"ANDA",,"MALLINCKRODT",
87075,"ANDA",,"MALLINCKRODT",
87077,"ANDA",,"SOLOPAK",
87078,"ANDA",,"WATSON LABS",
87079,"ANDA",,"WATSON LABS",
87080,"ANDA",,"WATSON LABS",
87081,"ANDA",,"WENDT",
87082,"ANDA",,"WATSON LABS",
87083,"ANDA",,"SUN PHARM INDS LTD",
87085,"ANDA",,"MYLAN",
87086,"ANDA",,"MYLAN",
87091,"ANDA",,"SANOFI AVENTIS US",
87092,"ANDA",,"LANNETT",
87093,"ANDA",,"IVAX PHARMS",
87095,"ANDA",,"CENT PHARMS",
87100,"ANDA",,"WATSON LABS",
87101,"ANDA",,"ALPHARMA US PHARMS",
87102,"ANDA",,"TARO",
87104,"ANDA",,"TARO",
87107,"ANDA",,"SOLOPAK",
87108,"ANDA",,"IVAX PHARMS",
87111,"ANDA",,"LANNETT",
87113,"ANDA",,"SOLVAY",
87118,"ANDA",,"SANDOZ",
87121,"ANDA",,"BARR",
87122,"ANDA",,"ALPHARMA US PHARMS",
87126,"ANDA",,"TEVA",
87127,"ANDA",,"PAR PHARM",
87128,"ANDA",,"PAR PHARM",
87129,"ANDA",,"PAR PHARM",
87131,"ANDA",,"PARKE DAVIS",
87135,"ANDA",,"BEL MAR",
87136,"ANDA",,"WESTWOOD SQUIBB",
87141,"ANDA",,"LEDERLE",
87143,"ANDA",,"ACTAVIS MID ATLANTIC",
87144,"ANDA",,"FERNDALE LABS",
87146,"ANDA",,"ACTAVIS MID ATLANTIC",
87147,"ANDA",,"VALEANT PHARM INTL",
87153,"ANDA",,"ALPHARMA US PHARMS",
87154,"ANDA",,"ALPHARMA US PHARMS",
87155,"ANDA",,"FISONS",
87156,"ANDA",,"ALLERGAN HERBERT",
87157,"ANDA",,"ALLERGAN HERBERT",
87158,"ANDA",,"ALLERGAN HERBERT",
87159,"ANDA",,"ALPHARMA US PHARMS",
87160,"ANDA",,"WATSON LABS",
87164,"ANDA",,"KV PHARM",
87165,"ANDA",,"G AND W LABS",
87176,"ANDA",,"IVAX PHARMS",
87181,"ANDA",,"LEDERLE",
87183,"ANDA",,"WATSON LABS",
87184,"ANDA",,"BARR",
87185,"ANDA",,"IVAX PHARMS",
87186,"ANDA",,"IVAX PHARMS",
87189,"ANDA",,"BARR",
87190,"ANDA",,"SANDOZ",
87191,"ANDA",,"ALPHARMA US PHARMS",
87192,"ANDA",,"ALPHARMA US PHARMS",
87193,"ANDA",,"GRAHAM DM",
87194,"ANDA",,"GRAHAM DM",
87195,"ANDA",,"VALEANT PHARM INTL",
87196,"ANDA",,"VALEANT PHARM INTL",
87197,"ANDA",,"WATSON LABS",
87200,"ANDA",,"ABRAXIS PHARM",
87202,"ANDA",,"VITARINE",
87203,"ANDA",,"ALPHARMA US PHARMS",
87204,"ANDA",,"MARNEL PHARMS",
87208,"ANDA",,"SANDOZ",
87209,"ANDA",,"INTL MEDICATION",
87210,"ANDA",,"SOLVAY",
87211,"ANDA",,"IVAX SUB TEVA PHARMS",
87213,"ANDA",,"SOLVAY",
87214,"ANDA",,"GRAHAM DM",
87215,"ANDA",,"CHARTWELL RX",
87216,"ANDA",,"IVAX PHARMS",
87222,"ANDA",,"VALEANT PHARM INTL",
87223,"ANDA",,"SANDOZ",
87225,"ANDA",,"WARNER CHILCOTT",
87226,"ANDA",,"CAMALL",
87228,"ANDA",,"MD PHARM",
87231,"ANDA",,"LEDERLE",
87233,"ANDA",,"WATSON LABS",
87234,"ANDA",,"LEDERLE",
87235,"ANDA",,"VITARINE",
87239,"ANDA",,"ELKINS SINN",
87240,"ANDA",,"LUITPOLD",
87242,"ANDA",,"HOSPIRA",
87243,"ANDA",,"GD SEARLE LLC",
87244,"ANDA",,"WATSON LABS",
87245,"ANDA",,"SANDOZ",
87246,"ANDA",,"SANDOZ",
87247,"ANDA",,"SUPERPHARM",
87248,"ANDA",,"WATSON LABS",
87250,"ANDA",,"ABRAXIS PHARM",
87260,"ANDA",,"SANOFI AVENTIS US",
87264,"ANDA",,"MUTUAL PHARM",
87265,"ANDA",,"MUTUAL PHARM",
87266,"ANDA",,"OLTA PHARMS",
87267,"ANDA",,"MUTUAL PHARM",
87273,"ANDA",,"ALTANA",
87274,"ANDA",,"WATSON LABS",
87275,"ANDA",,"WATSON LABS",
87276,"ANDA",,"WATSON LABS",
87277,"ANDA",,"WATSON LABS",
87278,"ANDA",,"WEST WARD",
87282,"ANDA",,"SANDOZ",
87283,"ANDA",,"SANDOZ",
87284,"ANDA",,"VITARINE",
87285,"ANDA",,"PERRIGO NEW YORK",
87292,"ANDA",,"MUTUAL PHARM",
87293,"ANDA",,"MUTUAL PHARM",
87294,"ANDA",,"WOCKHARDT BIO AG",
87296,"ANDA",,"WATSON LABS",
87297,"ANDA",,"VITARINE",
87300,"ANDA",,"ALLERGAN HERBERT",
87301,"ANDA",,"SANDOZ",
87305,"ANDA",,"MAST MM",
87306,"ANDA",,"WARNER CHILCOTT",
87307,"ANDA",,"SHIONOGI",
87310,"ANDA",,"SOLOPAK",
87311,"ANDA",,"KV PHARM",
87312,"ANDA",,"KV PHARM",
87313,"ANDA",,"OLTA PHARMS",
87315,"ANDA",,"ALPHARMA US PHARMS",
87317,"ANDA",,"ALPHARMA US PHARMS",
87318,"ANDA",,"WATSON LABS",
87324,"ANDA",,"ROXANE",
87328,"ANDA",,"IVAX PHARMS",
87329,"ANDA",,"FRESENIUS KABI USA",
87332,"ANDA",,"VITARINE",
87336,"ANDA",,"MALLINCKRODT",
87341,"ANDA",,"SANDOZ",
87342,"ANDA",,"WEST-WARD PHARMS INT",
87353,"ANDA",,"ANI PHARMS INC",
87355,"ANDA",,"FOUGERA PHARMS INC",
87361,"ANDA",,"APOTHECON",
87362,"ANDA",,"PHARMA SERVE NY",
87363,"ANDA",,"SOLOPAK",
87364,"ANDA",,"ABBOTT",
87366,"ANDA",,"LEDERLE",
87367,"ANDA",,"LEDERLE",
87368,"ANDA",,"LEDERLE",
87369,"ANDA",,"LEDERLE",
87370,"ANDA",,"LEDERLE",
87371,"ANDA",,"SHIRE RICHWOOD",
87375,"ANDA",,"IVAX PHARMS",
87376,"ANDA",,"IVAX PHARMS",
87377,"ANDA",,"IVAX PHARMS",
87378,"ANDA",,"VIRTUS PHARMS",
87380,"ANDA",,"SANDOZ",
87381,"ANDA",,"SANDOZ",
87384,"ANDA",,"ABBOTT",
87385,"ANDA",,"PERRIGO NEW YORK",
87387,"ANDA",,"PHARMA SERVE NY",
87388,"ANDA",,"LIEBEL-FLARSHEIM",
87389,"ANDA",,"DEY",
87390,"ANDA",,"DEY",
87392,"ANDA",,"PHARMA SERVE NY",
87393,"ANDA",,"WEST-WARD PHARMS INT",
87394,"ANDA",,"SHIRE RICHWOOD",
87395,"ANDA",,"SOLOPAK",
87396,"ANDA",,"ROXANE",
87397,"ANDA",,"WATSON LABS",
87398,"ANDA",,"WATSON LABS",
87400,"ANDA",,"NOSTRUM PHARMS LLC",
87405,"ANDA",,"SUPERPHARM",
87406,"ANDA",,"BARR",
87407,"ANDA",,"SUN PHARM INDUSTRIES",
87408,"ANDA",,"LUITPOLD",
87409,"ANDA",,"LUITPOLD",
87410,"ANDA",,"IVAX PHARMS",
87411,"ANDA",,"IVAX PHARMS",
87416,"ANDA",,"HOSPIRA",
87417,"ANDA",,"SANDOZ",
87421,"ANDA",,"ORTHO MCNEIL PHARM",
87422,"ANDA",,"ORTHO MCNEIL PHARM",
87423,"ANDA",,"SANDOZ",
87424,"ANDA",,"VITARINE",
87425,"ANDA",,"HIKMA INTL PHARMS",
87427,"ANDA",,"IVAX PHARMS",
87428,"ANDA",,"IVAX PHARMS",
87429,"ANDA",,"IVAX PHARMS",
87430,"ANDA",,"IVAX PHARMS",
87431,"ANDA",,"LYPHOMED",
87433,"ANDA",,"SANDOZ",
87438,"ANDA",,"MISSION PHARMA",
87439,"ANDA",,"GLAXOSMITHKLINE",
87440,"ANDA",,"LUITPOLD",
87442,"ANDA",,"BEDFORD",
87444,"ANDA",,"WATSON LABS",
87446,"ANDA",,"HOSPIRA",
87447,"ANDA",,"HOSPIRA",
87448,"ANDA",,"WATSON LABS",
87449,"ANDA",,"ROXANE",
87450,"ANDA",,"DAVA PHARMS INC",
87451,"ANDA",,"DAVA PHARMS INC",
87452,"ANDA",,"LUITPOLD",
87453,"ANDA",,"UPSHER SMITH",
87454,"ANDA",,"UPSHER SMITH",
87457,"ANDA",,"MEDICIS",
87458,"ANDA",,"MEDICIS",
87459,"ANDA",,"MEDICIS",
87460,"ANDA",,"WATSON LABS",
87462,"ANDA",,"SANDOZ",
87463,"ANDA",,"SPECGX LLC",
87464,"ANDA",,"HALSEY",
87470,"ANDA",,"UPSHER SMITH",
87471,"ANDA",,"UPSHER SMITH",
87473,"ANDA",,"SUPERPHARM",
87479,"ANDA",,"SANDOZ",
87480,"ANDA",,"HALSEY",
87487,"ANDA",,"NUMARK",
87488,"ANDA",,"WATSON LABS",
87489,"ANDA",,"HERAN",
87499,"ANDA",,"WATSON LABS",
87500,"ANDA",,"ROXANE",
87501,"ANDA",,"ROXANE",
87502,"ANDA",,"PARKE DAVIS",
87504,"ANDA",,"TEVA",
87506,"ANDA",,"BAUSCH AND LOMB",
87508,"ANDA",,"PHARM ASSOC",
87509,"ANDA",,"INTL MEDICATION SYS",
87510,"ANDA",,"PARKEDALE",
87511,"ANDA",,"LEDERLE",
87512,"ANDA",,"ASCOT",
87513,"ANDA",,"PHARM ASSOC",
87514,"ANDA",,"PHARM ASSOC",
87515,"ANDA",,"WARNER CHILCOTT",
87516,"ANDA",,"WARNER CHILCOTT",
87517,"ANDA",,"PHARM ASSOC",
87518,"ANDA",,"PHARM ASSOC",
87519,"ANDA",,"AKORN",
87520,"ANDA",,"PHARM ASSOC",
87521,"ANDA",,"WATSON LABS",
87522,"ANDA",,"ASCOT",
87523,"ANDA",,"ASCOT",
87524,"ANDA",,"ASCOT",
87525,"ANDA",,"ASCOT",
87532,"ANDA",,"INTL MEDICATION",
87533,"ANDA",,"UPSHER SMITH",
87534,"ANDA",,"UPSHER SMITH",
87535,"ANDA",,"ORGANON USA INC",
87537,"ANDA",,"PAR PHARM",
87539,"ANDA",,"ASCOT",
87540,"ANDA",,"ASCOT",
87541,"ANDA",,"ASCOT",
87542,"ANDA",,"ASCOT",
87543,"ANDA",,"ASCOT",
87545,"ANDA",,"SUN PHARM INDUSTRIES",
87546,"ANDA",,"HOSPIRA",
87547,"ANDA",,"ALCON",
87550,"ANDA",,"WATSON LABS",
87551,"ANDA",,"SOLOPAK",
87552,"ANDA",,"SUN PHARM INDUSTRIES",
87553,"ANDA",,"UPSHER SMITH",
87554,"ANDA",,"UPSHER SMITH",
87555,"ANDA",,"IVAX PHARMS",
87556,"ANDA",,"WATSON LABS",
87557,"ANDA",,"HALSEY",
87563,"ANDA",,"MONARCH PHARMS",
87564,"ANDA",,"SUN PHARM INDUSTRIES",
87565,"ANDA",,"YAOPHARMA CO LTD",
87566,"ANDA",,"MD PHARM",
87567,"ANDA",,"BAXTER HLTHCARE",
87568,"ANDA",,"BAXTER HLTHCARE",
87569,"ANDA",,"BAXTER HLTHCARE",
87571,"ANDA",,"RHODES PHARMS",
87584,"ANDA",,"LUITPOLD",
87585,"ANDA",,"LUITPOLD",
87586,"ANDA",,"WARNER CHILCOTT",
87587,"ANDA",,"WARNER CHILCOTT",
87589,"ANDA",,"SUPERPHARM",
87590,"ANDA",,"SUPERPHARM",
87591,"ANDA",,"SOLOPAK",
87592,"ANDA",,"SMITH AND NEPHEW",
87593,"ANDA",,"SOLOPAK",
87595,"ANDA",,"SOLOPAK",
87596,"ANDA",,"SOLOPAK",
87598,"ANDA",,"WATSON LABS",
87599,"ANDA",,"WATSON LABS",
87600,"ANDA",,"LUITPOLD",
87601,"ANDA",,"HOSPIRA",
87602,"ANDA",,"VINTAGE",
87603,"ANDA",,"VINTAGE",
87604,"ANDA",,"VINTAGE",
87608,"ANDA",,"SOLVAY",
87609,"ANDA",,"SOLVAY",
87610,"ANDA",,"VANGARD",
87611,"ANDA",,"MURO",
87612,"ANDA",,"IVAX PHARMS",
87613,"ANDA",,"IVAX PHARMS",
87614,"ANDA",,"IVAX PHARMS",
87616,"ANDA",,"VANGARD",
87617,"ANDA",,"VANGARD",
87619,"ANDA",,"VANGARD",
87620,"ANDA",,"VANGARD",
87621,"ANDA",,"GD SEARLE LLC",
87628,"ANDA",,"SHIRE",
87629,"ANDA",,"GILBERT LABS",
87630,"ANDA",,"VANGARD",
87631,"ANDA",,"VANGARD",
87632,"ANDA",,"VANGARD",
87634,"ANDA",,"LEDERLE",
87636,"ANDA",,"MIZA PHARMS USA",
87637,"ANDA",,"MIZA PHARMS USA",
87638,"ANDA",,"VANGARD",
87639,"ANDA",,"VANGARD",
87643,"ANDA",,"VANGARD",
87644,"ANDA",,"DOW PHARM",
87645,"ANDA",,"VANGARD",
87646,"ANDA",,"VANGARD",
87647,"ANDA",,"WEST WARD",
87648,"ANDA",,"VANGARD",
87649,"ANDA",,"LEDERLE",
87651,"ANDA",,"USL PHARMA",
87653,"ANDA",,"MUTUAL PHARM",
87654,"ANDA",,"VANGARD",
87655,"ANDA",,"VANGARD",
87656,"ANDA",,"PAR PHARM",
87657,"ANDA",,"PAR PHARM",
87658,"ANDA",,"PAR PHARM",
87660,"ANDA",,"ASCOT",
87661,"ANDA",,"ASCOT",
87662,"ANDA",,"ASCOT",
87663,"ANDA",,"ASCOT",
87665,"ANDA",,"BARR",
87666,"ANDA",,"BARR",
87667,"ANDA",,"WATSON LABS",
87668,"ANDA",,"WATSON LABS",
87671,"ANDA",,"MYLAN",
87672,"ANDA",,"MYLAN PHARMS INC",
87674,"ANDA",,"WATSON LABS",
87677,"ANDA",,"ASCHER",
87679,"ANDA",,"CENCI",
87681,"ANDA",,"OPTOPICS",
87682,"ANDA",,"VANGARD",
87685,"ANDA",,"ASCOT",
87686,"ANDA",,"ASCOT",
87687,"ANDA",,"ASCOT",
87689,"ANDA",,"WATSON LABS",
87693,"ANDA",,"TERSERA THERAPS LLC",
87695,"ANDA",,"PHARMACIA AND UPJOHN",
87697,"ANDA",,"ASCOT",
87698,"ANDA",,"ASCOT",
87699,"ANDA",,"ASCOT",
87701,"ANDA",,"VANGARD",
87702,"ANDA",,"WEST-WARD PHARMS INT",
87706,"ANDA",,"WATSON LABS",
87708,"ANDA",,"WEST-WARD PHARMS INT",
87709,"ANDA",,"LEDERLE",
87711,"ANDA",,"WATSON LABS TEVA",
87712,"ANDA",,"VANGARD",
87716,"ANDA",,"BARR",
87717,"ANDA",,"BARR",
87722,"ANDA",,"UCB INC",
87723,"ANDA",,"BAYER HLTHCARE",
87724,"ANDA",,"BAYER HLTHCARE",
87725,"ANDA",,"BAYER HLTHCARE",
87726,"ANDA",,"BAYER HLTHCARE",
87727,"ANDA",,"ACTAVIS MID ATLANTIC",
87728,"ANDA",,"BAYER HLTHCARE",
87729,"ANDA",,"BAYER HLTHCARE",
87730,"ANDA",,"KV PHARM",
87731,"ANDA",,"BAYER HLTHCARE",
87736,"ANDA",,"HIKMA INTL PHARMS",
87739,"ANDA",,"BAYER HLTHCARE",
87742,"ANDA",,"ROXANE",
87743,"ANDA",,"ROXANE",
87744,"ANDA",,"MYLAN",
87745,"ANDA",,"MYLAN",
87748,"ANDA",,"ALLERGAN",
87750,"ANDA",,"STAR PHARMS FL",
87751,"ANDA",,"USL PHARMA",
87752,"ANDA",,"USL PHARMA",
87756,"ANDA",,"WATSON LABS",
87757,"ANDA",,"UCB INC",
87759,"ANDA",,"BAXTER HLTHCARE",
87760,"ANDA",,"IVAX SUB TEVA PHARMS",
87761,"ANDA",,"IVAX SUB TEVA PHARMS",
87762,"ANDA",,"PURACAP PHARM",
87763,"ANDA",,"GRAHAM DM",
87764,"ANDA",,"SHIRE RICHWOOD",
87765,"ANDA",,"HIKMA PHARMS",
87766,"ANDA",,"ALPHARMA US PHARMS",
87767,"ANDA",,"WATSON LABS",
87768,"ANDA",,"BAYER HLTHCARE",
87769,"ANDA",,"IVAX PHARMS",
87770,"ANDA",,"IVAX PHARMS",
87771,"ANDA",,"ALCON",
87772,"ANDA",,"WATSON LABS",
87773,"ANDA",,"WATSON LABS",
87774,"ANDA",,"FOSUN PHARMA",
87775,"ANDA",,"USL PHARMA",
87776,"ANDA",,"USL PHARMA",
87777,"ANDA",,"TEVA",
87780,"ANDA",,"USL PHARMA",
87781,"ANDA",,"ANI PHARMS INC",
87783,"ANDA",,"WEST WARD",
87785,"ANDA",,"WATSON LABS",
87786,"ANDA",,"IVAX PHARMS",
87787,"ANDA",,"ABRAXIS PHARM",
87790,"ANDA",,"WATSON LABS",
87791,"ANDA",,"MARCHAR",
87792,"ANDA",,"SPECTRUM PHARMS",
87794,"ANDA",,"SUN PHARM INDUSTRIES",
87795,"ANDA",,"ACTAVIS MID ATLANTIC",
87796,"ANDA",,"ACTAVIS MID ATLANTIC",
87797,"ANDA",,"ALPHARMA US PHARMS",
87798,"ANDA",,"ACTAVIS MID ATLANTIC",
87799,"ANDA",,"ACTAVIS MID ATLANTIC",
87800,"ANDA",,"WEST-WARD PHARMS INT",
87801,"ANDA",,"WEST-WARD PHARMS INT",
87804,"ANDA",,"SPECGX LLC",
87805,"ANDA",,"CHARTWELL RX",
87809,"ANDA",,"FOREST PHARMS",
87810,"ANDA",,"WATSON LABS",
87811,"ANDA",,"VALEANT",
87812,"ANDA",,"INTL MEDICATION",
87813,"ANDA",,"INTL MEDICATION",
87817,"ANDA",,"FRESENIUS KABI USA",
87818,"ANDA",,"BAUSCH AND LOMB",
87819,"ANDA",,"KV PHARM",
87820,"ANDA",,"KV PHARM",
87821,"ANDA",,"KV PHARM",
87822,"ANDA",,"KV PHARM",
87825,"ANDA",,"USL PHARMA",
87826,"ANDA",,"USL PHARMA",
87827,"ANDA",,"USL PHARMA",
87828,"ANDA",,"USL PHARMA",
87833,"ANDA",,"ROXANE",
87834,"ANDA",,"TORCH",
87835,"ANDA",,"WATSON LABS",
87836,"ANDA",,"PAR PHARM",
87837,"ANDA",,"USL PHARMA",
87838,"ANDA",,"PHARMAFAIR",
87839,"ANDA",,"PIONEER PHARMS",
87842,"ANDA",,"USL PHARMA",
87846,"ANDA",,"SPECGX LLC",
87847,"ANDA",,"ABBVIE",
87848,"ANDA",,"ABBVIE",
87851,"ANDA",,"INTL MEDICATION",
87852,"ANDA",,"INTL MEDICATION",
87853,"ANDA",,"ABBVIE",
87854,"ANDA",,"WHITBY",
87857,"ANDA",,"MUTUAL PHARM",
87858,"ANDA",,"ALPHARMA US PHARMS",
87859,"ANDA",,"CMP PHARMA INC",
87860,"ANDA",,"MUTUAL PHARM",
87862,"ANDA",,"SUN PHARM INDUSTRIES",
87863,"ANDA",,"WARNER CHILCOTT LLC",
87864,"ANDA",,"ALPHARMA US PHARMS",
87865,"ANDA",,"WEST WARD",
87866,"ANDA",,"WATSON LABS",
87867,"ANDA",,"INTL MEDICATION",
87868,"ANDA",,"INTL MEDICATION",
87871,"ANDA",,"AUROLIFE PHARMA LLC",
87872,"ANDA",,"WOCKHARDT BIO AG",
87875,"ANDA",,"VANGARD",
87876,"ANDA",,"VANGARD",
87877,"ANDA",,"VANGARD",
87878,"ANDA",,"WEST WARD",
87880,"ANDA",,"WEST WARD",
87881,"ANDA",,"WOCKHARDT BIO AG",
87884,"ANDA",,"WEST WARD",
87885,"ANDA",,"ABRAXIS PHARM",
87886,"ANDA",,"ABRAXIS PHARM",
87887,"ANDA",,"SAVAGE LABS",
87892,"ANDA",,"SANOFI AVENTIS US",
87893,"ANDA",,"SANOFI AVENTIS US",
87894,"ANDA",,"SANOFI AVENTIS US",
87902,"ANDA",,"TARO",
87903,"ANDA",,"SOLOPAK",
87904,"ANDA",,"SMITH AND NEPHEW",
87905,"ANDA",,"SOLOPAK",
87906,"ANDA",,"SMITH AND NEPHEW",
87907,"ANDA",,"ARMSTRONG PHARMS",
87908,"ANDA",,"VANGARD",
87909,"ANDA",,"VANGARD",
87910,"ANDA",,"SCHERING",
87912,"ANDA",,"PHARMAFAIR",
87913,"ANDA",,"IVAX PHARMS",
87914,"ANDA",,"HALSEY",
87915,"ANDA",,"CHARTWELL RX",
87916,"ANDA",,"WEST-WARD PHARMS INT",
87917,"ANDA",,"FERNDALE LABS",
87918,"ANDA",,"CHARTWELL RX",
87919,"ANDA",,"USL PHARMA",
87920,"ANDA",,"USL PHARMA",
87921,"ANDA",,"PHARMAFAIR",
87922,"ANDA",,"PHARMAFAIR",
87930,"ANDA",,"CHARTWELL RX",
87931,"ANDA",,"KENDALL IL",
87932,"ANDA",,"AMBIX",
87934,"ANDA",,"ASCOT",
87935,"ANDA",,"ARMOUR PHARM",
87936,"ANDA",,"ARMOUR PHARM",
87937,"ANDA",,"ASTRAZENECA",
87938,"ANDA",,"ASTRAZENECA",
87939,"ANDA",,"WATSON LABS",
87940,"ANDA",,"STIEFEL",
87941,"ANDA",,"CENCI",
87942,"ANDA",,"ACTIENT PHARMS",
87943,"ANDA",,"AUXILIUM PHARMS LLC",
87944,"ANDA",,"AUXILIUM PHARMS LLC",
87946,"ANDA",,"PAR PHARM",
87947,"ANDA",,"IVAX PHARMS",
87948,"ANDA",,"PARKE DAVIS",
87949,"ANDA",,"PHARMAFAIR",
87952,"ANDA",,"WARNER CHILCOTT",
87953,"ANDA",,"WOCKHARDT BIO AG",
87954,"ANDA",,"HOSPIRA",
87955,"ANDA",,"HOSPIRA",
87956,"ANDA",,"HOSPIRA",
87958,"ANDA",,"SMITH AND NEPHEW",
87959,"ANDA",,"SMITH AND NEPHEW",
87961,"ANDA",,"FOREST PHARMS",
87963,"ANDA",,"USL PHARMA",
87964,"ANDA",,"USL PHARMA",
87967,"ANDA",,"AKORN",
87968,"ANDA",,"AKORN",
87969,"ANDA",,"AKORN",
87973,"ANDA",,"WATSON LABS",
87974,"ANDA",,"WATSON LABS",
87977,"ANDA",,"LNK",
87978,"ANDA",,"LNK",
87979,"ANDA",,"WATSON LABS",
87980,"ANDA",,"ABBOTT",
87981,"ANDA",,"PAR PHARM",
87984,"ANDA",,"UDL",
87985,"ANDA",,"UDL",
87986,"ANDA",,"UDL",
87987,"ANDA",,"UDL",
87990,"ANDA",,"PHARMADERM",
87991,"ANDA",,"PHARMADERM",
87992,"ANDA",,"PHARMADERM",
87995,"ANDA",,"SCHERING",
87996,"ANDA",,"USL PHARMA",
87997,"ANDA",,"WEST-WARD PHARMS INT",
87998,"ANDA",,"PUREPAC PHARM",
87999,"ANDA",,"PUREPAC PHARM",
88000,"ANDA",,"PHARMAFAIR",
88004,"ANDA",,"MYLAN",
88007,"ANDA",,"PHARMAFAIR",
88008,"ANDA",,"WOCKHARDT BIO AG",
88009,"ANDA",,"VANGARD",
88010,"ANDA",,"VANGARD",
88011,"ANDA",,"VANGARD",
88012,"ANDA",,"VANGARD",
88013,"ANDA",,"VANGARD",
88014,"ANDA",,"VANGARD",
88015,"ANDA",,"SCHERING",
88016,"ANDA",,"SCHERING",
88017,"ANDA",,"ACTAVIS MID ATLANTIC",
88020,"ANDA",,"GRAHAM DM",
88021,"ANDA",,"VALEANT",
88022,"ANDA",,"SCHERING",
88023,"ANDA",,"TEVA",
88024,"ANDA",,"NUMARK",
88025,"ANDA",,"ASCOT",
88027,"ANDA",,"USL PHARMA",
88028,"ANDA",,"GRAHAM DM",
88029,"ANDA",,"USL PHARMA",
88030,"ANDA",,"WATSON LABS",
88031,"ANDA",,"WATSON LABS",
88032,"ANDA",,"PHARMAFAIR",
88034,"ANDA",,"VANGARD",
88035,"ANDA",,"VANGARD",
88036,"ANDA",,"VANGARD",
88037,"ANDA",,"VANGARD",
88038,"ANDA",,"VANGARD",
88039,"ANDA",,"USL PHARMA",
88041,"ANDA",,"SOLVAY",
88042,"ANDA",,"CROWN LABS",
88045,"ANDA",,"PHARMADERM",
88046,"ANDA",,"PHARMADERM",
88047,"ANDA",,"PHARMADERM",
88048,"ANDA",,"PHARMADERM",
88051,"ANDA",,"MONARCH PHARMS",
88052,"ANDA",,"WATSON LABS",
88053,"ANDA",,"PUREPAC PHARM",
88054,"ANDA",,"PUREPAC PHARM",
88058,"ANDA",,"ABBVIE",
88059,"ANDA",,"AKORN",
88061,"ANDA",,"USL PHARMA",
88062,"ANDA",,"GRAHAM DM",
88063,"ANDA",,"GRAHAM DM",
88066,"ANDA",,"HALSEY",
88067,"ANDA",,"ASCOT",
88071,"ANDA",,"PHARMAFAIR",
88072,"ANDA",,"SANDOZ",
88073,"ANDA",,"VANGARD",
88075,"ANDA",,"PUREPAC PHARM",
88076,"ANDA",,"PUREPAC PHARM",
88077,"ANDA",,"PUREPAC PHARM",
88078,"ANDA",,"PUREPAC PHARM",
88079,"ANDA",,"PUREPAC PHARM",
88081,"ANDA",,"LANNETT",
88082,"ANDA",,"PADDOCK LLC",
88084,"ANDA",,"PUREPAC PHARM",
88085,"ANDA",,"PUREPAC PHARM",
88087,"ANDA",,"PHARMAFAIR",
88088,"ANDA",,"HIKMA INTL PHARMS",
88089,"ANDA",,"BAUSCH AND LOMB",
88090,"ANDA",,"MORTON GROVE",
88091,"ANDA",,"MORTON GROVE",
88092,"ANDA",,"MORTON GROVE",
88094,"ANDA",,"MORTON GROVE",
88095,"ANDA",,"MORTON GROVE",
88096,"ANDA",,"MORTON GROVE",
88099,"ANDA",,"HOSPIRA",
88100,"ANDA",,"HOSPIRA",
88101,"ANDA",,"PHARMAFAIR",
88105,"ANDA",,"PUREPAC PHARM",
88106,"ANDA",,"PUREPAC PHARM",
88107,"ANDA",,"PUREPAC PHARM",
88108,"ANDA",,"ROXANE",
88109,"ANDA",,"ROXANE",
88110,"ANDA",,"WATSON LABS",
88111,"ANDA",,"GRAHAM DM",
88116,"ANDA",,"USL PHARMA",
88117,"ANDA",,"WEST WARD",
88119,"ANDA",,"DURAMED PHARMS BARR",
88120,"ANDA",,"PUREPAC PHARM",
88121,"ANDA",,"PUREPAC PHARM",
88122,"ANDA",,"PUREPAC PHARM",
88124,"ANDA",,"ASTRAZENECA",
88125,"ANDA",,"ASTRAZENECA",
88126,"ANDA",,"ROXANE",
88127,"ANDA",,"WATSON LABS",
88128,"ANDA",,"WATSON LABS",
88129,"ANDA",,"VANGARD",
88130,"ANDA",,"VANGARD",
88131,"ANDA",,"FOSUN PHARMA",
88132,"ANDA",,"FOSUN PHARMA",
88133,"ANDA",,"FOSUN PHARMA",
88134,"ANDA",,"FOSUN PHARMA",
88135,"ANDA",,"FOSUN PHARMA",
88136,"ANDA",,"FOSUN PHARMA",
88137,"ANDA",,"FOSUN PHARMA",
88138,"ANDA",,"CMP PHARMA INC",
88139,"ANDA",,"PUREPAC PHARM",
88140,"ANDA",,"PUREPAC PHARM",
88143,"ANDA",,"WOCKHARDT",
88144,"ANDA",,"BAXTER HLTHCARE",
88145,"ANDA",,"BAXTER HLTHCARE",
88146,"ANDA",,"BAXTER HLTHCARE",
88147,"ANDA",,"HOSPIRA",
88149,"ANDA",,"PAR PHARM",
88150,"ANDA",,"PHARMAFAIR",
88151,"ANDA",,"WATSON LABS",
88156,"ANDA",,"MORTON GROVE",
88157,"ANDA",,"CYCLE PHARMS LTD",
88158,"ANDA",,"CYCLE PHARMS LTD",
88164,"ANDA",,"IVAX PHARMS",
88165,"ANDA",,"PHARMAFAIR",
88166,"ANDA",,"INTL MEDICATION",
88167,"ANDA",,"FOUGERA PHARMS INC",
88168,"ANDA",,"FOUGERA PHARMS INC",
88169,"ANDA",,"FOUGERA PHARMS INC",
88170,"ANDA",,"FOUGERA PHARMS INC",
88171,"ANDA",,"SAVAGE LABS",
88172,"ANDA",,"SAVAGE LABS",
88173,"ANDA",,"SAVAGE LABS",
88174,"ANDA",,"SAVAGE LABS",
88175,"ANDA",,"PAR PHARM",
88176,"ANDA",,"PAR PHARM",
88177,"ANDA",,"PUREPAC PHARM",
88178,"ANDA",,"PUREPAC PHARM",
88182,"ANDA",,"DURAMED PHARMS BARR",
88183,"ANDA",,"DURAMED PHARMS BARR",
88184,"ANDA",,"FRESENIUS KABI USA",
88185,"ANDA",,"FRESENIUS KABI USA",
88186,"ANDA",,"PHARMAFAIR",
88187,"ANDA",,"DEY",
88188,"ANDA",,"DEY",
88189,"ANDA",,"WEST WARD",
88190,"ANDA",,"WOCKHARDT",
88191,"ANDA",,"WOCKHARDT BIO AG",
88193,"ANDA",,"SANDOZ",
88194,"ANDA",,"ANI PHARMS INC",
88195,"ANDA",,"USL PHARMA",
88196,"ANDA",,"SAVAGE LABS",
88197,"ANDA",,"SAVAGE LABS",
88198,"ANDA",,"SAVAGE LABS",
88199,"ANDA",,"UDL",
88200,"ANDA",,"SANDOZ",
88205,"ANDA",,"PLIVA",
88207,"ANDA",,"WATSON LABS",
88212,"ANDA",,"CHARTWELL RX",
88214,"ANDA",,"ALLERGAN HERBERT",
88215,"ANDA",,"ALLERGAN HERBERT",
88216,"ANDA",,"ALLERGAN HERBERT",
88217,"ANDA",,"ALLERGAN HERBERT",
88218,"ANDA",,"IVAX PHARMS",
88221,"ANDA",,"VALEANT PHARM INTL",
88222,"ANDA",,"WEST WARD",
88223,"ANDA",,"WEST WARD",
88226,"ANDA",,"ROXANE",
88227,"ANDA",,"WOCKHARDT",
88228,"ANDA",,"WOCKHARDT BIO AG",
88229,"ANDA",,"ACTAVIS MID ATLANTIC",
88230,"ANDA",,"PHARMAFAIR",
88231,"ANDA",,"DURAMED PHARMS BARR",
88232,"ANDA",,"DURAMED PHARMS BARR",
88235,"ANDA",,"CMP PHARMA INC",
88237,"ANDA",,"XSPIRE PHARMA",
88239,"ANDA",,"SMITH AND NEPHEW",
88240,"ANDA",,"WEST WARD",
88241,"ANDA",,"WEST WARD",
88242,"ANDA",,"MORTON GROVE",
88243,"ANDA",,"MORTON GROVE",
88246,"ANDA",,"ORTHO MCNEIL PHARM",
88248,"ANDA",,"WEST-WARD PHARMS INT",
88250,"ANDA",,"SALIX PHARMS",
88251,"ANDA",,"WOCKHARDT BIO AG",
88252,"ANDA",,"WEST-WARD PHARMS INT",
88253,"ANDA",,"PHARM RES ASSOC",
88254,"ANDA",,"WOCKHARDT BIO AG",
88255,"ANDA",,"SCHERER RP",
88256,"ANDA",,"UDL",
88257,"ANDA",,"UDL",
88258,"ANDA",,"WOCKHARDT",
88260,"ANDA",,"WATSON LABS",
88262,"ANDA",,"PAR PHARM",
88265,"ANDA",,"WATSON LABS",
88267,"ANDA",,"CHARTWELL RX",
88268,"ANDA",,"CHARTWELL RX",
88269,"ANDA",,"SANOFI AVENTIS US",
88270,"ANDA",,"ANI PHARMS INC",
88271,"ANDA",,"ANI PHARMS INC",
88272,"ANDA",,"ANI PHARMS INC",
88273,"ANDA",,"ANI PHARMS INC",
88274,"ANDA",,"PHARMAFAIR",
88275,"ANDA",,"ROXANE",
88276,"ANDA",,"PAR PHARM",
88279,"ANDA",,"BAXTER HLTHCARE",
88280,"ANDA",,"BAXTER HLTHCARE",
88281,"ANDA",,"BAXTER HLTHCARE",
88282,"ANDA",,"BAXTER HLTHCARE",
88283,"ANDA",,"CENCI",
88284,"ANDA",,"WATSON LABS",
88285,"ANDA",,"MORTON GROVE",
88286,"ANDA",,"AKORN",
88288,"ANDA",,"ASCOT",
88289,"ANDA",,"ASCOT",
88290,"ANDA",,"ABRAXIS PHARM",
88292,"ANDA",,"PAR PHARM",
88294,"ANDA",,"HOSPIRA",
88295,"ANDA",,"HOSPIRA",
88296,"ANDA",,"WATSON LABS",
88297,"ANDA",,"BARR",
88298,"ANDA",,"BARR",
88299,"ANDA",,"HOSPIRA",
88303,"ANDA",,"CENCI",
88304,"ANDA",,"CENCI",
88305,"ANDA",,"SAVAGE LABS",
88306,"ANDA",,"WEST-WARD PHARMS INT",
88307,"ANDA",,"SANDOZ",
88308,"ANDA",,"SANDOZ",
88309,"ANDA",,"WATSON LABS",
88310,"ANDA",,"ASCOT",
88311,"ANDA",,"ASCOT",
88312,"ANDA",,"MORTON GROVE",
88314,"ANDA",,"VANGARD",
88316,"ANDA",,"WEST-WARD PHARMS INT",
88317,"ANDA",,"ABRAXIS PHARM",
88318,"ANDA",,"WATSON LABS",
88319,"ANDA",,"VANGARD",
88322,"ANDA",,"PAR PHARM",
88323,"ANDA",,"WATSON LABS",
88324,"ANDA",,"TEVA",
88325,"ANDA",,"HOSPIRA",
88326,"ANDA",,"HOSPIRA",
88327,"ANDA",,"HOSPIRA",
88328,"ANDA",,"HOSPIRA",
88329,"ANDA",,"HOSPIRA",
88330,"ANDA",,"HOSPIRA",
88331,"ANDA",,"HOSPIRA",
88332,"ANDA",,"MYLAN",
88333,"ANDA",,"MYLAN",
88334,"ANDA",,"MYLAN",
88335,"ANDA",,"MYLAN",
88336,"ANDA",,"PAR PHARM",
88337,"ANDA",,"WATSON LABS INC",
88342,"ANDA",,"USL PHARMA",
88343,"ANDA",,"ALPHARMA US PHARMS",
88344,"ANDA",,"CENCI",
88345,"ANDA",,"WATSON LABS",
88348,"ANDA",,"WATSON LABS",
88349,"ANDA",,"WATSON LABS",
88350,"ANDA",,"WATSON LABS",
88351,"ANDA",,"PAR PHARM",
88352,"ANDA",,"PAR PHARM",
88353,"ANDA",,"DURAMED PHARMS BARR",
88354,"ANDA",,"DURAMED PHARMS BARR",
88355,"ANDA",,"DURAMED PHARMS BARR",
88356,"ANDA",,"IVAX PHARMS",
88357,"ANDA",,"IVAX PHARMS",
88358,"ANDA",,"IVAX PHARMS",
88360,"ANDA",,"ALPHARMA US PHARMS",
88361,"ANDA",,"ALPHARMA US PHARMS",
88364,"ANDA",,"3M",
88365,"ANDA",,"HIKMA PHARMS",
88366,"ANDA",,"HOSPIRA",
88367,"ANDA",,"HOSPIRA",
88368,"ANDA",,"HOSPIRA",
88369,"ANDA",,"3M",
88370,"ANDA",,"MUTUAL PHARM",
88371,"ANDA",,"BAXTER HLTHCARE",
88372,"ANDA",,"BAXTER HLTHCARE",
88373,"ANDA",,"BAXTER HLTHCARE",
88374,"ANDA",,"BAXTER HLTHCARE",
88375,"ANDA",,"MUTUAL PHARM",
88376,"ANDA",,"SOLVAY",
88377,"ANDA",,"PAR PHARM",
88379,"ANDA",,"MUTUAL PHARM",
88381,"ANDA",,"WATSON LABS",
88382,"ANDA",,"GRAHAM DM",
88383,"ANDA",,"GRAHAM DM",
88385,"ANDA",,"PHARMAFAIR",
88387,"ANDA",,"DEPROCO",
88388,"ANDA",,"DEPROCO",
88389,"ANDA",,"DEPROCO",
88390,"ANDA",,"DEPROCO",
88391,"ANDA",,"PAR PHARM",
88392,"ANDA",,"VANGARD",
88393,"ANDA",,"VANGARD",
88394,"ANDA",,"DURAMED PHARMS BARR",
88395,"ANDA",,"DURAMED PHARMS BARR",
88396,"ANDA",,"DURAMED PHARMS BARR",
88399,"ANDA",,"WATSON LABS",
88400,"ANDA",,"FRESENIUS KABI USA",
88407,"ANDA",,"ABRAXIS PHARM",
88409,"ANDA",,"MUTUAL PHARM",
88410,"ANDA",,"WATSON LABS",
88412,"ANDA",,"WATSON LABS",
88414,"ANDA",,"SANDOZ",
88415,"ANDA",,"PHARMAFAIR",
88421,"ANDA",,"COPLEY PHARM",
88422,"ANDA",,"COPLEY PHARM",
88423,"ANDA",,"COPLEY PHARM",
88424,"ANDA",,"COPLEY PHARM",
88425,"ANDA",,"COPLEY PHARM",
88426,"ANDA",,"COPLEY PHARM",
88429,"ANDA",,"SMITH AND NEPHEW",
88430,"ANDA",,"UPSHER-SMITH LABS",
88431,"ANDA",,"CYCLE PHARMS LTD",
88432,"ANDA",,"ICU MEDICAL INC",
88433,"ANDA",,"PHARMAFAIR",
88440,"ANDA",,"ODYSSEY PHARMS",
88441,"ANDA",,"ODYSSEY PHARMS",
88447,"ANDA",,"AKORN",
88448,"ANDA",,"ABRAXIS PHARM",
88449,"ANDA",,"PHARMAFAIR",
88450,"ANDA",,"WOCKHARDT BIO AG",
88451,"ANDA",,"WOCKHARDT BIO AG",
88452,"ANDA",,"WATSON LABS",
88453,"ANDA",,"ROXANE",
88456,"ANDA",,"ANI PHARMS INC",
88457,"ANDA",,"SOLOPAK",
88458,"ANDA",,"SMITH AND NEPHEW",
88459,"ANDA",,"SOLOPAK",
88460,"ANDA",,"SMITH AND NEPHEW",
88461,"ANDA",,"SUN PHARM INDUSTRIES",
88462,"ANDA",,"PHARMADERM",
88463,"ANDA",,"FOUGERA",
88465,"ANDA",,"HIKMA PHARMS",
88467,"ANDA",,"PLIVA",
88468,"ANDA",,"PLIVA",
88469,"ANDA",,"FRESENIUS KABI USA",
88470,"ANDA",,"ASTRAZENECA",
88471,"ANDA",,"ASTRAZENECA",
88472,"ANDA",,"ASTRAZENECA",
88474,"ANDA",,"NEWTRON PHARMS",
88475,"ANDA",,"ABRAXIS PHARM",
88476,"ANDA",,"WATSON LABS",
88477,"ANDA",,"WATSON LABS TEVA",
88478,"ANDA",,"WATSON LABS",
88479,"ANDA",,"WATSON LABS",
88480,"ANDA",,"PAR PHARM",
88481,"ANDA",,"FERA PHARMS LLC",
88482,"ANDA",,"ODYSSEY PHARMS",
88483,"ANDA",,"ODYSSEY PHARMS",
88484,"ANDA",,"USL PHARMA",
88486,"ANDA",,"WATSON LABS",
88487,"ANDA",,"BARR",
88488,"ANDA",,"BARR",
88489,"ANDA",,"PARKEDALE",
88493,"ANDA",,"ANI PHARMS INC",
88496,"ANDA",,"BARR",
88497,"ANDA",,"DURAMED PHARMS BARR",
88499,"ANDA",,"PHARMAFAIR",
88503,"ANDA",,"FOREST LABS",
88504,"ANDA",,"FOREST LABS",
88505,"ANDA",,"FOREST LABS",
88506,"ANDA",,"PHARMAFAIR",
88507,"ANDA",,"PHARMAFAIR",
88508,"ANDA",,"KING PHARMS",
88510,"ANDA",,"QUANTUM PHARMICS",
88511,"ANDA",,"QUANTUM PHARMICS",
88514,"ANDA",,"QUANTUM PHARMICS",
88515,"ANDA",,"NEWTRON PHARMS",
88517,"ANDA",,"SOLOPAK",
88518,"ANDA",,"SMITH AND NEPHEW",
88519,"ANDA",,"SMITH AND NEPHEW",
88520,"ANDA",,"SOLOPAK",
88521,"ANDA",,"SMITH AND NEPHEW",
88522,"ANDA",,"INTL MEDICATION",
88523,"ANDA",,"WATSON LABS",
88524,"ANDA",,"WATSON LABS",
88527,"ANDA",,"WATSON LABS",
88528,"ANDA",,"WATSON LABS",
88529,"ANDA",,"QUANTUM PHARMICS",
88530,"ANDA",,"SMITH AND NEPHEW",
88531,"ANDA",,"SMITH AND NEPHEW",
88532,"ANDA",,"SOLOPAK",
88533,"ANDA",,"WATSON LABS",
88534,"ANDA",,"WATSON LABS",
88535,"ANDA",,"WATSON LABS",
88537,"ANDA",,"TEVA",
88539,"ANDA",,"ROXANE",
88540,"ANDA",,"QUANTUM PHARMICS",
88542,"ANDA",,"HOSPIRA",
88544,"ANDA",,"WATSON LABS",
88549,"ANDA",,"MYLAN",
88550,"ANDA",,"WATSON LABS",
88551,"ANDA",,"QUANTUM PHARMICS",
88554,"ANDA",,"WATSON LABS",
88555,"ANDA",,"WATSON LABS",
88556,"ANDA",,"PIONEER PHARMS",
88557,"ANDA",,"HIKMA PHARMS",
88560,"ANDA",,"ACTAVIS ELIZABETH",
88561,"ANDA",,"WATSON LABS",
88562,"ANDA",,"WATSON LABS",
88563,"ANDA",,"WATSON LABS",
88564,"ANDA",,"WATSON LABS",
88567,"ANDA",,"WATSON LABS TEVA",
88568,"ANDA",,"WATSON LABS",
88570,"ANDA",,"SUN PHARM INDUSTRIES",
88571,"ANDA",,"HOSPIRA",
88572,"ANDA",,"ABBOTT",
88576,"ANDA",,"CHARTWELL RX",
88577,"ANDA",,"BARR",
88578,"ANDA",,"SUPERPHARM",
88580,"ANDA",,"SMITH AND NEPHEW",
88581,"ANDA",,"SMITH AND NEPHEW",
88582,"ANDA",,"ASCOT",
88584,"ANDA",,"PHARM RES ASSOC",
88585,"ANDA",,"PIONEER PHARMS",
88586,"ANDA",,"FRESENIUS KABI USA",
88587,"ANDA",,"ROXANE",
88588,"ANDA",,"ROXANE",
88593,"ANDA",,"DURAMED PHARMS BARR",
88594,"ANDA",,"DURAMED PHARMS BARR",
88595,"ANDA",,"DURAMED PHARMS BARR",
88596,"ANDA",,"CHARTWELL RX",
88597,"ANDA",,"MORTON GROVE",
88598,"ANDA",,"MORTON GROVE",
88599,"ANDA",,"TEVA",
88602,"ANDA",,"FOSUN PHARMA",
88603,"ANDA",,"QUANTUM PHARMICS",
88604,"ANDA",,"PIONEER PHARMS",
88605,"ANDA",,"SANDOZ INC",
88606,"ANDA",,"PHARMAFAIR",
88607,"ANDA",,"G AND W LABS",
88608,"ANDA",,"WATSON LABS",
88610,"ANDA",,"CHARTWELL RX",
88611,"ANDA",,"CHARTWELL RX",
88612,"ANDA",,"TEVA",
88613,"ANDA",,"TEVA",
88614,"ANDA",,"TEVA",
88615,"ANDA",,"TEVA",
88616,"ANDA",,"ACTAVIS LABS UT INC",
88617,"ANDA",,"PLIVA",
88618,"ANDA",,"PLIVA",
88619,"ANDA",,"PLIVA",
88620,"ANDA",,"WATSON LABS",
88621,"ANDA",,"WATSON LABS",
88622,"ANDA",,"WATSON LABS",
88625,"ANDA",,"CHARTWELL RX",
88626,"ANDA",,"WOCKHARDT",
88627,"ANDA",,"TEVA",
88628,"ANDA",,"TEVA",
88629,"ANDA",,"TEVA",
88630,"ANDA",,"TEVA",
88631,"ANDA",,"TEVA",
88632,"ANDA",,"TEVA",
88633,"ANDA",,"WATSON LABS",
88634,"ANDA",,"WATSON LABS",
88635,"ANDA",,"WATSON LABS",
88636,"ANDA",,"INTL MEDICATION",
88637,"ANDA",,"INTL MEDICATION",
88638,"ANDA",,"TARO",
88639,"ANDA",,"BARR",
88640,"ANDA",,"BARR",
88641,"ANDA",,"ANI PHARMS INC",
88642,"ANDA",,"TEVA",
88643,"ANDA",,"PHARMAFAIR",
88646,"ANDA",,"ROXANE",
88647,"ANDA",,"ROXANE",
88648,"ANDA",,"NORBROOK",
88649,"ANDA",,"ACTAVIS ELIZABETH",
88651,"ANDA",,"G AND W LABS INC",
88652,"ANDA",,"QUANTUM PHARMICS",
88653,"ANDA",,"DENTSPLY PHARM",
88654,"ANDA",,"CENT PHARMS",
88656,"ANDA",,"MONARCH PHARMS",
88657,"ANDA",,"QUANTUM PHARMICS",
88658,"ANDA",,"WEST WARD",
88659,"ANDA",,"WEST WARD",
88660,"ANDA",,"WEST WARD",
88661,"ANDA",,"WEST WARD",
88662,"ANDA",,"HALSEY",
88663,"ANDA",,"ROXANE",
88664,"ANDA",,"ROXANE",
88665,"ANDA",,"ROXANE",
88666,"ANDA",,"VANGARD",
88667,"ANDA",,"ABRAXIS PHARM",
88668,"ANDA",,"ABRAXIS PHARM",
88669,"ANDA",,"ABRAXIS PHARM",
88670,"ANDA",,"ABRAXIS PHARM",
88671,"ANDA",,"QUANTUM PHARMICS",
88672,"ANDA",,"AM THERAP",
88673,"ANDA",,"AM THERAP",
88674,"ANDA",,"AM THERAP",
88675,"ANDA",,"AM THERAP",
88676,"ANDA",,"ABRAXIS PHARM",
88677,"ANDA",,"ABRAXIS PHARM",
88678,"ANDA",,"ABRAXIS PHARM",
88679,"ANDA",,"ABRAXIS PHARM",
88680,"ANDA",,"NASKA",
88682,"ANDA",,"ANI PHARMS INC",
88686,"ANDA",,"QUANTUM PHARMICS",
88689,"ANDA",,"CENT PHARMS",
88690,"ANDA",,"PHARMADERM",
88691,"ANDA",,"SAVAGE LABS",
88692,"ANDA",,"PHARMADERM",
88693,"ANDA",,"SAVAGE LABS",
88694,"ANDA",,"SUPERPHARM",
88695,"ANDA",,"SUPERPHARM",
88697,"ANDA",,"PAR PHARM",
88698,"ANDA",,"PAR PHARM",
88699,"ANDA",,"PAR PHARM",
88700,"ANDA",,"PAR PHARM",
88701,"ANDA",,"PAR PHARM",
88702,"ANDA",,"PAR PHARM",
88703,"ANDA",,"WEST-WARD PHARMS INT",
88704,"ANDA",,"STI PHARMA LLC",
88705,"ANDA",,"TEVA",
88706,"ANDA",,"TEVA",
88707,"ANDA",,"TEVA",
88708,"ANDA",,"USL PHARMA",
88709,"ANDA",,"USL PHARMA",
88710,"ANDA",,"WATSON LABS",
88711,"ANDA",,"WATSON LABS",
88712,"ANDA",,"ABRAXIS PHARM",
88713,"ANDA",,"TEVA",
88715,"ANDA",,"VANGARD",
88717,"ANDA",,"MORTON GROVE",
88718,"ANDA",,"G AND W LABS INC",
88719,"ANDA",,"USL PHARMA",
88720,"ANDA",,"USL PHARMA",
88721,"ANDA",,"USL PHARMA",
88722,"ANDA",,"ALPHARMA US PHARMS",
88724,"ANDA",,"WATSON LABS",
88725,"ANDA",,"AUROLIFE PHARMA LLC",
88726,"ANDA",,"AUROLIFE PHARMA LLC",
88728,"ANDA",,"MUTUAL PHARM",
88729,"ANDA",,"ANDA REPOSITORY",
88730,"ANDA",,"VANGARD",
88731,"ANDA",,"PIONEER PHARMS",
88732,"ANDA",,"PLIVA",
88733,"ANDA",,"PLIVA",
88734,"ANDA",,"PLIVA",
88735,"ANDA",,"HALSEY",
88736,"ANDA",,"WATSON LABS",
88737,"ANDA",,"SUN PHARM INDUSTRIES",
88738,"ANDA",,"SUN PHARM INDUSTRIES",
88739,"ANDA",,"HALSEY",
88740,"ANDA",,"QUANTUM PHARMICS",
88742,"ANDA",,"USL PHARMA",
88743,"ANDA",,"GRAHAM DM",
88744,"ANDA",,"WEST-WARD PHARMS INT",
88745,"ANDA",,"USL PHARMA",
88746,"ANDA",,"SANOFI AVENTIS US",
88749,"ANDA",,"SMITH AND NEPHEW",
88750,"ANDA",,"WATSON LABS",
88755,"ANDA",,"WATSON LABS",
88756,"ANDA",,"USL PHARMA",
88757,"ANDA",,"USL PHARMA",
88758,"ANDA",,"MALLINCKRODT",
88759,"ANDA",,"TARO PHARM INDS LTD",
88760,"ANDA",,"BRISTOL MYERS",
88761,"ANDA",,"G AND W LABS INC",
88762,"ANDA",,"G AND W LABS INC",
88763,"ANDA",,"ACTAVIS MID ATLANTIC",
88764,"ANDA",,"ACTAVIS MID ATLANTIC",
88765,"ANDA",,"GRAHAM DM",
88766,"ANDA",,"SMITH AND NEPHEW",
88767,"ANDA",,"SMITH AND NEPHEW",
88768,"ANDA",,"ANI PHARMS INC",
88769,"ANDA",,"WATSON LABS",
88770,"ANDA",,"WATSON LABS",
88771,"ANDA",,"SANDOZ INC",
88772,"ANDA",,"WATSON LABS",
88780,"ANDA",,"ASTELLAS",
88781,"ANDA",,"ASTELLAS",
88785,"ANDA",,"ALPHARMA US PHARMS",
88786,"ANDA",,"WOCKHARDT",
88787,"ANDA",,"SUPERPHARM",
88788,"ANDA",,"SUPERPHARM",
88789,"ANDA",,"SUPERPHARM",
88790,"ANDA",,"JANSSEN PHARMS",
88791,"ANDA",,"NOVARTIS",
88792,"ANDA",,"PAR PHARM",
88793,"ANDA",,"PAR PHARM",
88794,"ANDA",,"SUPERPHARM",
88795,"ANDA",,"SUPERPHARM",
88796,"ANDA",,"SUPERPHARM",
88797,"ANDA",,"USL PHARMA",
88798,"ANDA",,"AM THERAP",
88799,"ANDA",,"TARO PHARM INDS LTD",
88802,"ANDA",,"WEST-WARD PHARMS INT",
88803,"ANDA",,"WEST-WARD PHARMS INT",
88804,"ANDA",,"HOSPIRA",
88809,"ANDA",,"WATSON LABS",
88810,"ANDA",,"WEST-WARD PHARMS INT",
88811,"ANDA",,"WOCKHARDT BIO AG",
88812,"ANDA",,"ANI PHARMS INC",
88813,"ANDA",,"ANI PHARMS INC",
88814,"ANDA",,"CENCI",
88815,"ANDA",,"CENCI",
88816,"ANDA",,"CENCI",
88818,"ANDA",,"ASTELLAS",
88819,"ANDA",,"ASTELLAS",
88820,"ANDA",,"ASTELLAS",
88821,"ANDA",,"G AND W LABS INC",
88824,"ANDA",,"PHARMAFAIR",
88825,"ANDA",,"GILBERT LABS",
88826,"ANDA",,"WATSON LABS TEVA",
88827,"ANDA",,"SUPERPHARM",
88828,"ANDA",,"SUPERPHARM",
88829,"ANDA",,"SUPERPHARM",
88830,"ANDA",,"PHARMAFAIR",
88831,"ANDA",,"VALEANT",
88832,"ANDA",,"MYLAN PHARMS INC",
88833,"ANDA",,"WOCKHARDT",
88837,"ANDA",,"PHARMAFAIR",
88840,"ANDA",,"ANI PHARMS INC",
88842,"ANDA",,"PHARMADERM",
88845,"ANDA",,"PHARMADERM",
88846,"ANDA",,"CHARTWELL RX",
88847,"ANDA",,"CHARTWELL RX",
88848,"ANDA",,"CHARTWELL RX",
88849,"ANDA",,"CHARTWELL RX",
88850,"ANDA",,"PAR PHARM",
88852,"ANDA",,"WATSON LABS TEVA",
88853,"ANDA",,"SUPERPHARM",
88854,"ANDA",,"SUPERPHARM",
88855,"ANDA",,"SUPERPHARM",
88856,"ANDA",,"SUPERPHARM",
88857,"ANDA",,"SUPERPHARM",
88860,"ANDA",,"PVT FORM",
88862,"ANDA",,"PHARMAFAIR",
88863,"ANDA",,"SUN PHARM INDUSTRIES",
88864,"ANDA",,"WOCKHARDT BIO AG",
88865,"ANDA",,"SUPERPHARM",
88866,"ANDA",,"SUPERPHARM",
88867,"ANDA",,"SUPERPHARM",
88868,"ANDA",,"HALSEY",
88869,"ANDA",,"WATSON LABS",
88870,"ANDA",,"HALSEY",
88871,"ANDA",,"ABANA",
88872,"ANDA",,"WATSON LABS TEVA",
88873,"ANDA",,"MYLAN INSTITUTIONAL",
88875,"ANDA",,"WOCKHARDT BIO AG",
88877,"ANDA",,"LANNETT CO INC",
88880,"ANDA",,"PIONEER PHARMS",
88881,"ANDA",,"PHARMAFAIR",
88882,"ANDA",,"WATSON LABS",
88883,"ANDA",,"PLIVA",
88884,"ANDA",,"PLIVA",
88885,"ANDA",,"PLIVA",
88886,"ANDA",,"PLIVA",
88887,"ANDA",,"PLIVA",
88888,"ANDA",,"PLIVA",
88889,"ANDA",,"FOREST PHARMS",
88891,"ANDA",,"MUTUAL PHARM",
88892,"ANDA",,"SUPERPHARM",
88893,"ANDA",,"SUPERPHARM",
88894,"ANDA",,"LANNETT CO INC",
88895,"ANDA",,"LANNETT CO INC",
88896,"ANDA",,"WOCKHARDT",
88897,"ANDA",,"WOCKHARDT",
88898,"ANDA",,"CENT PHARMS",
88900,"ANDA",,"COPLEY PHARM",
88901,"ANDA",,"FRESENIUS KABI USA",
88902,"ANDA",,"BARR LABS INC",
88903,"ANDA",,"BARR LABS INC",
88907,"ANDA",,"PAR PHARM",
88908,"ANDA",,"FRESENIUS KABI USA",
88909,"ANDA",,"ABRAXIS PHARM",
88910,"ANDA",,"USL PHARMA",
88911,"ANDA",,"FRESENIUS KABI USA",
88912,"ANDA",,"FRESENIUS KABI USA",
88913,"ANDA",,"HALSEY",
88917,"ANDA",,"USL PHARMA",
88918,"ANDA",,"ANI PHARMS INC",
88919,"ANDA",,"ANI PHARMS INC",
88921,"ANDA",,"ANI PHARMS INC",
88922,"ANDA",,"ANI PHARMS INC",
88923,"ANDA",,"TEVA",
88924,"ANDA",,"TEVA",
88928,"ANDA",,"ACTAVIS ELIZABETH",
88929,"ANDA",,"ABIC",
88932,"ANDA",,"IVAX PHARMS",
88933,"ANDA",,"PAR PHARM",
88934,"ANDA",,"PAR PHARM",
88935,"ANDA",,"ABRAXIS PHARM",
88936,"ANDA",,"ABRAXIS PHARM",
88937,"ANDA",,"ABRAXIS PHARM",
88939,"ANDA",,"ABRAXIS PHARM",
88941,"ANDA",,"ROXANE",
88942,"ANDA",,"ROXANE",
88944,"ANDA",,"MAYRAND",
88946,"ANDA",,"PAR PHARM",
88947,"ANDA",,"PHARMAFAIR",
88948,"ANDA",,"DURAMED PHARMS BARR",
88949,"ANDA",,"PIONEER PHARMS",
88950,"ANDA",,"PUREPAC PHARM",
88954,"ANDA",,"PHARMACIA AND UPJOHN",
88956,"ANDA",,"MALLINCKRODT",
88957,"ANDA",,"PAR PHARM",
88958,"ANDA",,"ANI PHARMS INC",
88959,"ANDA",,"ANI PHARMS INC",
88960,"ANDA",,"SMITH AND NEPHEW",
88961,"ANDA",,"PAR PHARM",
88962,"ANDA",,"SUPERPHARM",
88967,"ANDA",,"DURAMED PHARMS BARR",
88968,"ANDA",,"DURAMED PHARMS BARR",
88969,"ANDA",,"DURAMED PHARMS BARR",
88970,"ANDA",,"DURAMED PHARMS BARR",
88972,"ANDA",,"QUANTUM PHARMICS",
88973,"ANDA",,"SUPERPHARM",
88974,"ANDA",,"ANI PHARMS INC",
88986,"ANDA",,"SUPERPHARM",
88987,"ANDA",,"SUPERPHARM",
88988,"ANDA",,"SUPERPHARM",
88989,"ANDA",,"ROXANE",
88990,"ANDA",,"ROXANE",
88991,"ANDA",,"MALLINCKRODT",
88994,"ANDA",,"SUN PHARM INDUSTRIES",
88997,"ANDA",,"ALPHARMA US PHARMS",
88999,"ANDA",,"GLENMARK GENERICS",
89000,"ANDA",,"GLENMARK GENERICS",
89001,"ANDA",,"GLENMARK GENERICS",
89003,"ANDA",,"FRESENIUS KABI USA",
89006,"ANDA",,"MALLINCKRODT",
89007,"ANDA",,"MAYNE PHARMA INC",
89008,"ANDA",,"MIKART",
89011,"ANDA",,"ABRAXIS PHARM",
89013,"ANDA",,"CENCI",
89018,"ANDA",,"CENCI",
89019,"ANDA",,"TEVA",
89020,"ANDA",,"TEVA",
89021,"ANDA",,"NASKA",
89023,"ANDA",,"MALLINCKRODT",
89024,"ANDA",,"TARO",
89025,"ANDA",,"TEVA",
89026,"ANDA",,"WATSON LABS",
89027,"ANDA",,"WATSON LABS",
89028,"ANDA",,"WHITEWORTH TOWN PLSN",
89029,"ANDA",,"WEST-WARD PHARMS INT",
89030,"ANDA",,"WEST-WARD PHARMS INT",
89031,"ANDA",,"SUPERPHARM",
89032,"ANDA",,"SUPERPHARM",
89033,"ANDA",,"SUPERPHARM",
89040,"ANDA",,"SUPERPHARM",
89041,"ANDA",,"SUPERPHARM",
89042,"ANDA",,"WATSON LABS",
89043,"ANDA",,"SMITH AND NEPHEW",
89047,"ANDA",,"NOVARTIS",
89048,"ANDA",,"ROXANE",
89049,"ANDA",,"WEST-WARD PHARMS INT",
89051,"ANDA",,"USL PHARMA",
89052,"ANDA",,"USL PHARMA",
89057,"ANDA",,"HALSEY",
89058,"ANDA",,"PLIVA",
89059,"ANDA",,"PLIVA",
89060,"ANDA",,"PLIVA",
89063,"ANDA",,"LUITPOLD",
89064,"ANDA",,"LUITPOLD",
89066,"ANDA",,"PERRIGO CO",
89067,"ANDA",,"GRAHAM DM",
89068,"ANDA",,"ALCON PHARMS LTD",
89069,"ANDA",,"HOSPIRA",
89070,"ANDA",,"HOSPIRA",
89071,"ANDA",,"ACTAVIS ELIZABETH",
89072,"ANDA",,"ACTAVIS ELIZABETH",
89073,"ANDA",,"ACTAVIS ELIZABETH",
89074,"ANDA",,"PERRIGO CO",
89080,"ANDA",,"PUREPAC PHARM",
89081,"ANDA",,"TEVA",
89082,"ANDA",,"PIONEER PHARMS",
89094,"ANDA",,"SOLOPAK",
89095,"ANDA",,"ODYSSEY PHARMS",
89096,"ANDA",,"ODYSSEY PHARMS",
89097,"ANDA",,"PLIVA",
89098,"ANDA",,"PLIVA",
89099,"ANDA",,"ABRAXIS PHARM",
89100,"ANDA",,"ABRAXIS PHARM",
89101,"ANDA",,"PIONEER PHARMS",
89102,"ANDA",,"MALLINCKRODT",
89103,"ANDA",,"SUPERPHARM",
89104,"ANDA",,"SUPERPHARM",
89105,"ANDA",,"SUPERPHARM",
89106,"ANDA",,"PHARMAFAIR",
89107,"ANDA",,"PHARMAFAIR",
89109,"ANDA",,"TEVA",
89110,"ANDA",,"WATSON LABS",
89111,"ANDA",,"WATSON LABS",
89113,"ANDA",,"SUPERPHARM",
89114,"ANDA",,"SUPERPHARM",
89115,"ANDA",,"US CHEM",
89116,"ANDA",,"COPLEY PHARM",
89117,"ANDA",,"HALSEY",
89120,"ANDA",,"QUANTUM PHARMICS",
89121,"ANDA",,"USL PHARMA",
89122,"ANDA",,"USL PHARMA",
89123,"ANDA",,"USL PHARMA",
89124,"ANDA",,"TARO",
89126,"ANDA",,"PAR PHARM",
89127,"ANDA",,"SANDOZ",
89129,"ANDA",,"G AND W LABS INC",
89130,"ANDA",,"HALSEY",
89131,"ANDA",,"SCHERING",
89132,"ANDA",,"3M",
89135,"ANDA",,"PAR PHARM",
89136,"ANDA",,"PAR PHARM",
89137,"ANDA",,"SUPERPHARM",
89139,"ANDA",,"PIONEER PHARMS",
89141,"ANDA",,"FLEMING PHARMS",
89143,"ANDA",,"ABRAXIS PHARM",
89144,"ANDA",,"ABRAXIS PHARM",
89145,"ANDA",,"PAR PHARM",
89146,"ANDA",,"PAR PHARM",
89152,"ANDA",,"ABRAXIS PHARM",
89158,"ANDA",,"PHARMACHEMIE USA",
89160,"ANDA",,"MALLINCKRODT",
89161,"ANDA",,"ABIC",
89162,"ANDA",,"ALCON PHARMS LTD",
89163,"ANDA",,"WATSON LABS",
89164,"ANDA",,"SUPERPHARM",
89166,"ANDA",,"LEITNER PHARMS",
89169,"ANDA",,"WATSON LABS",
89170,"ANDA",,"WATSON LABS",
89171,"ANDA",,"WATSON LABS",
89172,"ANDA",,"ALCON PHARMS LTD",
89173,"ANDA",,"HOSPIRA",
89174,"ANDA",,"HOSPIRA",
89175,"ANDA",,"MIKART",
89177,"ANDA",,"BARR",
89178,"ANDA",,"HALSEY",
89179,"ANDA",,"HALSEY",
89180,"ANDA",,"PHARMACIA AND UPJOHN",
89183,"ANDA",,"SUPERPHARM",
89184,"ANDA",,"SUPERPHARM",
89185,"ANDA",,"SUPERPHARM",
89186,"ANDA",,"ABRAXIS PHARM",
89187,"ANDA",,"ABRAXIS PHARM",
89188,"ANDA",,"ABRAXIS PHARM",
89189,"ANDA",,"ABRAXIS PHARM",
89190,"ANDA",,"SUPERPHARM",
89191,"ANDA",,"SUPERPHARM",
89192,"ANDA",,"SUPERPHARM",
89193,"ANDA",,"MCNEIL",
89199,"ANDA",,"HALSEY",
89200,"ANDA",,"SUPERPHARM",
89201,"ANDA",,"SUPERPHARM",
89202,"ANDA",,"FRESENIUS KABI USA",
89207,"ANDA",,"PAR PHARM",
89208,"ANDA",,"PAR PHARM",
89209,"ANDA",,"PAR PHARM",
89211,"ANDA",,"USL PHARMA",
89212,"ANDA",,"USL PHARMA",
89213,"ANDA",,"USL PHARMA",
89218,"ANDA",,"HALSEY",
89219,"ANDA",,"ANI PHARMS INC",
89222,"ANDA",,"HALSEY",
89223,"ANDA",,"ALPHARMA US PHARMS",
89231,"ANDA",,"MIKART",
89233,"ANDA",,"SUPERPHARM",
89234,"ANDA",,"SUPERPHARM",
89238,"ANDA",,"MIKART",
89239,"ANDA",,"IGI LABS INC",
89240,"ANDA",,"IGI LABS INC",
89243,"ANDA",,"LANNETT",
89244,"ANDA",,"MIKART",
89245,"ANDA",,"MUTUAL PHARM",
89246,"ANDA",,"SUN PHARM INDUSTRIES",
89247,"ANDA",,"SUN PHARM INDUSTRIES",
89248,"ANDA",,"QUAD PHARMS",
89249,"ANDA",,"QUAD PHARMS",
89250,"ANDA",,"QUAD PHARMS",
89251,"ANDA",,"SMITH AND NEPHEW",
89252,"ANDA",,"DEY",
89253,"ANDA",,"SUPERPHARM",
89254,"ANDA",,"SUPERPHARM",
89256,"ANDA",,"QUAD PHARMS",
89257,"ANDA",,"QUAD PHARMS",
89258,"ANDA",,"ANDA REPOSITORY",
89259,"ANDA",,"ANDA REPOSITORY",
89263,"ANDA",,"ABRAXIS PHARM",
89264,"ANDA",,"QUAD PHARMS",
89265,"ANDA",,"QUAD PHARMS",
89266,"ANDA",,"QUAD PHARMS",
89267,"ANDA",,"QUAD PHARMS",
89268,"ANDA",,"DUNHALL",
89271,"ANDA",,"MIKART",
89273,"ANDA",,"TOPIDERM",
89274,"ANDA",,"TOPIDERM",
89275,"ANDA",,"TOPIDERM",
89276,"ANDA",,"TOPIDERM",
89280,"ANDA",,"QUAD PHARMS",
89281,"ANDA",,"QUAD PHARMS",
89282,"ANDA",,"QUAD PHARMS",
89283,"ANDA",,"QUAD PHARMS",
89284,"ANDA",,"SANDOZ",
89285,"ANDA",,"MUTUAL PHARM",
89286,"ANDA",,"SUN PHARM INDUSTRIES",
89290,"ANDA",,"USL PHARMA",
89291,"ANDA",,"USL PHARMA",
89293,"ANDA",,"QUAD PHARMS",
89294,"ANDA",,"QUAD PHARMS",
89295,"ANDA",,"QUAD PHARMS",
89296,"ANDA",,"QUAD PHARMS",
89297,"ANDA",,"QUAD PHARMS",
89298,"ANDA",,"QUAD PHARMS",
89306,"ANDA",,"QUAD PHARMS",
89307,"ANDA",,"QUAD PHARMS",
89308,"ANDA",,"QUAD PHARMS",
89309,"ANDA",,"QUAD PHARMS",
89310,"ANDA",,"QUAD PHARMS",
89311,"ANDA",,"QUAD PHARMS",
89312,"ANDA",,"QUAD PHARMS",
89313,"ANDA",,"QUAD PHARMS",
89314,"ANDA",,"QUAD PHARMS",
89315,"ANDA",,"QUAD PHARMS",
89316,"ANDA",,"QUAD PHARMS",
89321,"ANDA",,"HALSEY",
89322,"ANDA",,"ABRAXIS PHARM",
89323,"ANDA",,"ABRAXIS PHARM",
89324,"ANDA",,"QUAD PHARMS",
89325,"ANDA",,"QUAD PHARMS",
89326,"ANDA",,"QUAD PHARMS",
89327,"ANDA",,"QUAD PHARMS",
89330,"ANDA",,"QUAD PHARMS",
89331,"ANDA",,"QUAD PHARMS",
89335,"ANDA",,"LUITPOLD",
89338,"ANDA",,"SUN PHARM INDUSTRIES",
89339,"ANDA",,"SUPERPHARM",
89340,"ANDA",,"WEST-WARD PHARMS INT",
89341,"ANDA",,"WEST-WARD PHARMS INT",
89342,"ANDA",,"WEST-WARD PHARMS INT",
89343,"ANDA",,"WEST-WARD PHARMS INT",
89346,"ANDA",,"SUN PHARM INDUSTRIES",
89347,"ANDA",,"BRACCO",
89351,"ANDA",,"WEST-WARD PHARMS INT",
89352,"ANDA",,"ABIC",
89353,"ANDA",,"ABIC",
89354,"ANDA",,"ABIC",
89355,"ANDA",,"ABIC",
89356,"ANDA",,"ABIC",
89359,"ANDA",,"ANDA REPOSITORY",
89360,"ANDA",,"CENT PHARMS",
89361,"ANDA",,"PIONEER PHARMS",
89362,"ANDA",,"ABBOTT",
89363,"ANDA",,"MIKART",
89364,"ANDA",,"SUPERPHARM",
89365,"ANDA",,"QUAD PHARMS",
89366,"ANDA",,"HALSEY",
89367,"ANDA",,"SANDOZ",
89368,"ANDA",,"QUAD PHARMS",
89369,"ANDA",,"ANI PHARMS INC",
89372,"ANDA",,"QUAD PHARMS",
89373,"ANDA",,"ABRAXIS PHARM",
89381,"ANDA",,"SUN PHARM INDUSTRIES",
89382,"ANDA",,"SUN PHARM INDUSTRIES",
89383,"ANDA",,"SUN PHARM INDUSTRIES",
89384,"ANDA",,"WEST-WARD PHARMS INT",
89385,"ANDA",,"ORTHO MCNEIL PHARM",
89386,"ANDA",,"ESI",
89387,"ANDA",,"AM THERAP",
89388,"ANDA",,"AM THERAP",
89389,"ANDA",,"AM THERAP",
89390,"ANDA",,"PIONEER PHARMS",
89393,"ANDA",,"HOSPIRA",
89395,"ANDA",,"WEST-WARD PHARMS INT",
89396,"ANDA",,"HALSEY",
89397,"ANDA",,"QUAD PHARMS",
89399,"ANDA",,"SUN PHARM INDS INC",
89400,"ANDA",,"MUTUAL PHARM",
89402,"ANDA",,"MUTUAL PHARM",
89405,"ANDA",,"MALLINCKRODT",
89406,"ANDA",,"FRESENIUS KABI USA",
89407,"ANDA",,"FRESENIUS KABI USA",
89408,"ANDA",,"FRESENIUS KABI USA",
89409,"ANDA",,"FRESENIUS KABI USA",
89410,"ANDA",,"FRESENIUS KABI USA",
89413,"ANDA",,"PHARMADERM",
89414,"ANDA",,"FOUGERA PHARMS INC",
89415,"ANDA",,"ABRAXIS PHARM",
89416,"ANDA",,"ABRAXIS PHARM",
89417,"ANDA",,"AM THERAP",
89418,"ANDA",,"AM THERAP",
89420,"ANDA",,"SCHWARZ PHARMA",
89421,"ANDA",,"WATSON LABS",
89422,"ANDA",,"PAR PHARM",
89423,"ANDA",,"MUTUAL PHARM",
89424,"ANDA",,"SUN PHARM INDUSTRIES",
89425,"ANDA",,"PUREPAC PHARM",
89426,"ANDA",,"PUREPAC PHARM",
89427,"ANDA",,"PUREPAC PHARM",
89428,"ANDA",,"ABRAXIS PHARM",
89434,"ANDA",,"SMITH AND NEPHEW",
89438,"ANDA",,"ANI PHARMS INC",
89440,"ANDA",,"GENUS LIFESCIENCES",
89441,"ANDA",,"ANI PHARMS INC",
89442,"ANDA",,"QUAD PHARMS",
89443,"ANDA",,"QUAD PHARMS",
89446,"ANDA",,"ANI PHARMS INC",
89447,"ANDA",,"ANI PHARMS INC",
89448,"ANDA",,"HALSEY",
89449,"ANDA",,"PENNEX",
89450,"ANDA",,"MIKART",
89451,"ANDA",,"MIKART",
89452,"ANDA",,"MIKART",
89454,"ANDA",,"FRESENIUS KABI USA",
89455,"ANDA",,"QUAD PHARMS",
89456,"ANDA",,"ANI PHARMS INC",
89457,"ANDA",,"ANI PHARMS INC",
89458,"ANDA",,"HALSEY",
89459,"ANDA",,"HALSEY",
89463,"ANDA",,"MARSAM PHARMS LLC",
89464,"ANDA",,"WATSON LABS INC",
89465,"ANDA",,"GLAXOSMITHKLINE",
89472,"ANDA",,"TARO",
89474,"ANDA",,"WEST-WARD PHARMS INT",
89475,"ANDA",,"WEST-WARD PHARMS INT",
89476,"ANDA",,"HALSEY",
89477,"ANDA",,"MARSAM PHARMS LLC",
89478,"ANDA",,"AM THERAP",
89479,"ANDA",,"AM THERAP",
89480,"ANDA",,"AM THERAP",
89481,"ANDA",,"AM THERAP",
89482,"ANDA",,"AM THERAP",
89483,"ANDA",,"AM THERAP",
89484,"ANDA",,"DURAMED PHARMS BARR",
89485,"ANDA",,"DURAMED PHARMS BARR",
89486,"ANDA",,"DURAMED PHARMS BARR",
89488,"ANDA",,"SUN PHARM INDUSTRIES",
89489,"ANDA",,"SUN PHARM INDUSTRIES",
89495,"ANDA",,"BETA DERMAC",
89496,"ANDA",,"QUAD PHARMS",
89497,"ANDA",,"PAR PHARM",
89501,"ANDA",,"MARSAM PHARMS LLC",
89503,"ANDA",,"QUAD PHARMS",
89504,"ANDA",,"QUAD PHARMS",
89508,"ANDA",,"BEDFORD",
89511,"ANDA",,"ROXANE",
89512,"ANDA",,"ROXANE",
89513,"ANDA",,"ROXANE",
89514,"ANDA",,"PHARM VENTURES",
89515,"ANDA",,"FRESENIUS KABI USA",
89517,"ANDA",,"DENTSPLY PHARM",
89519,"ANDA",,"ABRAXIS PHARM",
89520,"ANDA",,"WATSON LABS",
89521,"ANDA",,"HOSPIRA",
89522,"ANDA",,"HOSPIRA",
89523,"ANDA",,"WEST-WARD PHARMS INT",
89524,"ANDA",,"G AND W LABS",
89525,"ANDA",,"G AND W LABS",
89526,"ANDA",,"G AND W LABS",
89528,"ANDA",,"WARNER CHILCOTT",
89529,"ANDA",,"WARNER CHILCOTT",
89530,"ANDA",,"WATSON LABS",
89532,"ANDA",,"ABRAXIS PHARM",
89533,"ANDA",,"PIONEER PHARMS",
89534,"ANDA",,"SUN PHARM INDUSTRIES",
89536,"ANDA",,"WATSON LABS",
89537,"ANDA",,"HOSPIRA",
89538,"ANDA",,"LEE KM",
89539,"ANDA",,"SANOFI AVENTIS US",
89540,"ANDA",,"SANOFI AVENTIS US",
89554,"ANDA",,"HALSEY",
89556,"ANDA",,"FRESENIUS KABI USA",
89557,"ANDA",,"MIKART",
89558,"ANDA",,"PIONEER PHARMS",
89560,"ANDA",,"SANDOZ INC",
89561,"ANDA",,"DAVA PHARMS INC",
89562,"ANDA",,"DAVA PHARMS INC",
89563,"ANDA",,"MARSAM PHARMS LLC",
89565,"ANDA",,"HOSPIRA",
89566,"ANDA",,"SANDOZ",
89567,"ANDA",,"SUN PHARM INDS INC",
89568,"ANDA",,"HALSEY",
89572,"ANDA",,"SOLVAY",
89573,"ANDA",,"ABBOTT",
89574,"ANDA",,"ABBOTT",
89575,"ANDA",,"ABBOTT",
89576,"ANDA",,"ABBOTT",
89577,"ANDA",,"ABBOTT",
89578,"ANDA",,"ABBOTT",
89579,"ANDA",,"ABBOTT",
89580,"ANDA",,"ABBOTT",
89581,"ANDA",,"QUAD PHARMS",
89582,"ANDA",,"SUN PHARM INDS INC",
89585,"ANDA",,"SANDOZ",
89586,"ANDA",,"SANDOZ",
89590,"ANDA",,"SUN PHARM INDUSTRIES",
89591,"ANDA",,"PIONEER PHARMS",
89592,"ANDA",,"PIONEER PHARMS",
89594,"ANDA",,"HERITAGE PHARMS INC",
89595,"ANDA",,"CMP PHARMA INC",
89597,"ANDA",,"AMNEAL PHARMS NY",
89598,"ANDA",,"AMNEAL PHARMS NY",
89599,"ANDA",,"AMNEAL PHARMS NY",
89601,"ANDA",,"LANNETT CO INC",
89602,"ANDA",,"ANI PHARMS INC",
89603,"ANDA",,"ANI PHARMS INC",
89605,"ANDA",,"WATSON LABS",
89606,"ANDA",,"WATSON LABS",
89614,"ANDA",,"ASTRAZENECA",
89615,"ANDA",,"ASTRAZENECA",
89616,"ANDA",,"ASTRAZENECA",
89617,"ANDA",,"ASTRAZENECA",
89618,"ANDA",,"ASTRAZENECA",
89619,"ANDA",,"QUAD PHARMS",
89624,"ANDA",,"ORGANON USA INC",
89626,"ANDA",,"TARO",
89628,"ANDA",,"PHARMACHEMIE USA",
89635,"ANDA",,"HOSPIRA",
89636,"ANDA",,"QUAD PHARMS",
89637,"ANDA",,"QUAD PHARMS",
89638,"ANDA",,"QUAD PHARMS",
89644,"ANDA",,"HOSPIRA",
89645,"ANDA",,"HOSPIRA",
89646,"ANDA",,"HOSPIRA",
89647,"ANDA",,"PHARM ASSOC",
89649,"ANDA",,"HOSPIRA",
89650,"ANDA",,"HOSPIRA",
89651,"ANDA",,"HOSPIRA",
89654,"ANDA",,"MURO",
89657,"ANDA",,"PAR PHARM",
89660,"ANDA",,"FOREST PHARMS",
89661,"ANDA",,"MORTON GROVE",
89673,"ANDA",,"FRONTIDA BIOPHARM",
89674,"ANDA",,"PAR PHARM",
89675,"ANDA",,"MARSAM PHARMS LLC",
89681,"ANDA",,"WOCKHARDT",
89682,"ANDA",,"ACTAVIS MID ATLANTIC",
89683,"ANDA",,"SANDOZ",
89684,"ANDA",,"SANDOZ",
89685,"ANDA",,"SANDOZ",
89686,"ANDA",,"SANDOZ",
89688,"ANDA",,"PACO",
89689,"ANDA",,"MIKART",
89696,"ANDA",,"IVAX PHARMS",
89697,"ANDA",,"MIKART",
89698,"ANDA",,"MIKART",
89699,"ANDA",,"MIKART",
89703,"ANDA",,"HOSPIRA",
89704,"ANDA",,"NASKA",
89705,"ANDA",,"NASKA",
89706,"ANDA",,"NASKA",
89707,"ANDA",,"ANI PHARMS INC",
89708,"ANDA",,"ANI PHARMS INC",
89717,"ANDA",,"WEST-WARD PHARMS INT",
89718,"ANDA",,"HIKMA PHARMS",
89725,"ANDA",,"MALLINCKRODT",
89726,"ANDA",,"WOCKHARDT",
89736,"ANDA",,"ABBVIE",
89738,"ANDA",,"MUTUAL PHARM",
89739,"ANDA",,"MUTUAL PHARM",
89740,"ANDA",,"LANNETT",
89741,"ANDA",,"LANNETT",
89742,"ANDA",,"LANNETT",
89743,"ANDA",,"LANNETT CO INC",
89744,"ANDA",,"HOSPIRA",
89753,"ANDA",,"SUN PHARM INDUSTRIES",
89754,"ANDA",,"ALPHARMA US PHARMS",
89763,"ANDA",,"PLIVA",
89764,"ANDA",,"PAR PHARM",
89765,"ANDA",,"PAR PHARM",
89771,"ANDA",,"VALEANT PHARMS",
89772,"ANDA",,"VALEANT PHARMS NORTH",
89773,"ANDA",,"MEDICIS",
89774,"ANDA",,"VALEANT PHARMS",
89775,"ANDA",,"ROXANE",
89776,"ANDA",,"LANNETT",
89779,"ANDA",,"MARSAM PHARMS LLC",
89781,"ANDA",,"IGI LABS INC",
89782,"ANDA",,"IGI LABS INC",
89783,"ANDA",,"IGI LABS INC",
89784,"ANDA",,"IGI LABS INC",
89785,"ANDA",,"IGI LABS INC",
89786,"ANDA",,"IGI LABS INC",
89787,"ANDA",,"IGI LABS INC",
89788,"ANDA",,"IGI LABS INC",
89795,"ANDA",,"G AND W LABS",
89796,"ANDA",,"G AND W LABS",
89797,"ANDA",,"G AND W LABS",
89798,"ANDA",,"G AND W LABS",
89800,"ANDA",,"QUAD PHARMS",
89804,"ANDA",,"MYLAN",
89805,"ANDA",,"VINTAGE",
89807,"ANDA",,"PLIVA",
89808,"ANDA",,"PLIVA",
89815,"ANDA",,"QUAD PHARMS",
89816,"ANDA",,"QUAD PHARMS",
89817,"ANDA",,"DEY",
89818,"ANDA",,"DEY",
89819,"ANDA",,"DEY",
89820,"ANDA",,"DEY",
89821,"ANDA",,"QUAD PHARMS",
89822,"ANDA",,"SCHERING",
89823,"ANDA",,"SCHERING",
89828,"ANDA",,"VINTAGE PHARMS",
89831,"ANDA",,"VINTAGE PHARMS",
89833,"ANDA",,"GLAXOSMITHKLINE",
89834,"ANDA",,"GLAXOSMITHKLINE",
89835,"ANDA",,"YAOPHARMA CO LTD",
89837,"ANDA",,"YAOPHARMA CO LTD",
89839,"ANDA",,"SANDOZ",
89840,"ANDA",,"INWOOD LABS",
89849,"ANDA",,"MARSAM PHARMS LLC",
89852,"ANDA",,"AUROLIFE PHARMA LLC",
89853,"ANDA",,"AUROLIFE PHARMA LLC",
89859,"ANDA",,"WATSON LABS",
89883,"ANDA",,"WATSON LABS",
89884,"ANDA",,"HERCON PHARM",
89885,"ANDA",,"HERCON PHARM",
89886,"ANDA",,"HERCON PHARM",
89887,"ANDA",,"BRISTOL MYERS SQUIBB",
89892,"ANDA",,"ACTAVIS MID ATLANTIC",
89893,"ANDA",,"QUAD PHARMS",
89894,"ANDA",,"AUROLIFE PHARMA LLC",
89895,"ANDA",,"BARR",
89897,"ANDA",,"WEST-WARD PHARMS INT",
89900,"ANDA",,"WARNER CHILCOTT",
89903,"ANDA",,"WEST-WARD PHARMS INT",
89907,"ANDA",,"IVAX PHARMS",
89910,"ANDA",,"CMP PHARMA INC",
89913,"ANDA",,"ALPHARMA US PHARMS",
89914,"ANDA",,"PARKE DAVIS",
89915,"ANDA",,"PHARMACHEMIE USA",
89932,"ANDA",,"HOSPIRA",
89948,"ANDA",,"PIONEER PHARMS",
89953,"ANDA",,"SUN PHARM INDUSTRIES",
89959,"ANDA",,"SANDOZ",
89970,"ANDA",,"SUN PHARM INDUSTRIES",
89971,"ANDA",,"VINTAGE PHARMS",
89976,"ANDA",,"HOSPIRA",
89977,"ANDA",,"HOSPIRA",
89983,"ANDA",,"AUROLIFE PHARMA LLC",
89984,"ANDA",,"AUROLIFE PHARMA LLC",
89987,"ANDA",,"MIKART",
89988,"ANDA",,"MIKART",
89990,"ANDA",,"VINTAGE",
89994,"ANDA",,"HALSEY",
89996,"ANDA",,"PERRIGO NEW YORK",
89997,"ANDA",,"WATSON LABS",
89998,"ANDA",,"WATSON LABS",
89999,"ANDA",,"WATSON LABS",
90002,"ANDA",,"ISTITUTO BIO ITA SPA",
90005,"ANDA",,"ISTITUTO BIO ITA SPA",
90007,"ANDA",,"MARKSANS PHARMA",
90008,"ANDA",,"ACTAVIS TOTOWA",
90010,"ANDA",,"LUITPOLD",
90011,"ANDA",,"PAR PHARM INC",
90014,"ANDA",,"TORRENT PHARMS LTD",
90016,"ANDA",,"HISUN PHARM HANGZHOU",
90017,"ANDA",,"SUN PHARMA GLOBAL",
90018,"ANDA",,"SUN PHARMA GLOBAL",
90019,"ANDA",,"NOVEL LABS INC",
90020,"ANDA",,"OXFORD PHARMS",
90022,"ANDA",,"SUN PHARMA GLOBAL",
90024,"ANDA",,"IMPAX LABS INC",
90025,"ANDA",,"LUPIN",
90027,"ANDA",,"PRINSTON INC",
90028,"ANDA",,"WOCKHARDT BIO AG",
90029,"ANDA",,"SANDOZ INC",
90030,"ANDA",,"FRESENIUS KABI USA",
90031,"ANDA",,"SANDOZ",
90032,"ANDA",,"GLENMARK PHARMS LTD",
90033,"ANDA",,"LUPIN LTD",
90034,"ANDA",,"LUPIN PHARMS",
90035,"ANDA",,"CHARTWELL MOLECULAR",
90037,"ANDA",,"BAUSCH AND LOMB",
90038,"ANDA",,"HIKMA FARMACEUTICA",
90039,"ANDA",,"SANDOZ INC",
90040,"ANDA",,"COBREK PHARMA",
90041,"ANDA",,"AMNEAL PHARMS",
90043,"ANDA",,"UPSHER-SMITH LABS",
90044,"ANDA",,"ORCHID HLTHCARE",
90048,"ANDA",,"DR REDDYS LABS LTD",
90049,"ANDA",,"MATRIX LABS LTD",
90051,"ANDA",,"LUPIN LTD",
90052,"ANDA",,"TEVA PHARMS",
90054,"ANDA",,"TOLMAR",
90055,"ANDA",,"STRIDES PHARMA",
90056,"ANDA",,"AUROBINDO",
90057,"ANDA",,"SAMSON MEDCL",
90058,"ANDA",,"SUN PHARMA GLOBAL",
90060,"ANDA",,"HETERO LABS LTD III",
90061,"ANDA",,"HETERO LABS LTD III",
90062,"ANDA",,"MYLAN",
90063,"ANDA",,"MYLAN PHARMA",
90064,"ANDA",,"LUITPOLD",
90065,"ANDA",,"EPIC PHARMA LLC",
90066,"ANDA",,"UNIQUE PHARM LABS",
90070,"ANDA",,"REDDYS",
90071,"ANDA",,"VALEANT PHARMS NORTH",
90072,"ANDA",,"WEST-WARD PHARMS INT",
90073,"ANDA",,"WOCKHARDT LTD",
90074,"ANDA",,"TORRENT PHARMS",
90075,"ANDA",,"HISUN PHARM HANGZHOU",
90077,"ANDA",,"SUN PHARMA GLOBAL",
90079,"ANDA",,"LANNETT CO INC",
90080,"ANDA",,"APOTEX INC",
90081,"ANDA",,"MAYNE PHARMA",
90082,"ANDA",,"SUN PHARMA GLOBAL",
90083,"ANDA",,"AUROBINDO PHARMA",
90084,"ANDA",,"ACTAVIS LABS FL INC",
90088,"ANDA",,"FRESENIUS KABI ONCOL",
90092,"ANDA",,"HETERO LABS LTD III",
90094,"ANDA",,"AUROBINDO PHARMA",
90095,"ANDA",,"BARR",
90096,"ANDA",,"CHARTWELL RX",
90097,"ANDA",,"MAYNE PHARMA INC",
90098,"ANDA",,"ALLERGAN SALES LLC",
90099,"ANDA",,"LUITPOLD",
90100,"ANDA",,"ZYDUS PHARMS USA INC",
90101,"ANDA",,"TEVA PHARMS USA",
90102,"ANDA",,"BIO PHARM INC",
90103,"ANDA",,"THEPHARMANETWORK LLC",
90107,"ANDA",,"SANDOZ",
90108,"ANDA",,"SAGENT PHARMS",
90109,"ANDA",,"SAGENT PHARMS",
90110,"ANDA",,"MYLAN ASI",
90111,"ANDA",,"VINTAGE PHARMS LLC",
90114,"ANDA",,"LABS LEON FARMA",
90116,"ANDA",,"LANNETT CO INC",
90118,"ANDA",,"SUN PHARM INDS INC",
90120,"ANDA",,"WEST-WARD PHARMS INT",
90121,"ANDA",,"ACCORD HLTHCARE",
90122,"ANDA",,"ALEMBIC PHARMS LTD",
90124,"ANDA",,"AUROBINDO PHARMA",
90125,"ANDA",,"NAVINTA LLC",
90128,"ANDA",,"WEST-WARD PHARMS INT",
90130,"ANDA",,"ACTAVIS TOTOWA",
90134,"ANDA",,"ACTAVIS ELIZABETH",
90135,"ANDA",,"GLENMARK GENERICS",
90137,"ANDA",,"SANDOZ INC",
90141,"ANDA",,"TEVA PHARMS USA",
90142,"ANDA",,"SUN PHARMA GLOBAL",
90143,"ANDA",,"BAUSCH AND LOMB",
90145,"ANDA",,"NOVEL LABS INC",
90146,"ANDA",,"FOUGERA PHARMS",
90149,"ANDA",,"DR REDDYS LABS INC",
90150,"ANDA",,"APOTEX",
90151,"ANDA",,"APOTEX INC",
90153,"ANDA",,"ACTAVIS LABS FL INC",
90155,"ANDA",,"CIPLA LIMITED",
90158,"ANDA",,"MYLAN",
90159,"ANDA",,"AUROBINDO PHARMA",
90161,"ANDA",,"DR REDDYS LABS LTD",
90162,"ANDA",,"UNICHEM LABS LTD",
90163,"ANDA",,"AKORN INC",
90164,"ANDA",,"SANDOZ INC",
90165,"ANDA",,"ZYDUS PHARMS USA INC",
90166,"ANDA",,"SANDOZ INC",
90168,"ANDA",,"LEADING PHARMA LLC",
90169,"ANDA",,"GLENMARK GENERICS",
90170,"ANDA",,"UNICHEM LABS LTD",
90174,"ANDA",,"ZYDUS PHARMS USA INC",
90175,"ANDA",,"ZYDUS PHARMS USA INC",
90176,"ANDA",,"BRECKENRIDGE PHARM",
90177,"ANDA",,"MAYNE PHARMA INC",
90178,"ANDA",,"SUN PHARMA GLOBAL",
90180,"ANDA",,"NOSTRUM LABS INC",
90181,"ANDA",,"FRESENIUS KABI USA",
90182,"ANDA",,"TARO",
90183,"ANDA",,"RANBAXY LABS LTD",
90184,"ANDA",,"BAUSCH AND LOMB INC",
90186,"ANDA",,"NOVEL LABS INC",
90187,"ANDA",,"APOTEX INC",
90188,"ANDA",,"APOTEX INC",
90189,"ANDA",,"FRESENIUS KABI USA",
90190,"ANDA",,"SANDOZ",
90191,"ANDA",,"ALLIED",
90193,"ANDA",,"LUITPOLD",
90194,"ANDA",,"HOSPIRA",
90195,"ANDA",,"LEADING PHARMA LLC",
90196,"ANDA",,"SYNTHON PHARMS",
90197,"ANDA",,"NOVEL LABS INC",
90198,"ANDA",,"MACLEODS PHARMA",
90199,"ANDA",,"TEVA PHARMS",
90200,"ANDA",,"HETERO LABS LTD III",
90201,"ANDA",,"WEST-WARD PHARMS INT",
90205,"ANDA",,"SUN PHARM INDS LTD",
90210,"ANDA",,"PRINSTON INC",
90211,"ANDA",,"MYLAN ASI",
90212,"ANDA",,"MYLAN ASI",
90215,"ANDA",,"AKORN",
90216,"ANDA",,"WOCKHARDT",
90217,"ANDA",,"SUN PHARM INDUSTRIES",
90218,"ANDA",,"SANDOZ INC",
90219,"ANDA",,"GLENMARK PHARMS",
90220,"ANDA",,"WOCKHARDT",
90221,"ANDA",,"WOCKHARDT LTD",
90222,"ANDA",,"ALEMBIC PHARMS LTD",
90223,"ANDA",,"ALEMBIC PHARMS LTD",
90227,"ANDA",,"SANDOZ",
90228,"ANDA",,"INVAGEN PHARMS",
90229,"ANDA",,"SYNTHON PHARMS",
90231,"ANDA",,"NOVEL LABS INC",
90233,"ANDA",,"FRESENIUS KABI USA",
90237,"ANDA",,"SANDOZ",
90239,"ANDA",,"JUBILANT CADISTA",
90240,"ANDA",,"LUITPOLD",
90241,"ANDA",,"TEVA PHARMS",
90242,"ANDA",,"FRESENIUS KABI USA",
90243,"ANDA",,"MYLAN LABS LTD",
90244,"ANDA",,"APOTEX INC",
90245,"ANDA",,"LUPIN",
90246,"ANDA",,"LUPIN LTD",
90247,"ANDA",,"HIKMA PHARMS",
90248,"ANDA",,"VINTAGE PHARMS",
90249,"ANDA",,"IPCA LABS LTD",
90250,"ANDA",,"SANDOZ",
90252,"ANDA",,"MYLAN PHARMS INC",
90253,"ANDA",,"ACCORD HLTHCARE",
90254,"ANDA",,"PERRIGO R AND D",
90255,"ANDA",,"INVAGEN PHARMS",
90256,"ANDA",,"PERRIGO ISRAEL",
90258,"ANDA",,"HANGZHOU BINJIANG",
90260,"ANDA",,"PHARM ASSOC",
90261,"ANDA",,"MYLAN",
90263,"ANDA",,"LANNETT CO INC",
90265,"ANDA",,"CARACO",
90266,"ANDA",,"MUSTAFA NEVSAT",
90268,"ANDA",,"AKORN",
90269,"ANDA",,"TARO",
90270,"ANDA",,"MYLAN INSTITUTIONAL",
90273,"ANDA",,"GLENMARK PHARMS",
90278,"ANDA",,"SUN PHARMA GLOBAL",
90279,"ANDA",,"CASI PHARMS INC",
90283,"ANDA",,"SUN PHARM INDS LTD",
90284,"ANDA",,"INVAGEN PHARMS",
90287,"ANDA",,"HIKMA FARMACEUTICA",
90288,"ANDA",,"CASI PHARMS INC",
90289,"ANDA",,"TEVA PHARMS",
90290,"ANDA",,"SANDOZ",
90291,"ANDA",,"FOSUN PHARMA",
90292,"ANDA",,"ACTAVIS TOTOWA",
90293,"ANDA",,"VINTAGE PHARMS",
90294,"ANDA",,"INVAGEN PHARMS",
90295,"ANDA",,"MARKSANS PHARMA",
90296,"ANDA",,"SANDOZ INC",
90297,"ANDA",,"TEVA PHARMS USA",
90299,"ANDA",,"MYLAN INSTITUTIONAL",
90300,"ANDA",,"CYPRESS PHARM",
90303,"ANDA",,"WEST-WARD PHARMS INT",
90304,"ANDA",,"WEST-WARD PHARMS INT",
90305,"ANDA",,"BEDFORD LABS",
90307,"ANDA",,"ACTAVIS TOTOWA",
90308,"ANDA",,"BARR LABS INC",
90309,"ANDA",,"MYLAN PHARMA",
90310,"ANDA",,"INJECTALIA",
90311,"ANDA",,"BEDFORD LABS",
90313,"ANDA",,"ECI PHARMS LLC",
90314,"ANDA",,"MYLAN ASI",
90315,"ANDA",,"MYLAN ASI",
90316,"ANDA",,"SAGENT STRIDES",
90317,"ANDA",,"MYLAN ASI",
90318,"ANDA",,"MYLAN ASI",
90321,"ANDA",,"ZYDUS PHARMS USA INC",
90323,"ANDA",,"MYLAN PHARMS INC",
90324,"ANDA",,"MYLAN",
90325,"ANDA",,"MYLAN",
90326,"ANDA",,"MYLAN",
90329,"ANDA",,"SUN PHARM INDS INC",
90330,"ANDA",,"PHARMAFORCE",
90331,"ANDA",,"SANDOZ",
90334,"ANDA",,"MYLAN PHARMS INC",
90335,"ANDA",,"MYLAN PHARMS INC",
90339,"ANDA",,"AUROBINDO PHARMA",
90340,"ANDA",,"AUROBINDO PHARMA",
90343,"ANDA",,"INFORLIFE",
90346,"ANDA",,"EPIC PHARMA LLC",
90347,"ANDA",,"TARO",
90348,"ANDA",,"WOCKHARDT LTD",
90349,"ANDA",,"AUROBINDO PHARMA",
90351,"ANDA",,"WEST-WARD PHARMS INT",
90352,"ANDA",,"TEVA PHARMS USA",
90353,"ANDA",,"WOCKHARDT USA",
90354,"ANDA",,"ANTIBIOTICE",
90355,"ANDA",,"GLENMARK GENERICS",
90356,"ANDA",,"SUN PHARMA GLOBAL",
90357,"ANDA",,"SUN PHARMA GLOBAL",
90358,"ANDA",,"SUN PHARMA GLOBAL",
90359,"ANDA",,"BRECKENRIDGE PHARM",
90360,"ANDA",,"BARR",
90362,"ANDA",,"SUN PHARMA GLOBAL",
90364,"ANDA",,"WATSON LABS INC",
90365,"ANDA",,"GLENMARK GENERICS",
90367,"ANDA",,"WOCKHARDT",
90368,"ANDA",,"TARO",
90370,"ANDA",,"WATSON LABS INC",
90371,"ANDA",,"CIPLA LIMITED",
90372,"ANDA",,"DR REDDYS LABS LTD",
90374,"ANDA",,"ORCHID HLTHCARE",
90375,"ANDA",,"HOSPIRA INC",
90377,"ANDA",,"IMPAX LABS",
90378,"ANDA",,"ACTAVIS MID ATLANTIC",
90379,"ANDA",,"BARR LABS DIV TEVA",
90380,"ANDA",,"CARACO",
90381,"ANDA",,"WEST-WARD PHARMS INT",
90382,"ANDA",,"VIVIMED GLOBAL",
90383,"ANDA",,"VIVA HLTHCARE",
90384,"ANDA",,"APP PHARMS",
90385,"ANDA",,"GLENMARK GENERICS",
90386,"ANDA",,"LUITPOLD",
90387,"ANDA",,"WEST-WARD PHARMS INT",
90392,"ANDA",,"DR REDDYS LABS LTD",
90393,"ANDA",,"MUSTAFA NEVZAT ILAC",
90394,"ANDA",,"SANOCHEMIA CORP USA",
90395,"ANDA",,"ALVOGEN",
90397,"ANDA",,"BIONPHARMA INC",
90398,"ANDA",,"MATRIX LABS LTD",
90401,"ANDA",,"AUROBINDO PHARMA",
90402,"ANDA",,"WATSON LABS",
90403,"ANDA",,"ZYDUS PHARMS USA INC",
90404,"ANDA",,"ZYDUS PHARMS USA INC",
90405,"ANDA",,"ZYDUS PHARMS USA INC",
90406,"ANDA",,"MYLAN",
90407,"ANDA",,"MYLAN",
90408,"ANDA",,"MYLAN",
90409,"ANDA",,"MYLAN",
90410,"ANDA",,"MYLAN",
90411,"ANDA",,"ZYDUS PHARMS USA INC",
90413,"ANDA",,"MYLAN",
90415,"ANDA",,"VINTAGE PHARMS",
90416,"ANDA",,"GLENMARK GENERICS",
90417,"ANDA",,"CYPRESS PHARM",
90418,"ANDA",,"CYPRESS PHARM",
90419,"ANDA",,"APOTEX CORP",
90421,"ANDA",,"SUN PHARMA GLOBAL",
90422,"ANDA",,"SANDOZ",
90423,"ANDA",,"SUN PHARMA GLOBAL",
90424,"ANDA",,"EMCURE PHARMS",
90425,"ANDA",,"PLIVA HRVATSKA DOO",
90426,"ANDA",,"ANI PHARMS",
90427,"ANDA",,"APOTEX INC",
90428,"ANDA",,"ALEMBIC PHARMS LTD",
90429,"ANDA",,"ALEMBIC LTD",
90430,"ANDA",,"ALEMBIC PHARMS LTD",
90431,"ANDA",,"MYLAN",
90432,"ANDA",,"AUROBINDO PHARMA LTD",
90433,"ANDA",,"ALKEM LABS LTD",
90435,"ANDA",,"INVAGEN PHARMS",
90437,"ANDA",,"MATRIX LABS LTD",
90439,"ANDA",,"LUPIN LTD",
90440,"ANDA",,"LUPIN LTD",
90441,"ANDA",,"LUPIN LTD",
90444,"ANDA",,"LUPIN LTD",
90445,"ANDA",,"LUPIN LTD",
90446,"ANDA",,"LUPIN LTD",
90449,"ANDA",,"APOTEX INC",
90450,"ANDA",,"AKORN",
90453,"ANDA",,"EPIC PHARMA LLC",
90454,"ANDA",,"GLENMARK GENERICS",
90455,"ANDA",,"STRIDES PHARMA",
90456,"ANDA",,"STRIDES PHARMA",
90457,"ANDA",,"STRIDES PHARMA",
90460,"ANDA",,"ZYDUS PHARMS USA INC",
90461,"ANDA",,"TRIS PHARMA INC",
90462,"ANDA",,"SIGMAPHARM LABS LLC",
90463,"ANDA",,"APOTEX",
90464,"ANDA",,"DR REDDYS LABS LTD",
90466,"ANDA",,"ORCHID HLTHCARE",
90467,"ANDA",,"TORRENT PHARMS",
90468,"ANDA",,"CYPRESS PHARM INC",
90469,"ANDA",,"AUROBINDO PHARMA",
90470,"ANDA",,"BARR",
90471,"ANDA",,"AUROBINDO PHARMA LTD",
90473,"ANDA",,"MIKART",
90474,"ANDA",,"BIO PHARM INC",
90475,"ANDA",,"AKORN",
90476,"ANDA",,"BARR",
90477,"ANDA",,"LANNETT CO INC",
90478,"ANDA",,"INVAGEN PHARMS",
90479,"ANDA",,"WATSON LABS",
90480,"ANDA",,"GLENMARK PHARMS",
90482,"ANDA",,"PAR PHARM",
90483,"ANDA",,"MYLAN PHARMS INC",
90484,"ANDA",,"ORCHID HLTHCARE",
90485,"ANDA",,"AMNEAL PHARMS",
90486,"ANDA",,"FOSUN PHARMA",
90488,"ANDA",,"MATRIX LABS LTD",
90490,"ANDA",,"ACTAVIS MID ATLANTIC",
90491,"ANDA",,"FRESENIUS KABI ONCOL",
90492,"ANDA",,"SUN PHARMA GLOBAL",
90493,"ANDA",,"SUN PHARM INDS",
90494,"ANDA",,"SUN PHARMA GLOBAL",
90495,"ANDA",,"DR REDDYS LABS INC",
90498,"ANDA",,"ISTITUTO BIO ITA SPA",
90499,"ANDA",,"APOTEX",
90500,"ANDA",,"APOTEX INC",
90502,"ANDA",,"FRESENIUS KABI",
90503,"ANDA",,"FRESENIUS KABI",
90505,"ANDA",,"IMPAX LABS INC",
90506,"ANDA",,"GLENMARK GENERICS",
90507,"ANDA",,"SUN PHARMA GLOBAL",
90508,"ANDA",,"SUN PHARMA GLOBAL",
90509,"ANDA",,"DR REDDYS LABS LTD",
90510,"ANDA",,"UNICHEM",
90511,"ANDA",,"BRECKENRIDGE PHARM",
90513,"ANDA",,"AUROBINDO PHARMA LTD",
90514,"ANDA",,"MYLAN PHARMS INC",
90515,"ANDA",,"HETERO LABS LTD III",
90516,"ANDA",,"MYLAN PHARMS INC",
90517,"ANDA",,"ECI PHARMS LLC",
90519,"ANDA",,"MATRIX LABS LTD",
90520,"ANDA",,"WEST-WARD PHARMS INT",
90521,"ANDA",,"MYLAN PHARMS INC",
90523,"ANDA",,"NOVAST LABS LTD",
90524,"ANDA",,"NOVAST LABS LTD",
90526,"ANDA",,"BARR LABS DIV TEVA",
90527,"ANDA",,"GLENMARK PHARMS LTD",
90528,"ANDA",,"TORRENT PHARMS",
90529,"ANDA",,"SUN PHARM INDS INC",
90530,"ANDA",,"MYLAN",
90533,"ANDA",,"ARBOR PHARMS LLC",
90534,"ANDA",,"LUITPOLD",
90535,"ANDA",,"SUN PHARM INDS INC",
90538,"ANDA",,"GLENMARK GENERICS",
90539,"ANDA",,"TEVA PHARMS",
90540,"ANDA",,"AUROBINDO PHARMA LTD",
90541,"ANDA",,"NOVAST LABS LTD",
90543,"ANDA",,"HIKMA PHARMS",
90544,"ANDA",,"UPSHER-SMITH LABS",
90545,"ANDA",,"MARKSANS PHARMA",
90547,"ANDA",,"MYLAN PHARMS INC",
90548,"ANDA",,"APOTEX INC",
90549,"ANDA",,"HIKMA PHARMS",
90551,"ANDA",,"VIVIMED GLOBAL",
90554,"ANDA",,"AUROBINDO PHARMA LTD",
90555,"ANDA",,"AUROBINDO PHARMA",
90557,"ANDA",,"JUBILANT CADISTA",
90560,"ANDA",,"ANTIBIOTICE",
90561,"ANDA",,"CIPLA",
90562,"ANDA",,"MICRO LABS",
90564,"ANDA",,"GRANULES INDIA",
90567,"ANDA",,"PADDOCK LLC",
90568,"ANDA",,"ACCORD HLTHCARE",
90571,"ANDA",,"HOSPIRA INC",
90572,"ANDA",,"TRIS PHARMA INC",
90574,"ANDA",,"MYLAN INSTITUTIONAL",
90575,"ANDA",,"AMNEAL PHARMS",
90576,"ANDA",,"AMNEAL PHARMS",
90577,"ANDA",,"ACS DOBFAR",
90578,"ANDA",,"SAGENT PHARMS",
90579,"ANDA",,"SAGENT PHARMS",
90580,"ANDA",,"SAGENT PHARMS",
90581,"ANDA",,"SAGENT PHARMS",
90582,"ANDA",,"SAGENT PHARMS",
90583,"ANDA",,"SAGENT PHARMS",
90584,"ANDA",,"SAGENT PHARMS",
90585,"ANDA",,"SAGENT PHARMS",
90590,"ANDA",,"PADDOCK LLC",
90591,"ANDA",,"BARR",
90595,"ANDA",,"MYLAN PHARMS INC",
90596,"ANDA",,"MYLAN",
90598,"ANDA",,"VINTAGE PHARMS",
90600,"ANDA",,"LANNETT CO INC",
90601,"ANDA",,"HI-TECH PHARMACAL",
90602,"ANDA",,"MYLAN LABS LTD",
90604,"ANDA",,"SANDOZ INC",
90606,"ANDA",,"OXFORD PHARMS",
90607,"ANDA",,"ALEMBIC PHARMS LTD",
90609,"ANDA",,"DR REDDYS LABS LTD",
90610,"ANDA",,"IPCA LABS LTD",
90612,"ANDA",,"NATCO PHARMA LTD",
90613,"ANDA",,"VINTAGE PHARMS",
90615,"ANDA",,"WOCKHARDT",
90617,"ANDA",,"DR REDDYS LABS LTD",
90618,"ANDA",,"GLENMARK GENERICS",
90619,"ANDA",,"DR REDDYS LABS LTD",
90620,"ANDA",,"ACTAVIS TOTOWA",
90621,"ANDA",,"HOSPIRA INC",
90622,"ANDA",,"ETHYPHARM",
90623,"ANDA",,"AUROBINDO PHARMA LTD",
90624,"ANDA",,"AUROBINDO PHARMA",
90625,"ANDA",,"TEVA PHARMS",
90631,"ANDA",,"IMPAX LABS",
90633,"ANDA",,"GLENMARK PHARMS INC",
90635,"ANDA",,"THEPHARMANETWORK LLC",
90636,"ANDA",,"HETERO LABS LTD III",
90637,"ANDA",,"IPCA LABS LTD",
90638,"ANDA",,"AKORN",
90641,"ANDA",,"MYLAN ASI",
90642,"ANDA",,"WATSON LABS INC",
90643,"ANDA",,"MYLAN INSTITUTIONAL",
90644,"ANDA",,"TEVA PARENTERAL",
90646,"ANDA",,"HOSPIRA INC",
90647,"ANDA",,"AUROBINDO PHARMA LTD",
90648,"ANDA",,"GLAND PHARMA LTD",
90649,"ANDA",,"MYLAN",
90650,"ANDA",,"MYLAN PHARMS INC",
90651,"ANDA",,"SUN PHARM INDS INC",
90652,"ANDA",,"EPIC PHARMA LLC",
90653,"ANDA",,"HOSPIRA INC",
90654,"ANDA",,"SUN PHARM INDS",
90655,"ANDA",,"WEST-WARD PHARMS INT",
90656,"ANDA",,"LUITPOLD",
90658,"ANDA",,"FRESENIUS KABI USA",
90659,"ANDA",,"SUN PHARM INDS INC",
90661,"ANDA",,"JUBILANT CADISTA",
90663,"ANDA",,"HAMELN RDS GMBH",
90664,"ANDA",,"MYLAN INSTITUTIONAL",
90665,"ANDA",,"MYLAN LABS LTD",
90666,"ANDA",,"APOTEX",
90669,"ANDA",,"IMPAX LABS INC",
90671,"ANDA",,"WOCKHARDT",
90675,"ANDA",,"JIANGSU HENGRUI MED",
90678,"ANDA",,"LANNETT CO INC",
90679,"ANDA",,"MACLEODS PHARMS LTD",
90681,"ANDA",,"ACCORD HLTHCARE",
90682,"ANDA",,"AUROBINDO PHARMA",
90685,"ANDA",,"PERRIGO R AND D",
90686,"ANDA",,"TORRENT PHARMS",
90687,"ANDA",,"STRIDES PHARMA",
90688,"ANDA",,"MACLEODS PHARMA",
90690,"ANDA",,"SUN PHARMA GLOBAL",
90692,"ANDA",,"LUPIN LTD",
90693,"ANDA",,"LUPIN LTD",
90694,"ANDA",,"LUPIN LTD",
90695,"ANDA",,"LANNETT CO INC",
90696,"ANDA",,"GLAND PHARMA LTD",
90697,"ANDA",,"ZYDUS PHARMS USA INC",
90699,"ANDA",,"GLAND PHARMA LTD",
90700,"ANDA",,"GLENMARK GENERICS",
90702,"ANDA",,"HETERO LABS LTD III",
90704,"ANDA",,"MYLAN PHARMS INC",
90705,"ANDA",,"INVAGEN PHARMS",
90707,"ANDA",,"VISTAPHARM",
90709,"ANDA",,"HOSPIRA INC",
90710,"ANDA",,"SUN PHARM INDS INC",
90711,"ANDA",,"PERRIGO R AND D",
90712,"ANDA",,"PADDOCK LLC",
90713,"ANDA",,"TEVA PHARMS USA",
90715,"ANDA",,"VALEANT PHARMS NORTH",
90716,"ANDA",,"NOVAST LABS",
90718,"ANDA",,"GLENMARK PHARMS",
90719,"ANDA",,"NOVAST LABS LTD",
90720,"ANDA",,"WATSON LABS INC",
90721,"ANDA",,"NOVAST LABS LTD",
90722,"ANDA",,"TORRENT PHARMS",
90723,"ANDA",,"MARKSANS PHARMA",
90724,"ANDA",,"AREVA PHARMS",
90726,"ANDA",,"AKORN",
90727,"ANDA",,"AKORN",
90728,"ANDA",,"ZYDUS PHARMS USA INC",
90732,"ANDA",,"DR REDDYS LABS LTD",
90733,"ANDA",,"VINTAGE PHARMS",
90734,"ANDA",,"VINTAGE PHARMS",
90739,"ANDA",,"ZYDUS HLTHCARE",
90740,"ANDA",,"PERRIGO R AND D",
90742,"ANDA",,"STRIDES PHARMA",
90745,"ANDA",,"SUN PHARMA GLOBAL",
90747,"ANDA",,"LUITPOLD",
90749,"ANDA",,"WEST-WARD PHARMS INT",
90750,"ANDA",,"AUROBINDO PHARMA",
90751,"ANDA",,"AUROBINDO PHARMA LTD",
90752,"ANDA",,"CHINA RESOURCES",
90753,"ANDA",,"PAR PHARM",
90754,"ANDA",,"SUN PHARM INDS LTD",
90756,"ANDA",,"MISSION PHARMACAL CO",
90759,"ANDA",,"GLENMARK GENERICS",
90760,"ANDA",,"AUROBINDO PHARMA LTD",
90761,"ANDA",,"HOSPIRA INC",
90762,"ANDA",,"JUBILANT CADISTA",
90763,"ANDA",,"MYLAN PHARMS INC",
90764,"ANDA",,"MYLAN",
90765,"ANDA",,"AMNEAL PHARMS",
90766,"ANDA",,"AMNEAL PHARMS",
90767,"ANDA",,"ACIC PHARMS",
90768,"ANDA",,"JUBILANT GENERICS",
90769,"ANDA",,"PADDOCK LLC",
90773,"ANDA",,"WOCKHARDT",
90774,"ANDA",,"TORRENT PHARMS LTD",
90775,"ANDA",,"SANDOZ",
90776,"ANDA",,"ACTAVIS ELIZABETH",
90778,"ANDA",,"AUROBINDO PHARMA LTD",
90779,"ANDA",,"HERITAGE PHARMS INC",
90780,"ANDA",,"ANCHEN PHARMS",
90781,"ANDA",,"GLENMARK GENERICS",
90782,"ANDA",,"HOSPIRA INC",
90783,"ANDA",,"TEVA PHARMS USA",
90785,"ANDA",,"PERRIGO UK FINCO",
90786,"ANDA",,"WOCKHARDT LTD",
90787,"ANDA",,"APOTEX INC",
90788,"ANDA",,"MYLAN PHARMS INC",
90789,"ANDA",,"VINTAGE PHARMS LLC",
90790,"ANDA",,"APOTEX CORP",
90793,"ANDA",,"LABS LEON FARMA",
90794,"ANDA",,"LABS LEON FARMA",
90796,"ANDA",,"MARKSANS PHARMA",
90797,"ANDA",,"ACTAVIS TOTOWA",
90798,"ANDA",,"APOTEX INC",
90799,"ANDA",,"FRESENIUS KABI ONCOL",
90800,"ANDA",,"SUN PHARM INDS LTD",
90801,"ANDA",,"GLENMARK GENERICS",
90802,"ANDA",,"PANACEA BIOTEC LTD",
90807,"ANDA",,"APOTEX INC",
90808,"ANDA",,"SAGENT PHARMS",
90809,"ANDA",,"SAGENT PHARMS",
90810,"ANDA",,"SAGENT PHARMS",
90811,"ANDA",,"HOSPIRA INC",
90812,"ANDA",,"NEXGEN PHARMA",
90813,"ANDA",,"FRESENIUS KABI USA",
90815,"ANDA",,"ZYDUS PHARMS USA INC",
90816,"ANDA",,"HOSPIRA INC",
90817,"ANDA",,"TARO PHARM",
90818,"ANDA",,"SUN PHARMA GLOBAL",
90819,"ANDA",,"ACTAVIS ELIZABETH",
90821,"ANDA",,"PERRIGO R AND D",
90824,"ANDA",,"FOUGERA PHARMS",
90825,"ANDA",,"HOSPIRA INC",
90827,"ANDA",,"SAGENT PHARMS",
90828,"ANDA",,"GLENMARK GENERICS",
90829,"ANDA",,"TEVA PHARMS USA",
90831,"ANDA",,"APOTEX INC",
90833,"ANDA",,"WOCKHARDT LTD",
90834,"ANDA",,"SAGENT PHARMS",
90836,"ANDA",,"ALKEM LABS LTD",
90837,"ANDA",,"WOCKHARDT",
90838,"ANDA",,"WEST-WARD PHARMS INT",
90839,"ANDA",,"JUBILANT GENERICS",
90842,"ANDA",,"INVAGEN PHARMS",
90843,"ANDA",,"ACCORD HLTHCARE",
90844,"ANDA",,"TORRENT PHARMS LTD",
90845,"ANDA",,"LUITPOLD",
90848,"ANDA",,"BARR LABS INC",
90849,"ANDA",,"SANDOZ",
90850,"ANDA",,"GLAND PHARMA LTD",
90853,"ANDA",,"SUN PHARM INDS LTD",
90854,"ANDA",,"TEVA PHARMS USA",
90855,"ANDA",,"MYLAN",
90856,"ANDA",,"LUPIN LTD",
90858,"ANDA",,"ALKEM",
90859,"ANDA",,"DR REDDYS LABS SA",
90860,"ANDA",,"LUPIN LTD",
90861,"ANDA",,"TEVA PHARMS USA",
90862,"ANDA",,"SANDOZ INC",
90864,"ANDA",,"PAR PHARM INC",
90865,"ANDA",,"TORRENT PHARMS",
90866,"ANDA",,"MYLAN PHARMS INC",
90867,"ANDA",,"SUN PHARM INDS INC",
90868,"ANDA",,"MYLAN PHARMS INC",
90869,"ANDA",,"ACTAVIS ELIZABETH",
90870,"ANDA",,"BRECKENRIDGE PHARM",
90871,"ANDA",,"AUROBINDO PHARMA LTD",
90872,"ANDA",,"MYLAN PHARMS INC",
90873,"ANDA",,"ACTAVIS LABS UT INC",
90874,"ANDA",,"MYLAN INSTITUTIONAL",
90876,"ANDA",,"FRESENIUS KABI USA",
90877,"ANDA",,"APOTEX INC",
90878,"ANDA",,"APOTEX",
90879,"ANDA",,"ORCHID HLTHCARE",
90881,"ANDA",,"SUN PHARM INDS",
90883,"ANDA",,"LANNETT CO INC",
90884,"ANDA",,"ACS DOBFAR SPA",
90886,"ANDA",,"SUN PHARMA GLOBAL",
90887,"ANDA",,"AKORN",
90888,"ANDA",,"MARKSANS PHARMA",
90889,"ANDA",,"ACS DOBFAR SPA",
90891,"ANDA",,"LYNE",
90892,"ANDA",,"LUPIN LTD",
90893,"ANDA",,"LUPIN LTD",
90894,"ANDA",,"TEVA PHARMS USA",
90895,"ANDA",,"EPIC PHARMA LLC",
90896,"ANDA",,"FRESENIUS KABI USA",
90898,"ANDA",,"PADDOCK LLC",
90899,"ANDA",,"TORRENT PHARMS LLC",
90900,"ANDA",,"MYLAN",
90901,"ANDA",,"JUBILANT GENERICS",
90902,"ANDA",,"PADDOCK LLC",
90903,"ANDA",,"TOLMAR",
90906,"ANDA",,"LOTUS PHARM CO LTD",
90910,"ANDA",,"ALVOGEN MALTA",
90911,"ANDA",,"MYLAN PHARMS INC",
90912,"ANDA",,"STRIDES PHARMA",
90913,"ANDA",,"SAGENT PHARMS",
90918,"ANDA",,"APOTEX INC",
90919,"ANDA",,"APOTEX",
90920,"ANDA",,"LUITPOLD",
90922,"ANDA",,"SUN PHARM INDS LTD",
90923,"ANDA",,"SUN PHARM INDS LTD",
90924,"ANDA",,"MYLAN INSTITUTIONAL",
90926,"ANDA",,"GLENMARK GENERICS",
90928,"ANDA",,"MYLAN",
90930,"ANDA",,"DR REDDYS LABS LTD",
90931,"ANDA",,"SUN PHARM INDS LTD",
90934,"ANDA",,"ACCORD HLTHCARE",
90935,"ANDA",,"INVAGEN PHARMS",
90937,"ANDA",,"HERITAGE PHARMS INC",
90938,"ANDA",,"BARR LABS INC",
90939,"ANDA",,"TORRENT PHARMS LTD",
90940,"ANDA",,"HOSPIRA INC",
90941,"ANDA",,"MYLAN",
90942,"ANDA",,"MYLAN",
90943,"ANDA",,"MYLAN PHARMS INC",
90946,"ANDA",,"NOVAST LABS LTD",
90947,"ANDA",,"NOVAST LABS LTD",
90948,"ANDA",,"NOVAST LABS LTD",
90950,"ANDA",,"SANDOZ",
90951,"ANDA",,"SOMERSET THERAPS LLC",
90954,"ANDA",,"GENERA PHARMS",
90955,"ANDA",,"TEVA PHARMS",
90956,"ANDA",,"NEXGEN PHARMA",
90957,"ANDA",,"AUROBINDO PHARMA LTD",
90958,"ANDA",,"CIPLA LTD",
90960,"ANDA",,"APOTEX INC",
90961,"ANDA",,"ZYDUS PHARMS USA INC",
90962,"ANDA",,"PLIVA HRVATSKA DOO",
90963,"ANDA",,"HIKMA FARMACEUTICA",
90964,"ANDA",,"WEST-WARD PHARMS INT",
90968,"ANDA",,"KVK TECH",
90970,"ANDA",,"MYLAN PHARMS INC",
90972,"ANDA",,"SANDOZ",
90973,"ANDA",,"APOTEX INC",
90974,"ANDA",,"PERRIGO ISRAEL",
90979,"ANDA",,"PERRIGO ISRAEL",
90981,"ANDA",,"HIKMA FARMACEUTICA",
90982,"ANDA",,"LYNE",
90984,"ANDA",,"TORRENT PHARMS LTD",
90985,"ANDA",,"WOCKHARDT USA",
90986,"ANDA",,"WOCKHARDT USA",
90988,"ANDA",,"NATCO PHARMA LTD",
90992,"ANDA",,"AMNEAL PHARMS",
90999,"ANDA",,"SANDOZ",
91001,"ANDA",,"MYLAN",
91002,"ANDA",,"MYLAN PHARMS INC",
91003,"ANDA",,"TEVA PHARMS USA",
91004,"ANDA",,"SIGMAPHARM LABS LLC",
91007,"ANDA",,"HOSPIRA INC",
91008,"ANDA",,"JIANGSU HENGRUI MED",
91009,"ANDA",,"ACTAVIS LABS FL",
91011,"ANDA",,"SANTOS BIOTECH",
91018,"ANDA",,"PAR PHARM INC",
91019,"ANDA",,"NEXGEN PHARMA",
91020,"ANDA",,"NAVINTA LLC",
91022,"ANDA",,"SANDOZ",
91023,"ANDA",,"DR REDDYS LABS LTD",
91024,"ANDA",,"DR REDDYS LABS LTD",
91025,"ANDA",,"ACTAVIS ELIZABETH",
91027,"ANDA",,"SUN PHARM INDS INC",
91028,"ANDA",,"TEVA PHARMS USA",
91030,"ANDA",,"WEST-WARD PHARM CORP",
91031,"ANDA",,"HIKMA FARMACEUTICA",
91032,"ANDA",,"HIKMA FARMACEUTICA",
91033,"ANDA",,"HIKMA FARMACEUTICA",
91034,"ANDA",,"ZAMBON SPA",
91036,"ANDA",,"HIKMA PHARMS",
91037,"ANDA",,"SUN PHARM INDS LTD",
91038,"ANDA",,"SUN PHARM INDS",
91039,"ANDA",,"TEVA PHARMS USA",
91040,"ANDA",,"LUPIN LTD",
91041,"ANDA",,"SAGENT PHARMS",
91042,"ANDA",,"KVK TECH",
91044,"ANDA",,"TOLMAR",
91045,"ANDA",,"FRESENIUS KABI USA",
91048,"ANDA",,"SAGENT PHARMS",
91050,"ANDA",,"STRIDES PHARMA",
91051,"ANDA",,"MYLAN",
91052,"ANDA",,"MYLAN PHARMS INC",
91053,"ANDA",,"MYLAN",
91054,"ANDA",,"MYLAN",
91055,"ANDA",,"STRIDES ARCOLAB LTD",
91056,"ANDA",,"MYLAN LABS LTD",
91058,"ANDA",,"MYLAN LABS LTD",
91059,"ANDA",,"TEVA PHARMS USA",
91062,"ANDA",,"MYLAN LABS LTD",
91063,"ANDA",,"MYLAN LABS LTD",
91065,"ANDA",,"SAGENT PHARMS",
91068,"ANDA",,"AGILA SPECLTS",
91069,"ANDA",,"APOTEX INC",
91070,"ANDA",,"ACTAVIS LABS FL",
91071,"ANDA",,"ACTAVIS LABS FL",
91072,"ANDA",,"APOTEX INC",
91077,"ANDA",,"NOVEL LABS INC",
91078,"ANDA",,"HI TECH PHARMA",
91079,"ANDA",,"TEVA PHARMS USA",
91083,"ANDA",,"WATSON LABS",
91084,"ANDA",,"WATSON LABS FLORIDA",
91086,"ANDA",,"HITECH PHARMA",
91087,"ANDA",,"SANDOZ",
91089,"ANDA",,"FRESENIUS KABI USA",
91090,"ANDA",,"GLENMARK GENERICS",
91091,"ANDA",,"NOSTRUM LABS INC",
91093,"ANDA",,"ACTAVIS LABS FL INC",
91095,"ANDA",,"ACTAVIS LABS FL INC",
91098,"ANDA",,"LANNETT CO INC",
91099,"ANDA",,"WEST-WARD PHARMS INT",
91101,"ANDA",,"HIKMA PHARMS",
91102,"ANDA",,"SAGENT PHARMS",
91103,"ANDA",,"SUN PHARMA GLOBAL",
91104,"ANDA",,"LUITPOLD",
91105,"ANDA",,"NOVAST LABS LTD",
91106,"ANDA",,"JIANGSU HANSOH PHARM",
91108,"ANDA",,"SANDOZ INC",
91112,"ANDA",,"B BRAUN",
91113,"ANDA",,"ORCHID HLTHCARE",
91114,"ANDA",,"AUROBINDO PHARMA LTD",
91115,"ANDA",,"TAMARANG",
91116,"ANDA",,"JUBILANT GENERICS",
91117,"ANDA",,"SAGENT PHARMS",
91118,"ANDA",,"SUN PHARM INDS LTD",
91120,"ANDA",,"HIKMA FARMACEUTICA",
91123,"ANDA",,"ORCHID HLTHCARE",
91124,"ANDA",,"LUPIN LTD",
91128,"ANDA",,"WEST-WARD PHARMS INT",
91129,"ANDA",,"WATSON LABS",
91130,"ANDA",,"LANNETT CO INC",
91133,"ANDA",,"STRIDES PHARMA",
91134,"ANDA",,"ZYDUS PHARMS USA INC",
91135,"ANDA",,"TRIS PHARMA INC",
91136,"ANDA",,"MYLAN ASI",
91137,"ANDA",,"MYLAN ASI",
91141,"ANDA",,"TEVA PHARMS USA",
91144,"ANDA",,"CIPLA LTD",
91145,"ANDA",,"AIPING PHARM INC",
91149,"ANDA",,"TEVA PHARMS USA",
91151,"ANDA",,"MYLAN PHARMS INC",
91152,"ANDA",,"LUITPOLD",
91153,"ANDA",,"WEST-WARD PHARMS INT",
91154,"ANDA",,"TEVA PHARMS USA",
91155,"ANDA",,"TEVA PHARMS USA",
91156,"ANDA",,"LANNETT CO INC",
91158,"ANDA",,"INVAGEN PHARMS",
91159,"ANDA",,"MOUNTAIN",
91161,"ANDA",,"APOTEX INC",
91163,"ANDA",,"AUROBINDO PHARMA LTD",
91164,"ANDA",,"CIPLA LTD",
91165,"ANDA",,"WOCKHARDT LTD",
91166,"ANDA",,"GLENMARK GENERICS",
91168,"ANDA",,"CIPLA LTD",
91169,"ANDA",,"TEVA",
91170,"ANDA",,"BRECKENRIDGE PHARM",
91174,"ANDA",,"BIONPHARMA INC",
91175,"ANDA",,"TEVA PHARMS USA",
91176,"ANDA",,"MYLAN",
91177,"ANDA",,"SUN PHARM INDS LTD",
91179,"ANDA",,"AMNEAL PHARMS NY",
91180,"ANDA",,"ZAMBON SPA",
91181,"ANDA",,"FRESENIUS KABI USA",
91182,"ANDA",,"SANTOS BIOTECH",
91183,"ANDA",,"SUN PHARM INDS LTD",
91184,"ANDA",,"ALKEM",
91185,"ANDA",,"HIKMA PHARMS",
91186,"ANDA",,"DR REDDYS LABS LTD",
91187,"ANDA",,"DR REDDYS LABS LTD",
91188,"ANDA",,"LANNETT CO INC",
91189,"ANDA",,"MAYNE PHARMA INC",
91190,"ANDA",,"ANCHEN PHARMS",
91191,"ANDA",,"DR REDDYS LABS LTD",
91193,"ANDA",,"EMERALD INTL LTD",
91195,"ANDA",,"ACCORD HLTHCARE",
91198,"ANDA",,"SANDOZ",
91199,"ANDA",,"CIPLA LTD",
91200,"ANDA",,"SUN PHARM INDS LTD",
91201,"ANDA",,"SANDOZ",
91202,"ANDA",,"MYLAN PHARMA",
91203,"ANDA",,"CIPLA LIMITED",
91204,"ANDA",,"NOVAST LABS LTD",
91205,"ANDA",,"ACCORD HLTHCARE",
91206,"ANDA",,"PLIVA HRVATSKA DOO",
91209,"ANDA",,"GLENMARK GENERICS",
91210,"ANDA",,"GATE PHARMS",
91211,"ANDA",,"GLENMARK GENERICS",
91212,"ANDA",,"KRKA TOVARNA ZDRAVIL",
91215,"ANDA",,"TEVA PHARMS",
91216,"ANDA",,"GATE PHARMS",
91219,"ANDA",,"TEVA PHARMS",
91220,"ANDA",,"VIVA HLTHCARE",
91221,"ANDA",,"WATSON LABS INC",
91222,"ANDA",,"WOCKHARDT USA",
91224,"ANDA",,"TEVA PHARMS",
91225,"ANDA",,"MYLAN PHARMS INC",
91226,"ANDA",,"MYLAN PHARMS INC",
91228,"ANDA",,"MYLAN PHARMS INC",
91229,"ANDA",,"SANDOZ INC",
91231,"ANDA",,"WOCKHARDT",
91232,"ANDA",,"LABS LEON FARMA",
91234,"ANDA",,"NOVAST LABS",
91235,"ANDA",,"TEVA PHARMS USA",
91236,"ANDA",,"ALEMBIC PHARMS LTD",
91237,"ANDA",,"MARKSANS PHARMA",
91238,"ANDA",,"LANNETT CO INC",
91239,"ANDA",,"MARKSANS PHARMA",
91240,"ANDA",,"HETERO LABS LTD III",
91242,"ANDA",,"IMPAX LABS INC",
91244,"ANDA",,"HIKMA FARMACEUTICA",
91245,"ANDA",,"SAGENT PHARMS",
91246,"ANDA",,"SAGENT PHARMS",
91247,"ANDA",,"NOVAST LABS",
91248,"ANDA",,"MYLAN PHARMS INC",
91249,"ANDA",,"ALKEM LABS LTD",
91252,"ANDA",,"LUITPOLD",
91254,"ANDA",,"ACTAVIS GRP PTC",
91256,"ANDA",,"HERITAGE PHARMA",
91258,"ANDA",,"SUN PHARM INDS INC",
91260,"ANDA",,"APOTEX INC",
91261,"ANDA",,"APOTEX INC",
91263,"ANDA",,"L PERRIGO CO",
91264,"ANDA",,"HETERO LABS LTD III",
91265,"ANDA",,"APOTEX INC",
91267,"ANDA",,"WOCKHARDT",
91268,"ANDA",,"AKORN",
91269,"ANDA",,"DR REDDYS LABS LTD",
91272,"ANDA",,"SUN PHARMA GLOBAL",
91273,"ANDA",,"SANDOZ",
91274,"ANDA",,"LUITPOLD",
91276,"ANDA",,"GLENMARK GENERICS",
91277,"ANDA",,"LUPIN LTD",
91279,"ANDA",,"SANTOS BIOTECH",
91280,"ANDA",,"SUN PHARM INDS LTD",
91281,"ANDA",,"TWI PHARMS INC",
91282,"ANDA",,"GLENMARK GENERICS",
91283,"ANDA",,"UNICHEM LABS LTD",
91284,"ANDA",,"SAGENT PHARMS",
91285,"ANDA",,"SUN PHARM INDUSTRIES",
91286,"ANDA",,"TRIS PHARMA INC",
91288,"ANDA",,"LANNETT CO INC",
91289,"ANDA",,"ACTAVIS LABS FL INC",
91291,"ANDA",,"VIRTUS PHARMS",
91292,"ANDA",,"PERRIGO R AND D",
91293,"ANDA",,"SANDOZ",
91294,"ANDA",,"MYLAN PHARMS INC",
91295,"ANDA",,"PHARM ASSOC",
91297,"ANDA",,"PAR STERILE PRODUCTS",
91298,"ANDA",,"TORRENT PHARMS LTD",
91299,"ANDA",,"SANDOZ",
91300,"ANDA",,"APOTEX CORP",
91302,"ANDA",,"HIKMA PHARMS",
91303,"ANDA",,"APOTEX INC",
91305,"ANDA",,"INVAGEN PHARMS",
91306,"ANDA",,"IDENTI PHARMS INC",
91307,"ANDA",,"LUITPOLD",
91308,"ANDA",,"APOTEX INC",
91310,"ANDA",,"APOTEX INC",
91312,"ANDA",,"CHARTWELL RX",
91313,"ANDA",,"MAYNE PHARMA INC",
91314,"ANDA",,"GLENMARK GENERICS",
91315,"ANDA",,"DR REDDYS LABS LTD",
91316,"ANDA",,"DR REDDYS LABS LTD",
91322,"ANDA",,"LUPIN LTD",
91323,"ANDA",,"LUPIN LTD",
91325,"ANDA",,"LUPIN LTD",
91326,"ANDA",,"PADDOCK LLC",
91327,"ANDA",,"ALLIED",
91328,"ANDA",,"LUPIN LTD",
91329,"ANDA",,"LUITPOLD",
91330,"ANDA",,"LUITPOLD",
91331,"ANDA",,"LANNETT CO INC",
91332,"ANDA",,"LUPIN LTD",
91333,"ANDA",,"SANDOZ INC",
91338,"ANDA",,"TORRENT PHARMS LTD",
91340,"ANDA",,"PAR PHARM",
91341,"ANDA",,"PAR PHARM",
91342,"ANDA",,"LANNETT CO INC",
91343,"ANDA",,"VIRTUS PHARM",
91344,"ANDA",,"PERRIGO ISRAEL",
91346,"ANDA",,"GLENMARK GENERICS",
91347,"ANDA",,"TEVA PHARMS",
91348,"ANDA",,"AUROBINDO PHARMA",
91349,"ANDA",,"PERRIGO R AND D",
91351,"ANDA",,"LUPIN LTD",
91352,"ANDA",,"ZYDUS PHARMS USA INC",
91353,"ANDA",,"GRANULES INDIA",
91354,"ANDA",,"PERRIGO R AND D",
91355,"ANDA",,"STRIDES PHARMA",
91356,"ANDA",,"STRIDES PHARMA",
91357,"ANDA",,"EPIC PHARMA LLC",
91358,"ANDA",,"MYLAN LABS LTD",
91359,"ANDA",,"LANNETT CO INC",
91360,"ANDA",,"ANCHEN PHARMS",
91363,"ANDA",,"DR REDDYS LABS LTD",
91364,"ANDA",,"DR REDDYS LABS LTD",
91365,"ANDA",,"DR REDDYS LABS LTD",
91366,"ANDA",,"PERRIGO R AND D",
91367,"ANDA",,"ALEMBIC PHARMS LTD",
91368,"ANDA",,"ALEMBIC PHARMS LTD",
91369,"ANDA",,"ALEMBIC PHARMS LTD",
91370,"ANDA",,"ALEMBIC PHARMS LTD",
91373,"ANDA",,"APOTEX CORP",
91375,"ANDA",,"HIKMA FARMACEUTICA",
91376,"ANDA",,"FRESENIUS KABI ONCOL",
91377,"ANDA",,"XELLIA PHARMS APS",
91378,"ANDA",,"APOTEX CORP",
91379,"ANDA",,"APOTEX CORP",
91382,"ANDA",,"SUN PHARM INDS LTD",
91383,"ANDA",,"AMNEAL PHARMS",
91384,"ANDA",,"AMNEAL PHARMS",
91387,"ANDA",,"B BRAUN",
91388,"ANDA",,"AUROBINDO PHARMA LTD",
91392,"ANDA",,"FRESENIUS KABI USA",
91393,"ANDA",,"AVANTHI INC",
91394,"ANDA",,"GLENMARK PHARMS LTD",
91395,"ANDA",,"WOCKHARDT LTD",
91396,"ANDA",,"MISSION PHARMA",
91397,"ANDA",,"BAXTER HLTHCARE CORP",
91398,"ANDA",,"LUPIN LTD",
91399,"ANDA",,"LUPIN LTD",
91401,"ANDA",,"SUN PHARM INDS INC",
91404,"ANDA",,"ACS DOBFAR",
91406,"ANDA",,"MYLAN LABS LTD",
91407,"ANDA",,"LUPIN LTD",
91408,"ANDA",,"LUPIN LTD",
91412,"ANDA",,"DR REDDYS LABS LTD",
91413,"ANDA",,"NATCO PHARMA LTD",
91414,"ANDA",,"SANDOZ INC",
91415,"ANDA",,"TORRENT PHARMS LLC",
91416,"ANDA",,"MARKSANS PHARMA",
91417,"ANDA",,"SUN PHARM INDS LTD",
91418,"ANDA",,"SUN PHARM INDS",
91422,"ANDA",,"ACTAVIS ELIZABETH",
91424,"ANDA",,"LUPIN LTD",
91425,"ANDA",,"LUPIN LTD",
91426,"ANDA",,"AMNEAL PHARMS",
91427,"ANDA",,"MYLAN",
91429,"ANDA",,"PERRIGO R AND D",
91430,"ANDA",,"TEVA PHARMS",
91431,"ANDA",,"APOTEX INC",
91432,"ANDA",,"INVAGEN PHARMS",
91433,"ANDA",,"WEST-WARD PHARMS INT",
91434,"ANDA",,"TORRENT PHARMS LTD",
91436,"ANDA",,"BAXTER HLTHCARE CORP",
91437,"ANDA",,"NOVEL LABS INC",
91440,"ANDA",,"LUPIN LTD",
91441,"ANDA",,"ORCHID HLTHCARE",
91443,"ANDA",,"TEVA",
91444,"ANDA",,"WEST-WARD PHARMS INT",
91449,"ANDA",,"SANDOZ INC",
91450,"ANDA",,"BRECKENRIDGE PHARM",
91451,"ANDA",,"INGENUS PHARMS NJ",
91452,"ANDA",,"GLENMARK GENERICS",
91453,"ANDA",,"NOVAST LABS",
91454,"ANDA",,"NOVAST LABS",
91455,"ANDA",,"BARR LABS INC",
91457,"ANDA",,"LUITPOLD",
91458,"ANDA",,"SAGENT PHARMS",
91459,"ANDA",,"ANCHEN PHARMS",
91464,"ANDA",,"TEVA PHARMS USA",
91465,"ANDA",,"SANDOZ INC",
91466,"ANDA",,"SUN PHARM INDS LTD",
91467,"ANDA",,"LUPIN LTD",
91468,"ANDA",,"MYLAN LABS LTD",
91469,"ANDA",,"MYLAN LABS LTD",
91471,"ANDA",,"MYLAN PHARMS INC",
91475,"ANDA",,"HETERO LABS LTD III",
91476,"ANDA",,"ANCHEN PHARMS",
91478,"ANDA",,"MYLAN LABS LTD",
91479,"ANDA",,"TORRENT PHARMS LTD",
91480,"ANDA",,"APOTEX",
91482,"ANDA",,"ACTAVIS ELIZABETH",
91483,"ANDA",,"AMNEAL PHARMS",
91484,"ANDA",,"WOCKHARDT LTD",
91485,"ANDA",,"X GEN PHARMS",
91486,"ANDA",,"MYLAN LABS LTD",
91487,"ANDA",,"MYLAN ASI",
91488,"ANDA",,"NANJING KING-FRIEND",
91489,"ANDA",,"NANJING KING-FRIEND",
91490,"ANDA",,"RHODES PHARMS",
91491,"ANDA",,"VINTAGE PHARMS",
91493,"ANDA",,"SAGENT PHARMS",
91495,"ANDA",,"SAGENT PHARMS",
91496,"ANDA",,"PERRIGO ISRAEL",
91497,"ANDA",,"PRINSTON INC",
91498,"ANDA",,"CSPC OUYI PHARM CO",
91502,"ANDA",,"MYLAN PHARMS INC",
91503,"ANDA",,"MYLAN ASI",
91509,"ANDA",,"SUN PHARM INDS LTD",
91510,"ANDA",,"MYLAN LABS LTD",
91513,"ANDA",,"APOTEX",
91514,"ANDA",,"AKORN",
91516,"ANDA",,"FRESENIUS KABI USA",
91517,"ANDA",,"BOSCOGEN",
91519,"ANDA",,"WATSON LABS TEVA",
91520,"ANDA",,"ANCHEN PHARMS",
91522,"ANDA",,"NEXGEN PHARMA",
91524,"ANDA",,"APOTEX CORP",
91525,"ANDA",,"NAVINTA LLC",
91526,"ANDA",,"FRESENIUS KABI USA",
91528,"ANDA",,"NOVEL LABS INC",
91532,"ANDA",,"SAMSON MEDCL",
91534,"ANDA",,"ZYDUS PHARMS USA INC",
91537,"ANDA",,"MYLAN PHARMS INC",
91539,"ANDA",,"WATSON LABS INC",
91540,"ANDA",,"MYLAN LABS LTD",
91541,"ANDA",,"VIVA HLTHCARE",
91542,"ANDA",,"MYLAN LABS LTD",
91544,"ANDA",,"GLENMARK PHARMS INC",
91546,"ANDA",,"SUN PHARMA GLOBAL",
91549,"ANDA",,"AMNEAL PHARMS",
91550,"ANDA",,"PERRIGO ISRAEL",
91552,"ANDA",,"SUN PHARM INDS LTD",
91553,"ANDA",,"PERRIGO ISRAEL",
91554,"ANDA",,"MYLAN LABS LTD",
91555,"ANDA",,"TEVA PHARMS USA",
91557,"ANDA",,"ACTAVIS ELIZABETH",
91558,"ANDA",,"APOTEX INC",
91559,"ANDA",,"SUVEN LIFE",
91560,"ANDA",,"HETERO LABS LTD III",
91561,"ANDA",,"PADDOCK LLC",
91563,"ANDA",,"CHARTWELL MOLECULES",
91564,"ANDA",,"LUITPOLD",
91567,"ANDA",,"SUN PHARM INDS",
91568,"ANDA",,"AUROBINDO PHARMA LTD",
91569,"ANDA",,"AUROBINDO PHARMA LTD",
91572,"ANDA",,"APOTEX INC",
91573,"ANDA",,"PADDOCK LLC",
91574,"ANDA",,"ALCON",
91575,"ANDA",,"GLENMARK GENERICS",
91576,"ANDA",,"VINTAGE PHARMS LLC",
91577,"ANDA",,"NOVEL LABS INC",
91579,"ANDA",,"MACLEODS PHARMS LTD",
91583,"ANDA",,"TEVA PHARMS USA",
91585,"ANDA",,"JUBILANT GENERICS",
91586,"ANDA",,"TRIS PHARMA INC",
91588,"ANDA",,"VINTAGE PHARMS LLC",
91589,"ANDA",,"TEVA PHARMS USA",
91590,"ANDA",,"MYLAN",
91591,"ANDA",,"WEST-WARD PHARMS INT",
91592,"ANDA",,"SANDOZ INC",
91593,"ANDA",,"CIPLA LIMITED",
91594,"ANDA",,"ACCORD HLTHCARE",
91595,"ANDA",,"GLENMARK GENERICS",
91596,"ANDA",,"FRESENIUS KABI USA",
91597,"ANDA",,"SAGENT PHARMS",
91599,"ANDA",,"MYLAN LABS LTD",
91601,"ANDA",,"TRIS PHARMA INC",
91602,"ANDA",,"SAGENT PHARMS",
91604,"ANDA",,"AUROBINDO PHARMA LTD",
91605,"ANDA",,"HERITAGE PHARMS INC",
91606,"ANDA",,"APOTEX",
91607,"ANDA",,"SUN PHARMA GLOBAL",
91608,"ANDA",,"BELCHER PHARMS INC",
91609,"ANDA",,"ACTAVIS ELIZABETH",
91610,"ANDA",,"ACTAVIS LABS FL INC",
91611,"ANDA",,"MATRIX LABS LTD",
91612,"ANDA",,"TEVA PHARMS USA",
91613,"ANDA",,"AUROBINDO PHARMA LTD",
91614,"ANDA",,"AUROBINDO PHARMA LTD",
91616,"ANDA",,"GLENMARK GENERICS",
91617,"ANDA",,"ALEMBIC PHARMS LTD",
91619,"ANDA",,"SIGMAPHARM LABS LLC",
91620,"ANDA",,"SANDOZ INC",
91621,"ANDA",,"NATCO PHARMA LTD",
91623,"ANDA",,"MYLAN INSTITUTIONAL",
91624,"ANDA",,"LANNETT CO INC",
91625,"ANDA",,"GRANULES INDIA LTD",
91626,"ANDA",,"SUN PHARM INDS",
91627,"ANDA",,"SAGENT PHARMS",
91629,"ANDA",,"AUROBINDO PHARMA",
91630,"ANDA",,"NATCO PHARMA LTD",
91632,"ANDA",,"TRIS PHARMA INC",
91633,"ANDA",,"SUN PHARM INDS INC",
91634,"ANDA",,"GLENMARK GENERICS",
91635,"ANDA",,"UPSHER-SMITH LABS",
91636,"ANDA",,"GLENMARK GENERICS",
91637,"ANDA",,"SAGENT PHARMS",
91638,"ANDA",,"IMPAX LABS",
91640,"ANDA",,"ZYDUS PHARMS USA INC",
91641,"ANDA",,"PHARMACARE LTD",
91643,"ANDA",,"ACCORD HLTHCARE",
91644,"ANDA",,"AKORN",
91648,"ANDA",,"MYLAN PHARMS INC",
91649,"ANDA",,"TEVA PHARMS USA",
91650,"ANDA",,"DR REDDYS LABS LTD",
91652,"ANDA",,"MYLAN",
91654,"ANDA",,"TORRENT PHARMS LTD",
91656,"ANDA",,"CADILA PHARMS LTD",
91657,"ANDA",,"MYLAN INSTITUTIONAL",
91658,"ANDA",,"TEVA PHARMS",
91659,"ANDA",,"CASI PHARMS INC",
91661,"ANDA",,"TEVA PHARMS",
91662,"ANDA",,"LANNETT CO INC",
91663,"ANDA",,"MYLAN LABS LTD",
91664,"ANDA",,"LUPIN LTD",
91665,"ANDA",,"PAR STERILE PRODUCTS",
91667,"ANDA",,"NOVEL LABS INC",
91668,"ANDA",,"SANDOZ",
91670,"ANDA",,"MAYNE PHARMA INC",
91671,"ANDA",,"NEOS THERAP INC",
91672,"ANDA",,"GLENMARK GENERICS",
91673,"ANDA",,"TEVA PHARMS USA",
91674,"ANDA",,"LUPIN LTD",
91675,"ANDA",,"TRIS PHARMA INC",
91677,"ANDA",,"HETERO LABS LTD III",
91678,"ANDA",,"HI TECH PHARMA",
91679,"ANDA",,"ACTAVIS GRP PTC",
91680,"ANDA",,"LANNETT CO INC",
91681,"ANDA",,"ALVOGEN MALTA",
91682,"ANDA",,"SANDOZ",
91683,"ANDA",,"SUN PHARM INDS INC",
91687,"ANDA",,"TRIS PHARMA INC",
91688,"ANDA",,"INVAGEN PHARMS",
91689,"ANDA",,"ALEMBIC PHARMS LTD",
91690,"ANDA",,"NOVAST LABS",
91691,"ANDA",,"INDOCO REMEDIES",
91693,"ANDA",,"DR REDDYS LABS SA",
91695,"ANDA",,"LANNETT CO INC",
101063,"BLA",,"MERCK",
101995,"BLA",,"ADVANCE BIOFACTURES",
103000,"BLA",,"ALLERGAN",
103132,"BLA",,"SCHERING",
103158,"BLA",,"INTERFERON SCIENCES",
103172,"BLA",,"GENENTECH",
103234,"BLA",,"AMGEN",
103293,"BLA",,"CHIRON",
103353,"BLA",,"AMGEN",
103362,"BLA",,"BERLEX LABS",
103411,"BLA",,"SIGMA TAU",
103471,"BLA",,"BAYER HEALTHCARE PHARMS",
103532,"BLA",,"GENENTECH",
103575,"BLA",,"CENTOCOR INC",
103608,"BLA",,"CYTOGEN",
103628,"BLA",,"BIOGEN",
103634,"BLA",,"CENTOCOR INC",
103691,"BLA",,"OMJ PHARMACEUTICALS",
103705,"BLA",,"GENENTECH",
103764,"BLA",,"NOVARTIS",
103767,"BLA",,"EISAI INC",
103770,"BLA",,"MEDIMMUNE",
103772,"BLA",,"CENTOCOR INC",
103780,"BLA",,"SERONO INC",
103786,"BLA",,"EKR THERAP",
103792,"BLA",,"GENENTECH",
103795,"BLA",,"IMMUNEX",
103836,"BLA",,"VIDARA THERAPEUTICS RESEARCH LTD",
103846,"BLA",,"ELAN PHARM",
103909,"BLA",,"GENENTECH",
103946,"BLA",,"SANOFI SYNTHELABO",
103948,"BLA",,"GENZYME",
103949,"BLA",,"SCHERING",
103950,"BLA",,"BIOVITRUM AB",
103951,"BLA",,"AMGEN",
103964,"BLA",,"HOFFMAN-LA ROCHE",
103976,"BLA",,"GENENTECH",
103979,"BLA",,"GENZYME",
121559,"BLA",,"SANOFI-AVENTIS US",
125019,"BLA",,"SPECTRUM PHARMS",
125031,"BLA",,"AMGEN",
125057,"BLA",,"ABBVIE INC",
125058,"BLA",,"BIOMARIN",
125084,"BLA",,"IMCLONE",
125085,"BLA",,"GENENTECH",
125103,"BLA",,"BIOVITRUM AB",
125104,"BLA",,"BIOGEN IDEC",
125117,"BLA",,"BIOMARIN",
125118,"BLA",,"BRISTOL MYERS SQUIBB",
125141,"BLA",,"GENZYME",
125147,"BLA",,"AMGEN",
125151,"BLA",,"SHIRE",
125156,"BLA",,"GENENTECH",
125160,"BLA",,"UCB INC",
125164,"BLA",,"HOFFMAN-LA ROCHE",
125166,"BLA",,"ALEXION PHARM",
125249,"BLA",,"REGENERON PHARMACEUTICALS",
125261,"BLA",,"CENTOCOR ORTHO BIOTECH INC",
125268,"BLA",,"AMGEN",
125274,"BLA",,"IPSEN BIOPHARM LTD",
125276,"BLA",,"GENENTECH",
125277,"BLA",,"DYAX CORP.",
125288,"BLA",,"BRISTOL MYERS SQUIBB",
125289,"BLA",,"CENTOCOR ORTHO BIOTECH INC",
125290,"BLA",,"NOVARTIS PHARMS",
125291,"BLA",,"GENZYME",
125293,"BLA",,"HORIZON PHARMA",
125294,"BLA",,"SICOR BIOTECH",
125319,"BLA",,"NOVARTIS PHARMS",
125320,"BLA",,"AMGEN",
125326,"BLA",,"GLAXO GRP LTD",
125327,"BLA",,"BTG INTERNATIONAL INC",
125338,"BLA",,"AUXILIUM PHARMS",
125349,"BLA",,"HUMAN GENOME SCIENCES INC.",
125359,"BLA",,"JAZZ PHARMS INC",
125360,"BLA",,"MERZ PHARMS",
125370,"BLA",,"HUMAN GENOME SCIENCES INC.",
125377,"BLA",,"BRISTOL MYERS SQUIBB",
125387,"BLA",,"REGENERON PHARMACEUTICALS",
125388,"BLA",,"SEATTLE GENETICS",
125390,"BLA",,"AEGERION",
125399,"BLA",,"SEATTLE GENETICS",
125409,"BLA",,"GENENTECH",
125418,"BLA",,"SANOFI AVENTIS US",
125422,"BLA",,"THROMBOGENICS, INC",
125427,"BLA",,"GENENTECH",
125431,"BLA",,"GLAXOSMITHKLINE LLC",
125433,"BLA",,"JANSSEN BIOTECH",
125460,"BLA",,"BIOMARIN PHARM",
125469,"BLA",,"ELI LILLY AND CO",
125472,"BLA",,"GENENTECH",
125476,"BLA",,"TAKEDA PHARMS USA",
125477,"BLA",,"ELI LILLY AND CO",
125486,"BLA",,"GENENTECH",
125496,"BLA",,"JANSSEN BIOTECH",
125499,"BLA",,"BIOGEN IDEC INC",
125504,"BLA",,"NOVARTIS PHARMS CORP",
125509,"BLA",,"ELUSYS THERAPEUTICS INC",
125511,"BLA",,"NPS PHARMS INC",
125513,"BLA",,"ALEXION PHARM",
125514,"BLA",,"MERCK SHARP DOHME",
125516,"BLA",,"UNITED THERAP",
125521,"BLA",,"ELI LILLY AND CO",
125522,"BLA",,"AMGEN INC",
125526,"BLA",,"GLAXOSMITHKLINE LLC",
125527,"BLA",,"BRISTOL MYERS SQUIBB",
125544,"BLA",,"CELLTRION INC",
125545,"BLA",,"HOSPIRA INC",
125547,"BLA",,"ELI LILLY CO",
125553,"BLA",,"SANDOZ INC",
125554,"BLA",,"BRISTOL MYERS SQUIBB",
125557,"BLA",,"AMGEN",
125559,"BLA",,"SANOFI AVENTIS",
125561,"BLA",,"ALEXION PHARM",
200002,"ANDA",,"MYLAN LABS LTD",
200022,"ANDA",,"UNICHEM LABS LTD",
200043,"ANDA",,"MYLAN PHARMS INC",
200044,"ANDA",,"ACCORD HLTHCARE",
200045,"NDA",,"NOVARTIS",
200063,"NDA",,"NALPROPION",
200065,"ANDA",,"IMPAX LABS INC",
200068,"ANDA",,"WEST-WARD PHARMS INT",
200082,"ANDA",,"MYLAN PHARMA",
200104,"ANDA",,"IPCA LABS LTD",
200122,"ANDA",,"UNITED BIOMEDCL",
200142,"ANDA",,"MYLAN PHARMS INC",
200143,"ANDA",,"BARR LABS DIV TEVA",
200144,"ANDA",,"MYLAN LABS LTD",
200145,"ANDA",,"MYLAN LABS LTD",
200146,"ANDA",,"SANDOZ INC",
200148,"ANDA",,"MYLAN LABS LTD",
200149,"ANDA",,"ACTAVIS GRP PTC",
200151,"ANDA",,"TEVA PHARMS USA",
200152,"ANDA",,"TEVA PHARMS USA INC",
200153,"NDA",,"MERCK SHARP DOHME",
200154,"ANDA",,"SANDOZ INC",
200155,"ANDA",,"TORRENT PHARMS LTD",
200156,"ANDA",,"WATSON LABS INC",
200158,"ANDA",,"SANDOZ",
200159,"ANDA",,"SANDOZ INC",
200160,"ANDA",,"TORRENT PHARMS LTD",
200161,"ANDA",,"NATCO PHARMA LTD",
200164,"ANDA",,"APOTEX CORP",
200165,"ANDA",,"ACTAVIS PHARMA",
200166,"ANDA",,"ARBOR PHARMS LLC",
200169,"ANDA",,"HI-TECH PHARMA CO",
200170,"ANDA",,"MYLAN LABS LTD",
200172,"ANDA",,"APOTEX INC",
200173,"ANDA",,"TARO",
200174,"ANDA",,"PERRIGO ISRAEL",
200175,"NDA",,"DAIICHI SANKYO",
200177,"ANDA",,"LANNETT CO INC",
200179,"NDA",,"BAYER HLTHCARE",
200180,"ANDA",,"WATSON LABS",
200181,"ANDA",,"NOVEL LABS INC",
200183,"ANDA",,"HIKMA FARMACEUTICA",
200185,"ANDA",,"PADDOCK LLC",
200196,"ANDA",,"EMCURE PHARMS",
200197,"ANDA",,"ALKEM LABS LTD",
200199,"NDA",,"SANDOZ INC",
200217,"ANDA",,"MYLAN ASI",
200218,"ANDA",,"TEVA PHARMS USA",
200219,"ANDA",,"HIKMA FARMACEUTICA",
200220,"ANDA",,"JUBILANT GENERICS",
200221,"ANDA",,"JUBILANT GENERICS",
200222,"ANDA",,"TEVA PHARMS",
200243,"ANDA",,"LANNETT CO INC",
200244,"NDA",,"HETERO DRUGS LTD",
200245,"ANDA",,"MYLAN LABS LTD",
200248,"ANDA",,"LUPIN LTD",
200250,"ANDA",,"GLENMARK GENERICS",
200263,"ANDA",,"APOTEX INC",
200264,"ANDA",,"IMPAX LABS INC",
200265,"ANDA",,"SANDOZ INC",
200266,"ANDA",,"APOTEX INC",
200268,"ANDA",,"AUROBINDO PHARMA LTD",
200270,"ANDA",,"TORRENT PHARMS",
200271,"ANDA",,"ASPEN GLOBAL INC",
200272,"ANDA",,"ELITE LABS",
200274,"ANDA",,"APOTEX INC",
200275,"ANDA",,"AMNEAL PHARMS",
200290,"ANDA",,"IPCA LABS LTD",
200292,"ANDA",,"PRINSTON INC",
200293,"ANDA",,"TEVA PHARMS USA",
200294,"ANDA",,"EPIC PHARMA LLC",
200295,"ANDA",,"SIGMAPHARM LABS LLC",
200296,"ANDA",,"AUROBINDO PHARMA LTD",
200298,"ANDA",,"TOLMAR",
200300,"ANDA",,"HIKMA FARMACEUTICA",
200302,"ANDA",,"TARO",
200327,"NDA",,"ALLERGAN SALES LLC",
200343,"ANDA",,"VISTAPHARM",
200363,"ANDA",,"TORRENT PHARMS LTD",
200383,"ANDA",,"OC PHARMA",
200384,"ANDA",,"OC PHARMA",
200386,"ANDA",,"TRIS PHARMA INC",
200403,"NDA",,"HOSPIRA INC",
200405,"ANDA",,"LANNETT CO INC",
200406,"ANDA",,"MICRO LABS LTD",
200407,"ANDA",,"MAYNE PHARMA",
200411,"ANDA",,"IMPAX LABS INC",
200429,"ANDA",,"AUROBINDO PHARMA LTD",
200431,"ANDA",,"WATSON LABS INC",
200435,"ANDA",,"TEVA PHARMS",
200456,"ANDA",,"SOFGEN PHARMS",
200457,"ANDA",,"ARISE PHARMS",
200461,"ANDA",,"MYLAN PHARMS INC",
200462,"ANDA",,"MYLAN PHARMS INC",
200463,"ANDA",,"MYLAN PHARMS INC",
200465,"ANDA",,"MYLAN PHARMS INC",
200475,"ANDA",,"MYLAN PHARMS INC",
200477,"ANDA",,"MYLAN PHARMS INC",
200481,"ANDA",,"G AND W LABS INC",
200482,"ANDA",,"NATCO PHARMA LTD",
200483,"ANDA",,"WEST-WARD PHARMS INT",
200484,"ANDA",,"SUN PHARMA GLOBAL",
200486,"ANDA",,"MYLAN LABS LTD",
200487,"ANDA",,"SANDOZ",
200488,"ANDA",,"MYLAN LABS LTD",
200489,"ANDA",,"MYLAN LABS LTD",
200490,"ANDA",,"MYLAN LABS LTD",
200491,"ANDA",,"ANCHEN PHARMS",
200492,"ANDA",,"MYLAN LABS LTD",
200493,"ANDA",,"MYLAN LABS LTD",
200494,"ANDA",,"GLENMARK GENERICS",
200495,"ANDA",,"TORRENT PHARMS",
200502,"ANDA",,"HERITAGE PHARMS INC",
200503,"ANDA",,"LUPIN LTD",
200510,"ANDA",,"MYLAN LABS LTD",
200529,"ANDA",,"CHARTWELL RX",
200532,"ANDA",,"TEVA PHARMS USA",
200533,"NDA",,"DEPOMED INC",
200534,"NDA",,"GENUS LIFESCIENCES",
200535,"NDA",,"GENUS LIFESCIENCES",
200536,"ANDA",,"STRIDES PHARMA",
200538,"ANDA",,"GLENMARK GENERICS",
200540,"ANDA",,"EXELA HOLDINGS",
200541,"ANDA",,"LUPIN PHARMS",
200542,"ANDA",,"MYLAN ASI",
200560,"ANDA",,"MYLAN ASI",
200562,"ANDA",,"WATSON LABS INC",
200563,"ANDA",,"LUPIN LTD",
200565,"ANDA",,"TARO",
200579,"ANDA",,"MYLAN PHARMS INC",
200582,"NDA",,"HOSPIRA INC",
200602,"ANDA",,"BAYSHORE PHARMS LLC",
200603,"NDA",,"SUNOVION PHARMS INC",
200623,"NDA",,"CIPLA LIMITED",
200624,"ANDA",,"LUPIN LTD",
200629,"ANDA",,"AUROBINDO PHARMA LTD",
200630,"ANDA",,"MYLAN PHARMS INC",
200644,"ANDA",,"FRESENIUS KABI USA",
200645,"ANDA",,"ALEMBIC PHARMS LTD",
200647,"ANDA",,"MYLAN LABS LTD",
200648,"ANDA",,"MYLAN LABS LTD",
200651,"ANDA",,"AUROBINDO PHARMA LTD",
200652,"ANDA",,"WEST-WARD PHARMS INT",
200653,"ANDA",,"MYLAN PHARMS INC",
200654,"ANDA",,"APOTEX INC",
200656,"NDA",,"FRESENIUS KABI USA",
200670,"ANDA",,"FDN CONSUMER",
200671,"NDA",,"NEW HAVEN PHARMS",
200672,"ANDA",,"ACTAVIS ELIZABETH",
200673,"ANDA",,"FRESENIUS KABI USA",
200674,"ANDA",,"FRESENIUS KABI USA",
200675,"ANDA",,"ACTAVIS LABS UT INC",
200677,"NDA",,"NOVARTIS",
200678,"NDA",,"ASTRAZENECA AB",
200690,"ANDA",,"MYLAN PHARMS INC",
200691,"ANDA",,"MYLAN PHARMS INC",
200694,"ANDA",,"ALKEM LABS LTD",
200695,"ANDA",,"SUN PHARMA GLOBAL",
200732,"NDA",,"MATRIX LABS LTD",
200733,"NDA",,"MATRIX LABS LTD",
200734,"ANDA",,"TARO",
200735,"ANDA",,"FOUGERA PHARMS INC",
200737,"ANDA",,"ALKEM LABS LTD",
200738,"NDA",,"BAUSCH AND LOMB",
200739,"ANDA",,"NATCO PHARMA LTD",
200740,"NDA",,"LEADIANT BIOSCI INC",
200742,"ANDA",,"SAGENT PHARMS",
200744,"ANDA",,"FOUGERA PHARMS INC",
200747,"ANDA",,"TEVA PHARMS USA",
200748,"NDA",,"MATRIX LABS LTD",
200750,"ANDA",,"LUPIN LTD",
200751,"ANDA",,"LUPIN LTD",
200752,"ANDA",,"MYLAN INSTITUTIONAL",
200753,"ANDA",,"SAGENT PHARMS",
200770,"ANDA",,"STRIDES PHARMA",
200771,"ANDA",,"EMCURE PHARMS LTD",
200790,"ANDA",,"ENDO PHARMS INC",
200792,"ANDA",,"PAR PHARM",
200793,"NDA",,"MATRIX LABS",
200794,"ANDA",,"SUN PHARM INDS LTD",
200795,"NDA",,"HOSPIRA INC",
200796,"NDA",,"ARBOR PHARMS LLC",
200797,"ANDA",,"LUPIN LTD",
200810,"ANDA",,"WOCKHARDT LTD",
200812,"ANDA",,"PAR PHARM INC",
200815,"ANDA",,"VINTAGE PHARMS LLC",
200816,"ANDA",,"ZYDUS PHARMS USA INC",
200821,"ANDA",,"MACLEODS PHARMS LTD",
200822,"ANDA",,"WEST-WARD PHARMS INT",
200823,"ANDA",,"AUROBINDO PHARMA LTD",
200824,"ANDA",,"MYLAN PHARMS INC",
200825,"ANDA",,"WATSON LABS INC",
200826,"ANDA",,"IMPAX LABS INC",
200828,"ANDA",,"IMPAX LABS INC",
200831,"ANDA",,"WATSON LABS INC",
200832,"ANDA",,"APOTEX INC",
200833,"ANDA",,"SANDOZ INC",
200834,"ANDA",,"AUROBINDO PHARMA LTD",
200835,"ANDA",,"WATSON LABS INC",
200837,"ANDA",,"SAGENT PHARMS",
200839,"ANDA",,"MACLEODS PHARMS LTD",
200855,"ANDA",,"SAGENT PHARMS",
200856,"ANDA",,"HERITAGE PHARMS INC",
200861,"NDA",,"HOSPIRA INC",
200875,"ANDA",,"TEVA PARENTERAL",
200878,"ANDA",,"APOTEX CORP",
200880,"ANDA",,"MYLAN ASI",
200881,"ANDA",,"ACTAVIS ELIZABETH",
200882,"ANDA",,"SUN PHARMA GLOBAL",
200886,"ANDA",,"MAYNE PHARMA",
200887,"ANDA",,"TEVA PHARMS USA",
200888,"ANDA",,"STRIDES PHARMA",
200889,"ANDA",,"SANDOZ INC",
200890,"NDA",,"NOVARTIS PHARMS CORP",
200891,"ANDA",,"ALEMBIC PHARMS LTD",
200892,"ANDA",,"HERITAGE PHARMS INC",
200894,"ANDA",,"AMNEAL PHARMS",
200895,"ANDA",,"HETERO LABS LTD III",
200897,"ANDA",,"MYLAN LABS LTD",
200898,"ANDA",,"ALVOGEN MALTA",
200899,"ANDA",,"BIONPHARMA INC",
200900,"ANDA",,"BIONPHARMA INC",
200901,"ANDA",,"MYLAN LABS LTD",
200904,"ANDA",,"SANDOZ INC",
200908,"ANDA",,"PAR FORM",
200909,"ANDA",,"DR REDDYS LABS SA",
200910,"ANDA",,"MYLAN TECHNOLOGIES",
200913,"ANDA",,"MYLAN PHARMS INC",
200914,"ANDA",,"MYLAN LABS LTD",
200915,"ANDA",,"MYLAN LABS LTD",
200916,"ANDA",,"MYLAN LABS LTD",
200918,"ANDA",,"AKORN",
200920,"ANDA",,"ACTAVIS ELIZABETH",
200923,"ANDA",,"PERRIGO ISRAEL",
200925,"ANDA",,"AMRING PHARMS",
200926,"ANDA",,"SANDOZ INC",
200935,"ANDA",,"TOLMAR",
200936,"ANDA",,"TOLMAR",
200938,"ANDA",,"SAMSON MEDCL",
200958,"ANDA",,"AUSTARPHARMA LLC",
200961,"ANDA",,"NOVAST LABS",
200963,"ANDA",,"AMNEAL PHARMS",
200979,"ANDA",,"MYLAN LABS LTD",
200980,"ANDA",,"MYLAN LABS LTD",
200981,"ANDA",,"RUBICON RES PVT LTD",
200998,"ANDA",,"TARO",
201000,"ANDA",,"ACTAVIS MID ATLANTIC",
201001,"ANDA",,"DR REDDYS LABS LTD",
201002,"ANDA",,"SANDOZ",
201003,"ANDA",,"AJANTA PHARMA LTD",
201005,"ANDA",,"AKORN",
201006,"ANDA",,"BAUSCH AND LOMB",
201011,"ANDA",,"NOSTRUM LABS INC",
201013,"ANDA",,"AUROLIFE PHARMA LLC",
201014,"ANDA",,"MYLAN LABS LTD",
201022,"ANDA",,"MACLEODS PHARMS LTD",
201023,"NDA",,"SANOFI AVENTIS US",
201024,"ANDA",,"MYLAN LABS LTD",
201025,"ANDA",,"MYLAN LABS LTD",
201043,"ANDA",,"AUROBINDO PHARMA LTD",
201044,"ANDA",,"MYLAN LABS LTD",
201046,"ANDA",,"LUPIN LTD",
201047,"ANDA",,"SANDOZ INC",
201048,"ANDA",,"SANDOZ INC",
201049,"ANDA",,"SANDOZ",
201050,"ANDA",,"WEST-WARD PHARMS INT",
201066,"ANDA",,"MYLAN PHARMS INC",
201067,"ANDA",,"MYLAN PHARMS INC",
201071,"ANDA",,"MYLAN",
201072,"ANDA",,"FRESENIUS KABI USA",
201087,"ANDA",,"PAR PHARM",
201088,"ANDA",,"LABS LEON FARMA",
201089,"ANDA",,"ACTAVIS LABS FL INC",
201090,"ANDA",,"AUROBINDO PHARMA LTD",
201091,"ANDA",,"AUROBINDO PHARMA LTD",
201094,"ANDA",,"SAGENT PHARMS",
201095,"ANDA",,"AMNEAL PHARMS",
201106,"ANDA",,"TARO",
201107,"ANDA",,"HETERO LABS LTD III",
201108,"ANDA",,"AMNEAL PHARMS",
201109,"ANDA",,"LUPIN LTD",
201126,"ANDA",,"LUITPOLD",
201146,"ANDA",,"MACLEODS PHARMS LTD",
201150,"ANDA",,"MYLAN PHARMS INC",
201151,"NDA",,"CIPLA LIMITED",
201152,"NDA",,"BOEHRINGER INGELHEIM",
201153,"NDA",,"GRACEWAY",
201155,"ANDA",,"MYLAN LABS LTD",
201157,"ANDA",,"PHARM ASSOC",
201166,"ANDA",,"HONG KONG",
201168,"ANDA",,"ALEMBIC PHARMS LTD",
201170,"ANDA",,"CADISTA PHARMS",
201171,"ANDA",,"MYLAN PHARMA",
201172,"ANDA",,"WEST-WARD PHARMS INT",
201187,"ANDA",,"EPIC PHARMA LLC",
201189,"ANDA",,"PADDOCK LLC",
201190,"ANDA",,"SUN PHARMA GLOBAL",
201191,"ANDA",,"DR REDDYS LABS LTD",
201192,"ANDA",,"TORRENT PHARMS LTD",
201193,"ANDA",,"WEST-WARD PHARMS INT",
201194,"NDA",,"VISTAPHARM",
201195,"NDA",,"ACCORD HLTHCARE",
201209,"ANDA",,"THEPHARMANETWORK LLC",
201211,"ANDA",,"COASTAL PHARMS",
201212,"ANDA",,"AVANTHI INC",
201231,"ANDA",,"SUN PHARM INDUSTRIES",
201250,"ANDA",,"TEVA PHARMS USA",
201251,"ANDA",,"TEVA PHARMS USA",
201270,"ANDA",,"LARKEN LABS INC",
201273,"ANDA",,"SUN PHARMA GLOBAL",
201275,"ANDA",,"MYLAN PHARMS INC",
201276,"ANDA",,"MYLAN INSTITUTIONAL",
201277,"NDA",,"BAYER HLTHCARE",
201278,"ANDA",,"RHODES PHARMS",
201280,"NDA",,"BOEHRINGER INGELHEIM",
201281,"NDA",,"BOEHRINGER INGELHEIM",
201291,"ANDA",,"PADDOCK LLC",
201292,"NDA",,"BOEHRINGER INGELHEIM",
201293,"ANDA",,"AJANTA PHARMA",
201294,"ANDA",,"APOTEX CORP",
201311,"ANDA",,"ACTAVIS MID ATLANTIC",
201331,"ANDA",,"WOCKHARDT LTD",
201333,"ANDA",,"MYLAN",
201335,"ANDA",,"ACCORD HLTHCARE",
201336,"ANDA",,"HERITAGE PHARMS INC",
201355,"ANDA",,"NOSTRUM LABS INC",
201356,"ANDA",,"INVAGEN PHARMS",
201361,"ANDA",,"PERRIGO R AND D",
201365,"ANDA",,"SAGENT PHARMS",
201367,"NDA",,"EISAI INC",
201370,"NDA",,"PFIZER",
201373,"NDA",,"SANOFI AVENTIS US",
201374,"ANDA",,"ANCHEN PHARMS",
201379,"ANDA",,"SAGENT PHARMS",
201380,"ANDA",,"MACLEODS PHARMS LTD",
201382,"ANDA",,"TEVA PHARMS USA",
201384,"ANDA",,"SUN PHARMA GLOBAL",
201402,"ANDA",,"PERRIGO ISRAEL",
201404,"ANDA",,"ISTITUTO BIO ITA SPA",
201406,"ANDA",,"ANTIBIOTICE",
201407,"ANDA",,"LANNETT CO INC",
201408,"ANDA",,"TWI PHARMS",
201422,"ANDA",,"AKORN INC",
201444,"NDA",,"HOPE PHARMS",
201445,"ANDA",,"CADILA PHARMS LTD",
201446,"ANDA",,"LUPIN LTD",
201447,"ANDA",,"ACTAVIS ELIZABETH",
201450,"ANDA",,"HETERO LABS LTD III",
201451,"ANDA",,"AMNEAL PHARMS",
201464,"ANDA",,"PHARMADAX INC",
201466,"ANDA",,"BRECKENRIDGE PHARM",
201467,"ANDA",,"MYLAN LABS",
201483,"ANDA",,"MYLAN LABS LTD",
201484,"ANDA",,"WATSON LABS INC",
201486,"ANDA",,"MYLAN PHARMS INC",
201503,"ANDA",,"APOTEX CORP",
201504,"ANDA",,"ALKEM LABS LTD",
201505,"ANDA",,"APOTEX INC",
201506,"ANDA",,"JUBILANT GENERICS",
201507,"ANDA",,"HERITAGE PHARMA",
201508,"ANDA",,"APOTEX INC",
201509,"ANDA",,"PAR FORM",
201510,"ANDA",,"LUPIN LTD",
201511,"ANDA",,"PAR FORM",
201512,"ANDA",,"LUPIN LTD",
201514,"ANDA",,"APOTEX INC",
201515,"ANDA",,"TORRENT PHARMS LTD",
201517,"NDA",,"LANNETT CO INC",
201518,"ANDA",,"RISING PHARMS",
201519,"ANDA",,"TORRENT PHARMS LTD",
201522,"ANDA",,"LANNETT CO INC",
201524,"ANDA",,"LUPIN LTD",
201525,"NDA",,"SANDOZ",
201528,"ANDA",,"ACCORD HLTHCARE",
201529,"ANDA",,"MYLAN LABS LTD",
201530,"ANDA",,"MYLAN LABS LTD",
201531,"ANDA",,"LUPIN LTD",
201532,"NDA",,"EISAI INC",
201533,"ANDA",,"DR REDDYS LABS LTD",
201536,"ANDA",,"APOTEX INC",
201537,"ANDA",,"DR REDDYS LABS LTD",
201538,"ANDA",,"AUROBINDO PHARMA LTD",
201539,"ANDA",,"AUROBINDO PHARMA LTD",
201546,"ANDA",,"TARO",
201566,"ANDA",,"SIGMAPHARM LABS LLC",
201567,"ANDA",,"ZYDUS PHARMS USA INC",
201570,"ANDA",,"APOTEX INC",
201573,"ANDA",,"ANCHEN PHARMS",
201574,"ANDA",,"PADDOCK LLC",
201576,"ANDA",,"DR REDDYS LABS LTD",
201577,"ANDA",,"DR REDDYS LABS LTD",
201578,"ANDA",,"DR REDDYS LABS LTD",
201580,"ANDA",,"X-GEN PHARMS INC",
201581,"ANDA",,"DR REDDYS LABS LTD",
201582,"ANDA",,"DR REDDYS LABS LTD",
201584,"ANDA",,"LUPIN LTD",
201585,"ANDA",,"LUPIN LTD",
201586,"ANDA",,"LUPIN LTD",
201587,"ANDA",,"GLENMARK PHARMS INC",
201588,"ANDA",,"SANDOZ INC",
201593,"ANDA",,"TORRENT PHARMS LTD",
201615,"ANDA",,"TOLMAR",
201616,"ANDA",,"CIPLA LIMITED",
201619,"ANDA",,"TORRENT PHARMS LTD",
201633,"ANDA",,"SUN PHARM INDS LTD",
201634,"ANDA",,"INDICUS PHARMA",
201635,"NDA",,"SUPERNUS PHARMS",
201653,"ANDA",,"SUN PHARM INDS LTD",
201654,"ANDA",,"HOSPIRA INC",
201655,"NDA",,"ENDO PHARMS",
201656,"NDA",,"AVADEL SPECLT",
201657,"NDA",,"HOSPIRA INC",
201658,"ANDA",,"AMNEAL PHARMS",
201661,"ANDA",,"LUPIN LTD",
201662,"ANDA",,"ALEMBIC PHARMS LTD",
201663,"ANDA",,"LUPIN LTD",
201674,"ANDA",,"LANNETT CO INC",
201675,"ANDA",,"MYLAN TECHNOLOGIES",
201676,"ANDA",,"ZYDUS PHARMS USA INC",
201677,"ANDA",,"LUPIN LTD",
201678,"ANDA",,"LUPIN LTD",
201679,"ANDA",,"AMNEAL PHARMS",
201680,"ANDA",,"AMNEAL PHARMS",
201682,"ANDA",,"IPCA LABS LTD",
201686,"ANDA",,"ZYDUS PHARMS USA INC",
201687,"ANDA",,"ANCHEN PHARMS",
201688,"NDA",,"NOVARTIS",
201689,"ANDA",,"MYLAN LABS LTD",
201692,"ANDA",,"SANDOZ INC",
201693,"ANDA",,"NOVEL LABS INC",
201695,"ANDA",,"NOVEL LABS INC",
201699,"NDA",,"CUBIST PHARMS LLC",
201720,"ANDA",,"SUN PHARM INDS LTD",
201722,"ANDA",,"SUN PHARM INDUSTRIES",
201724,"ANDA",,"ALEMBIC PHARMS LTD",
201739,"NDA",,"KALEO INC",
201741,"ANDA",,"LUITPOLD",
201742,"ANDA",,"SUN PHARMA GLOBAL",
201743,"NDA",,"SANDOZ",
201745,"ANDA",,"STRIDES PHARMA",
201746,"ANDA",,"X-GEN PHARMS INC",
201748,"ANDA",,"SUN PHARM INDS LTD",
201749,"ANDA",,"SUN PHARMA GLOBAL",
201750,"ANDA",,"HANSAMED INC",
201751,"ANDA",,"HANSAMED INC",
201759,"ANDA",,"IDENTI PHARMS INC",
201760,"ANDA",,"SUN PHARM INDS LTD",
201762,"ANDA",,"ACTAVIS GRP PTC",
201764,"ANDA",,"IDENTI PHARMS INC",
201779,"ANDA",,"GLENMARK GENERICS",
201781,"ANDA",,"PRINSTON INC",
201783,"ANDA",,"EMCURE PHARMS LTD",
201784,"ANDA",,"MYLAN LABS LTD",
201786,"ANDA",,"MYLAN",
201787,"ANDA",,"MACLEODS PHARMS LTD",
201790,"ANDA",,"MYLAN PHARMS INC",
201791,"ANDA",,"PAR PHARM",
201801,"ANDA",,"EMCURE PHARMS LTD",
201803,"NDA",,"PFIZER CONS HLTHCARE",
201804,"ANDA",,"INDICUS PHARMA",
201806,"ANDA",,"HETERO LABS UNIT III",
201807,"ANDA",,"HETERO LABS LTD III",
201808,"ANDA",,"WATSON LABS INC",
201811,"NDA",,"FRESENIUS KABI USA",
201820,"NDA",,"CHIESI USA INC",
201821,"ANDA",,"LYNE",
201823,"ANDA",,"WATSON LABS INC",
201824,"ANDA",,"MYLAN PHARMS INC",
201828,"ANDA",,"MYLAN LABS LTD",
201831,"ANDA",,"GLENMARK PHARMS LTD",
201832,"ANDA",,"SOFGEN PHARMS",
201833,"ANDA",,"WEST-WARD PHARMS INT",
201845,"ANDA",,"CADISTA PHARMS",
201846,"ANDA",,"APOTEX INC",
201849,"NDA",,"FRESENIUS KABI USA",
201850,"ANDA",,"WEST-WARD PHARMS INT",
201865,"ANDA",,"TARO PHARM",
201885,"ANDA",,"LUITPOLD",
201886,"ANDA",,"LUPIN LTD",
201887,"ANDA",,"LUPIN LTD",
201889,"ANDA",,"ALKEM LABS LTD",
201890,"ANDA",,"ANI PHARMS INC",
201893,"ANDA",,"AUROBINDO PHARMA LTD",
201894,"ANDA",,"APOTEX INC",
201896,"ANDA",,"MYLAN LABS LTD",
201897,"ANDA",,"MYLAN LABS LTD",
201899,"ANDA",,"ALKEM LABS LTD",
201914,"ANDA",,"GLENMARK PHARMS LTD",
201917,"NDA",,"VERTEX PHARMS",
201920,"ANDA",,"TEVA PHARMS USA",
201921,"ANDA",,"NATCO PHARMA LTD",
201922,"NDA",,"SUN PHARM INDS LTD",
201923,"NDA",,"ALIMERA SCIENCES INC",
201941,"ANDA",,"PADDOCK LLC",
201944,"ANDA",,"TRIS PHARMA INC",
201946,"ANDA",,"PAR PHARM",
201947,"ANDA",,"VISTAPHARM",
201950,"ANDA",,"APOTEX INC",
201951,"ANDA",,"ACTAVIS ELIZABETH",
201952,"ANDA",,"MICRO LABS LTD INDIA",
201961,"ANDA",,"LANNETT CO INC",
201962,"ANDA",,"APOTEX INC",
201963,"ANDA",,"ACTAVIS ELIZABETH",
201964,"ANDA",,"HERITAGE PHARMS INC",
201966,"ANDA",,"SANDOZ INC",
201967,"ANDA",,"GLENMARK GENERICS",
201970,"ANDA",,"ORCHID HLTHCARE",
201971,"ANDA",,"MYLAN PHARMS INC",
201972,"ANDA",,"AUROLIFE PHARMA LLC",
201973,"ANDA",,"IPCA LABS LTD",
201989,"ANDA",,"LUPIN LTD",
201991,"ANDA",,"INVENTIA HLTHCARE",
201993,"ANDA",,"MYLAN PHARMS INC",
201994,"ANDA",,"GLENMARK GENERICS",
201995,"ANDA",,"HI-TECH PHARMA CO",
201998,"ANDA",,"LANNETT CO INC",
201999,"ANDA",,"TEVA PHARMS USA INC",
202001,"ANDA",,"TORRENT PHARMS LTD",
202002,"ANDA",,"STRIDES PHARMA",
202007,"NDA",,"CIPLA LIMITED",
202008,"NDA",,"AVID RADIOPHARMS INC",
202010,"ANDA",,"ANCHEN PHARMS",
202012,"ANDA",,"MYLAN PHARMS INC",
202014,"ANDA",,"NOVAST LABS",
202015,"ANDA",,"NOVAST LABS",
202016,"ANDA",,"NOVAST LABS",
202017,"ANDA",,"DR REDDYS LABS LTD",
202019,"ANDA",,"MYLAN PHARMS INC",
202020,"NDA",,"HORIZON PHARMA",
202022,"NDA",,"JANSSEN PRODS",
202023,"ANDA",,"AMNEAL PHARMS NY",
202024,"ANDA",,"AMNEAL PHARMS",
202025,"ANDA",,"AMNEAL PHARMS",
202026,"ANDA",,"MYLAN PHARMS INC",
202027,"ANDA",,"APOTEX INC",
202030,"ANDA",,"AMRING PHARMS",
202031,"ANDA",,"LUITPOLD",
202032,"ANDA",,"AUROBINDO PHARMA LTD",
202033,"ANDA",,"MYLAN PHARMS INC",
202036,"ANDA",,"YAOPHARMA CO LTD",
202038,"ANDA",,"AUROBINDO PHARMA LTD",
202039,"ANDA",,"AUROLIFE PHARMA LLC",
202040,"ANDA",,"TEVA PHARMS USA",
202042,"ANDA",,"MICRO LABS LTD",
202044,"ANDA",,"NOVEL LABS INC",
202045,"ANDA",,"APOTEX INC",
202046,"ANDA",,"MICRO LABS LTD INDIA",
202047,"ANDA",,"ECI PHARMS LLC",
202048,"ANDA",,"LANNETT CO INC",
202050,"ANDA",,"AUROBINDO PHARMA LTD",
202051,"ANDA",,"SIGMAPHARM LABS LLC",
202052,"ANDA",,"ORCHID HLTHCARE",
202053,"ANDA",,"WATSON LABS INC",
202054,"ANDA",,"WATSON LABS INC",
202057,"NDA",,"AMARIN PHARMS",
202058,"ANDA",,"HEC PHARM",
202060,"ANDA",,"BRECKENRIDGE PHARM",
202061,"ANDA",,"EMCURE PHARMS LTD",
202063,"ANDA",,"EMCURE PHARMS LTD",
202065,"ANDA",,"SANDOZ INC",
202067,"NDA",,"LUNDBECK PHARMS LLC",
202068,"ANDA",,"RISING PHARMS",
202071,"ANDA",,"APNAR PHARMA LP",
202073,"ANDA",,"LUPIN PHARMS",
202074,"ANDA",,"TEVA PHARMS",
202075,"ANDA",,"ACI HEALTHCARE LTD",
202076,"ANDA",,"ALKEM LABS LTD",
202077,"ANDA",,"DR REDDYS LABS LTD",
202078,"ANDA",,"APOTEX INC",
202079,"ANDA",,"APOTEX INC",
202080,"NDA",,"EGALET US INC",
202083,"ANDA",,"HETERO LABS UNIT III",
202085,"ANDA",,"MYLAN LABS LTD",
202086,"ANDA",,"MYLAN LABS LTD",
202087,"ANDA",,"ORION CORP ORION",
202088,"NDA",,"CITIUS PHARMS",
202090,"ANDA",,"WEST-WARD PHARMS INT",
202091,"NDA",,"LUPIN LTD",
202093,"ANDA",,"ACTAVIS LABS FL INC",
202095,"ANDA",,"LOTUS PHARM CO LTD",
202096,"ANDA",,"AUROBINDO PHARMA LTD",
202097,"ANDA",,"3M DRUG DELIVERY",
202099,"ANDA",,"DR REDDYS LABS LTD",
202100,"NDA",,"NEXTWAVE PHARMS",
202101,"ANDA",,"ALEMBIC PHARMS LTD",
202102,"ANDA",,"ALEMBIC PHARMS LTD",
202103,"ANDA",,"APOTEX INC",
202104,"ANDA",,"UPSHER-SMITH LABS",
202106,"NDA",,"B BRAUN MEDICAL INC",
202107,"NDA",,"CORCEPT THERAP",
202111,"ANDA",,"HOSPIRA INC",
202112,"ANDA",,"INDOCO REMEDIES",
202114,"ANDA",,"CSPC OUYI PHARM CO",
202116,"ANDA",,"ALVOGEN MALTA",
202118,"ANDA",,"TEVA PHARMS USA",
202121,"ANDA",,"TEVA PHARMS",
202122,"ANDA",,"TEVA PHARMS USA",
202123,"NDA",,"GILEAD SCIENCES INC",
202124,"ANDA",,"RISING PHARMS",
202126,"ANDA",,"SUN PHARM INDS INC",
202127,"ANDA",,"LUPIN LTD",
202128,"ANDA",,"AMNEAL PHARMS",
202129,"NDA",,"ASTRAZENECA PHARMS",
202130,"ANDA",,"ALEMBIC PHARMS LTD",
202131,"ANDA",,"MYLAN LABS LTD",
202132,"ANDA",,"MYLAN LABS LTD",
202133,"NDA",,"ALVOGEN",
202136,"ANDA",,"MYLAN PHARMS INC",
202139,"ANDA",,"MYLAN PHARMS INC",
202143,"ANDA",,"LUITPOLD",
202144,"ANDA",,"ACTAVIS LABS FL INC",
202145,"ANDA",,"GLENMARK GENERICS",
202147,"ANDA",,"SANDOZ",
202148,"ANDA",,"MYLAN PHARMS INC",
202150,"ANDA",,"HERITAGE PHARMS INC",
202152,"ANDA",,"ACCORD HLTHCARE",
202153,"NDA",,"JUBILANT DRAXIMAGE",
202155,"NDA",,"BRISTOL MYERS SQUIBB",
202157,"NDA",,"HETERO LABS UNIT III",
202158,"NDA",,"NORTHSTAR MEDICAL",
202160,"ANDA",,"AUROLIFE PHARMA LLC",
202161,"ANDA",,"TARO PHARM",
202163,"ANDA",,"BRECKENRIDGE PHARM",
202164,"ANDA",,"MACLEODS PHARMS LTD",
202167,"ANDA",,"DEXCEL PHARMA",
202168,"ANDA",,"CADILA PHARMS LTD",
202170,"ANDA",,"TORRENT PHARMS LTD",
202171,"NDA",,"MATRIX LABS LTD",
202172,"NDA",,"WATSON LABS INC",
202176,"ANDA",,"WOCKHARDT USA",
202179,"ANDA",,"MYLAN PHARMS INC",
202180,"ANDA",,"TORRENT PHARMS LTD",
202182,"ANDA",,"HIKMA FARMACEUTICA",
202187,"ANDA",,"AUROBINDO PHARMA LTD",
202189,"ANDA",,"WOCKHARDT LTD",
202191,"ANDA",,"NOVEL LABS INC",
202192,"NDA",,"INCYTE CORP",
202194,"ANDA",,"DR REDDYS LABS LTD",
202197,"ANDA",,"MYLAN LABS LTD",
202198,"ANDA",,"MYLAN LABS LTD",
202200,"ANDA",,"ORCHID HLTHCARE",
202202,"ANDA",,"AMNEAL PHARMS",
202203,"ANDA",,"SUN PHARM INDS LTD",
202204,"ANDA",,"WEST-WARD PHARMS INT",
202206,"ANDA",,"ANCHEN PHARMS",
202207,"NDA",,"CARDINAL HEALTH 414",
202209,"ANDA",,"ALLERGAN SALES LLC",
202210,"ANDA",,"MACLEODS PHARMS LTD",
202211,"NDA",,"ALLERGAN SALES LLC",
202212,"NDA",,"CIPLA LIMITED",
202214,"ANDA",,"TRIS PHARMA INC",
202217,"ANDA",,"NOVEL LABS INC",
202219,"ANDA",,"MYLAN PHARMS INC",
202220,"ANDA",,"EPIC PHARMA LLC",
202221,"ANDA",,"HETERO LABS LTD III",
202223,"ANDA",,"AUROBINDO PHARMA LTD",
202226,"ANDA",,"LUPIN LTD",
202227,"ANDA",,"AMNEAL PHARMS",
202228,"ANDA",,"MYLAN PHARMS INC",
202229,"ANDA",,"GLENMARK GENERICS",
202230,"ANDA",,"MACLEODS PHARMS LTD",
202231,"NDA",,"FRESENIUS KABI USA",
202235,"ANDA",,"SAGENT PHARMS",
202236,"NDA",,"MYLAN SPECIALITY LP",
202238,"ANDA",,"IMPAX LABS INC",
202239,"ANDA",,"AUROBINDO PHARMA LTD",
202240,"ANDA",,"LUPIN LTD",
202242,"ANDA",,"MYLAN LABS LTD",
202244,"ANDA",,"APOTEX INC",
202245,"NDA",,"WEST-WARD PHARMS INT",
202246,"ANDA",,"RECKITT BENCKISER",
202247,"ANDA",,"MYLAN LABS LTD",
202248,"ANDA",,"ELITE LABS",
202250,"ANDA",,"WATSON LABS INC",
202252,"ANDA",,"APOTEX INC",
202253,"ANDA",,"FRESENIUS KABI USA",
202254,"ANDA",,"MACLEODS PHARMS LTD",
202255,"ANDA",,"MACLEODS PHARMA",
202258,"NDA",,"MERCK SHARP DOHME",
202259,"ANDA",,"LUITPOLD",
202260,"ANDA",,"AMNEAL PHARMS",
202261,"ANDA",,"AUROBINDO PHARMA LTD",
202266,"ANDA",,"WOCKHARDT LTD",
202268,"ANDA",,"HOSPIRA INC",
202269,"ANDA",,"NOVEL LABS INC",
202270,"NDA",,"MERCK SHARP DOHME",
202271,"ANDA",,"EMCURE PHARMS LTD",
202274,"ANDA",,"EMCURE PHARMS LTD",
202275,"ANDA",,"EMCURE PHARMS LTD",
202276,"NDA",,"METUCHEN PHARMS",
202277,"ANDA",,"IPCA LABS LTD",
202278,"NDA",,"TEVA BRANDED PHARM",
202279,"ANDA",,"JUBILANT GENERICS",
202280,"ANDA",,"JUBILANT GENERICS",
202284,"ANDA",,"ANI PHARMS INC",
202285,"ANDA",,"MYLAN PHARMS INC",
202286,"ANDA",,"APOTEX INC",
202287,"ANDA",,"ORCHID HLTHCARE",
202288,"ANDA",,"MYLAN PHARMS INC",
202289,"ANDA",,"MACLEODS PHARMS LTD",
202292,"NDA",,"NAPO PHARMS INC",
202293,"NDA",,"ASTRAZENECA AB",
202294,"ANDA",,"PAR PHARM INC",
202295,"ANDA",,"ALKEM LABS LTD",
202296,"ANDA",,"MYLAN LABS LTD",
202297,"ANDA",,"YUNG SHIN PHARM",
202298,"ANDA",,"MYLAN PHARMS INC",
202300,"ANDA",,"AMNEAL PHARMS",
202301,"ANDA",,"MICRO LABS LTD",
202304,"ANDA",,"PRINSTON INC",
202305,"ANDA",,"SANDOZ INC",
202306,"ANDA",,"INTELLIPHARMACEUTICS",
202308,"ANDA",,"SANDOZ INC",
202309,"ANDA",,"LANNETT CO INC",
202310,"ANDA",,"LANNETT CO INC",
202312,"ANDA",,"GRANULES INDIA LTD",
202313,"ANDA",,"EMCURE PHARMS LTD",
202315,"ANDA",,"HERITAGE PHARMS INC",
202317,"NDA",,"HELSINN",
202319,"ANDA",,"PERRIGO R AND D",
202321,"ANDA",,"SPECGX LLC",
202323,"ANDA",,"ACCORD HLTHCARE",
202324,"NDA",,"PF PRISM CV",
202327,"ANDA",,"WATSON LABS INC",
202328,"ANDA",,"AUROBINDO PHARMA LTD",
202330,"ANDA",,"STRIDES PHARMA",
202331,"NDA",,"ARBOR PHARMS LLC",
202332,"ANDA",,"ZYDUS PHARMS USA INC",
202333,"ANDA",,"EPIC PHARMA LLC",
202334,"ANDA",,"PERRIGO R AND D",
202336,"ANDA",,"INVENTIA HLTHCARE",
202337,"ANDA",,"MYLAN PHARMS INC",
202338,"ANDA",,"MYLAN PHARMS INC",
202342,"NDA",,"R2 PHARMA LLC",
202343,"NDA",,"MERCK SHARP DOHME",
202344,"NDA",,"MISSION PHARMA",
202346,"ANDA",,"MYLAN TECHNOLOGIES",
202348,"ANDA",,"SPECGX LLC",
202349,"ANDA",,"WATSON LABS INC",
202350,"ANDA",,"STRIDES PHARMA",
202351,"ANDA",,"ACCORD HLTHCARE",
202353,"ANDA",,"SANDOZ INC",
202354,"ANDA",,"HIKMA FARMACEUTICA",
202356,"NDA",,"PFIZER LABS",
202357,"ANDA",,"DR REDDYS LABS LTD",
202359,"ANDA",,"EMCURE PHARMS LTD",
202360,"ANDA",,"ZYDUS PHARMS USA INC",
202361,"ANDA",,"MYLAN PHARMS INC",
202362,"ANDA",,"MYLAN PHARMS INC",
202365,"ANDA",,"WATSON LABS INC",
202366,"ANDA",,"ZYDUS HLTHCARE",
202368,"ANDA",,"TARO",
202373,"ANDA",,"AKORN",
202374,"ANDA",,"AKORN",
202375,"ANDA",,"TORRENT PHARMS LTD",
202376,"ANDA",,"TORRENT PHARMS LTD",
202377,"ANDA",,"TORRENT PHARMS LTD",
202379,"NDA",,"JANSSEN BIOTECH",
202380,"ANDA",,"OC PHARMA",
202381,"NDA",,"MYLAN LABS",
202383,"ANDA",,"DR REDDYS LABS LTD",
202384,"ANDA",,"LUPIN LTD",
202385,"ANDA",,"AMNEAL PHARMS",
202386,"ANDA",,"LANNETT CO INC",
202387,"ANDA",,"SANDOZ INC",
202388,"ANDA",,"SANDOZ INC",
202389,"ANDA",,"ACCORD HLTHCARE",
202390,"ANDA",,"ACCORD HLTHCARE",
202392,"ANDA",,"ACCORD HLTHCARE",
202393,"ANDA",,"TWI PHARMS",
202394,"ANDA",,"MYLAN PHARMS INC",
202395,"ANDA",,"MYLAN PHARMS INC",
202397,"ANDA",,"MYLAN PHARMS INC",
202402,"ANDA",,"EXELA PHARMA SCIENCE",
202409,"ANDA",,"AUROBINDO PHARMA LTD",
202410,"ANDA",,"HISUN PHARM HANGZHOU",
202411,"ANDA",,"HOSPIRA INC",
202413,"ANDA",,"AIPING PHARM INC",
202414,"ANDA",,"MACLEODS PHARMS LTD",
202415,"ANDA",,"ACTAVIS ELIZABETH",
202418,"ANDA",,"AUROBINDO PHARMA LTD",
202419,"ANDA",,"AUROBINDO PHARMA LTD",
202420,"ANDA",,"INVAGEN PHARMS",
202421,"ANDA",,"VINTAGE PHARMS LLC",
202423,"ANDA",,"SUN PHARMA GLOBAL",
202424,"ANDA",,"AUROLIFE PHARMA LLC",
202425,"ANDA",,"APOTEX INC",
202426,"ANDA",,"APOTEX INC",
202428,"NDA",,"MAYNE PHARMA",
202429,"NDA",,"HOFFMANN LA ROCHE",
202431,"ANDA",,"MYLAN PHARMS INC",
202433,"ANDA",,"AUROBINDO PHARMA LTD",
202435,"ANDA",,"APOTEX INC",
202436,"ANDA",,"ACIC PHARMS",
202437,"ANDA",,"CADILA PHARMS LTD",
202438,"ANDA",,"HETERO LABS LTD V",
202439,"NDA",,"JANSSEN PHARMS",
202440,"ANDA",,"PERRIGO ISRAEL",
202442,"ANDA",,"FDC LTD",
202445,"ANDA",,"AUROBINDO PHARMA LTD",
202446,"ANDA",,"ACCORD HLTHCARE",
202450,"NDA",,"ASTRAZENECA PHARMS",
202456,"ANDA",,"ZYDUS PHARMS USA INC",
202458,"ANDA",,"MYLAN PHARMS INC",
202459,"ANDA",,"MYLAN PHARMS INC",
202461,"ANDA",,"DR REDDYS LABS LTD",
202462,"ANDA",,"SAGENT PHARMS",
202463,"ANDA",,"ACTAVIS ELIZABETH",
202464,"ANDA",,"EMCURE PHARMS LTD",
202467,"ANDA",,"MACLEODS PHARMS LTD",
202468,"ANDA",,"AUROBINDO PHARMA LTD",
202470,"ANDA",,"TERESINA HOLDINGS LLC",
202471,"ANDA",,"MYLAN INSTITUTIONAL",
202472,"ANDA",,"ACTAVIS INC",
202473,"ANDA",,"MYLAN PHARMS INC",
202476,"ANDA",,"APOTEX INC",
202477,"ANDA",,"APOTEX INC",
202482,"ANDA",,"SIGMAPHARM LABS LLC",
202485,"ANDA",,"JIANGSU HANSOH PHARM",
202487,"ANDA",,"TEVA PHARMS USA",
202489,"ANDA",,"UNIQUE PHARM LABS",
202490,"ANDA",,"AUROBINDO PHARMA LTD",
202491,"ANDA",,"TEVA PHARMS USA",
202493,"ANDA",,"MYLAN INSTITUTIONAL",
202494,"ANDA",,"HOSPIRA INC",
202495,"ANDA",,"HOSPIRA INC",
202496,"ANDA",,"RITEDOSE CORP",
202497,"NDA",,"TALON THERAP",
202498,"ANDA",,"WOCKHARDT LTD",
202501,"ANDA",,"EMCURE PHARMS LTD",
202503,"ANDA",,"WATSON LABS INC",
202506,"ANDA",,"WATSON LABS",
202507,"ANDA",,"LABS LEON FARMA",
202508,"ANDA",,"NOVEL LABS INC",
202509,"ANDA",,"ANCHEN PHARMS",
202510,"ANDA",,"PAR PHARM",
202511,"ANDA",,"NOVEL LABS INC",
202513,"NDA",,"ALLERGAN SALES LLC",
202514,"NDA",,"OAK PHARMS INC",
202515,"NDA",,"HOSPIRA INC",
202516,"ANDA",,"MYLAN PHARMS INC",
202517,"ANDA",,"TORRENT PHARMS LTD",
202519,"ANDA",,"AUROBINDO PHARMA LTD",
202521,"ANDA",,"SANDOZ INC",
202523,"ANDA",,"MYLAN PHARMS INC",
202524,"ANDA",,"ROUSES POINT PHARMS",
202525,"ANDA",,"WATSON LABS INC",
202526,"ANDA",,"WATSON LABS INC",
202529,"NDA",,"RANBAXY LABS LTD",
202530,"ANDA",,"RISING PHARMS",
202532,"ANDA",,"LUPIN LTD",
202533,"ANDA",,"PRINSTON INC",
202535,"NDA",,"FERRING PHARMS INC",
202537,"ANDA",,"VISTAPHARM",
202539,"ANDA",,"BIONPHARMA INC",
202540,"ANDA",,"PAR PHARM",
202542,"ANDA",,"PAR PHARM",
202543,"NDA",,"HQ SPECIALITY PHARMA",
202545,"ANDA",,"SIGMAPHARM LABS LLC",
202546,"ANDA",,"SANDOZ INC",
202548,"ANDA",,"AKORN INC",
202551,"ANDA",,"WATSON LABS INC",
202552,"ANDA",,"IMPAX LABS INC",
202553,"ANDA",,"ACCORD HLTHCARE",
202554,"ANDA",,"ACCORD HLTHCARE",
202556,"ANDA",,"ACCORD HLTHCARE",
202557,"ANDA",,"ACCORD HLTHCARE",
202560,"ANDA",,"GLENMARK GENERICS",
202561,"ANDA",,"LUITPOLD",
202562,"ANDA",,"LUITPOLD",
202563,"ANDA",,"HOSPIRA INC",
202564,"ANDA",,"ACTAVIS MID ATLANTIC",
202565,"ANDA",,"SANDOZ INC",
202566,"ANDA",,"AUROBINDO PHARMA LTD",
202567,"ANDA",,"MYLAN PHARMS INC",
202568,"ANDA",,"SANDOZ INC",
202570,"NDA",,"PF PRISM CV",
202571,"ANDA",,"BRECKENRIDGE PHARM",
202572,"ANDA",,"WATSON LABS INC",
202573,"ANDA",,"WEST-WARD PHARMS INT",
202577,"ANDA",,"MYLAN PHARMS INC",
202578,"ANDA",,"MYLAN PHARMS INC",
202579,"ANDA",,"MYLAN PHARMS INC",
202580,"ANDA",,"MYLAN PHARMS INC",
202581,"ANDA",,"MYLAN PHARMS INC",
202583,"ANDA",,"RISING PHARMS",
202585,"ANDA",,"AKORN INC",
202588,"ANDA",,"SANDOZ INC",
202589,"NDA",,"MACLEODS PHARMS LTD",
202590,"ANDA",,"EMCURE PHARMS LTD",
202592,"ANDA",,"TARO PHARM INDS LTD",
202593,"ANDA",,"ACCORD HLTHCARE",
202594,"ANDA",,"MYLAN LABS LTD",
202595,"ANDA",,"NATCO PHARMA LTD",
202597,"ANDA",,"DR REDDYS LABS LTD",
202598,"ANDA",,"DR REDDYS LABS LTD",
202599,"ANDA",,"AUROBINDO PHARMA LTD",
202600,"ANDA",,"AUROBINDO PHARMA LTD",
202601,"ANDA",,"ZYDUS PHARMS USA INC",
202603,"ANDA",,"ACTAVIS INC",
202605,"ANDA",,"CUSTOPHARM INC",
202608,"ANDA",,"SPECGX LLC",
202609,"ANDA",,"UPSHER-SMITH LABS",
202610,"ANDA",,"THEPHARMANETWORK LLC",
202611,"NDA",,"APGDI",
202620,"ANDA",,"APOTEX INC",
202624,"ANDA",,"LUITPOLD",
202626,"ANDA",,"MYLAN INSTITUTIONAL",
202631,"ANDA",,"MACLEODS PHARMS LTD",
202632,"ANDA",,"AUROBINDO PHARMA LTD",
202633,"ANDA",,"AUROBINDO PHARMA LTD",
202635,"ANDA",,"SUN PHARM INDS LTD",
202637,"ANDA",,"SUN PHARM INDS LTD",
202640,"ANDA",,"MYLAN PHARMS INC",
202641,"ANDA",,"MYLAN PHARMS INC",
202644,"ANDA",,"HERITAGE PHARMA",
202645,"ANDA",,"ACTAVIS LABS FL INC",
202650,"ANDA",,"MYLAN LABS LTD",
202651,"ANDA",,"HIKMA FARMACEUTICA",
202652,"ANDA",,"WEST-WARD PHARMS INT",
202653,"ANDA",,"LUPIN LTD",
202656,"ANDA",,"MYLAN PHARMS INC",
202657,"ANDA",,"MYLAN PHARMS INC",
202659,"ANDA",,"HETERO LABS LTD V",
202660,"ANDA",,"AUROLIFE PHARMA LLC",
202662,"ANDA",,"EPIC PHARMA LLC",
202667,"NDA",,"OAK PHARMS INC",
202668,"ANDA",,"MYLAN LABS LTD",
202669,"ANDA",,"MYLAN LABS LTD",
202671,"ANDA",,"MYLAN LABS LTD",
202673,"ANDA",,"TARO PHARM INDS LTD",
202674,"ANDA",,"UNICHEM LABS LTD",
202675,"ANDA",,"AUROLIFE PHARMA LLC",
202676,"ANDA",,"MYLAN PHARMS INC",
202677,"ANDA",,"ALVOGEN MALTA",
202679,"ANDA",,"HOSPIRA INC",
202682,"ANDA",,"HETERO USA INC",
202683,"ANDA",,"ORCHID HLTHCARE",
202684,"ANDA",,"LOTUS PHARM CO LTD",
202685,"NDA",,"STRIDES ARCOLAB LTD",
202686,"ANDA",,"MYLAN LABS LTD",
202687,"ANDA",,"STRIDES PHARMA",
202688,"ANDA",,"WATSON LABS INC",
202689,"ANDA",,"LABS LEON FARMA",
202691,"ANDA",,"HIKMA FARMACEUTICA",
202692,"ANDA",,"ALTAIRE PHARMS INC",
202693,"ANDA",,"EMCURE PHARMS LTD",
202696,"ANDA",,"MACLEODS PHARMS LTD",
202700,"ANDA",,"ALEMBIC PHARMS LTD",
202702,"ANDA",,"STRIDES PHARMA",
202705,"ANDA",,"AKORN",
202706,"ANDA",,"JUBILANT GENERICS",
202710,"ANDA",,"ALLIED PHARMA INC",
202713,"ANDA",,"ALEMBIC PHARMS LTD",
202714,"NDA",,"ONYX THERAP",
202716,"ANDA",,"JIANGSU HENGRUI MED",
202717,"ANDA",,"ACCORD HLTHCARE",
202718,"ANDA",,"TEVA PHARMS USA",
202719,"ANDA",,"SANDOZ INC",
202720,"ANDA",,"TEVA PHARMS USA",
202723,"ANDA",,"DR REDDYS LABS LTD",
202725,"ANDA",,"AUROBINDO PHARMA LTD",
202726,"ANDA",,"AUROBINDO PHARMA LTD",
202727,"ANDA",,"WOCKHARDT LTD",
202728,"ANDA",,"TORRENT PHARMS LTD",
202731,"ANDA",,"TEVA PHARMS USA",
202732,"ANDA",,"SHENZHEN TECHDOW",
202733,"ANDA",,"SHENZHEN TECHDOW",
202736,"NDA",,"ARBOR PHARMS LLC",
202738,"ANDA",,"MYLAN PHARMS INC",
202739,"ANDA",,"MYLAN LABS LTD",
202740,"ANDA",,"MYLAN LABS LTD",
202741,"ANDA",,"MYLAN LABS LTD",
202742,"ANDA",,"MYLAN LABS LTD",
202743,"ANDA",,"PERRIGO ISRAEL",
202745,"ANDA",,"MICRO LABS LTD INDIA",
202746,"ANDA",,"SUN PHARMA GLOBAL",
202747,"ANDA",,"BAXTER HLTHCARE CORP",
202754,"ANDA",,"MACLEODS PHARMS LTD",
202755,"ANDA",,"VIRTUS PHARMS",
202758,"ANDA",,"AUROBINDO PHARMA LTD",
202759,"ANDA",,"AUROBINDO PHARMA LTD",
202761,"ANDA",,"ZYDUS PHARMS USA INC",
202763,"NDA",,"ANI PHARMS INC",
202764,"ANDA",,"INVAGEN PHARMS",
202765,"ANDA",,"CSPC NBP PHARM CO",
202766,"ANDA",,"XELLIA PHARMS APS",
202768,"ANDA",,"NATCO PHARMA LTD",
202769,"ANDA",,"TELIGENT PHARMA INC",
202770,"ANDA",,"MYLAN LABS LTD",
202771,"ANDA",,"MYLAN LABS LTD",
202772,"ANDA",,"MYLAN LABS LTD",
202773,"ANDA",,"AVANTHI INC",
202774,"ANDA",,"JUBILANT GENERICS",
202775,"ANDA",,"JUBILANT GENERICS",
202776,"ANDA",,"MYLAN PHARMS INC",
202778,"ANDA",,"MYLAN PHARMS INC",
202782,"ANDA",,"LUPIN LTD",
202784,"ANDA",,"HETERO LABS LTD III",
202786,"ANDA",,"ALEMBIC PHARMS LTD",
202788,"NDA",,"INSYS DEV CO INC",
202789,"ANDA",,"LABS LEON FARMA",
202790,"ANDA",,"MACLEODS PHARMS LTD",
202791,"ANDA",,"GLENMARK GENERICS",
202792,"ANDA",,"ACTAVIS ELIZABETH",
202793,"ANDA",,"NOVEL LABS INC",
202795,"ANDA",,"AKORN INC",
202799,"NDA",,"TAKEDA PHARMS USA",
202800,"ANDA",,"AUROLIFE PHARMA LLC",
202801,"ANDA",,"HETERO LABS LTD V",
202802,"ANDA",,"ACTAVIS ELIZABETH",
202806,"NDA",,"NOVARTIS PHARMS CORP",
202808,"ANDA",,"ACTAVIS LABS FL INC",
202810,"NDA",,"SUPERNUS PHARMS",
202811,"NDA",,"ALLERGAN SALES LLC",
202813,"NDA",,"TEVA BRANDED PHARM",
202814,"NDA",,"CIPLA LIMITED",
202819,"ANDA",,"SIGMAPHARM LABS LLC",
202821,"ANDA",,"AUROBINDO PHARMA LTD",
202824,"ANDA",,"ACCORD HLTHCARE",
202825,"ANDA",,"ACCORD HLTHCARE",
202827,"ANDA",,"ROXANE",
202828,"ANDA",,"INFORLIFE",
202829,"ANDA",,"NOVEL LABS INC",
202830,"ANDA",,"AMNEAL PHARMS",
202832,"NDA",,"MEDEFIL INC",
202833,"NDA",,"LEO LABS",
202834,"NDA",,"EISAI INC",
202835,"ANDA",,"MYLAN PHARMS INC",
202836,"ANDA",,"SANDOZ INC",
202837,"ANDA",,"HOSPIRA INC",
202838,"ANDA",,"GLENMARK GENERICS",
202840,"ANDA",,"MACLEODS PHARMS LTD",
202842,"ANDA",,"PAR PHARM INC",
202843,"ANDA",,"HETERO LABS LTD V",
202845,"ANDA",,"HERITAGE PHARMA",
202846,"ANDA",,"INVAGEN PHARMS",
202847,"ANDA",,"PERRIGO ISRAEL",
202848,"ANDA",,"PERRIGO ISRAEL",
202849,"ANDA",,"PERRIGO ISRAEL",
202850,"ANDA",,"ANI PHARMS INC",
202852,"ANDA",,"WATSON LABS INC",
202853,"ANDA",,"PERRIGO ISRAEL",
202856,"ANDA",,"MYLAN PHARMS INC",
202857,"ANDA",,"HOSPIRA INC",
202858,"ANDA",,"INVAGEN PHARMS",
202859,"ANDA",,"UNIMARK REMEDIES LTD",
202862,"ANDA",,"MACLEODS PHARMS LTD",
202864,"ANDA",,"HOSPIRA INC",
202865,"ANDA",,"HOSPIRA INC",
202867,"ANDA",,"LUPIN LTD",
202868,"ANDA",,"GLENMARK PHARMS LTD",
202869,"ANDA",,"HOSPIRA INC",
202870,"ANDA",,"ALEMBIC PHARMS LTD",
202871,"ANDA",,"ALEMBIC PHARMS LTD",
202872,"NDA",,"BAUSCH AND LOMB INC",
202873,"ANDA",,"ACCORD HLTHCARE",
202875,"ANDA",,"MYLAN LABS LTD",
202880,"NDA",,"PERNIX IRELAND PAIN",
202881,"ANDA",,"MYLAN INSTITUTIONAL",
202882,"ANDA",,"HETERO LABS LTD V",
202884,"ANDA",,"APOTEX INC",
202885,"ANDA",,"HERITAGE PHARMS INC",
202886,"ANDA",,"ANCHEN PHARMS",
202887,"ANDA",,"HANDA PHARMS LLC",
202890,"ANDA",,"ZYDUS PHARMS USA INC",
202892,"ANDA",,"OXFORD PHARMS",
202893,"ANDA",,"AUROLIFE PHARMA LLC",
202894,"ANDA",,"GLENMARK PHARMS",
202895,"NDA",,"JANSSEN PRODS",
202897,"ANDA",,"TEVA PHARMS USA",
202902,"ANDA",,"ZYDUS PHARMS USA INC",
202906,"ANDA",,"DR REDDYS LABS LTD",
202910,"ANDA",,"HETERO LABS LTD V",
202912,"ANDA",,"LUPIN LTD",
202915,"ANDA",,"APOTEX INC",
202916,"ANDA",,"AKORN",
202917,"ANDA",,"SUN PHARMA GLOBAL",
202922,"ANDA",,"SUN PHARMA GLOBAL",
202923,"ANDA",,"USV NORTH AMERICA",
202925,"ANDA",,"ACCORD HLTHCARE",
202928,"ANDA",,"MACLEODS PHARMS LTD",
202929,"ANDA",,"MACLEODS PHARMS LTD",
202930,"ANDA",,"GLAND PHARMA LTD",
202931,"ANDA",,"MYLAN PHARMS INC",
202933,"ANDA",,"TORRENT PHARMS LTD",
202935,"ANDA",,"PAR PHARM",
202936,"ANDA",,"TARO PHARM",
202937,"ANDA",,"ORCHID HLTHCARE",
202938,"ANDA",,"NAVINTA LLC",
202939,"ANDA",,"INTELLIPHARMACEUTICS",
202940,"ANDA",,"VINTAGE PHARMS",
202941,"ANDA",,"APOTEX INC",
202942,"ANDA",,"INVAGEN PHARMS",
202946,"ANDA",,"SPECGX LLC",
202947,"ANDA",,"MYLAN PHARMS INC",
202949,"ANDA",,"ALEMBIC PHARMS LTD",
202956,"ANDA",,"JUBILANT GENERICS",
202957,"ANDA",,"SHENZHEN TECHDOW",
202958,"ANDA",,"APOTEX INC",
202960,"ANDA",,"AMNEAL PHARMS",
202961,"ANDA",,"AMNEAL PHARMS",
202964,"ANDA",,"PAR FORM",
202965,"ANDA",,"DR REDDYS LABS LTD",
202968,"ANDA",,"WATSON LABS INC",
202969,"ANDA",,"SANDOZ INC",
202971,"NDA",,"OTSUKA PHARM CO LTD",
202975,"ANDA",,"ACTAVIS LABS FL INC",
202978,"ANDA",,"DR REDDYS LABS LTD",
202981,"ANDA",,"HOSPIRA INC",
202983,"ANDA",,"ANCHEN PHARMS",
202984,"ANDA",,"ANCHEN PHARMS",
202987,"ANDA",,"NOVAST LABS",
202990,"ANDA",,"PAR FORMULATIONS PRIVATE LTD",
202991,"ANDA",,"RHODES PHARMS",
202992,"NDA",,"SANOFI AVENTIS US",
202993,"ANDA",,"PAR PHARM INC",
202994,"ANDA",,"NOVAST LABS",
202995,"ANDA",,"NOVAST LABS",
202996,"ANDA",,"NOVAST LABS",
202997,"ANDA",,"DR REDDYS LABS LTD",
202998,"ANDA",,"APOTEX INC",
202999,"ANDA",,"TEVA PHARMS USA",
203002,"ANDA",,"LUPIN LTD",
203005,"ANDA",,"ALKEM LABS LTD",
203006,"ANDA",,"MYLAN LABS LTD",
203007,"ANDA",,"NATCO PHARMA LTD",
203010,"ANDA",,"ALEMBIC PHARMS LTD",
203012,"ANDA",,"ALEMBIC PHARMS LTD",
203016,"ANDA",,"TORRENT PHARMS LTD",
203018,"ANDA",,"SCIEGEN PHARMS INC",
203020,"ANDA",,"UNICHEM LABS LTD",
203021,"ANDA",,"APOTEX INC",
203022,"ANDA",,"APOTEX INC",
203023,"ANDA",,"SUN PHARM INDS LTD",
203024,"ANDA",,"PERRIGO R AND D",
203026,"ANDA",,"APOTEX INC",
203027,"ANDA",,"APOTEX INC",
203030,"ANDA",,"UNICHEM LABS LTD",
203032,"ANDA",,"ORCHID HLTHCARE",
203034,"ANDA",,"HETERO LABS LTD V",
203036,"ANDA",,"ATLAS PHARMS LLC",
203037,"ANDA",,"UNIMARK REMEDIES LTD",
203038,"ANDA",,"GLENMARK GENERICS",
203039,"ANDA",,"TEVA PHARMS USA",
203040,"ANDA",,"AUROBINDO PHARMA LTD",
203041,"ANDA",,"AUROBINDO PHARMA LTD",
203042,"ANDA",,"MYLAN PHARMS INC",
203044,"ANDA",,"MACLEODS PHARMS LTD",
203045,"NDA",,"MERCK SHARP DOHME",
203046,"ANDA",,"LANNETT CO INC",
203047,"ANDA",,"HETERO LABS LTD V",
203048,"ANDA",,"AKORN INC",
203049,"NDA",,"HIKMA PHARM CO LTD",
203050,"NDA",,"DR REDDYS LABS LTD",
203052,"ANDA",,"HETERO LABS LTD III",
203053,"ANDA",,"HETERO LABS LTD V",
203056,"ANDA",,"SANDOZ INC",
203058,"ANDA",,"AKORN INC",
203059,"ANDA",,"SUN PHARMA GLOBAL",
203062,"ANDA",,"AUROBINDO PHARMA LTD",
203063,"ANDA",,"MYLAN PHARMS INC",
203067,"ANDA",,"ORIT LABS LLC",
203068,"ANDA",,"AUROLIFE PHARMA LLC",
203071,"ANDA",,"PRINSTON INC",
203072,"ANDA",,"PRINSTON INC",
203076,"NDA",,"CIPLA LTD",
203080,"ANDA",,"MICRO LABS LTD",
203081,"ANDA",,"AUROBINDO PHARMA LTD",
203082,"ANDA",,"AUROBINDO PHARMA LTD",
203085,"NDA",,"BAYER HLTHCARE",
203088,"ANDA",,"BRECKENRIDGE PHARM",
203093,"NDA",,"GILEAD SCIENCES INC",
203094,"NDA",,"GILEAD SCIENCES INC",
203098,"NDA",,"PERRIGO ISRAEL",
203100,"NDA",,"GILEAD SCIENCES INC",
203102,"ANDA",,"PADDOCK LLC",
203104,"ANDA",,"TWI PHARMS",
203106,"ANDA",,"UPSHER-SMITH LABS",
203107,"ANDA",,"MAYNE PHARMA INC",
203108,"NDA",,"BOEHRINGER INGELHEIM",
203109,"NDA",,"PFIZER",
203110,"ANDA",,"X-GEN PHARMS INC",
203112,"ANDA",,"LUPIN LTD",
203113,"ANDA",,"LUPIN LTD",
203114,"ANDA",,"OSMOTICA PHARM US",
203118,"ANDA",,"AMNEAL PHARMS",
203122,"ANDA",,"MYLAN PHARMS INC",
203126,"ANDA",,"TWI PHARMS",
203129,"ANDA",,"FRESENIUS KABI USA",
203131,"ANDA",,"DR REDDYS LABS LTD",
203132,"ANDA",,"HOSPIRA INC",
203133,"ANDA",,"AMNEAL PHARMS LLC",
203135,"ANDA",,"INVAGEN PHARMS",
203136,"ANDA",,"AMNEAL PHARMS",
203137,"NDA",,"GE HEALTHCARE",
203139,"ANDA",,"TWI PHARMS",
203145,"ANDA",,"MACLEODS PHARMS LTD",
203146,"ANDA",,"MACLEODS PHARMS LTD",
203147,"ANDA",,"MACLEODS PHARMS LTD",
203148,"ANDA",,"MACLEODS PHARMS LTD",
203150,"ANDA",,"JUBILANT GENERICS",
203152,"ANDA",,"USV NORTH AMERICA",
203154,"ANDA",,"ACCORD HLTHCARE",
203155,"NDA",,"MCPRF",
203159,"NDA",,"BAYER HLTHCARE",
203161,"ANDA",,"NEOPHARMA",
203163,"ANDA",,"GLENMARK GENERICS",
203164,"ANDA",,"GLENMARK PHARMS LTD",
203167,"ANDA",,"X-GEN PHARMS INC",
203168,"NDA",,"BAUSCH AND LOMB",
203170,"ANDA",,"JIANGSU HENGRUI MED",
203171,"ANDA",,"TORRENT PHARMS LTD",
203172,"ANDA",,"SANDOZ INC",
203173,"ANDA",,"AKORN INC",
203174,"ANDA",,"BIONPHARMA INC",
203175,"ANDA",,"AUROBINDO PHARMA LTD",
203176,"ANDA",,"TECH ORGANIZED",
203177,"ANDA",,"XELLIA PHARMS APS",
203179,"ANDA",,"NOSTRUM LABS INC",
203182,"ANDA",,"FRESENIUS KABI USA",
203183,"ANDA",,"FRESENIUS KABI USA",
203184,"ANDA",,"IMPAX LABS INC",
203186,"ANDA",,"MYLAN PHARMS INC",
203187,"ANDA",,"MYLAN PHARMS INC",
203188,"NDA",,"VERTEX PHARMS",
203189,"ANDA",,"HI-TECH PHARMA CO",
203190,"ANDA",,"HI-TECH PHARMACAL",
203191,"ANDA",,"LANNETT CO INC",
203192,"ANDA",,"UNICHEM LABS LTD",
203195,"NDA",,"LUPIN LTD",
203197,"ANDA",,"ALKEM LABS LTD",
203198,"ANDA",,"SHENZHEN TECHDOW",
203200,"ANDA",,"PERRIGO R AND D",
203202,"NDA",,"LUNDBECK NA LTD",
203203,"ANDA",,"LABS LICONSA",
203208,"ANDA",,"WEST-WARD PHARMS INT",
203212,"ANDA",,"COLGATE-PALMOLIVE CO",
203214,"NDA",,"PF PRISM CV",
203217,"ANDA",,"TEVA PHARMS USA",
203231,"NDA",,"INFORLIFE",
203232,"ANDA",,"MACLEODS PHARMS LTD",
203234,"ANDA",,"AKORN",
203240,"ANDA",,"TORRENT PHARMS LTD",
203241,"ANDA",,"MYLAN PHARMS INC",
203242,"ANDA",,"FRESENIUS KABI USA",
203243,"ANDA",,"ALLIED",
203244,"ANDA",,"ACI HEALTHCARE LTD",
203245,"ANDA",,"UNICHEM LABS LTD",
203246,"ANDA",,"UNIV TX MD ANDERSON",
203247,"ANDA",,"UNIV TX MD ANDERSON",
203252,"ANDA",,"JUBILANT GENERICS",
203253,"ANDA",,"JUBILANT GENERICS",
203255,"NDA",,"NOVARTIS PHARMS CORP",
203256,"ANDA",,"AMERIGEN PHARMS LTD",
203259,"ANDA",,"HETERO LABS LTD V",
203260,"ANDA",,"HETERO LABS LTD V",
203261,"ANDA",,"AMERIGEN PHARMS LTD",
203263,"ANDA",,"SUN PHARMA GLOBAL",
203266,"ANDA",,"CADILA PHARMS LTD",
203269,"ANDA",,"ALKEM LABS LTD",
203270,"ANDA",,"AUROBINDO PHARMA LTD",
203277,"ANDA",,"HETERO LABS LTD V",
203278,"ANDA",,"AMNEAL PHARMS",
203280,"ANDA",,"HOSPIRA INC",
203281,"ANDA",,"GLENMARK PHARMS LTD",
203283,"NDA",,"MACLEODS PHARMS LTD",
203284,"NDA",,"HORIZON THERAPS INC",
203286,"ANDA",,"ZYDUS PHARMS USA INC",
203289,"ANDA",,"AMNEAL PHARMS",
203291,"ANDA",,"PII",
203294,"ANDA",,"AUROBINDO PHARMA LTD",
203298,"ANDA",,"LOTUS PHARM CO LTD",
203306,"ANDA",,"NATCO PHARMA LTD",
203307,"ANDA",,"LUPIN LTD",
203308,"ANDA",,"MYLAN LABS LTD",
203311,"ANDA",,"HETERO LABS LTD V",
203312,"NDA",,"IMPAX LABS INC",
203313,"NDA",,"NOVO NORDISK INC",
203314,"NDA",,"NOVO NORDISK INC",
203315,"ANDA",,"MYLAN PHARMS INC",
203320,"ANDA",,"ACTAVIS ELIZABETH",
203321,"ANDA",,"MCPRF",
203322,"ANDA",,"MYLAN LABS LTD",
203323,"ANDA",,"SAGENT PHARMS",
203324,"NDA",,"AVEDRO INC",
203325,"ANDA",,"ZYDUS PHARMS USA INC",
203326,"ANDA",,"WEST-WARD PHARMS INT",
203328,"ANDA",,"AJANTA PHARMA LTD",
203330,"ANDA",,"ACTAVIS MID ATLANTIC",
203333,"ANDA",,"INVAGEN PHARMS",
203334,"ANDA",,"JUBILANT GENERICS",
203335,"ANDA",,"MAYNE PHARMA INC",
203339,"ANDA",,"LUPIN LTD",
203340,"NDA",,"ARBOR PHARMS LLC",
203341,"NDA",,"PF PRISM CV",
203343,"ANDA",,"VINTAGE PHARMS",
203344,"ANDA",,"PFIZER INC",
203346,"ANDA",,"AUROBINDO PHARMA LTD",
203347,"ANDA",,"HETERO LABS UNIT III",
203351,"ANDA",,"OHM LABS INC",
203352,"ANDA",,"JUBILANT HOLLISTRSTR",
203354,"ANDA",,"DR REDDYS LABS LTD",
203359,"ANDA",,"MACLEODS PHARMS LTD",
203364,"ANDA",,"MYLAN LABS LTD",
203366,"ANDA",,"MACLEODS PHARMS LTD",
203367,"ANDA",,"AUROBINDO PHARMA LTD",
203370,"ANDA",,"TORRENT PHARMS LTD",
203371,"ANDA",,"MYLAN LABS LTD",
203374,"ANDA",,"SCIEGEN PHARMS INC",
203375,"ANDA",,"ACELLA PHARMS LLC",
203376,"ANDA",,"AKORN",
203377,"ANDA",,"LYNE",
203378,"ANDA",,"LYNE",
203380,"ANDA",,"QILU PHARM CO LTD",
203382,"NDA",,"SANDOZ INC",
203383,"ANDA",,"ALTAIRE PHARMS INC",
203384,"ANDA",,"CASI PHARMS INC",
203388,"NDA",,"GENENTECH",
203389,"NDA",,"HORIZON PHARMA USA",
203390,"ANDA",,"ALEMBIC PHARMS LTD",
203395,"ANDA",,"HI-TECH PHARMACAL",
203399,"ANDA",,"AMNEAL PHARMS",
203404,"ANDA",,"APOTEX INC",
203409,"ANDA",,"MACLEODS PHARMS LTD",
203411,"ANDA",,"SANDOZ INC",
203412,"ANDA",,"HAINAN POLY PHARM",
203413,"ANDA",,"VINTAGE PHARMS",
203414,"NDA",,"TAKEDA PHARMS USA",
203415,"NDA",,"ASTELLAS",
203416,"ANDA",,"WATSON LABS",
203417,"ANDA",,"AUROBINDO PHARMA LTD",
203419,"ANDA",,"INDICUS PHARMA",
203422,"ANDA",,"MYLAN PHARMS INC",
203428,"ANDA",,"EMCURE PHARMS LTD",
203431,"ANDA",,"APOTEX INC",
203432,"ANDA",,"AJANTA PHARMA LTD",
203434,"ANDA",,"NOVAST LABS",
203435,"ANDA",,"NOVAST LABS",
203436,"ANDA",,"KVK TECH INC",
203437,"ANDA",,"AUROBINDO PHARMA LTD",
203438,"ANDA",,"AJANTA PHARMA LTD",
203441,"NDA",,"NPS PHARMS INC",
203443,"ANDA",,"MYLAN PHARMS INC",
203445,"ANDA",,"JUBILANT GENERICS",
203448,"ANDA",,"LUPIN LTD",
203453,"ANDA",,"MYLAN LABS LTD",
203454,"ANDA",,"MYLAN LABS LTD",
203455,"ANDA",,"INVAGEN PHARMS",
203456,"ANDA",,"INVAGEN PHARMS",
203458,"ANDA",,"UNICHEM LABS LTD",
203459,"ANDA",,"ALEMBIC PHARMS LTD",
203460,"ANDA",,"FRESENIUS KABI USA",
203468,"ANDA",,"PRINSTON INC",
203469,"NDA",,"ARIAD",
203470,"ANDA",,"PHARMACARE LTD",
203475,"ANDA",,"ACCORD HLTHCARE",
203476,"ANDA",,"SUN PHARMA GLOBAL",
203478,"ANDA",,"NATCO PHARMA LTD",
203479,"NDA",,"TASMAN PHARMA",
203481,"ANDA",,"BRECKENRIDGE PHARM",
203482,"ANDA",,"AMNEAL PHARMS",
203484,"ANDA",,"LARKEN LABS INC",
203485,"ANDA",,"ACCORD HLTHCARE INC",
203490,"ANDA",,"AMERIGEN PHARMS LTD",
203491,"NDA",,"NOVARTIS PHARMS CORP",
203494,"ANDA",,"AUROBINDO PHARMA LTD",
203495,"ANDA",,"AVANTHI INC",
203496,"NDA",,"UNITED THERAP",
203499,"ANDA",,"ZYDUS PHARMS USA INC",
203500,"ANDA",,"DR REDDYS LABS LTD",
203501,"ANDA",,"GLENMARK PHARMS LTD",
203502,"ANDA",,"AUROLIFE PHARMA LLC",
203503,"ANDA",,"GLENMARK PHARMS LTD",
203505,"NDA",,"DUCHESNAY",
203506,"ANDA",,"SUN PHARM INDS LTD",
203508,"ANDA",,"INVAGEN PHARMS",
203510,"NDA",,"PARAGON BIOTECK",
203511,"ANDA",,"DR REDDYS LABS LTD",
203512,"ANDA",,"ACCORD HLTHCARE",
203513,"ANDA",,"AMNEAL PHARMS",
203518,"ANDA",,"TRIS PHARMA INC",
203519,"ANDA",,"TRIS PHARMA INC",
203521,"ANDA",,"EMCURE PHARMS LTD",
203533,"ANDA",,"MACLEODS PHARMS LTD",
203534,"ANDA",,"JUBILANT GENERICS",
203535,"ANDA",,"NOVEL LABS INC",
203536,"ANDA",,"JUBILANT GENERICS",
203540,"ANDA",,"HETERO LABS LTD III",
203543,"ANDA",,"HOUSTON CYCLOTRON",
203544,"ANDA",,"HOUSTON CYCLOTRON",
203546,"ANDA",,"ZYDUS PHARMS USA INC",
203547,"ANDA",,"ZYDUS PHARMS USA INC",
203548,"ANDA",,"AVANTHI INC",
203550,"ANDA",,"DBL PHARMS",
203551,"NDA",,"ACTAVIS LLC",
203554,"ANDA",,"MYLAN INSTITUTIONAL",
203557,"ANDA",,"SANDOZ INC",
203559,"ANDA",,"EDENBRIDGE PHARMS",
203560,"ANDA",,"ACTAVIS ELIZABETH",
203562,"ANDA",,"GLENMARK PHARMS LTD",
203563,"ANDA",,"SANDOZ INC",
203564,"ANDA",,"LANNETT CO INC",
203565,"NDA",,"LUITPOLD",
203567,"NDA",,"DOW PHARM",
203568,"NDA",,"KASTLE THERAPS LLC",
203573,"ANDA",,"VINTAGE PHARMS",
203575,"ANDA",,"PAR STERILE PRODUCTS",
203576,"ANDA",,"MYLAN TEORANTA",
203578,"ANDA",,"AMNEAL PHARMS",
203580,"ANDA",,"TORRENT PHARMS LTD",
203581,"ANDA",,"PHARMADAX INC",
203582,"ANDA",,"MACLEODS PHARMS LTD",
203583,"ANDA",,"SPECGX LLC",
203584,"ANDA",,"HEC PHARM",
203585,"NDA",,"TEVA PHARMS INTL",
203586,"ANDA",,"ECI PHARMS LLC",
203591,"ANDA",,"SOFIE",
203592,"ANDA",,"SOFIE",
203593,"ANDA",,"WATSON LABS INC",
203594,"ANDA",,"WATSON LABS INC",
203595,"NDA",,"BRAINTREE LABS",
203599,"ANDA",,"SOFGEN PHARMS",
203601,"ANDA",,"AVANTHI INC",
203602,"ANDA",,"NOVEL LABS INC",
203603,"ANDA",,"CARDINAL HEALTH 414",
203605,"ANDA",,"MCPRF",
203608,"ANDA",,"SAGENT PHARMS",
203609,"ANDA",,"SAGENT PHARMS",
203611,"ANDA",,"ACTAVIS ELIZABETH",
203612,"ANDA",,"MCPRF",
203613,"ANDA",,"JUBILANT GENERICS",
203614,"ANDA",,"IMPAX LABS INC",
203615,"ANDA",,"ACTAVIS ELIZABETH",
203621,"ANDA",,"PHARM ASSOC",
203622,"ANDA",,"ACTAVIS INC",
203623,"ANDA",,"HETERO LABS LTD V",
203624,"ANDA",,"MYLAN INSTITUTIONAL",
203629,"NDA",,"FRESENIUS KABI USA",
203630,"ANDA",,"AUROBINDO PHARMA LTD",
203631,"ANDA",,"AMNEAL PHARMS",
203634,"NDA",,"VALEANT PHARMS INTL",
203636,"ANDA",,"TORRENT PHARMS LTD",
203638,"ANDA",,"AMNEAL PHARMS",
203644,"ANDA",,"TRIS PHARMA INC",
203646,"ANDA",,"SCIEGEN PHARMS INC",
203649,"ANDA",,"SANDOZ INC",
203653,"ANDA",,"RITEDOSE CORP",
203656,"ANDA",,"UNICHEM LABS LTD",
203659,"ANDA",,"AMERIGEN PHARMS LTD",
203660,"ANDA",,"AKORN",
203661,"ANDA",,"QILU PHARM CO LTD",
203664,"ANDA",,"LANTHEUS MEDICAL",
203665,"ANDA",,"HOUSTON CYCLOTRON",
203667,"NDA",,"APIL",
203683,"ANDA",,"WATSON LABS INC",
203684,"NDA",,"BRACCO",
203685,"ANDA",,"AJANTA PHARMA LTD",
203686,"ANDA",,"ZYDUS HLTHCARE",
203687,"ANDA",,"AUROBINDO PHARMA LTD",
203688,"ANDA",,"TOLMAR",
203689,"ANDA",,"WATSON LABS TEVA",
203690,"ANDA",,"PERRIGO R AND D",
203691,"ANDA",,"AMNEAL PHARMS",
203695,"ANDA",,"ACTAVIS LABS FL INC",
203696,"NDA",,"ABBVIE ENDOCRINE",
203697,"NDA",,"PLX PHARMA",
203700,"ANDA",,"CARDINAL HEALTH 414",
203701,"ANDA",,"AUROBINDO PHARMA LTD",
203702,"ANDA",,"QILU PHARM CO LTD",
203704,"ANDA",,"QILU PHARM CO LTD",
203707,"ANDA",,"MYLAN PHARMS INC",
203708,"ANDA",,"AUROBINDO PHARMA LTD",
203709,"ANDA",,"WI MEDCL CYCLOTRON",
203710,"ANDA",,"BIOMEDCL RES FDN",
203711,"ANDA",,"QILU PHARM CO LTD",
203713,"ANDA",,"DEXCEL PHARMA",
203729,"ANDA",,"AMNEAL PHARMS",
203730,"ANDA",,"AMNEAL PHARMS",
203732,"ANDA",,"PAR STERILE PRODUCTS",
203733,"ANDA",,"ACTAVIS ELIZABETH",
203736,"ANDA",,"MIDWEST MEDCL",
203738,"ANDA",,"ACTAVIS LLC",
203741,"ANDA",,"ALKEM LABS LTD",
203751,"ANDA",,"AMNEAL PHARMS",
203752,"NDA",,"NOVEN",
203755,"ANDA",,"ACTAVIS LABS FL INC",
203756,"NDA",,"EXELIXIS",
203759,"ANDA",,"CIPLA LTD",
203761,"ANDA",,"IPCA LABS LTD",
203762,"ANDA",,"BIO-PHARM INC",
203769,"ANDA",,"SCIEGEN PHARMS INC",
203771,"ANDA",,"QUEEN HAMAMATSU PET",
203772,"ANDA",,"MACLEODS PHARMS LTD",
203773,"ANDA",,"LUITPOLD",
203774,"ANDA",,"APOTEX INC",
203775,"ANDA",,"RISING PHARMS",
203777,"ANDA",,"3D IMAGING DRUG",
203778,"ANDA",,"3D IMAGING DRUG",
203779,"ANDA",,"3D IMAGING DRUG",
203780,"ANDA",,"CARDINAL HEALTH 414",
203783,"ANDA",,"BRIGHAM WOMENS HOSP",
203786,"ANDA",,"VERSAPHARM INC",
203787,"ANDA",,"AKORN",
203790,"ANDA",,"ACTAVIS MID ATLANTIC",
203791,"NDA",,"EPI HLTH",
203793,"ANDA",,"SHANGHAI HENGRUI",
203794,"NDA",,"DEPOMED INC",
203795,"ANDA",,"JUBILANT GENERICS",
203796,"ANDA",,"HIKMA PHARMS",
203797,"NDA",,"HOSPIRA INC",
203800,"ANDA",,"MYLAN LABS LTD",
203801,"ANDA",,"TRUSTEES UNIV PA",
203802,"ANDA",,"MYLAN PHARMS INC",
203803,"ANDA",,"MYLAN PHARMS INC",
203807,"ANDA",,"MAYNE PHARMA",
203808,"ANDA",,"EDENBRIDGE PHARMS",
203811,"ANDA",,"UCLA BIOMEDICAL",
203812,"ANDA",,"UCLA BIOMEDICAL",
203813,"ANDA",,"MACLEODS PHARMS LTD",
203814,"ANDA",,"MACLEODS PHARMS LTD",
203816,"ANDA",,"BRIGHAM WOMENS",
203817,"ANDA",,"ACTAVIS LABS FL",
203818,"ANDA",,"TARO",
203820,"ANDA",,"AUROBINDO PHARMA LTD",
203821,"ANDA",,"GLENMARK PHARMS LTD",
203823,"ANDA",,"LANNETT CO INC",
203824,"ANDA",,"HIKMA PHARMS",
203826,"NDA",,"WEST WARD PHARM CORP",
203828,"ANDA",,"INDCHEMIE HEALTH",
203834,"ANDA",,"HETERO LABS LTD V",
203835,"ANDA",,"HETERO LABS LTD V",
203836,"ANDA",,"PAR FORM",
203837,"ANDA",,"BIOMEDCL RES FDN",
203838,"ANDA",,"TRIS PHARMA INC",
203839,"ANDA",,"TRIS PHARMA INC",
203841,"ANDA",,"MYLAN LABS LTD",
203844,"ANDA",,"CADILA PHARMS LTD",
203845,"ANDA",,"CADILA PHARMS LTD",
203846,"ANDA",,"WEST-WARD PHARMS INT",
203849,"ANDA",,"ACTAVIS ELIZABETH",
203853,"ANDA",,"ALVOGEN INC",
203854,"ANDA",,"PRINSTON INC",
203855,"ANDA",,"SCIEGEN PHARMS INC",
203856,"NDA",,"WEST-WARD PHARMS INT",
203858,"NDA",,"AEGERION",
203859,"ANDA",,"MYLAN LABS LTD",
203865,"ANDA",,"AMNEAL PHARMS",
203867,"ANDA",,"SANDOZ INC",
203869,"ANDA",,"JIANGSU HENGRUI MED",
203870,"ANDA",,"AMNEAL PHARMS",
203871,"ANDA",,"AMNEAL PHARMS",
203872,"ANDA",,"AMNEAL PHARMS",
203873,"ANDA",,"AMNEAL PHARMS",
203874,"ANDA",,"DR REDDYS LABS LTD",
203877,"ANDA",,"TEVA PHARMS USA",
203883,"ANDA",,"HOSPIRA INC",
203884,"ANDA",,"HOSPIRA INC",
203885,"ANDA",,"HOSPIRA INC",
203887,"ANDA",,"NOSTRUM LABS INC",
203890,"ANDA",,"PETNET",
203895,"ANDA",,"AUROBINDO PHARMA LTD",
203896,"ANDA",,"MYLAN PHARMS INC",
203898,"ANDA",,"LANNETT CO INC",
203899,"ANDA",,"LANNETT CO INC",
203901,"ANDA",,"ACTAVIS ELIZABETH",
203902,"ANDA",,"UCSF RODIOPHARM",
203904,"ANDA",,"METHODIST HOSP RES",
203906,"ANDA",,"AMNEAL PHARMS",
203907,"ANDA",,"SCIEGEN PHARMS INC",
203908,"ANDA",,"AUROBINDO PHARMA LTD",
203911,"ANDA",,"SPECTRON MRC LLC",
203912,"ANDA",,"SPECTRON MRC LLC",
203916,"ANDA",,"MYLAN PHARMS INC",
203918,"ANDA",,"PAR PHARM",
203920,"ANDA",,"JUBILANT DRAXIMAGE",
203922,"NDA",,"HOPE PHARMS",
203923,"NDA",,"HOPE PHARMS",
203924,"ANDA",,"ALVOGEN INC",
203927,"ANDA",,"MYLAN LABS LTD",
203928,"ANDA",,"STRIDES PHARMA",
203929,"ANDA",,"AKORN INC",
203931,"ANDA",,"SANDOZ INC",
203933,"ANDA",,"UNIV TX MD ANDERSON",
203935,"ANDA",,"WUSM CYCLOTRON",
203936,"ANDA",,"KREITCHMAN PET CTR",
203937,"ANDA",,"HOT SHOTS NM LLC",
203938,"ANDA",,"KREITCHMAN PET CTR",
203939,"ANDA",,"SANDOZ INC",
203942,"ANDA",,"KREITCHMAN PET CTR",
203946,"ANDA",,"ESSENTIAL ISOTOPES",
203950,"ANDA",,"HOSPIRA INC",
203952,"NDA",,"ABBVIE INC",
203955,"ANDA",,"AKORN INC",
203957,"ANDA",,"AJANTA PHARMA LTD",
203959,"ANDA",,"WATSON LABS TEVA",
203960,"ANDA",,"HI-TECH PHARMACAL",
203962,"ANDA",,"AUROBINDO PHARMA LTD",
203963,"ANDA",,"AUROBINDO PHARMA LTD",
203965,"ANDA",,"ORIENT PHARMA CO LTD",
203967,"ANDA",,"ANTRIM PHARMS LLC",
203968,"ANDA",,"JUBILANT DRAXIMAGE",
203969,"ANDA",,"TORRENT PHARMS LTD",
203971,"NDA",,"BAYER HLTHCARE",
203972,"ANDA",,"PAR STERILE PRODUCTS",
203974,"ANDA",,"AUROBINDO PHARMA LTD",
203975,"NDA",,"GLAXOSMITHKLINE",
203976,"ANDA",,"PAR PHARM INC",
203981,"ANDA",,"CALL INC",
203983,"ANDA",,"JUBILANT GENERICS",
203985,"NDA",,"NOVARTIS PHARM",
203987,"ANDA",,"EMCURE PHARMS LTD",
203988,"ANDA",,"AUROBINDO PHARMA LTD",
203990,"ANDA",,"UIHC PET IMAGING",
203991,"ANDA",,"LUPIN LTD",
203993,"NDA",,"LUNDBECK PHARMS LLC",
203994,"ANDA",,"UNIV NORTH DAKOTA",
203995,"ANDA",,"AMNEAL PHARMS",
204002,"ANDA",,"MYLAN PHARMS INC",
204003,"ANDA",,"ALEMBIC PHARMS LTD",
204004,"ANDA",,"MYLAN PHARMS INC",
204005,"ANDA",,"MYLAN PHARMS INC",
204009,"ANDA",,"ANCHEN PHARMS",
204010,"ANDA",,"AMNEAL PHARMS",
204011,"ANDA",,"AMNEAL PHARMS",
204016,"NDA",,"HOSPIRA INC",
204019,"ANDA",,"LUPIN LTD",
204021,"ANDA",,"NOVEL LABS INC",
204022,"ANDA",,"ACCORD HLTHCARE",
204023,"ANDA",,"ACCORD HLTHCARE",
204026,"NDA",,"CELGENE",
204028,"ANDA",,"CASI PHARMS INC",
204029,"ANDA",,"ABON PHARMS LLC",
204030,"ANDA",,"AUROBINDO PHARMA LTD",
204031,"NDA",,"MALLINCKRODT INC",
204033,"ANDA",,"LANNETT CO INC",
204037,"ANDA",,"WEST-WARD PHARMS INT",
204040,"ANDA",,"EMCURE PHARMS LTD",
204041,"ANDA",,"AJANTA PHARMA LTD",
204042,"NDA",,"JANSSEN PHARMS",
204043,"ANDA",,"AKORN INC",
204048,"ANDA",,"ALKEM LABS LTD",
204051,"ANDA",,"SUN PHARMA GLOBAL",
204052,"ANDA",,"SANDOZ INC",
204054,"ANDA",,"NEXGEN PHARMA",
204055,"ANDA",,"AKORN",
204057,"ANDA",,"GLENMARK PHARMS",
204058,"ANDA",,"INVAGEN PHARMS",
204060,"ANDA",,"MYLAN PHARMS INC",
204061,"NDA",,"TEVA BRANDED PHARM",
204063,"NDA",,"BIOGEN IDEC INC",
204065,"ANDA",,"ACTAVIS LABS FL",
204068,"ANDA",,"DR REDDYS LABS LTD",
204071,"ANDA",,"NUVO PHARMS INC",
204074,"ANDA",,"VIRTUS PHARMS",
204078,"NDA",,"AVADEL LEGACY",
204079,"ANDA",,"LUPIN LTD",
204082,"ANDA",,"WEST-WARD PHARMS INT",
204083,"ANDA",,"WEST-WARD PHARMS INT",
204085,"ANDA",,"LANNETT CO INC",
204086,"ANDA",,"HOSPIRA INC",
204087,"ANDA",,"TOLMAR",
204090,"ANDA",,"EMCURE PHARMS LTD",
204092,"ANDA",,"MAYNE PHARMA INC",
204093,"ANDA",,"HETERO LABS LTD V",
204094,"ANDA",,"APOTEX INC",
204095,"ANDA",,"MYLAN PHARMS INC",
204096,"NDA",,"ASTELLAS",
204097,"ANDA",,"HETERO LABS LTD V",
204100,"ANDA",,"MACLEODS PHARMS LTD",
204101,"ANDA",,"EMCURE PHARMS LTD",
204107,"ANDA",,"CFT PHARMS LLC",
204111,"ANDA",,"MACLEODS PHARMS LTD",
204114,"NDA",,"NOVARTIS PHARMS CORP",
204115,"ANDA",,"NOVEL LABS INC",
204117,"ANDA",,"AUROBINDO PHARMA LTD",
204118,"ANDA",,"HOSPIRA INC",
204119,"NDA",,"HETERO DRUGS LTD",
204120,"ANDA",,"HOSPIRA INC",
204125,"ANDA",,"CFT PHARMS LLC",
204130,"ANDA",,"LUPIN LTD",
204132,"ANDA",,"LUPIN LTD",
204133,"ANDA",,"LUPIN LTD",
204134,"ANDA",,"LUPIN LTD",
204135,"ANDA",,"BRECKENRIDGE PHARMS",
204137,"ANDA",,"ACTAVIS ELIZABETH",
204138,"ANDA",,"SUN PHARMA GLOBAL",
204139,"ANDA",,"ACS DOBFAR SPA",
204141,"NDA",,"TARO PHARMS",
204144,"ANDA",,"ANCHEN PHARMS",
204147,"ANDA",,"EMCURE PHARMS LTD",
204150,"NDA",,"ALEMBIC PHARMS LTD",
204152,"ANDA",,"PERRIGO R AND D",
204153,"NDA",,"MEDICIS",
204154,"ANDA",,"EDENBRIDGE PHARMS",
204158,"ANDA",,"PAR PHARM",
204161,"ANDA",,"ACTAVIS ELIZABETH",
204164,"ANDA",,"JUBILANT GENERICS",
204165,"ANDA",,"SCIEGEN PHARMS INC",
204168,"NDA",,"ALLERGAN SALES LLC",
204169,"ANDA",,"MACLEODS PHARMS LTD",
204170,"ANDA",,"SUN PHARMA GLOBAL",
204171,"ANDA",,"LANNETT CO INC",
204172,"ANDA",,"LUPIN LTD",
204178,"ANDA",,"AMNEAL PHARMS",
204179,"ANDA",,"AMNEAL PHARMS",
204180,"ANDA",,"WINDLAS HLTHCARE",
204193,"ANDA",,"DR REDDYS LABS LTD",
204195,"ANDA",,"PII",
204197,"ANDA",,"APOTEX INC",
204200,"NDA",,"PAR STERILE PRODUCTS",
204203,"ANDA",,"LUPIN LTD",
204205,"ANDA",,"GLAND PHARMA LTD",
204209,"ANDA",,"LARKEN LABS INC",
204210,"ANDA",,"LANNETT CO INC",
204213,"ANDA",,"LUPIN LTD",
204216,"ANDA",,"GLAND PHARMA LTD",
204217,"ANDA",,"GLAND PHARMA LTD",
204222,"ANDA",,"APOTEX INC",
204223,"NDA",,"FRESENIUS KABI USA",
204226,"ANDA",,"PERRIGO R AND D",
204227,"ANDA",,"SANDOZ INC",
204228,"ANDA",,"AJANTA PHARMA LTD",
204230,"ANDA",,"APOTEX INC",
204232,"ANDA",,"ALEMBIC PHARMS LTD",
204233,"ANDA",,"ALEMBIC PHARMS LTD",
204234,"ANDA",,"LUPIN LTD",
204236,"ANDA",,"AUROBINDO PHARMA LTD",
204237,"ANDA",,"BRECKENRIDGE PHARM",
204238,"ANDA",,"AUROBINDO PHARMA LTD",
204239,"ANDA",,"HETERO LABS LTD V",
204242,"NDA",,"OREXO US INC",
204243,"ANDA",,"AUROBINDO PHARMA LTD",
204251,"NDA",,"NOVARTIS PHARMS CORP",
204255,"ANDA",,"PERRIGO ISRAEL",
204262,"ANDA",,"STRIDES PHARMA",
204264,"ANDA",,"SHERTECH LABS LLC",
204266,"ANDA",,"MYLAN PHARMS INC",
204268,"ANDA",,"PERRIGO ISRAEL",
204272,"ANDA",,"RISING PHARMS",
204275,"NDA",,"GLAXO GRP LTD",
204278,"ANDA",,"PADDOCK LLC",
204279,"ANDA",,"HERITAGE PHARMA",
204284,"ANDA",,"INVAGEN PHARMS",
204285,"ANDA",,"TEVA PHARMS USA",
204286,"NDA",,"SEBELA IRELAND LTD",
204287,"ANDA",,"MACLEODS PHARMS LTD",
204289,"ANDA",,"SAGENT PHARMS",
204290,"ANDA",,"UNICHEM LABS LTD",
204291,"ANDA",,"ALVOGEN MALTA",
204292,"ANDA",,"APOTEX INC",
204293,"ANDA",,"SUN PHARM INDS LTD",
204296,"ANDA",,"GLENMARK PHARMS LTD",
204299,"ANDA",,"NOVEL LABS INC",
204300,"NDA",,"AVADEL LEGACY",
204304,"ANDA",,"ALKEM LABS LTD",
204307,"NDA",,"CYPRESS PHARM",
204308,"NDA",,"SILVERGATE PHARMS",
204309,"ANDA",,"AUROBINDO PHARMA LTD",
204310,"ANDA",,"AUROBINDO PHARMA LTD",
204311,"NDA",,"MYLAN LABS LTD",
204312,"ANDA",,"AUROBINDO PHARMA LTD",
204313,"ANDA",,"ZYDUS PHARMS USA INC",
204314,"ANDA",,"ZYDUS PHARMS USA INC",
204315,"ANDA",,"SHERTECH LABS LLC",
204318,"ANDA",,"AUROLIFE PHARMA LLC",
204319,"ANDA",,"QILU PHARM CO LTD",
204320,"ANDA",,"AJANTA PHARMA LTD",
204323,"ANDA",,"NEOPHARMA",
204325,"NDA",,"NEOS THERAPS INC",
204326,"NDA",,"NEOS THERAPS",
204327,"ANDA",,"AMNEAL PHARMS",
204328,"ANDA",,"THE FEINSTEIN INST",
204330,"ANDA",,"NOVEL LABS INC",
204331,"ANDA",,"ZYDUS PHARMS USA INC",
204332,"ANDA",,"ACTAVIS LLC",
204333,"ANDA",,"MA GENERAL HOSP",
204336,"ANDA",,"MACLEODS PHARMS LTD",
204339,"ANDA",,"INVAGEN PHARMS",
204343,"ANDA",,"HETERO LABS LTD III",
204351,"ANDA",,"BIOMEDCL RES FDN",
204352,"ANDA",,"BIOMEDCL RES FDN",
204353,"NDA",,"JANSSEN PHARMS",
204354,"ANDA",,"MYLAN PHARMS INC",
204356,"ANDA",,"WI MEDCL CYCLOTRON",
204359,"ANDA",,"CSPC OUYI PHARM CO",
204363,"ANDA",,"MYLAN LABS LTD",
204366,"ANDA",,"SHERTECH LABS LLC",
204367,"ANDA",,"APOTEX INC",
204368,"ANDA",,"QILU PHARM CO LTD",
204369,"NDA",,"BAYER HEALTHCARE PHARMS",
204370,"NDA",,"ALLERGAN SALES LLC",
204371,"ANDA",,"MOUNTAIN",
204372,"ANDA",,"RICONPHARMA LLC",
204375,"ANDA",,"MACLEODS PHARMS LTD",
204376,"ANDA",,"MARKSANS PHARMA",
204378,"ANDA",,"LUITPOLD",
204380,"ANDA",,"ACTAVIS LLC",
204383,"ANDA",,"ACTAVIS LABS UT INC",
204384,"NDA",,"JANSSEN THERAP",
204385,"ANDA",,"CHILDRENS HOSP MI",
204394,"ANDA",,"SIDMAK LABS INDIA",
204395,"ANDA",,"PAR PHARM",
204399,"NDA",,"UPSHER-SMITH LABS",
204400,"ANDA",,"HOSPIRA INC",
204402,"ANDA",,"LUPIN LTD",
204403,"ANDA",,"ALVOGEN MALTA",
204404,"ANDA",,"MYLAN INSTITUTIONAL",
204405,"ANDA",,"ACCORD HLTHCARE INC",
204406,"ANDA",,"ACCORD HLTHCARE",
204407,"ANDA",,"NOVEL LABS INC",
204410,"NDA",,"ACTELION PHARMS LTD",
204412,"NDA",,"APIL",
204414,"ANDA",,"INVAGEN PHARMS",
204415,"ANDA",,"AMNEAL PHARMS",
204418,"ANDA",,"NUVO PHARMS INC",
204421,"ANDA",,"AUROBINDO PHARMA LTD",
204426,"NDA",,"APIL",
204427,"NDA",,"ANACOR PHARMS INC",
204431,"ANDA",,"ETHYPHARM USA CORP",
204433,"ANDA",,"LANNETT CO INC",
204435,"ANDA",,"LANNETT CO INC",
204437,"ANDA",,"UCSF RODIOPHARM",
204440,"ANDA",,"MIDWEST MEDCL",
204441,"NDA",,"OTSUKA PHARM CO LTD",
204442,"NDA",,"TITAN PHARMS",
204445,"ANDA",,"ALEMBIC PHARMS LTD",
204446,"ANDA",,"G AND W LABS INC",
204447,"NDA",,"TAKEDA PHARMS USA",
204453,"ANDA",,"ALKEM LABS LTD",
204455,"ANDA",,"SPECTRON MRC LLC",
204457,"ANDA",,"MIDWEST MEDCL",
204459,"ANDA",,"AUROLIFE PHARMA LLC",
204461,"ANDA",,"WATSON LABS INC",
204462,"ANDA",,"UIHC PET IMAGING",
204463,"ANDA",,"GLOBAL ISOTOPES LLC",
204464,"ANDA",,"GLOBAL ISOTOPES LLC",
204465,"ANDA",,"GLOBAL ISOTOPES LLC",
204467,"ANDA",,"INDOCO REMEDIES",
204472,"ANDA",,"MIPS CRF",
204475,"ANDA",,"MYLAN",
204476,"ANDA",,"BAYSHORE PHARMS LLC",
204485,"NDA",,"PAR STERILE PRODUCTS",
204491,"ANDA",,"GLENMARK PHARMS LTD",
204494,"ANDA",,"TELIGENT PHARMA INC",
204496,"ANDA",,"UCSF RODIOPHARM",
204497,"ANDA",,"UNIV UTAH CYCLOTRON",
204498,"ANDA",,"UNIV UTAH CYCLOTRON",
204502,"ANDA",,"AUROBINDO PHARMA LTD",
204503,"ANDA",,"DR REDDYS LABS INC",
204504,"ANDA",,"AMERIGEN PHARMS LTD",
204505,"NDA",,"AUROBINDO PHARMA LTD",
204506,"ANDA",,"WA UNIV SCH MED",
204507,"ANDA",,"SCIEGEN PHARMS INC",
204508,"NDA",,"BAXTER HLTHCARE CORP",
204510,"ANDA",,"PETNET",
204511,"ANDA",,"INTELLIPHARMACEUTICS",
204512,"ANDA",,"NCM USA BRONX LLC",
204513,"ANDA",,"NCM USA BRONX LLC",
204514,"ANDA",,"JOHNS HOPKINS UNIV",
204515,"ANDA",,"NCM USA BRONX LLC",
204516,"NDA",,"SEBELA IRELAND LTD",
204517,"ANDA",,"MIPS CRF",
204519,"ANDA",,"ALEMBIC PHARMS LTD",
204520,"ANDA",,"GLAND PHARMA LTD",
204521,"ANDA",,"PAR PHARM",
204522,"ANDA",,"PAR PHARM INC",
204525,"ANDA",,"CPDC",
204528,"ANDA",,"MYLAN PHARMS INC",
204530,"ANDA",,"HOT SHOTS NM LLC",
204531,"ANDA",,"UNIV MICHIGAN",
204532,"ANDA",,"AKORN INC",
204534,"ANDA",,"NOVEL LABS INC",
204535,"ANDA",,"MIPS CRF",
204536,"ANDA",,"AMNEAL PHARMS",
204538,"ANDA",,"LIAONING CHENGDA",
204539,"ANDA",,"CENTRAL RADIOPHARM",
204541,"ANDA",,"ESSENTIAL ISOTOPES",
204542,"ANDA",,"PRECISION NUCLEAR",
204546,"ANDA",,"PRECISION NUCLEAR",
204547,"ANDA",,"PRECISION NUCLEAR",
204548,"ANDA",,"TEVA PHARMS USA",
204549,"ANDA",,"ACTAVIS INC",
204553,"NDA",,"GATOR PHARMS",
204555,"ANDA",,"JIANGSU HENGRUI MED",
204559,"ANDA",,"STRIDES PHARMA",
204568,"NDA",,"CIPLA",
204569,"NDA",,"MERCK SHARP DOHME",
204570,"ANDA",,"ACTAVIS LABS UT INC",
204571,"ANDA",,"ACTAVIS LABS UT INC",
204572,"ANDA",,"AUROBINDO PHARMA LTD",
204574,"ANDA",,"HETERO LABS LTD V",
204575,"ANDA",,"AUROLIFE PHARMA LLC",
204582,"ANDA",,"HERITAGE PHARMA",
204584,"ANDA",,"PAR PHARM INC",
204587,"ANDA",,"HETERO LABS LTD III",
204589,"ANDA",,"AKORN",
204590,"ANDA",,"MACLEODS PHARMS LTD",
204591,"ANDA",,"TEVA PHARMS USA INC",
204592,"NDA",,"IROKO PHARMS LLC",
204593,"ANDA",,"CALL INC",
204595,"ANDA",,"ALVOGEN MALTA",
204597,"ANDA",,"SCIEGEN PHARMS INC",
204598,"ANDA",,"HETERO LABS LTD III",
204599,"ANDA",,"LANNETT CO INC",
204602,"ANDA",,"NOVEL LABS INC",
204603,"ANDA",,"NOVEL LABS INC",
204604,"ANDA",,"AMNEAL PHARMS",
204605,"ANDA",,"AMNEAL PHARMS",
204606,"ANDA",,"TELIGENT PHARMA INC",
204607,"ANDA",,"PHARMASCIENCE INC",
204608,"ANDA",,"TELIGENT PHARMA INC",
204616,"ANDA",,"QILU PHARM CO LTD",
204618,"ANDA",,"EMCURE PHARMS LTD",
204621,"ANDA",,"ALVOGEN MALTA",
204623,"NDA",,"HZNP",
204627,"ANDA",,"PADDOCK LLC",
204629,"NDA",,"BOEHRINGER INGELHEIM",
204630,"NDA",,"PROVEPHARM SAS",
204632,"ANDA",,"MACLEODS PHARMS LTD",
204633,"ANDA",,"SIGMAPHARM LABS LLC",
204634,"ANDA",,"MYLAN INSTITUTIONAL",
204635,"ANDA",,"MYLAN PHARMS INC",
204636,"ANDA",,"AKORN",
204637,"ANDA",,"GLENMARK PHARMS INC",
204639,"ANDA",,"CHEMI SPA",
204640,"NDA",,"PAR STERILE PRODUCTS",
204644,"ANDA",,"MYLAN PHARMS INC",
204645,"ANDA",,"MACLEODS PHARMS LTD",
204648,"ANDA",,"BIONPHARMA INC",
204651,"ANDA",,"TARO PHARM",
204652,"ANDA",,"NOVEL LABS INC",
204654,"NDA",,"APIL",
204655,"NDA",,"ASTRAZENECA LP",
204657,"ANDA",,"AUROBINDO PHARMA LTD",
204658,"ANDA",,"PADDOCK LLC",
204661,"ANDA",,"TEVA PHARMS USA",
204662,"ANDA",,"MYLAN PHARMS INC",
204663,"ANDA",,"ZYDUS PHARMS USA INC",
204667,"ANDA",,"SOFIE",
204671,"NDA",,"GILEAD SCIENCES INC",
204674,"ANDA",,"ALVOGEN INC",
204675,"ANDA",,"RISING PHARMS",
204677,"NDA",,"PIRAMAL IMAGING",
204679,"ANDA",,"WEST WARD PHARM CORP",
204680,"ANDA",,"MYLAN INSTITUTIONAL",
204683,"NDA",,"OSMOTICA PHARM CORP",
204684,"NDA",,"KNIGHT THERAPS",
204686,"ANDA",,"ACTAVIS INC",
204691,"ANDA",,"NOSTRUM LABS INC",
204696,"ANDA",,"SAGENT PHARMS",
204702,"ANDA",,"AUROBINDO PHARMA LTD",
204703,"ANDA",,"MYLAN LABS LTD",
204704,"ANDA",,"MYLAN LABS LTD",
204705,"ANDA",,"BRECKENRIDGE PHARM",
204706,"ANDA",,"ZAMBON SPA",
204708,"NDA",,"GALDERMA LABS LP",
204713,"ANDA",,"ASPEN GLOBAL INC",
204717,"ANDA",,"IMPAX LABS INC",
204720,"ANDA",,"UNIQUE PHARM LABS",
204722,"ANDA",,"PANACEA BIOTEC LTD",
204723,"ANDA",,"AKORN",
204726,"ANDA",,"SANDOZ INC",
204730,"ANDA",,"GLENMARK PHARMS LTD",
204731,"ANDA",,"AKORN INC",
204732,"ANDA",,"MYLAN LABS LTD",
204734,"NDA",,"SHIRE DEV LLC",
204736,"NDA",,"CERECOR INC",
204737,"ANDA",,"ALVOGEN MALTA",
204739,"ANDA",,"MACLEODS PHARMS LTD",
204741,"ANDA",,"AMNEAL PHARMS",
204742,"ANDA",,"AUROBINDO PHARMA LTD",
204744,"ANDA",,"LANNETT CO INC",
204746,"ANDA",,"NOVEL LABS INC",
204749,"ANDA",,"MYLAN LABS LTD",
204750,"ANDA",,"AUROBINDO PHARMA LTD",
204752,"ANDA",,"NOVEL LABS INC",
204754,"ANDA",,"ECI PHARMS LLC",
204755,"ANDA",,"MICRO LABS LTD INDIA",
204756,"ANDA",,"EMCURE PHARMS LTD",
204759,"ANDA",,"KETTERING MEDCTR",
204760,"NDA",,"ASTRAZENECA PHARMS",
204762,"ANDA",,"HIKMA PHARMS",
204764,"ANDA",,"FRESENIUS KABI USA",
204765,"ANDA",,"BIO-PHARM INC",
204766,"ANDA",,"CIPLA LTD",
204767,"NDA",,"FRESENIUS KABI USA",
204768,"NDA",,"IROKO PHARMS LLC",
204770,"ANDA",,"LANNETT CO INC",
204771,"ANDA",,"GLENMARK PHARMS LTD",
204772,"ANDA",,"CNTY LINE PHARMS",
204773,"ANDA",,"PAR STERILE PRODUCTS",
204774,"ANDA",,"SCIEGEN PHARMS INC",
204779,"ANDA",,"UNIQUE PHARM LABS",
204781,"NDA",,"GUERBET",
204782,"ANDA",,"PERRIGO R AND D",
204785,"ANDA",,"WRASER PHARMS LLC",
204786,"ANDA",,"PAR PHARM INC",
204790,"NDA",,"VIIV HLTHCARE",
204794,"ANDA",,"ACTAVIS LABS NY INC",
204798,"ANDA",,"AUROBINDO PHARMA LTD",
204801,"ANDA",,"MACLEODS PHARMS LTD",
204802,"ANDA",,"MACLEODS PHARMS LTD",
204806,"ANDA",,"AUROBINDO PHARMA LTD",
204809,"ANDA",,"ALEMBIC PHARMS LTD",
204812,"ANDA",,"AUROBINDO PHARMA LTD",
204814,"ANDA",,"MACLEODS PHARMS LTD",
204815,"ANDA",,"MACLEODS PHARMS LTD",
204819,"NDA",,"BAYER HLTHCARE",
204820,"NDA",,"HIKMA INTL PHARMS",
204821,"ANDA",,"PRINSTON INC",
204822,"NDA",,"NOVARTIS PHARMS CORP",
204823,"ANDA",,"BIO-PHARM INC",
204824,"NDA",,"ANTARES PHARMA INC",
204827,"ANDA",,"ALKEM LABS LTD",
204828,"ANDA",,"NOVEL LABS INC",
204829,"ANDA",,"MYLAN LABS LTD",
204831,"ANDA",,"UNICHEM LABS LTD",
204832,"ANDA",,"UNICHEM LABS LTD",
204833,"ANDA",,"ACTAVIS LABS NY INC",
204835,"ANDA",,"AUROBINDO PHARMA LTD",
204838,"ANDA",,"AMNEAL PHARMS",
204839,"ANDA",,"AMNEAL PHARMS",
204841,"ANDA",,"LANNETT CO INC",
204844,"ANDA",,"SANDOZ INC",
204845,"ANDA",,"SAGENT PHARMS",
204846,"ANDA",,"INVAGEN PHARMS",
204848,"ANDA",,"GLENMARK PHARMS LTD",
204849,"ANDA",,"AKORN",
204851,"ANDA",,"IMPAX LABS INC",
204853,"ANDA",,"NOVAST LABS",
204854,"ANDA",,"DAEWOONG PHARM CO",
204855,"ANDA",,"ACTAVIS LABS FL INC",
204857,"ANDA",,"AMNEAL PHARMS NY",
204866,"ANDA",,"HIKMA PHARMS",
204867,"ANDA",,"ACTAVIS LABS FL INC",
204868,"ANDA",,"ACTAVIS LABS FL INC",
204869,"ANDA",,"STRIDES PHARMA",
204872,"ANDA",,"LNK INTL INC",
204876,"ANDA",,"APOTEX INC",
204879,"ANDA",,"MYLAN INSTITUTIONAL",
204882,"ANDA",,"RUBICON RES PVT LTD",
204883,"ANDA",,"RUBICON RES PVT LTD",
204886,"NDA",,"ARALEZ PHARMS",
204890,"ANDA",,"QILU PHARM CO LTD",
204891,"ANDA",,"ORIT LABS LLC",
204893,"ANDA",,"LUPIN LTD",
204895,"ANDA",,"AUROBINDO PHARMA LTD",
204900,"ANDA",,"SOVEREIGN PHARMS",
204906,"ANDA",,"MYLAN LABS LTD",
204910,"ANDA",,"DR REDDYS LABS LTD",
204912,"ANDA",,"AKORN INC",
204914,"NDA",,"MYLAN LABS",
204915,"NDA",,"MYLAN LABS LTD",
204921,"ANDA",,"MSN LABS PVT LTD",
204922,"ANDA",,"AUROLIFE PHARMA LLC",
204923,"ANDA",,"AUROLIFE PHARMA LLC",
204929,"ANDA",,"RISING PHARMS",
204936,"ANDA",,"APOTEX INC",
204940,"ANDA",,"AMNEAL PHARMS",
204945,"ANDA",,"HERITAGE PHARMS INC",
204948,"ANDA",,"MARKSANS PHARMA",
204949,"ANDA",,"MYLAN INSTITUTIONAL",
204950,"ANDA",,"PAR STERILE PRODUCTS",
204954,"ANDA",,"BRECKENRIDGE PHARM",
204958,"NDA",,"CHIESI USA INC",
204960,"ANDA",,"JIANGSU HENGRUI MED",
204965,"ANDA",,"ACTAVIS MID ATLANTIC",
204971,"ANDA",,"ACTAVIS ELIZABETH",
204972,"ANDA",,"ACTAVIS ELIZABETH",
204973,"ANDA",,"ALEMBIC PHARMS LTD",
204974,"ANDA",,"ALEMBIC PHARMS LTD",
204975,"ANDA",,"DR REDDYS LABS LTD",
204977,"NDA",,"OSMOTICA",
204979,"ANDA",,"ANI PHARMS INC",
204980,"ANDA",,"GLENMARK PHARMS LTD",
204983,"ANDA",,"LUPIN LTD",
204984,"ANDA",,"CNTY LINE PHARMS",
204988,"ANDA",,"WEST-WARD PHARMS INT",
204989,"ANDA",,"SCIEGEN PHARMS INC",
204990,"ANDA",,"LUPIN LTD",
204994,"ANDA",,"AUROBINDO PHARMA LTD",
204997,"ANDA",,"MYLAN INSTITUTIONAL",
204999,"ANDA",,"TEVA PHARMS USA",
205001,"ANDA",,"PAR PHARM",
205002,"ANDA",,"AMNEAL PHARMS",
205003,"NDA",,"MARINA BIOTECH",
205004,"NDA",,"FRESENIUS KABI USA",
205006,"ANDA",,"GLENMARK PHARMS LTD",
205007,"ANDA",,"AUROBINDO PHARMA LTD",
205008,"ANDA",,"KEN LIFESCIENCE",
205011,"ANDA",,"ACCORD HLTHCARE INC",
205012,"ANDA",,"ACCORD HLTHCARE INC",
205013,"ANDA",,"AUROBINDO PHARMA LTD",
205014,"ANDA",,"MYLAN INSTITUTIONAL",
205015,"ANDA",,"ALKEM LABS LTD",
205017,"ANDA",,"KEN LIFESCIENCE",
205019,"ANDA",,"KEN LIFESCIENCE",
205022,"ANDA",,"LANNETT CO INC",
205026,"ANDA",,"MYLAN PHARMS INC",
205029,"NDA",,"BELCHER PHARMS LLC",
205031,"ANDA",,"SUN PHARMA GLOBAL",
205032,"ANDA",,"SUN PHARM INDS INC",
205033,"ANDA",,"PERRIGO ISRAEL",
205034,"ANDA",,"AMNEAL PHARMS",
205035,"ANDA",,"AUROBINDO PHARMA LTD",
205039,"ANDA",,"HIKMA PHARMS",
205040,"NDA",,"CIPLA LIMITED",
205046,"ANDA",,"WEST-WARD PHARMS INT",
205049,"ANDA",,"MYLAN LABS LTD",
205050,"ANDA",,"MYLAN PHARMS INC",
205053,"NDA",,"MERCK SHARP DOHME",
205055,"ANDA",,"ALVOGEN MALTA",
205057,"ANDA",,"ROXANE",
205060,"NDA",,"ASTRAZENECA PHARMS",
205062,"ANDA",,"PAR PHARM INC",
205064,"ANDA",,"HETERO LABS LTD V",
205065,"NDA",,"BIOMARIN PHARM",
205071,"ANDA",,"USPHARMA WINDLAS",
205072,"ANDA",,"CSPC OUYI PHARM CO",
205074,"ANDA",,"ALEMBIC PHARMS LTD",
205075,"ANDA",,"GLENMARK PHARMS LTD",
205076,"ANDA",,"TARO PHARMS",
205078,"ANDA",,"SUN PHARMA GLOBAL",
205080,"ANDA",,"AMNEAL PHARMS",
205081,"ANDA",,"AMNEAL PHARMS",
205082,"ANDA",,"ACTAVIS MID ATLANTIC",
205085,"ANDA",,"ORIENT PHARMA CO LTD",
205087,"ANDA",,"INGENUS PHARMS NJ",
205095,"ANDA",,"MYLAN PHARMS INC",
205096,"ANDA",,"CSPC OUYI PHARM CO",
205098,"NDA",,"PROVENSIS",
205101,"ANDA",,"SCIEGEN PHARMS INC",
205102,"ANDA",,"SECAN PHARMS",
205103,"NDA",,"GENUS LIFESCIENCES",
205105,"ANDA",,"IMPAX LABS INC",
205106,"ANDA",,"SANDOZ INC",
205108,"NDA",,"ARBOR PHARMS LLC",
205109,"NDA",,"VIFOR FRESENIUS",
205112,"ANDA",,"TARO PHARM",
205115,"ANDA",,"ZYDUS PHARMS USA INC",
205118,"ANDA",,"AUROBINDO PHARMA LTD",
205119,"ANDA",,"AMNEAL PHARMS",
205120,"ANDA",,"CNTY LINE PHARMS",
205122,"NDA",,"UPSHER-SMITH LABS",
205123,"NDA",,"JANSSEN PRODS",
205126,"ANDA",,"WILSHIRE PHARMS INC",
205128,"ANDA",,"ACTAVIS LABS UT INC",
205133,"ANDA",,"MYLAN",
205137,"ANDA",,"INVAGEN PHARMS",
205150,"ANDA",,"INVENTIA HLTHCARE",
205152,"ANDA",,"MYLAN PHARMS INC",
205153,"ANDA",,"ANI PHARMS INC",
205160,"ANDA",,"MYLAN LABS LTD",
205166,"ANDA",,"HETERO LABS LTD V",
205171,"ANDA",,"MYLAN PHARMS INC",
205175,"NDA",,"CHEMO RESEARCH SL",
205177,"ANDA",,"ANI PHARMS INC",
205179,"ANDA",,"AKORN",
205180,"ANDA",,"ACTAVIS MID ATLANTIC",
205186,"ANDA",,"AJANTA PHARMA LTD",
205192,"ANDA",,"ZYDUS PHARMS USA INC",
205208,"NDA",,"TEVA PHARMS USA",
205209,"ANDA",,"TORRENT PHARMS LTD",
205210,"ANDA",,"HERITAGE PHARMA",
205217,"ANDA",,"LUPIN LTD",
205220,"ANDA",,"ACTAVIS LABS FL INC",
205223,"NDA",,"CHEMO RESEARCH SL",
205227,"ANDA",,"MYLAN PHARMS INC",
205228,"ANDA",,"ZYDUS PHARMS USA INC",
205233,"ANDA",,"ALEMBIC PHARMS LTD",
205234,"ANDA",,"ALEMBIC PHARMS LTD",
205236,"ANDA",,"SCIEGEN PHARMS INC",
205239,"ANDA",,"MYLAN INSTITUTIONAL",
205241,"ANDA",,"GLAND PHARMA LTD",
205245,"ANDA",,"APPCO PHARMA LLC",
205248,"ANDA",,"ZYDUS PHARMS USA INC",
205256,"ANDA",,"AMNEAL PHARMS",
205257,"ANDA",,"MYLAN PHARMS INC",
205258,"ANDA",,"APOTEX INC",
205266,"NDA",,"SUN PHARMA GLOBAL",
205267,"ANDA",,"GLENMARK PHARMS LTD",
205278,"ANDA",,"MYLAN LABS LTD",
205279,"ANDA",,"ACCORD HLTHCARE",
205280,"ANDA",,"ORCHID HLTHCARE",
205286,"ANDA",,"LUPIN LTD",
205291,"ANDA",,"STRIDES PHARMA",
205292,"ANDA",,"PADDOCK LLC",
205300,"ANDA",,"TEVA PHARMS USA",
205302,"ANDA",,"STRIDES ARCOLAB LTD",
205304,"ANDA",,"EDENBRIDGE PHARMS",
205307,"ANDA",,"WATSON LABS INC",
205309,"ANDA",,"AKORN",
205318,"ANDA",,"TELIGENT PHARMA INC",
205321,"ANDA",,"AUROBINDO PHARMA USA",
205322,"ANDA",,"AUROBINDO PHARMA LTD",
205323,"ANDA",,"GLAND PHARMA LTD",
205327,"ANDA",,"OSMOTICA",
205332,"ANDA",,"AUROBINDO PHARMA LTD",
205342,"ANDA",,"CINTEX SVCS",
205343,"ANDA",,"CINTEX SVCS",
205348,"ANDA",,"CROSSMEDIKA SA",
205352,"NDA",,"BAYER HLTHCARE",
205353,"NDA",,"NOVARTIS PHARMS CORP",
205354,"ANDA",,"MONTEREY PHARMS LLC",
205355,"NDA",,"HETERO LABS LTD III",
205356,"ANDA",,"XELLIA PHARMS APS",
205357,"ANDA",,"HUAREN PHARMACEUTICAL CO LTD",
205358,"ANDA",,"PAR STERILE PRODUCTS",
205366,"ANDA",,"PAR STERILE PRODUCTS",
205367,"ANDA",,"MYLAN PHARMS INC",
205373,"ANDA",,"TELIGENT PHARMA INC",
205375,"ANDA",,"DR REDDYS LABS LTD",
205379,"ANDA",,"ACCORD HLTHCARE",
205382,"NDA",,"GLAXO GRP ENGLAND",
205383,"NDA",,"INTERPHARMA PRAHA AS",
205385,"ANDA",,"MYLAN PHARMS INC",
205386,"ANDA",,"MAYNE PHARMA INC",
205388,"NDA",,"OMEROS",
205389,"NDA",,"MICRO LABS LTD INDIA",
205390,"ANDA",,"GLAND PHARMA LTD",
205391,"ANDA",,"AUROBINDO PHARMA LTD",
205395,"NDA",,"JANSSEN PRODS",
205397,"ANDA",,"PERRIGO ISRAEL",
205404,"ANDA",,"SAGENT PHARMS",
205406,"ANDA",,"LUPIN LTD",
205407,"ANDA",,"JUBILANT GENERICS",
205410,"NDA",,"PIERRE FABRE DERMA",
205412,"ANDA",,"HETERO LABS LTD V",
205414,"ANDA",,"ROXANE",
205415,"ANDA",,"NOSTRUM LABS INC",
205421,"ANDA",,"ALEMBIC PHARMS LTD",
205422,"NDA",,"OTSUKA PHARM CO LTD",
205425,"NDA",,"CIPLA LTD",
205429,"ANDA",,"ALVOGEN",
205433,"NDA",,"PULMOFLOW INC",
205434,"NDA",,"GLAXOSMITHKLINE CONS",
205435,"NDA",,"CUBIST PHARMS LLC",
205436,"NDA",,"CUBIST PHARMS LLC",
205437,"NDA",,"CELGENE CORP",
205438,"ANDA",,"HI-TECH PHARMACAL",
205439,"ANDA",,"HUAREN PHARMACEUTICAL CO LTD",
205441,"ANDA",,"AUROBINDO PHARMA LTD",
205442,"ANDA",,"HOSPIRA INC",
205444,"ANDA",,"ACTAVIS LABS FL INC",
205446,"ANDA",,"BIO-PHARM INC",
205447,"ANDA",,"BRECKENRIDGE PHARM",
205449,"ANDA",,"AUROBINDO PHARMA LTD",
205468,"ANDA",,"NOSTRUM LABS INC",
205469,"ANDA",,"TARO",
205473,"ANDA",,"PAR STERILE PRODUCTS",
205474,"NDA",,"SOVEREIGN PHARMS",
205476,"ANDA",,"INNOPHARMA LICENSING",
205480,"ANDA",,"WEST-WARD PHARMS INT",
205482,"ANDA",,"JUBILANT GENERICS",
205483,"ANDA",,"AJANTA PHARMA LTD",
205487,"ANDA",,"EUGIA PHARMA",
205488,"NDA",,"AYTU BIOSCIENCE INC",
205489,"NDA",,"NEOS THERAPS INC",
205490,"ANDA",,"PERRIGO R AND D",
205493,"NDA",,"MICRO LABS LTD",
205494,"NDA",,"GENZYME CORP",
205497,"ANDA",,"AUROBINDO PHARMA LTD",
205501,"ANDA",,"AMNEAL PHARMS",
205508,"NDA",,"EMCURE PHARMS LTD",
205510,"ANDA",,"GLENMARK PHARMS LTD",
205512,"ANDA",,"STRIDES PHARMA",
205513,"ANDA",,"STRIDES PHARMA",
205517,"ANDA",,"ALKEM LABS LTD",
205519,"ANDA",,"SCIEGEN PHARMS INC",
205520,"ANDA",,"AUROBINDO PHARMA LTD",
205523,"ANDA",,"AJANTA PHARMA LTD",
205525,"NDA",,"INSYS DEV CO INC",
205528,"ANDA",,"JUBILANT GENERICS",
205530,"ANDA",,"HERITAGE PHARMA",
205531,"ANDA",,"MYLAN LABS LTD",
205532,"ANDA",,"HERITAGE PHARMA",
205533,"ANDA",,"APOTEX INC",
205545,"ANDA",,"AJANTA PHARMA LTD",
205549,"ANDA",,"PII",
205550,"ANDA",,"JUBILANT GENERICS",
205551,"NDA",,"VIIV HLTHCARE",
205552,"NDA",,"PHARMACYCLICS INC",
205555,"NDA",,"NOVATECH SA",
205564,"ANDA",,"MACLEODS PHARMS LTD",
205566,"ANDA",,"GLENMARK PHARMS LTD",
205570,"ANDA",,"GLAND PHARMA LTD",
205572,"NDA",,"FRESENIUS KABI USA",
205573,"ANDA",,"AMNEAL PHARMS",
205574,"ANDA",,"ACCORD HLTHCARE",
205579,"NDA",,"EAGLE PHARMS",
205580,"NDA",,"EAGLE PHARMS",
205581,"ANDA",,"AMNEAL PHARMS",
205582,"NDA",,"SUN PHARMA GLOBAL",
205583,"NDA",,"SUN PHARMA GLOBAL",
205587,"ANDA",,"LUPIN LTD",
205588,"ANDA",,"LUPIN LTD",
205591,"ANDA",,"G AND W LABS INC",
205592,"ANDA",,"G AND W LABS INC",
205596,"NDA",,"MERCK SHARP DOHME",
205598,"NDA",,"STRONGBRIDGE IRELAND",
205604,"ANDA",,"FRESENIUS KABI USA",
205605,"ANDA",,"FRESENIUS KABI USA",
205606,"ANDA",,"AUROBINDO PHARMA LTD",
205609,"ANDA",,"EDENBRIDGE PHARMS",
205612,"ANDA",,"AUROBINDO PHARMA LTD",
205613,"NDA",,"VALEANT PHARMS INTL",
205619,"ANDA",,"AMNEAL PHARMS",
205625,"NDA",,"GLAXOSMITHKLINE",
205626,"NDA",,"MICRO LABS",
205629,"ANDA",,"OSMOTICA",
205630,"ANDA",,"LUPIN LTD",
205634,"ANDA",,"SUN PHARM INDUSTRIES",
205636,"NDA",,"TEVA BRANDED PHARM",
205637,"NDA",,"BDSI",
205641,"NDA",,"MERCK SHARP DOHME",
205645,"NDA",,"FRESENIUS KABI USA",
205647,"ANDA",,"HI-TECH PHARMACAL",
205648,"ANDA",,"QILU PHARM CO LTD",
205649,"NDA",,"ASTRAZENECA AB",
205650,"ANDA",,"ZYDUS PHARMS USA INC",
205651,"ANDA",,"MYLAN PHARMS INC",
205657,"ANDA",,"MAYNE PHARMA INC",
205658,"ANDA",,"MAYNE PHARMA INC",
205661,"ANDA",,"AUROBINDO PHARMA LTD",
205663,"ANDA",,"UNIQUE PHARM LABS",
205666,"ANDA",,"AMNEAL PHARMS LLC",
205670,"ANDA",,"PRINSTON INC",
205675,"ANDA",,"AUROBINDO PHARMA LTD",
205677,"NDA",,"VANDA PHARMS INC",
205682,"ANDA",,"WATSON LABS INC",
205683,"ANDA",,"ANBISON LAB",
205685,"ANDA",,"XELLIA PHARMS APS",
205687,"ANDA",,"ESSENTIAL ISOTOPES",
205690,"ANDA",,"UNIV TX MD ANDERSON",
205692,"NDA",,"ELI LILLY AND CO",
205694,"ANDA",,"GLAND PHARMA LTD",
205695,"ANDA",,"ANBISON LAB",
205702,"ANDA",,"MACLEODS PHARMS LTD",
205703,"NDA",,"HQ SPCLT PHARMA",
205704,"NDA",,"AIR LIQUIDE AMERICA SPECIALITY GASES",
205707,"ANDA",,"MICRO LABS LTD INDIA",
205711,"NDA",,"AIR LIQUIDE AMERICA SPECIALITY GASES",
205712,"NDA",,"AIR LIQUID INDUSTRIAL US LP",
205713,"NDA",,"AIR LIQUID INDUSTRIAL US LP",
205718,"NDA",,"HELSINN HLTHCARE",
205724,"ANDA",,"PAR PHARM INC",
205727,"ANDA",,"BELCHER PHARMS LLC",
205731,"ANDA",,"PADDOCK LLC",
205737,"NDA",,"AIR LIQUIDE LARGE INDUSTRIES US LP",
205738,"NDA",,"AIR LIQUIDE LARGE INDUSTRIES US LP",
205739,"NDA",,"RELYPSA INC",
205740,"ANDA",,"HETERO LABS LTD V",
205742,"ANDA",,"PAR PHARM INC",
205743,"ANDA",,"PAR PHARM INC",
205747,"NDA",,"ELI LILLY AND CO",
205749,"ANDA",,"GLAND PHARMA LTD",
205750,"NDA",,"RTRX",
205752,"ANDA",,"SPECTRUM PHARMS",
205755,"NDA",,"NOVARTIS PHARMS CORP",
205756,"ANDA",,"TEDOR PHARMA INC",
205758,"ANDA",,"EUROHLTH INTL SARL",
205761,"ANDA",,"AUROBINDO PHARMA LTD",
205762,"ANDA",,"AUROBINDO PHARMA LTD",
205764,"NDA",,"LINDE NORTH AMERICA INC",
205765,"NDA",,"LINDE NORTH AMERICA INC",
205766,"NDA",,"LINDE NORTH AMERICA INC",
205767,"NDA",,"LINDE NORTH AMERICA INC",
205771,"ANDA",,"HIKMA PHARMS",
205772,"ANDA",,"GLENMARK PHARMS",
205776,"NDA",,"MEDAC PHARMA INC",
205777,"NDA",,"PURDUE PHARMA LP",
205779,"ANDA",,"AUROBINDO PHARMA LTD",
205780,"ANDA",,"AUROBINDO PHARMA LTD",
205781,"ANDA",,"PERRIGO UK FINCO",
205782,"ANDA",,"PERRIGO UK FINCO",
205784,"ANDA",,"ANCHEN PHARMS",
205786,"NDA",,"MERCK SHARP DOHME",
205787,"NDA",,"KALEO INC",
205794,"ANDA",,"SCIEGEN PHARMS INC",
205796,"NDA",,"MACHINE & WELDING SUPPLY CO",
205798,"ANDA",,"ZYDUS PHARMS USA INC",
205801,"ANDA",,"WEST-WARD PHARMS INT",
205803,"NDA",,"WYNN L MADER, INDUSTRIAL GAS DISTRIBUTORS",
205804,"NDA",,"PURITY CYLINDER GASES, INC",
205805,"NDA",,"NORCO INC",
205807,"ANDA",,"TEVA PHARMS USA",
205809,"NDA",,"WESTAIR GASES & EQUIPMENT INC",
205811,"ANDA",,"ACTAVIS LABS FL INC",
205814,"ANDA",,"AUROLIFE PHARMA LLC",
205815,"NDA",,"LINDE MERCHANT PRODUCTIONS INC",
205816,"NDA",,"LINDE GAS PUERTO RICO INC",
205817,"NDA",,"LINDE NORTH AMERICA INC",
205818,"NDA",,"LINDE GAS PUERTO RICO INC",
205819,"NDA",,"NORCO INC",
205820,"NDA",,"NORCO INC",
205821,"NDA",,"SCOTT-GROSS COMPANY",
205823,"ANDA",,"PRINSTON INC",
205825,"ANDA",,"AMNEAL PHARMS",
205826,"NDA",,"DUPUY OXYGEN",
205827,"NDA",,"AIR LIQUIDE AMERICA LP",
205828,"NDA",,"AIR LIQUIDE AMERICA LP",
205829,"NDA",,"AIR LIQUIDE AMERICA LP",
205831,"NDA",,"RHODES PHARMS",
205832,"NDA",,"BOEHRINGER INGELHEIM",
205833,"ANDA",,"MYLAN LABS LTD",
205834,"NDA",,"GILEAD SCIENCES INC",
205835,"ANDA",,"AUROBINDO PHARMA LTD",
205836,"NDA",,"UCB INC",
205837,"NDA",,"UCB INC",
205838,"NDA",,"UCB INC",
205839,"NDA",,"AIRGAS MERCHANTS GASES LLC",
205840,"NDA",,"AIRGAS MERCHANTS GASES LLC",
205843,"NDA",,"AIRGAS USA LLC",
205845,"NDA",,"AIRGAS USA LLC",
205846,"NDA",,"AIRGAS CARBONIC INC",
205847,"NDA",,"OXARC INC",
205849,"NDA",,"PRAXAIR INC",
205850,"NDA",,"PRAXAIR INC",
205851,"NDA",,"PRAXAIR INC",
205852,"NDA",,"PRAXAIR INC",
205858,"NDA",,"GILEAD SCIENCES INC",
205859,"NDA",,"NEXAIR",
205861,"NDA",,"MACLEODS PHARMS LTD",
205862,"NDA",,"ASPEN AIR",
205863,"NDA",,"ASPEN AIR",
205864,"NDA",,"AIR PRODUCTS AND CHEMICALS INC",
205865,"NDA",,"AIR PRODUCTS AND CHEMICALS INC",
205866,"NDA",,"AIR PRODUCTS AND CHEMICALS INC",
205867,"ANDA",,"AUROBINDO PHARMA LTD",
205870,"ANDA",,"SAGENT PHARMS",
205872,"ANDA",,"ACCORD HLTHCARE",
205873,"ANDA",,"ACCORD HLTHCARE",
205874,"NDA",,"KERYX BIOPHARMS",
205876,"ANDA",,"APOTEX INC",
205878,"ANDA",,"NOVEL LABS INC",
205879,"NDA",,"JANSSEN PHARMS",
205880,"ANDA",,"NAVINTA LLC",
205883,"ANDA",,"AMNEAL PHARMS",
205885,"ANDA",,"WATSON LABS INC",
205888,"ANDA",,"AUROBINDO PHARMA LTD",
205889,"NDA",,"MATHESON TRI-GAS INC",
205890,"NDA",,"MATHESON TRI-GAS INC",
205891,"NDA",,"MATHESON TRI-GAS INC",
205895,"ANDA",,"ALKEM LABS LTD",
205897,"ANDA",,"PANACEA BIOTEC LTD",
205901,"ANDA",,"HETERO LABS LTD V",
205903,"ANDA",,"GLENMARK GENERICS",
205905,"ANDA",,"SUN PHARMA GLOBAL",
205909,"NDA",,"PRAXAIR DISTRIBUTION INC",
205910,"NDA",,"PRAXAIR DISTRIBUTION MID-ATLANTIC LLC",
205911,"NDA",,"PRAXAIR DISTRIBUTION MID-ATLANTIC LLC",
205912,"NDA",,"PRAXAIR DISTRIBUTION INC",
205917,"NDA",,"HIKMA PHARMS",
205919,"NDA",,"NOVA LABS LTD",
205921,"ANDA",,"MYLAN LABS LTD",
205924,"ANDA",,"MACLEODS PHARMS LTD",
205927,"ANDA",,"MYLAN PHARMS INC",
205931,"NDA",,"AQUA PHARMS LLC",
205932,"ANDA",,"ORIENT PHARMA CO LTD",
205934,"NDA",,"EAGLE PHARMS",
205935,"ANDA",,"SANDOZ INC",
205937,"ANDA",,"AKORN INC",
205941,"ANDA",,"AMNEAL PHARMS",
205942,"ANDA",,"AMNEAL PHARMS",
205943,"ANDA",,"LUPIN LTD",
205955,"ANDA",,"SAWAI USA",
205959,"ANDA",,"PAR PHARM",
205961,"ANDA",,"AMNEAL PHARMS NY",
205962,"ANDA",,"AUROBINDO PHARMA LTD",
205968,"ANDA",,"ZYDUS PHARMS USA INC",
205971,"ANDA",,"TARO PHARM INDS LTD",
205972,"ANDA",,"AUROBINDO PHARMA LTD",
205973,"ANDA",,"WILSHIRE PHARMS INC",
205975,"ANDA",,"TARO PHARMS",
205976,"ANDA",,"PAR PHARM INC",
205985,"NDA",,"PRAXAIR CANADA INC",
205986,"NDA",,"PRAXAIR CANADA INC",
205988,"ANDA",,"MACLEODS PHARMS LTD",
205991,"ANDA",,"ACCORD HLTHCARE",
205992,"NDA",,"UNITED STATES WELDING INC",
205993,"ANDA",,"PADDOCK LLC",
205994,"ANDA",,"GLENMARK PHARMS",
205995,"ANDA",,"ZYDUS PHARMS USA INC",
205999,"NDA",,"ACETYLENE OXYGENE CO",
206001,"ANDA",,"MYLAN LABS LTD",
206003,"ANDA",,"NOVEL LABS INC",
206005,"ANDA",,"CRANE PHARMS LLC",
206006,"ANDA",,"RISING PHARMS",
206009,"NDA",,"NITROUS OXIDE CORP",
206010,"ANDA",,"AUROBINDO PHARMA LTD",
206011,"ANDA",,"AUROBINDO PHARMA LTD",
206014,"NDA",,"NITROUS OXIDE OF CANADA",
206015,"ANDA",,"AUROBINDO PHARMA LTD",
206018,"ANDA",,"ACTAVIS LLC",
206020,"ANDA",,"TEVA PHARMS USA",
206023,"NDA",,"AIRGAS USA LLC",
206024,"NDA",,"AIRGAS USA LLC",
206025,"NDA",,"AIRGAS USA LLC",
206026,"NDA",,"AIR LIQUIDE HEALTHCARE AMERICA CORP",
206028,"ANDA",,"LUPIN LTD",
206029,"ANDA",,"LUPIN LTD",
206030,"NDA",,"LUNDBECK PHARMS LLC",
206032,"ANDA",,"MYLAN PHARMS INC",
206038,"NDA",,"VERTEX PHARMS INC",
206039,"ANDA",,"EXELA PHARMA SCS LLC",
206040,"NDA",,"MYLAN LABS LTD",
206041,"NDA",,"MYLAN LABS LTD",
206042,"NDA",,"MYLAN LABS LTD",
206043,"ANDA",,"INGENUS PHARMS NJ",
206046,"ANDA",,"CIPLA LTD",
206053,"ANDA",,"MYLAN LABS LTD",
206058,"ANDA",,"ACCORD HLTHCARE",
206073,"NDA",,"BOEHRINGER INGELHEIM",
206075,"ANDA",,"NOVEL LABS INC",
206079,"ANDA",,"IMPAX LABS INC",
206080,"ANDA",,"SANDOZ INC",
206083,"ANDA",,"PRINSTON INC",
206084,"ANDA",,"WATSON LABS TEVA",
206086,"ANDA",,"SAVIOR LIFETEC CORP",
206087,"ANDA",,"CIPLA LTD",
206088,"NDA",,"CELGENE CORP",
206096,"ANDA",,"MYLAN LABS LTD",
206097,"ANDA",,"ZYDUS PHARMS USA INC",
206098,"ANDA",,"ALEMBIC PHARMS LTD",
206099,"NDA",,"AVANIR PHARMS",
206105,"ANDA",,"NUVO PHARMS INC",
206110,"NDA",,"FRESENIUS KABI USA",
206111,"NDA",,"BOEHRINGER INGELHEIM",
206112,"ANDA",,"PERRIGO R AND D",
206116,"ANDA",,"AMNEAL PHARMS",
206120,"ANDA",,"MYLAN LABS LTD",
206121,"ANDA",,"UNIQUE PHARM LABS",
206122,"ANDA",,"SCIEGEN PHARMS INC",
206125,"ANDA",,"AUROBINDO PHARMA LTD",
206126,"ANDA",,"AUROBINDO PHARMA LTD",
206127,"ANDA",,"AUROBINDO PHARMA LTD",
206128,"ANDA",,"AUROBINDO PHARMA LTD",
206129,"ANDA",,"SUN PHARMA GLOBAL",
206134,"ANDA",,"ZYDUS PHARMS USA INC",
206135,"ANDA",,"APOTEX INC",
206136,"ANDA",,"PII",
206137,"ANDA",,"PAR PHARM INC",
206141,"ANDA",,"GLAND PHARMA LTD",
206142,"ANDA",,"NOVEL LABS INC",
206143,"NDA",,"AMGEN INC",
206151,"ANDA",,"AUROBINDO PHARMA LTD",
206156,"ANDA",,"MACLEODS PHARMS LTD",
206159,"ANDA",,"PAR PHARM INC",
206162,"NDA",,"ASTRAZENECA PHARMS",
206163,"ANDA",,"PIRAMAL CRITICAL",
206167,"ANDA",,"TEVA PHARMS USA INC",
206171,"ANDA",,"SPECTRA MDCL DEVICES",
206173,"ANDA",,"CADILA PHARMS LTD",
206174,"ANDA",,"AJANTA PHARMA LTD",
206177,"ANDA",,"DFB ONCOLOGY LTD",
206181,"ANDA",,"AJANTA PHARMA LTD",
206185,"NDA",,"SUN PHARMA GLOBAL",
206192,"NDA",,"GENENTECH INC",
206194,"ANDA",,"HISUN PHARM HANGZHOU",
206197,"ANDA",,"FRESENIUS KABI USA",
206200,"ANDA",,"AMNEAL PHARMS",
206201,"ANDA",,"MAYNE PHARMA INC",
206203,"ANDA",,"EXELA PHARMA SCS LLC",
206204,"ANDA",,"FRESENIUS KABI USA",
206206,"ANDA",,"AUROBINDO PHARMA LTD",
206211,"ANDA",,"MISSION PHARMACAL CO",
206214,"ANDA",,"MARKSANS PHARMA",
206217,"ANDA",,"AUROBINDO PHARMA LTD",
206229,"NDA",,"MEDICINES360",
206243,"ANDA",,"XELLIA PHARMS APS",
206245,"ANDA",,"NOVEL LABS INC",
206251,"ANDA",,"ACCORD HLTHCARE",
206252,"ANDA",,"ACCORD HLTHCARE",
206255,"NDA",,"GALDERMA LABS LP",
206256,"NDA",,"SPECTRUM PHARMS",
206260,"ANDA",,"PHARMADAX INC",
206263,"ANDA",,"WEST-WARD PHARMS INT",
206266,"ANDA",,"PRINSTON PHARMA INC",
206271,"ANDA",,"MYLAN PHARMS INC",
206276,"NDA",,"NOVARTIS PHARMS CORP",
206285,"ANDA",,"AUROBINDO PHARMA LTD",
206286,"ANDA",,"AUROBINDO PHARMA LTD",
206287,"ANDA",,"LUPIN ATLANTIS",
206288,"ANDA",,"CIPLA LTD",
206289,"NDA",,"AKORN",
206294,"ANDA",,"PAR PHARM INC",
206297,"ANDA",,"AMNEAL PHARMS",
206298,"ANDA",,"TARO",
206302,"NDA",,"ALLERGAN SALES LLC",
206304,"ANDA",,"COREPHARMA",
206306,"ANDA",,"SOMERSET THERAPS LLC",
206307,"NDA",,"MERLION PHARMS GMBH",
206308,"ANDA",,"RHODES PHARMS",
206309,"ANDA",,"RISING PHARMS",
206310,"ANDA",,"MACLEODS PHARMS LTD",
206312,"ANDA",,"AKORN",
206314,"ANDA",,"TARO PHARM",
206316,"NDA",,"DAIICHI SANKYO INC",
206317,"NDA",,"ROCKWELL MEDICAL INC",
206319,"ANDA",,"GLOBAL ISOTOPES LLC",
206321,"NDA",,"NOVO NORDISK INC",
206323,"NDA",,"SPRIASO LLC",
206333,"NDA",,"KYTHERA BIOPHARMS",
206334,"NDA",,"MELINTA THERAP",
206336,"ANDA",,"PAR PHARM INC",
206340,"ANDA",,"ACTAVIS ELIZABETH",
206342,"ANDA",,"POLYGEN PHARMS",
206344,"ANDA",,"PHARM ASSOC",
206347,"ANDA",,"NOVEL LABS INC",
206348,"ANDA",,"ACTAVIS LABS UT INC",
206352,"NDA",,"BRISTOL MYERS SQUIBB",
206353,"NDA",,"BRISTOL-MYERS SQUIBB",
206355,"ANDA",,"APOTEX INC",
206356,"NDA",,"SWEDISH ORPHAN",
206367,"ANDA",,"INVAGEN PHARMS",
206369,"ANDA",,"WEST-WARD PHARMS INT",
206373,"ANDA",,"INTERGEL PHARMS INC",
206378,"ANDA",,"ZYDUS PHARMS USA INC",
206379,"ANDA",,"GLENMARK PHARMS LTD",
206382,"ANDA",,"SCIEGEN PHARMS INC",
206383,"ANDA",,"SCIEGEN PHARMS INC",
206384,"ANDA",,"SCIEGEN PHARMS INC",
206388,"ANDA",,"TEVA PHARMS USA",
206392,"ANDA",,"AMNEAL PHARMS",
206393,"ANDA",,"PERRIGO R AND D",
206394,"ANDA",,"PERRIGO R AND D",
206398,"ANDA",,"ALVOGEN INC",
206401,"ANDA",,"AJANTA PHARMA LTD",
206402,"ANDA",,"ALKEM LABS LTD",
206404,"ANDA",,"SAGENT PHARMS",
206406,"NDA",,"VELOXIS PHARMS INC",
206409,"ANDA",,"ZYDUS PHARMS USA INC",
206413,"ANDA",,"IDT AUSTRALIA LTD",
206416,"ANDA",,"MYLAN INSTITUTIONAL",
206418,"ANDA",,"WEST-WARD PHARMS INT",
206420,"ANDA",,"RHODES PHARMS",
206422,"ANDA",,"GAVIS PHARMS LLC",
206426,"NDA",,"BIOCRYST",
206433,"ANDA",,"AUROBINDO PHARMA LTD",
206434,"ANDA",,"ACCORD HLTHCARE",
206436,"ANDA",,"MYLAN PHARMS INC",
206437,"ANDA",,"TOLMAR",
206438,"ANDA",,"TRIS PHARMA INC",
206439,"NDA",,"ALLERGAN SALES LLC",
206440,"ANDA",,"PERRIGO UK FINCO",
206441,"ANDA",,"PERRIGO ISRAEL",
206447,"ANDA",,"MICRO LABS LTD",
206448,"ANDA",,"CIPLA LTD",
206451,"NDA",,"CIPLA",
206452,"ANDA",,"CADILA PHARMS LTD",
206456,"ANDA",,"WOCKHARDT BIO AG",
206465,"ANDA",,"ALKEM LABS LTD",
206470,"ANDA",,"ACTAVIS LABS FL INC",
206473,"NDA",,"HOSPIRA INC",
206477,"ANDA",,"LANNETT CO INC",
206484,"ANDA",,"UPSHER-SMITH LABS",
206485,"ANDA",,"FRESENIUS KABI USA",
206486,"ANDA",,"FRESENIUS KABI USA",
206488,"NDA",,"SAREPTA THERAPS INC",
206493,"ANDA",,"ACTAVIS MID ATLANTIC",
206494,"NDA",,"ALLERGAN SALES LLC",
206498,"ANDA",,"GLENMARK PHARMS LTD",
206500,"NDA",,"TERSERA THERAPS LLC",
206503,"ANDA",,"SOMERSET THERAPS LLC",
206505,"ANDA",,"NOVITIUM PHARMA",
206510,"NDA",,"MERCK SHARP DOHME",
206511,"ANDA",,"AUROBINDO PHARMA LTD",
206512,"ANDA",,"AUROBINDO PHARMA LTD",
206515,"ANDA",,"TORRENT PHARMS LTD",
206516,"ANDA",,"ACTAVIS LLC",
206528,"ANDA",,"AJANTA PHARMA LTD",
206529,"ANDA",,"LUPIN LTD",
206530,"ANDA",,"AUROBINDO PHARMA LTD",
206531,"ANDA",,"AUROBINDO PHARMA LTD",
206538,"NDA",,"SANOFI US SERVICES",
206541,"ANDA",,"LUPIN PHARMS",
206543,"ANDA",,"AUROBINDO PHARMA LTD",
206544,"NDA",,"DAIICHI SANKYO INC",
206545,"NDA",,"GILEAD SCIENCES INC",
206548,"ANDA",,"AUROBINDO PHARMA LTD",
206551,"ANDA",,"ACCORD HLTHCARE",
206552,"ANDA",,"FRESENIUS KABI USA",
206553,"ANDA",,"APPCO PHARMA LLC",
206555,"ANDA",,"TEVA PHARMS",
206556,"ANDA",,"INVAGEN PHARMS",
206560,"ANDA",,"ZYDUS PHARMS USA INC",
206561,"ANDA",,"NAVINTA LLC",
206568,"ANDA",,"HUMANWELL PURACAP",
206569,"ANDA",,"MYLAN PHARMS INC",
206572,"ANDA",,"AKORN",
206573,"ANDA",,"PHARM ASSOC",
206574,"ANDA",,"ASCENT PHARMS INC",
206575,"ANDA",,"TARO PHARMA USA INC",
206581,"ANDA",,"PERRIGO R AND D",
206582,"ANDA",,"ACTAVIS ELIZABETH",
206586,"ANDA",,"PAR STERILE PRODUCTS",
206588,"ANDA",,"NESHER PHARMS",
206589,"ANDA",,"AUROBINDO PHARMA LTD",
206606,"ANDA",,"ZYDUS PHARMS USA INC",
206614,"ANDA",,"AUROBINDO PHARMA LTD",
206619,"NDA",,"ABBVIE INC",
206623,"ANDA",,"MAYNE PHARMA",
206627,"NDA",,"PURDUE PHARMA LP",
206628,"NDA",,"HQ SPCLT PHARMA",
206631,"ANDA",,"LUPIN LTD",
206633,"ANDA",,"FOUGERA PHARMS INC",
206634,"ANDA",,"AKORN",
206646,"ANDA",,"ROXANE",
206647,"ANDA",,"AMNEAL PHARMS",
206649,"ANDA",,"AMNEAL PHARMS",
206652,"ANDA",,"AMNEAL PHARMS",
206653,"ANDA",,"PRINSTON INC",
206654,"ANDA",,"PRINSTON INC",
206657,"ANDA",,"ACTAVIS LABS UT INC",
206660,"ANDA",,"BIO-PHARM INC",
206672,"ANDA",,"CASI PHARMS INC",
206674,"ANDA",,"INVAGEN PHARMS",
206679,"NDA",,"TCG FLUENT PHARMA",
206686,"ANDA",,"ACTAVIS LABS FL INC",
206691,"ANDA",,"MYLAN PHARMS INC",
206699,"ANDA",,"AMNEAL PHARMS CO",
206709,"NDA",,"BIOCODEX SA",
206710,"ANDA",,"LOTUS PHARM CO LTD",
206711,"ANDA",,"AJANTA PHARMA LTD",
206713,"ANDA",,"VIVA HLTHCARE",
206716,"ANDA",,"NOVAST LABS",
206718,"ANDA",,"SPECGX LLC",
206721,"ANDA",,"MYLAN PHARMS INC",
206724,"ANDA",,"ALVOGEN MALTA",
206725,"ANDA",,"MICRO LABS LTD",
206726,"ANDA",,"MYLAN PHARMS INC",
206735,"ANDA",,"MYLAN PHARMS INC",
206736,"ANDA",,"WATSON PHARMS TEVA",
206738,"ANDA",,"PURACAP PHARM LLC",
206739,"ANDA",,"SANDOZ INC",
206740,"ANDA",,"G AND W LABS INC",
206741,"ANDA",,"ALEMBIC PHARMS LTD",
206743,"ANDA",,"AUROBINDO PHARMA LTD",
206745,"ANDA",,"ZYDUS PHARMS USA INC",
206747,"ANDA",,"ZYDUS PHARMS USA INC",
206748,"ANDA",,"ZYDUS PHARMS USA INC",
206749,"ANDA",,"ZYDUS PHARMS USA INC",
206750,"ANDA",,"ZYDUS PHARMS USA INC",
206752,"ANDA",,"ZYDUS PHARMS USA INC",
206756,"NDA",,"BOEHRINGER INGELHEIM",
206759,"ANDA",,"NOVEL LABS INC",
206762,"ANDA",,"RISING PHARMS",
206763,"ANDA",,"ALKEM LABS LTD",
206765,"ANDA",,"ALKEM LABS LTD",
206768,"ANDA",,"AUROBINDO PHARMA LTD",
206769,"NDA",,"TEVA PHARMS USA",
206774,"ANDA",,"ACCORD HLTHCARE",
206775,"ANDA",,"ACCORD HLTHCARE",
206776,"ANDA",,"APOTEX INC",
206781,"ANDA",,"AUROBINDO PHARMA LTD",
206785,"ANDA",,"RICONPHARMA LLC",
206788,"ANDA",,"HETERO LABS LTD V",
206792,"ANDA",,"NOVEL LABS INC",
206793,"ANDA",,"NOVEL LABS INC",
206799,"ANDA",,"NOVEL LABS INC",
206802,"ANDA",,"FRESENIUS KABI USA",
206805,"ANDA",,"INGENUS PHARMS LLC",
206807,"ANDA",,"ACCORD HLTHCARE",
206811,"ANDA",,"AUROBINDO PHARMA LTD",
206814,"NDA",,"GENUS LIFESCIENCES",
206815,"ANDA",,"APNAR PHARMA LP",
206817,"ANDA",,"AUROBINDO PHARMA LTD",
206826,"NDA",,"LINDE GAS NORTH AMERICA LLC",
206827,"ANDA",,"AUROBINDO PHARMA LTD",
206829,"NDA",,"CUBIST PHARMS LLC",
206831,"ANDA",,"AUROBINDO PHARMA LTD",
206836,"ANDA",,"ACTAVIS LABS FL INC",
206837,"ANDA",,"AUROBINDO PHARMA LTD",
206838,"ANDA",,"JUBILANT GENERICS",
206840,"ANDA",,"CNTY LINE PHARMS",
206843,"NDA",,"BRISTOL-MYERS SQUIBB",
206845,"ANDA",,"ACCORD HLTHCARE",
206846,"ANDA",,"ACCORD HLTHCARE",
206851,"ANDA",,"AUROBINDO PHARMA LTD",
206852,"ANDA",,"AUROBINDO PHARMA LTD",
206853,"ANDA",,"AUROBINDO PHARMA LTD",
206854,"ANDA",,"TEVA PHARMS USA INC",
206855,"ANDA",,"PURACAP PHARM LLC",
206858,"ANDA",,"MYLAN PHARMS INC",
206863,"ANDA",,"ACCORD HLTHCARE",
206864,"ANDA",,"ACCORD HLTHCARE",
206866,"ANDA",,"AUROBINDO PHARMA LTD",
206867,"ANDA",,"AUROBINDO PHARMA LTD",
206869,"ANDA",,"AMNEAL PHARMS NY",
206872,"ANDA",,"CIPLA LTD",
206877,"ANDA",,"AUROBINDO PHARMA LTD",
206884,"ANDA",,"MACLEODS PHARMS LTD",
206885,"ANDA",,"MACLEODS PHARMS LTD",
206886,"ANDA",,"AUROBINDO PHARMA LTD",
206888,"ANDA",,"GLAND PHARMA LTD",
206891,"ANDA",,"ACELLA PHARMS LLC",
206894,"ANDA",,"CIPLA LTD",
206901,"ANDA",,"TARO PHARMS",
206904,"ANDA",,"RICONPHARMA LLC",
206906,"ANDA",,"AUROBINDO PHARMA LTD",
206909,"ANDA",,"MYLAN PHARMS INC",
206910,"NDA",,"NOVARTIS PHARMS CORP",
206911,"NDA",,"SUN PHARMA GLOBAL",
206917,"ANDA",,"AUROBINDO PHARMA LTD",
206919,"ANDA",,"AUROBINDO PHARMA LTD",
206922,"ANDA",,"ACCORD HLTHCARE",
206928,"ANDA",,"AUROBINDO PHARMA LTD",
206931,"ANDA",,"ABHAI INC",
206932,"ANDA",,"ABHAI INC",
206935,"ANDA",,"INGENUS PHARMS LLC",
206937,"ANDA",,"TORRENT PHARMS LTD",
206938,"ANDA",,"BELCHER PHARMS LLC",
206939,"ANDA",,"BELCHER PHARMS LLC",
206940,"NDA",,"ALLERGAN HOLDINGS",
206941,"ANDA",,"AUROBINDO PHARMA LTD",
206945,"ANDA",,"TELIGENT PHARMA INC",
206947,"NDA",,"EISAI INC",
206952,"ANDA",,"ACTAVIS LABS FL INC",
206955,"ANDA",,"MACLEODS PHARMS LTD",
206958,"ANDA",,"ORIT LABS LLC",
206959,"ANDA",,"TARO",
206960,"ANDA",,"TOLMAR",
206962,"ANDA",,"NOVAST LABS",
206964,"ANDA",,"ANI PHARMS INC",
206965,"ANDA",,"BAXTER HLTHCARE CORP",
206969,"ANDA",,"GLENMARK PHARMS LTD",
206973,"ANDA",,"APPCO PHARMA LLC",
206974,"ANDA",,"APPCO PHARMA LLC",
206975,"ANDA",,"HERITAGE PHARMA",
206977,"NDA",,"INSTITUT BIOCHIMIQUE",
206986,"ANDA",,"ALVOGEN MALTA",
206995,"NDA",,"ASTRAZENECA PHARMS",
206996,"ANDA",,"WOCKHARDT BIO AG",
207001,"ANDA",,"HQ SPCLT PHARMA",
207012,"ANDA",,"MYLAN PHARMS INC",
207021,"ANDA",,"AUROBINDO PHARMA LTD",
207025,"ANDA",,"GEN HOSP",
207026,"NDA",,"BAXTER HLTHCARE CORP",
207027,"NDA",,"NOVARTIS PHARMS CORP",
207029,"ANDA",,"PII",
207036,"NDA",,"CEE KAY SUPPLY",
207042,"ANDA",,"EUROHLTH INTL SARL",
207044,"ANDA",,"GLENMARK PHARMS LTD",
207049,"ANDA",,"AKORN",
207050,"ANDA",,"PHARMASCIENCE INC",
207052,"ANDA",,"STRIDES PHARMA",
207054,"ANDA",,"AUROBINDO PHARMA LTD",
207055,"ANDA",,"AUROBINDO PHARMA LTD",
207056,"ANDA",,"AUROBINDO PHARMA LTD",
207057,"ANDA",,"CSPC OUYI PHARM CO",
207058,"ANDA",,"MAYNE PHARMA INC",
207061,"ANDA",,"JUBILANT GENERICS",
207062,"ANDA",,"JUBILANT GENERICS",
207064,"ANDA",,"CIPLA LIMITED",
207066,"ANDA",,"ACCORD HLTHCARE",
207068,"ANDA",,"ACCORD HLTHCARE",
207070,"NDA",,"BOEHRINGER INGELHEIM",
207071,"NDA",,"BAYER HLTHCARE",
207073,"ANDA",,"ALEMBIC PHARMS LTD",
207078,"NDA",,"ASTRAZENECA PHARMS",
207079,"ANDA",,"ACTAVIS LABS FL INC",
207081,"ANDA",,"AUROBINDO PHARMA LTD",
207087,"ANDA",,"ACTAVIS LABS UT INC",
207092,"ANDA",,"GLAND PHARMA LTD",
207093,"ANDA",,"TARO PHARM",
207094,"ANDA",,"AKORN",
207095,"ANDA",,"AIPING PHARM INC",
207096,"ANDA",,"AILEX PHARMS LLC",
207099,"ANDA",,"EPIC PHARMA LLC",
207103,"NDA",,"PFIZER INC",
207113,"ANDA",,"ACTAVIS LABS FL INC",
207114,"NDA",,"AMERICAN WELDING AND GAS INC",
207117,"ANDA",,"GLENMARK PHARMS LTD",
207118,"ANDA",,"NUVO PHARMS INC",
207119,"ANDA",,"KEN LIFESCIENCE",
207120,"ANDA",,"NUVO PHARM",
207121,"ANDA",,"NUVO PHARMS INC",
207122,"ANDA",,"NUVO PHARM",
207131,"NDA",,"BAXTER HLTHCARE CORP",
207133,"ANDA",,"PERRIGO UK FINCO",
207137,"ANDA",,"AMNEAL PHARMS",
207138,"ANDA",,"ACCORD HLTHCARE",
207139,"ANDA",,"ACTAVIS LABS FL INC",
207144,"ANDA",,"RICONPHARMA LLC",
207145,"NDA",,"US WORLDMEDS LLC",
207146,"ANDA",,"WOCKHARDT BIO AG",
207147,"ANDA",,"WOCKHARDT BIO AG",
207149,"ANDA",,"WOCKHARDT USA",
207152,"ANDA",,"AUROBINDO PHARMA LTD",
207154,"NDA",,"ALLERGAN INC",
207155,"NDA",,"SPECTRUM PHARMS",
207160,"ANDA",,"AUROBINDO PHARMA LTD",
207166,"NDA",,"RELIANT HOLDINGS LTD",
207170,"ANDA",,"PAR PHARM INC",
207171,"ANDA",,"LANNETT CO INC",
207172,"ANDA",,"LANNETT CO INC",
207174,"NDA",,"ACCORD HLTHCARE",
207178,"ANDA",,"APPCO PHARMA LLC",
207179,"ANDA",,"AUROBINDO PHARMA LTD",
207181,"ANDA",,"DEVA HOLDING AS",
207183,"ANDA",,"AUROBINDO PHARMA LTD",
207189,"ANDA",,"CIPLA LTD",
207193,"ANDA",,"PERRIGO R AND D",
207199,"ANDA",,"PAR PHARM INC",
207200,"ANDA",,"PAR PHARM INC",
207201,"ANDA",,"APPCO PHARMA LLC",
207202,"NDA",,"OTSUKA PHARM CO LTD",
207210,"ANDA",,"MACLEODS PHARMS LTD",
207216,"ANDA",,"AJANTA PHARMA LTD",
207218,"ANDA",,"AKORN",
207223,"NDA",,"BIOCODEX SA",
207224,"ANDA",,"ANBISON LAB",
207229,"ANDA",,"AUROBINDO PHARMA LTD",
207231,"ANDA",,"INVENTIA HLTHCARE",
207233,"NDA",,"IROKO PHARMS LLC",
207234,"ANDA",,"NATCO PHARMA LTD",
207235,"ANDA",,"APOTEX INC",
207236,"ANDA",,"LANNETT CO INC",
207237,"ANDA",,"NOSTRUM LABS INC",
207238,"ANDA",,"ACTAVIS LABS UT INC",
207239,"ANDA",,"GLAND PHARMA LTD",
207243,"ANDA",,"WEST-WARD PHARMS INT",
207245,"ANDA",,"ACCORD HLTHCARE",
207255,"ANDA",,"JIANGSU HENGRUI MED",
207259,"ANDA",,"MYLAN LABS LTD",
207260,"ANDA",,"MYLAN LABS LTD",
207261,"ANDA",,"MYLAN LABS LTD",
207262,"ANDA",,"WEST-WARD PHARMS INT",
207266,"ANDA",,"BAXTER HLTHCARE CORP",
207276,"ANDA",,"RHODES PHARMS",
207285,"ANDA",,"NOVEL LABS INC",
207289,"ANDA",,"AMNEAL PHARMS",
207293,"ANDA",,"MACLEODS PHARMS LTD",
207302,"ANDA",,"MACLEODS PHARMS LTD",
207304,"ANDA",,"AUROBINDO PHARMA LTD",
207306,"ANDA",,"CIPLA LTD",
207309,"ANDA",,"FLAMINGO PHARMS",
207311,"ANDA",,"OHM LABS INC",
207315,"NDA",,"HETERO LABS LTD III",
207318,"NDA",,"ACADIA PHARMS INC",
207321,"ANDA",,"GLAND PHARMA LTD",
207322,"ANDA",,"GLAND PHARMA LTD",
207323,"ANDA",,"GLAND PHARMA LTD",
207324,"ANDA",,"GLAND PHARMA LTD",
207325,"ANDA",,"GLAND PHARMA LTD",
207326,"ANDA",,"GLAND PHARMA LTD",
207337,"ANDA",,"SANDOZ INC",
207349,"ANDA",,"HQ SPCLT PHARMA",
207354,"ANDA",,"NANG KUANG PHARM CO",
207356,"NDA",,"INSMED",
207358,"ANDA",,"AUROBINDO PHARMA LTD",
207364,"ANDA",,"SOMERSET THERAPS LLC",
207366,"ANDA",,"NAVINTA LLC",
207367,"ANDA",,"RISING PHARMS",
207369,"NDA",,"HETERO LABS LTD V",
207371,"ANDA",,"NOVEL LABS INC",
207372,"ANDA",,"AMNEAL PHARMS",
207375,"ANDA",,"SHANDONG NEW TIME PHARMA CO LTD",
207378,"ANDA",,"INVAGEN PHARMS",
207380,"ANDA",,"PERRIGO UK FINCO",
207385,"ANDA",,"GLAND PHARMA LTD",
207386,"ANDA",,"MIKART INC",
207388,"ANDA",,"ALVOGEN MALTA",
207393,"ANDA",,"LUPIN LTD",
207407,"ANDA",,"LANNETT CO INC",
207408,"ANDA",,"CHANGZHOU PHARM",
207409,"ANDA",,"ALEMBIC PHARMS LTD",
207416,"ANDA",,"ASCENT PHARMS INC",
207419,"ANDA",,"ASCENT PHARMS INC",
207426,"ANDA",,"NAMIGEN LLC",
207427,"ANDA",,"BEXIMCO PHARMS USA",
207428,"ANDA",,"BEXIMCO PHARMS USA",
207433,"ANDA",,"HERITAGE PHARMS INC",
207440,"ANDA",,"RICONPHARMA LLC",
207441,"ANDA",,"G AND W LABS INC",
207444,"ANDA",,"SOMERSET THERAPS LLC",
207446,"ANDA",,"CIPLA LTD",
207449,"ANDA",,"FRESENIUS KABI USA",
207450,"ANDA",,"JUBILANT GENERICS",
207453,"ANDA",,"CADILA PHARMS LTD",
207456,"ANDA",,"SHILPA MEDICARE LTD",
207459,"ANDA",,"JUBILANT GENERICS",
207463,"ANDA",,"CIPLA LTD",
207467,"ANDA",,"TECH ORGANIZED",
207474,"ANDA",,"ACCORD HLTHCARE",
207476,"ANDA",,"SCIEGEN PHARMS INC",
207479,"ANDA",,"SCIEGEN PHARMS INC",
207480,"ANDA",,"AMNEAL PHARMS CO",
207482,"ANDA",,"AMNEAL PHARMS CO",
207483,"ANDA",,"MIKART INC",
207484,"ANDA",,"MIKART INC",
207485,"ANDA",,"ABHAI LLC",
207486,"ANDA",,"WEST-WARD PHARMS INT",
207487,"ANDA",,"ABHAI LLC",
207488,"ANDA",,"ABHAI LLC",
207494,"ANDA",,"PRINSTON INC",
207496,"ANDA",,"LUITPOLD",
207499,"ANDA",,"NEXUS PHARMS",
207500,"NDA",,"ASTELLAS",
207501,"NDA",,"ASTELLAS",
207504,"ANDA",,"AUROBINDO PHARMA LTD",
207505,"ANDA",,"AUROBINDO PHARMA LTD",
207506,"ANDA",,"AUROBINDO PHARMA LTD",
207511,"ANDA",,"WES PHARMA INC",
207514,"ANDA",,"AMNEAL PHARMS",
207518,"ANDA",,"SHILPA MEDICARE",
207522,"ANDA",,"SOMERSET THERAPS LLC",
207526,"ANDA",,"NOVEL LABS INC",
207528,"ANDA",,"SIGMAPHARM LABS LLC",
207531,"ANDA",,"EPIC PHARMA LLC",
207533,"NDA",,"ALKERMES INC",
207534,"NDA",,"ADAMIS PHARMS CORP",
207535,"ANDA",,"AUROBINDO PHARMA LTD",
207538,"ANDA",,"NOVEL LABS INC",
207547,"ANDA",,"AMNEAL PHARMS CO",
207548,"ANDA",,"AMNEAL PHARMS CO",
207549,"ANDA",,"AMNEAL PHARMS CO",
207551,"ANDA",,"AMNEAL PHARMS CO",
207552,"ANDA",,"AMNEAL PHARMS CO",
207555,"ANDA",,"APNAR PHARMA LP",
207561,"NDA",,"GILEAD SCIENCES INC",
207566,"ANDA",,"CSPC OUYI PHARM CO",
207570,"ANDA",,"NEWGEN PHARMS LLC",
207571,"ANDA",,"NEWGEN PHARMS LLC",
207574,"ANDA",,"CHEMO RESEARCH SL",
207580,"ANDA",,"AUROBINDO PHARMA LTD",
207581,"ANDA",,"AUROBINDO PHARMA LTD",
207582,"ANDA",,"WATSON LABS INC",
207583,"ANDA",,"PADDOCK LABS",
207584,"ANDA",,"PADDOCK LABS",
207587,"ANDA",,"BRECKENRIDGE PHARM",
207589,"NDA",,"LEO PHARMA AS",
207602,"ANDA",,"PERRIGO R AND D",
207616,"ANDA",,"HETERO LABS LTD V",
207619,"ANDA",,"BRECKENRIDGE PHARM",
207620,"NDA",,"NOVARTIS PHARMS CORP",
207621,"NDA",,"PFIZER INC",
207624,"ANDA",,"AUROBINDO PHARMA LTD",
207625,"ANDA",,"AUROBINDO PHARMA LTD",
207628,"ANDA",,"AUROBINDO PHARMA LTD",
207631,"ANDA",,"ANI PHARMS INC",
207634,"ANDA",,"SOMERSET THERAPS LLC",
207635,"ANDA",,"TEDOR PHARMA INC",
207639,"ANDA",,"SOMERSET THERAPS LLC",
207648,"NDA",,"FRESENIUS KABI USA",
207655,"ANDA",,"AUROBINDO PHARMA LTD",
207658,"ANDA",,"DEVA HOLDING AS",
207662,"ANDA",,"ACCORD HLTHCARE",
207664,"ANDA",,"CIPLA LTD",
207667,"ANDA",,"AUROBINDO PHARMA LTD",
207672,"ANDA",,"AUROBINDO PHARMA LTD",
207677,"ANDA",,"TORRENT PHARMS LTD",
207682,"ANDA",,"APICORE US",
207686,"ANDA",,"PRECISION DOSE INC",
207693,"ANDA",,"ACCORD HLTHCARE INC",
207695,"NDA",,"ANACOR PHARMS INC",
207698,"ANDA",,"AUROBINDO PHARMA LTD",
207712,"ANDA",,"APOTEX INC",
207721,"ANDA",,"ZYDUS PHARMS USA INC",
207735,"ANDA",,"BPI LABS LLC",
207736,"ANDA",,"APOTEX INC",
207740,"ANDA",,"DR REDDYS LABS LTD",
207741,"ANDA",,"DR REDDYS LABS LTD",
207742,"ANDA",,"LUITPOLD",
207750,"ANDA",,"ALKEM LABS LTD",
207751,"ANDA",,"AUROBINDO PHARMA LTD",
207752,"ANDA",,"BIOCON LTD",
207761,"ANDA",,"ZYDUS PHARMS USA INC",
207768,"NDA",,"TRIS PHARMA INC",
207783,"ANDA",,"APEX PHARMS INC",
207793,"NDA",,"IPSEN INC",
207795,"NDA",,"BAUSCH AND LOMB",
207799,"ANDA",,"ALKEM LABS LTD",
207804,"ANDA",,"PRINSTON INC",
207807,"ANDA",,"GLENMARK PHARMS LTD",
207809,"ANDA",,"ALVOGEN MALTA",
207810,"ANDA",,"ALKEM LABS LTD",
207812,"ANDA",,"ZYDUS PHARMS USA INC",
207821,"ANDA",,"POLYGEN PHARMS",
207833,"ANDA",,"PADDOCK LLC",
207835,"ANDA",,"UNICHEM LABS LTD",
207836,"ANDA",,"UNICHEM LABS LTD",
207844,"NDA",,"AMEDRA PHARMS LLC",
207847,"ANDA",,"APOLLO PHARMS INC",
207848,"ANDA",,"APOLLO PHARMS INC",
207851,"ANDA",,"TELIGENT PHARMA INC",
207857,"ANDA",,"SUN PHARMA GLOBAL",
207865,"NDA",,"MSD MERCK CO",
207867,"ANDA",,"PLD ACQUISITIONS LLC",
207873,"ANDA",,"TEVA PHARMS USA INC",
207880,"ANDA",,"HERITAGE PHARMA",
207882,"ANDA",,"PRINSTON INC",
207883,"ANDA",,"PRINSTON PHARMA INC",
207884,"ANDA",,"NOVEL LABS INC",
207895,"ANDA",,"PHARMACARE LTD",
207896,"ANDA",,"HISUN PHARM HANGZHOU",
207901,"ANDA",,"TRIS PHARMA INC",
207903,"ANDA",,"SUN PHARMA GLOBAL",
207905,"ANDA",,"APOTEX INC",
207916,"NDA",,"ARBOR PHARMS LLC",
207917,"NDA",,"GALDERMA LABS",
207920,"NDA",,"ASTRAZENECA LP",
207921,"NDA",,"NORTON WATERFORD",
207923,"NDA",,"SUNOVION PHARMS INC",
207924,"NDA",,"ELI LILLY AND CO",
207925,"NDA",,"VERTEX PHARMS INC",
207926,"NDA",,"AKORN INC",
207930,"NDA",,"SUNOVION PHARMS INC",
207931,"NDA",,"ABBVIE INC",
207932,"NDA",,"BDSI",
207934,"ANDA",,"PAR PHARM INC",
207938,"ANDA",,"FLAMINGO PHARMS",
207941,"ANDA",,"FIRST TIME US GENERICS LLC",
207944,"ANDA",,"PAR PHARM INC",
207946,"NDA",,"JANSSEN PHARMS",
207947,"NDA",,"ACTELION PHARMS LTD",
207948,"ANDA",,"PAR PHARM INC",
207949,"NDA",,"ACCORD HLTHCARE INC",
207952,"ANDA",,"TEVA PHARMS USA",
207953,"NDA",,"JANSSEN PRODS",
207955,"ANDA",,"MYLAN PHARMS INC",
207956,"ANDA",,"LABORATORIOS GRIFOLS",
207957,"ANDA",,"WEST-WARD PHARMS INT",
207958,"NDA",,"APRECIA PHARMS",
207960,"NDA",,"NEXTWAVE PHARMS",
207962,"NDA",,"SCILEX PHARMS INC",
207963,"NDA",,"EXELA PHARMA SCIENCE",
207965,"ANDA",,"PAR PHARM INC",
207968,"NDA",,"NOVARTIS PHARMS CORP",
207970,"NDA",,"ACTAVIS LLC",
207971,"ANDA",,"STRIDES PHARMA",
207975,"NDA",,"TEVA BRANDED PHARM",
207976,"ANDA",,"NOVAST LABS",
207979,"ANDA",,"BIOCON LIMITED",
207981,"NDA",,"TAIHO ONCOLOGY",
207983,"ANDA",,"AUROBINDO PHARMA LTD",
207984,"ANDA",,"GLENMARK PHARMS LTD",
207985,"ANDA",,"GLENMARK PHARMS LTD",
207986,"NDA",,"OTONOMY INC",
207987,"NDA",,"BELCHER PHARMS LLC",
207988,"NDA",,"IRONWOOD PHARMS INC",
207989,"ANDA",,"AMNEAL PHARMS",
207991,"ANDA",,"ACCORD HLTHCARE INC",
207994,"ANDA",,"ZYDUS PHARMS USA INC",
207997,"NDA",,"NOVARTIS PHARMS CORP",
207999,"NDA",,"INTERCEPT PHARMS INC",
208001,"ANDA",,"TORRENT PHARMA INC",
208002,"ANDA",,"AMNEAL PHARMS CO",
208003,"ANDA",,"PRINSTON PHARMA INC",
208004,"ANDA",,"ALKEM LABS LTD",
208008,"ANDA",,"TEVA PHARMS USA",
208010,"NDA",,"OPKO IRELAND GLOBAL",
208011,"ANDA",,"ACTAVIS LABS UT INC",
208016,"ANDA",,"WATSON LABS INC",
208019,"NDA",,"PHARMA RES SOFTWARE",
208021,"ANDA",,"LUPIN LTD",
208025,"NDA",,"DEXCEL PHARMA",
208026,"NDA",,"BOEHRINGER INGELHEIM",
208028,"ANDA",,"INVAGEN PHARMS",
208030,"NDA",,"APOPHARMA INC",
208031,"ANDA",,"LUPIN LTD",
208032,"NDA",,"ST RENATUS",
208036,"NDA",,"BRACCO",
208037,"ANDA",,"MSN LABORATORIES",
208042,"NDA",,"TEVA PHARMS USA INC",
208044,"ANDA",,"LUPIN ATLANTIS",
208045,"ANDA",,"AUROBINDO PHARMA LTD",
208046,"ANDA",,"ALEMBIC PHARMS LTD",
208049,"ANDA",,"ACCORD HLTHCARE INC",
208051,"NDA",,"PUMA BIOTECH",
208052,"ANDA",,"ZYDUS PHARMS USA",
208054,"NDA",,"BLUE EARTH",
208055,"ANDA",,"TORRENT PHARMS LTD",
208056,"NDA",,"TAKEDA PHARMS USA",
208057,"ANDA",,"TEVA PHARMS USA",
208058,"ANDA",,"EMCURE PHARMS LTD",
208060,"ANDA",,"TEVA PHARMS USA",
208065,"NDA",,"ASTRAZENECA PHARMS",
208066,"ANDA",,"SUN PHARMA GLOBAL",
208068,"ANDA",,"PADDOCK LABS",
208069,"NDA",,"STRATA MEDICAL INNOVATIONS",
208073,"NDA",,"SHIRE DEV LLC",
208077,"ANDA",,"AMNEAL PHARMS",
208079,"NDA",,"PROMIUS PHARMA LLC",
208081,"NDA",,"BIOFRONTERA",
208082,"NDA",,"TEVA BRANDED PHARM",
208083,"NDA",,"BAXTER HLTHCARE CORP",
208084,"ANDA",,"BAXTER HLTHCARE CORP",
208085,"NDA",,"ECI PHARMS LLC",
208090,"NDA",,"COLLEGIUM PHARM INC",
208092,"ANDA",,"WATSON LABS INC",
208096,"ANDA",,"WATSON LABS INC",
208097,"ANDA",,"GLENMARK PHARMS LTD",
208098,"ANDA",,"TARO",
208101,"ANDA",,"TELIGENT PHARMA INC",
208104,"ANDA",,"LUPIN ATLANTIS",
208105,"ANDA",,"AMNEAL PHARMS CO",
208107,"ANDA",,"WATSON LABS INC",
208108,"ANDA",,"GLENMARK PHARMS LTD",
208109,"NDA",,"FRESENIUS KABI USA",
208114,"NDA",,"JAZZ PHARMS INC",
208116,"ANDA",,"RENAISSANCE SSA LLC",
208127,"ANDA",,"CROSSMEDIKA SA",
208129,"ANDA",,"FRESENIUS KABI USA",
208130,"ANDA",,"SCIEGEN PHARMS INC",
208135,"NDA",,"ALCON LABS",
208136,"ANDA",,"GLENMARK PHARMS LTD",
208143,"NDA",,"BRACCO",
208144,"NDA",,"BAUSCH AND LOMB INC",
208147,"NDA",,"TRIS PHARMA INC",
208150,"ANDA",,"APOTEX INC",
208151,"NDA",,"ALCON LABS INC",
208154,"ANDA",,"TELIGENT PHARMA INC",
208159,"NDA",,"WELLSTAT THERAP",
208162,"ANDA",,"STRIDES PHARMA",
208163,"ANDA",,"LUPIN ATLANTIS",
208164,"ANDA",,"LUPIN ATLANTIS",
208167,"ANDA",,"ZYDUS PHARMS USA INC",
208169,"NDA",,"WELLSTAT THERAP",
208170,"ANDA",,"RUBICON RES PVT LTD",
208174,"ANDA",,"TEVA PHARMS",
208180,"ANDA",,"MICRO LABS LTD",
208183,"NDA",,"SUN PHARM INDUSTRIES",
208186,"ANDA",,"ZYDUS PHARMS USA INC",
208191,"ANDA",,"DR REDDYS LABS INC",
208194,"NDA",,"EAGLE PHARMS",
208198,"ANDA",,"AMNEAL PHARMS",
208199,"ANDA",,"AMNEAL PHARMS LLC",
208202,"ANDA",,"ALEMBIC PHARMS LTD",
208204,"ANDA",,"TARO PHARM",
208206,"ANDA",,"AMNEAL PHARMS",
208209,"ANDA",,"ACCORD HLTHCARE INC",
208212,"ANDA",,"TEVA PHARMS USA",
208213,"ANDA",,"HETERO LABS UNIT III",
208215,"NDA",,"GILEAD SCIENCES INC",
208216,"NDA",,"ACTAVIS LLC",
208218,"ANDA",,"PAR PHARM INC",
208223,"NDA",,"DR REDDYS LABS LTD",
208224,"NDA",,"BAYER HLTHCARE",
208246,"NDA",,"PFIZER INC",
208247,"ANDA",,"STRIDES PHARMA",
208249,"ANDA",,"CSPC OUYI PHARM CO",
208250,"ANDA",,"CSPC OUYI PHARM CO",
208251,"NDA",,"LABORATORIOS SALVAT",
208253,"NDA",,"AQUA PHARMS",
208254,"NDA",,"AERIE PHARMS INC",
208255,"NDA",,"MYLAN PHARMS INC",
208256,"ANDA",,"MSN LABORATORIES",
208257,"ANDA",,"MYLAN PHARMS INC",
208258,"ANDA",,"TARO PHARMS",
208261,"NDA",,"MERCK SHARP DOHME",
208264,"NDA",,"ADIENNE SA",
208271,"NDA",,"SALIX PHARMS INC",
208276,"NDA",,"UNITED THERAP",
208277,"NDA",,"EISAI INC",
208278,"ANDA",,"ZYDUS PHARMS USA INC",
208279,"ANDA",,"GLENMARK PHARMS LTD",
208286,"NDA",,"DR REDDYS LABS LTD",
208287,"ANDA",,"TELIGENT PHARMA INC",
208288,"NDA",,"3M HEALTH CARE",
208289,"NDA",,"FLAMEL IRELAND LTD",
208292,"ANDA",,"SUN PHARM INDS LTD",
208294,"NDA",,"ASTRAZENECA PHARMS",
208299,"ANDA",,"PRINSTON PHARMA INC",
208300,"ANDA",,"GLENMARK PHARMS LTD",
208301,"ANDA",,"GLENMARK PHARMS LTD",
208313,"NDA",,"SUN PHARM INDS LTD",
208322,"ANDA",,"TARO",
208324,"ANDA",,"ALEMBIC PHARMS LTD",
208325,"NDA",,"KAI PHARMS INC",
208326,"ANDA",,"DR REDDYS LABS LTD",
208327,"ANDA",,"AMNEAL PHARMS NY",
208328,"ANDA",,"AMNEAL PHARMS",
208332,"ANDA",,"APOTEX INC",
208335,"ANDA",,"HEC PHARM USA INC",
208336,"ANDA",,"HEC PHARM USA INC",
208340,"ANDA",,"UNICHEM LABS LTD",
208341,"NDA",,"GILEAD SCIENCES INC",
208351,"NDA",,"GILEAD SCIENCES INC",
208353,"ANDA",,"LUITPOLD",
208355,"ANDA",,"AUROBINDO PHARMA LTD",
208362,"ANDA",,"RENAISSANCE SSA LLC",
208366,"ANDA",,"APOTEX INC",
208369,"ANDA",,"DR REDDYS LABS LTD",
208374,"NDA",,"BAXTER HLTHCARE CORP",
208379,"NDA",,"ZYDUS PHARMS USA INC",
208380,"ANDA",,"WOCKHARDT BIO AG",
208383,"NDA",,"PORTOLA PHARMS INC",
208385,"NDA",,"SAGENT PHARMS",
208386,"ANDA",,"ACTAVIS LABS UT INC",
208390,"ANDA",,"WATSON LABS INC",
208392,"ANDA",,"PHARMASCIENCE INC",
208396,"ANDA",,"APOTEX INC",
208398,"NDA",,"JANSSEN PHARMS",
208399,"NDA",,"TERSERA THERAPS LLC",
208400,"NDA",,"SILVERGATE PHARMS",
208401,"NDA",,"SILVERGATE PHARMS",
208405,"ANDA",,"PAR STERILE PRODUCTS",
208411,"NDA",,"ADAPT",
208413,"ANDA",,"WA UNIV SCH MED",
208415,"ANDA",,"AUROBINDO PHARMA LTD",
208418,"NDA",,"FRESENIUS KABI USA",
208420,"ANDA",,"ACCORD HLTHCARE INC",
208421,"ANDA",,"ACCORD HLTHCARE INC",
208423,"ANDA",,"INVAGEN PHARMS",
208424,"NDA",,"POHL BOSKAMP",
208431,"ANDA",,"MYLAN PHARMS INC",
208433,"ANDA",,"TEVA PHARMS USA",
208434,"NDA",,"HOFFMANN-LA ROCHE",
208436,"ANDA",,"TEVA PHARMS USA",
208437,"NDA",,"SUNOVION RESP",
208447,"NDA",,"TESARO INC",
208451,"ANDA",,"AUROBINDO PHARMA LTD",
208452,"ANDA",,"MYLAN PHARMS INC",
208457,"ANDA",,"MSN LABS PVT LTD",
208459,"ANDA",,"MSN LABS PVT LTD",
208460,"ANDA",,"HOSPIRA INC",
208462,"NDA",,"MILLENNIUM PHARMS",
208464,"NDA",,"GILEAD SCIENCES INC",
208470,"NDA",,"AMAG PHARMS INC",
208471,"NDA",,"SANOFI-AVENTIS US",
208472,"ANDA",,"PRINSTON PHARMA INC",
208487,"ANDA",,"INGENUS PHARMS LLC",
208494,"ANDA",,"REYOUNG PHARMA CO LTD",
208497,"ANDA",,"WOCKHARDT BIO AG",
208501,"ANDA",,"PAR PHARM INC",
208505,"ANDA",,"SANDOZ INC",
208507,"ANDA",,"BEXIMCO PHARMS USA",
208508,"ANDA",,"HEC Pharm USA, Inc.",
208510,"NDA",,"SHIRE DEV LLC",
208521,"ANDA",,"MAIA PHARMS INC",
208523,"ANDA",,"CIPLA LTD",
208524,"NDA",,"EISAI INC",
208531,"ANDA",,"AMNEAL PHARMS CO",
208532,"ANDA",,"BAXTER HLTHCARE CORP",
208535,"ANDA",,"ZYDUS PHARMS USA INC",
208538,"ANDA",,"GLAND PHARMA LTD",
208539,"ANDA",,"MICRO LABS LTD",
208544,"ANDA",,"AUROBINDO PHARMA",
208547,"NDA",,"AAA USA INC",
208551,"NDA",,"ROCKWELL MEDICAL INC",
208552,"NDA",,"ALLERGAN INC",
208558,"NDA",,"ASTRAZENECA PHARMS",
208559,"ANDA",,"MSN LABS PVT LTD",
208560,"ANDA",,"LUPIN ATLANTIS",
208562,"NDA",,"XELLIA PHARMS APS",
208564,"NDA",,"THERAPEUTICSMD INC",
208573,"NDA",,"ABBVIE INC",
208576,"ANDA",,"ALEMBIC PHARMS LTD",
208578,"ANDA",,"NESHER PHARMS",
208581,"ANDA",,"NESHER PHARMS",
208582,"NDA",,"ALTAIRE PHARMS INC",
208583,"NDA",,"NOVO NORDISK INC",
208587,"NDA",,"EMMAUS MEDCL",
208590,"ANDA",,"TELIGENT PHARMA INC",
208591,"ANDA",,"ALKEM LABS LTD",
208592,"ANDA",,"MYLAN LABS LTD",
208593,"ANDA",,"ABHAI LLC",
208594,"ANDA",,"MYLAN PHARMS INC",
208603,"NDA",,"EGALET",
208605,"ANDA",,"CADILA PHARMS LTD",
208607,"ANDA",,"ANI PHARMS INC",
208609,"NDA",,"AKORN INC",
208610,"NDA",,"MELINTA",
208611,"NDA",,"MELINTA",
208612,"NDA",,"AVION PHARMS",
208614,"NDA",,"HOSPIRA INC",
208616,"ANDA",,"AUROBINDO PHARMA LTD",
208620,"ANDA",,"DR REDDYS LABS INC",
208622,"ANDA",,"ZYDUS PHARMS USA INC",
208623,"NDA",,"AMICUS THERAPS US",
208624,"NDA",,"ABBVIE INC",
208627,"NDA",,"SIGA TECHNOLOGIES",
208630,"NDA",,"NXDC",
208633,"ANDA",,"AMNEAL PHARMS CO",
208635,"ANDA",,"AKORN",
208645,"NDA",,"ACTAVIS LLC",
208653,"NDA",,"KEMPHARM",
208656,"NDA",,"MICRO LABS LTD",
208657,"ANDA",,"DR REDDYS LABS LTD",
208658,"NDA",,"BOEHRINGER INGELHEIM",
208661,"ANDA",,"NOVAST LABS LTD",
208662,"ANDA",,"G AND W LABS INC",
208667,"ANDA",,"TELIGENT PHARMA INC",
208672,"ANDA",,"MACLEODS PHARMS LTD",
208673,"NDA",,"SANOFI-AVENTIS US",
208679,"ANDA",,"MEM SLOAN-KETTERING",
208681,"ANDA",,"ORIT LABS LLC",
208683,"ANDA",,"TARO",
208684,"NDA",,"PTC THERAP",
208685,"NDA",,"PTC THERAP",
208686,"NDA",,"SILVERGATE PHARMS",
208692,"NDA",,"EXELIXIS INC",
208694,"NDA",,"EYEVANCE PHARMS",
208697,"ANDA",,"ACTAVIS ELIZABETH",
208698,"ANDA",,"ALEMBIC PHARMS LTD",
208700,"NDA",,"AAA USA INC",
208705,"ANDA",,"ALEMBIC PHARMS LTD",
208706,"ANDA",,"AJANTA PHARMA LTD",
208709,"ANDA",,"CIPLA LTD",
208715,"NDA",,"SANDOZ INC",
208716,"NDA",,"ELI LILLY AND CO",
208719,"ANDA",,"ZYDUS PHARMS USA INC",
208722,"NDA",,"MERCK SHARP DOHME",
208723,"NDA",,"ACTAVIS LLC",
208724,"ANDA",,"TOLMAR",
208727,"ANDA",,"AUROBINDO PHARMA LTD",
208743,"NDA",,"RADIUS HEALTH INC",
208744,"NDA",,"ACCORD HLTHCARE INC",
208745,"NDA",,"SYNERGY PHARMS",
208749,"ANDA",,"MAIA PHARMS INC",
208751,"NDA",,"NOVO NORDISK INC",
208757,"ANDA",,"ACTAVIS LABS UT INC",
208763,"ANDA",,"LUPIN ATLANTIS",
208765,"ANDA",,"MAYNE PHARMA INC",
208768,"ANDA",,"PAR STERILE PRODUCTS",
208772,"NDA",,"ARIAD",
208775,"NDA",,"CIPLA LIMITED",
208780,"NDA",,"GENENTECH INC",
208785,"ANDA",,"WEST-WARD PHARMS INT",
208786,"ANDA",,"MYLAN LABS LTD",
208791,"NDA",,"B BRAUN MEDICAL INC",
208794,"NDA",,"LEXICON PHARMS INC",
208798,"NDA",,"TEVA PHARM",
208799,"NDA",,"TEVA PHARM",
208800,"ANDA",,"TARO PHARM INDS",
208801,"ANDA",,"DR REDDYS LABS INC",
208803,"ANDA",,"AMNEAL PHARMS CO",
208806,"ANDA",,"ACTAVIS LABS UT INC",
208807,"ANDA",,"ACTAVIS LABS UT INC",
208809,"ANDA",,"HI-TECH PHARMACAL",
208815,"ANDA",,"ACTAVIS LABS FL INC",
208824,"ANDA",,"YANGLING BUCHANG PHARMA CO LTD",
208825,"ANDA",,"BIONPHARMA INC",
208829,"ANDA",,"AMNEAL PHARMS CO",
208832,"ANDA",,"AMNEAL PHARMS CO",
208836,"ANDA",,"HI-TECH PHARMACAL",
208838,"ANDA",,"LYNE",
208840,"ANDA",,"AMNEAL PHARMS CO",
208842,"ANDA",,"TARO",
208843,"NDA",,"ADDMEDICA SAS",
208844,"NDA",,"BRACCO",
208845,"NDA",,"FLEXION THERAPS INC",
208850,"ANDA",,"AMNEAL PHARMS NY",
208854,"NDA",,"SHIONOGI INC",
208855,"NDA",,"ELI LILLY AND CO",
208857,"ANDA",,"AMNEAL PHARMS CO",
208861,"ANDA",,"ACTAVIS ELIZABETH",
208862,"ANDA",,"ACTAVIS ELIZABETH",
208864,"ANDA",,"ADARE PHARMS INC",
208870,"NDA",,"JUBILANT DRAXIMAGE",
208871,"ANDA",,"AKORN",
208872,"ANDA",,"AKORN",
208875,"ANDA",,"WATSON LABS INC",
208878,"ANDA",,"FRESENIUS KABI USA",
208881,"ANDA",,"TELIGENT PHARMA INC",
208882,"ANDA",,"ZYDUS PHARMS USA INC",
208888,"ANDA",,"AMNEAL PHARMS CO",
208890,"ANDA",,"AMNEAL PHARMS LLC",
208910,"NDA",,"RXMTM THERAPS LLC",
208912,"NDA",,"EYEPOINT PHARMS",
208915,"ANDA",,"CIPLA LTD",
208925,"ANDA",,"G AND W LABS INC",
208927,"ANDA",,"BIOCON LTD",
208933,"ANDA",,"GLENMARK PHARMS",
208934,"ANDA",,"SUN PHARMA GLOBAL",
208938,"ANDA",,"ZYDUS PHARMS USA INC",
208943,"NDA",,"PAR STERILE PRODUCTS",
208944,"NDA",,"ADAMAS PHARMA",
208945,"NDA",,"FERRER INTERNACIONAL",
208953,"ANDA",,"ZYDUS PHARMS USA INC",
208956,"NDA",,"ARBOR PHARMS LLC",
208963,"ANDA",,"ZYDUS PHARMS USA INC",
208964,"ANDA",,"LUPIN ATLANTIS",
208966,"ANDA",,"ALEMBIC PHARMS LTD",
208970,"ANDA",,"ZYDUS PHARMS USA INC",
208973,"ANDA",,"AMNEAL PHARMS CO",
208974,"ANDA",,"AMNEAL PHARMS CO",
208975,"ANDA",,"AMNEAL PHARMS CO",
208980,"ANDA",,"ZYDUS PHARMS USA INC",
208984,"NDA",,"VIIV HLTHCARE",
208990,"ANDA",,"ZYDUS PHARMS USA INC",
209008,"ANDA",,"AUROBINDO PHARMA LTD",
209011,"ANDA",,"CSPC OUYI PHARM CO",
209012,"ANDA",,"CSPC OUYI PHARM CO",
209014,"ANDA",,"AUROBINDO PHARMA LTD",
209018,"ANDA",,"PERRIGO UK FINCO",
209019,"ANDA",,"PERRIGO UK FINCO",
209021,"ANDA",,"ASCENT PHARMS INC",
209022,"NDA",,"OPTINOSE US INC",
209035,"ANDA",,"STRIDES PHARMA",
209036,"ANDA",,"ABHAI LLC",
209037,"ANDA",,"ABHAI LLC",
209040,"ANDA",,"SANDOZ INC",
209047,"ANDA",,"STRIDES PHARMA",
209058,"ANDA",,"GLAND PHARMA LTD",
209080,"NDA",,"ITALFARMACO SPA",
209081,"ANDA",,"AUROBINDO PHARMA LTD",
209086,"ANDA",,"ACTAVIS LABS",
209088,"ANDA",,"LUITPOLD",
209089,"NDA",,"SANOFI-AVENTIS US",
209090,"NDA",,"SANOFI-AVENTIS US",
209091,"NDA",,"ASTRAZENECA AB",
209092,"NDA",,"NOVARTIS PHARMS CORP",
209093,"ANDA",,"AMNEAL PHARMS",
209111,"ANDA",,"NESHER PHARMS",
209112,"NDA",,"MCGUFF",
209114,"ANDA",,"G AND W LABS INC",
209115,"NDA",,"CLOVIS ONCOLOGY INC",
209119,"ANDA",,"ALEMBIC PHARMS LTD",
209139,"NDA",,"CARMEL BIOSCIENCES",
209148,"ANDA",,"TARO PHARMA USA INC",
209151,"ANDA",,"TORRENT PHARMS LTD",
209158,"ANDA",,"PERRIGO UK FINCO",
209165,"ANDA",,"ALEMBIC PHARMS LTD",
209167,"ANDA",,"ACCORD HLTHCARE INC",
209170,"ANDA",,"ACCORD HLTHCARE",
209171,"ANDA",,"HERITAGE PHARMA",
209176,"NDA",,"MITSUBISHI TANABE",
209177,"ANDA",,"STRIDES PHARMA",
209191,"NDA",,"HOSPIRA INC",
209195,"NDA",,"GILEAD SCIENCES INC",
209196,"NDA",,"SANOFI-AVENTIS US",
209203,"NDA",,"IRONWOOD PHARMS INC",
209204,"ANDA",,"TARO",
209207,"ANDA",,"TARO",
209208,"ANDA",,"UPSHER-SMITH LABS",
209210,"NDA",,"ASTRAZENECA AB",
209221,"ANDA",,"LANNETT CO INC",
209224,"ANDA",,"AUROBINDO PHARMA LTD",
209229,"NDA",,"US WORLDMEDS LLC",
209239,"ANDA",,"GLENMARK PHARMS",
209241,"NDA",,"NEUROCRINE",
209259,"NDA",,"SUN PHARM INDS LTD",
209260,"NDA",,"FRESENIUS KABI USA",
209269,"NDA",,"DR REDDYS LABS LTD",
209279,"NDA",,"ACTELION PHARMS",
209287,"ANDA",,"VIRTUS PHARM",
209296,"NDA",,"HERON THERAPS INC",
209299,"NDA",,"RIGEL PHARMS INC",
209303,"ANDA",,"ALIGNSCIENCE PHARMA",
209305,"NDA",,"ACLARIS THERAPS INC",
209310,"NDA",,"INTERSECT ENT INC",
209311,"NDA",,"IRONSHORE PHARMS",
209336,"ANDA",,"TARO",
209339,"ANDA",,"AUROBINDO PHARMA LTD",
209347,"NDA",,"EXELA PHARMA SCS LLC",
209353,"NDA",,"DOW PHARM",
209355,"NDA",,"DOW PHARM",
209359,"NDA",,"HOSPIRA INC",
209360,"NDA",,"LA JOLLA PHARMA",
209363,"NDA",,"LUPIN",
209369,"ANDA",,"RHODES PHARMS",
209381,"NDA",,"SALIX PHARMS INC",
209387,"NDA",,"EXELA PHARMA SCS LLC",
209394,"NDA",,"ABBVIE INC",
209400,"NDA",,"DEXCEL PHARMA",
209401,"NDA",,"CELATOR PHARMS",
209410,"NDA",,"OSMOTICA PHARM",
209414,"ANDA",,"AUROBINDO PHARMA LTD",
209426,"ANDA",,"TORRENT PHARMS LTD",
209449,"NDA",,"CYCLE PHARMS LTD",
209452,"ANDA",,"DR REDDYS LABS LTD",
209463,"NDA",,"EXELA PHARMA SCS LLC",
209472,"ANDA",,"EAGLE PHARMS",
209478,"NDA",,"CMP DEV LLC",
209481,"NDA",,"MYLAN LABS LTD",
209482,"NDA",,"GLAXOSMITHKLINE",
209483,"NDA",,"ENCORE DERMAT",
209501,"NDA",,"PF PRISM CV",
209512,"NDA",,"ABBVIE INC",
209520,"ANDA",,"WATSON LABS INC",
209521,"NDA",,"ALLERGAN INC",
209522,"ANDA",,"TEVA PHARMS USA INC",
209531,"NDA",,"BIOGEN IDEC",
209539,"ANDA",,"CIPLA LTD",
209550,"ANDA",,"LAURUS LABS PVT",
209555,"ANDA",,"ALVOGEN PINE BROOK",
209566,"NDA",,"MERIDIAN MEDCL TECHN",
209570,"NDA",,"CHEMO RESEARCH SL",
209589,"NDA",,"FERRING PHARMS INC",
209592,"ANDA",,"MYLAN LABS LTD",
209602,"ANDA",,"MYLAN LABS LTD",
209604,"NDA",,"ACCORD HLTHCARE",
209606,"NDA",,"CELGENE CORP",
209607,"NDA",,"PROGENICS PHARMS INC",
209618,"NDA",,"AUROBINDO PHARMA LTD",
209627,"NDA",,"POPULATION COUNCIL",
209637,"NDA",,"NOVO NORDISK INC",
209641,"ANDA",,"ACTAVIS LABS UT INC",
209654,"ANDA",,"AJANTA PHARMA LTD",
209658,"ANDA",,"CIPLA LTD",
209661,"NDA",,"DUCHESNAY",
209664,"ANDA",,"DR REDDYS LABS LTD",
209670,"NDA",,"MYLAN PHARMS INC",
209687,"ANDA",,"UPSHER-SMITH LABS",
209692,"ANDA",,"AMNEAL PHARMS NY",
209718,"ANDA",,"AMNEAL PHARMS CO",
209719,"ANDA",,"AMNEAL PHARMS CO",
209729,"ANDA",,"GLENMARK PHARMS",
209745,"ANDA",,"AMNEAL PHARMS CO",
209764,"NDA",,"MERCK SHARP DOHME",
209776,"NDA",,"REMPEX PHARMS",
209777,"NDA",,"DAIICHI SANKYO INC",
209780,"ANDA",,"NEXUS PHARMS",
209801,"ANDA",,"TEVA PHARMS USA INC",
209803,"NDA",,"MERCK SHARP DOHME",
209805,"NDA",,"MERCK SHARP DOHME",
209806,"NDA",,"MERCK SHARP DOHME",
209816,"NDA",,"PARATEK PHARMS INC",
209817,"NDA",,"PARATEK PHARMS INC",
209819,"NDA",,"INDIVIOR INC",
209830,"NDA",,"ALKERMES INC",
209831,"ANDA",,"TEVA PHARMS USA",
209839,"ANDA",,"CIPLA LIMITED",
209844,"NDA",,"CHARTWELL PHARMA",
209851,"ANDA",,"APOTEX INC",
209862,"NDA",,"KALEO INC",
209863,"NDA",,"ANTARES PHARMA INC",
209869,"ANDA",,"APPCO PHARMA LLC",
209875,"NDA",,"LUPIN LTD",
209877,"ANDA",,"ACCORD HLTHCARE INC",
209878,"ANDA",,"MSN LABS PVT LTD",
209885,"NDA",,"TEVA BRANDED PHARM",
209923,"ANDA",,"PRINSTON PHARMA INC",
209927,"NDA",,"GENERAL SERVICES & SUPPLY CO",
209935,"NDA",,"NOVARTIS PHARMS CORP",
209936,"NDA",,"BAYER HEALTHCARE",
209938,"ANDA",,"TEVA PHARMS USA INC",
209939,"NDA",,"MERCK SHARP DOHME",
209940,"NDA",,"MERCK SHARP DOHME",
209942,"ANDA",,"TEVA PHARMS USA INC",
209949,"NDA",,"XELLIA PHARMS APS",
209963,"NDA",,"GENUS LIFESCIENCES",
209970,"ANDA",,"TEVA PHARMS USA INC",
209983,"ANDA",,"FRESENIUS KABI USA",
209989,"NDA",,"MATHESON TRI-GAS INC",
210026,"ANDA",,"AUROBINDO PHARMA USA",
210031,"ANDA",,"HAINAN SHUANGCHENG PHARMA CO LTD",
210044,"ANDA",,"AMNEAL PHARMS CO",
210045,"NDA",,"KITOV PHARMS LTD",
210054,"ANDA",,"AJANTA PHARMA LTD",
210064,"NDA",,"TEVA PHARMS USA INC",
210102,"ANDA",,"GLAND PHARMA LTD",
210115,"NDA",,"ASTELLAS",
210155,"ANDA",,"AMNEAL PHARMS",
210158,"ANDA",,"MICRO LABS LTD",
210192,"NDA",,"VIIV HLTHCARE",
210209,"ANDA",,"LUPIN LTD",
210224,"ANDA",,"ALKEM LABS LTD",
210225,"ANDA",,"PERRIGO UK FINCO",
210234,"ANDA",,"TEVA PHARMS",
210235,"NDA",,"PRAXAIR DISTRIBUTION INC",
210237,"NDA",,"MYLAN LABS",
210238,"NDA",,"AKARX INC",
210240,"ANDA",,"HETERO USA INC",
210251,"NDA",,"GILEAD SCIENCES INC",
210252,"ANDA",,"BIONPHARMA INC",
210254,"ANDA",,"CIPLA LIMITED",
210259,"NDA",,"ASTRAZENECA",
210281,"ANDA",,"JIANGXI BOYA SEEHOT PHARMACEUTICAL CO LTD",
210303,"NDA",,"ACHAOGEN INC",
210308,"NDA",,"SUN PHARMA GLOBAL",
210326,"NDA",,"FRESENIUS KABI USA",
210361,"NDA",,"DERMIRA INC",
210365,"NDA",,"GW RESEARCH LTD",
210385,"ANDA",,"AUROBINDO PHARMA USA",
210392,"ANDA",,"AJANTA PHARMA LTD",
210402,"ANDA",,"AMNEAL PHARMS CO",
210428,"NDA",,"SPIL",
210440,"ANDA",,"ALKEM LABS LTD",
210450,"NDA",,"ABBVIE INC",
210455,"NDA",,"JANSSEN PRODS",
210491,"NDA",,"VERTEX PHARMS INC",
210493,"NDA",,"HELSINN HLTHCARE",
210496,"NDA",,"ARRAY BIOPHARMA INC",
210498,"NDA",,"ARRAY BIOPHARMA INC",
210515,"ANDA",,"ALEMBIC PHARMS LTD",
210540,"NDA",,"MYLAN LABS LTD",
210563,"NDA",,"PHARMACYCLICS INC",
210565,"NDA",,"KALA PHARMS INC",
210566,"NDA",,"THERAPS INC",
210567,"ANDA",,"LUPIN LTD",
210570,"ANDA",,"ALKEM LABS LTD",
210589,"NDA",,"FRESENIUS KABI USA",
210607,"NDA",,"60 DEGREES PHARMS",
210655,"NDA",,"INDIVIOR INC",
210661,"NDA",,"APOTEX INC",
210688,"ANDA",,"MSN LABS PVT LTD",
210709,"NDA",,"NODEN PHARMA",
210720,"ANDA",,"TARO PHARMA USA INC",
210793,"NDA",,"ACADIA PHARMS INC",
210795,"NDA",,"GLAXOSMITHKLINE",
210806,"NDA",,"MSD MERCK CO",
210807,"NDA",,"MSD MERCK CO",
210816,"NDA",,"LISS AMERICA LLC",
210833,"NDA",,"AQUESTIVE THERAPEUTICS",
210844,"NDA",,"PRAXAIR MEXICO",
210850,"NDA",,"MAIA PHARMS INC",
210867,"NDA",,"MDGH",
210880,"ANDA",,"HETERO LABS UNIT III",
210892,"ANDA",,"GLAND PHARMA LTD",
210913,"NDA",,"SUN PHARMA GLOBAL",
210915,"ANDA",,"TEVA PHARMS USA INC",
210920,"ANDA",,"BIONPHARMA INC",
210922,"NDA",,"ALNYLAM PHARMS INC",
210923,"NDA",,"SHIONOGI INC",
210928,"ANDA",,"TEVA PHARMS USA INC",
210951,"NDA",,"JANSSEN BIOTECH",
210997,"NDA",,"EXELA PHARMA SCS LLC",
211060,"ANDA",,"AJANTA PHARMA LTD",
211109,"NDA",,"TETRAPHASE PHARMS",
211155,"NDA",,"VERASTEM INC",
211158,"NDA",,"AMNEAL PHARMS LLC",
211172,"NDA",,"IONIS PHARMS INC",
211192,"NDA",,"AGIOS PHARMS INC",
211270,"NDA",,"LINDE GAS PUERTO RICO INC",
211288,"NDA",,"PFIZER INC",
211358,"NDA",,"VERTEX PHARMS INC",
211781,"NDA",,"A-OX WELDING SUPPLY CO, INC.",
212319,"NDA",,"RAFA LABS LTD",
761024,"BLA",,"AMGEN INC",
761025,"BLA",,"BOEHRINGER INGELHEIM",
761028,"BLA",,"AMGEN INC",
761029,"BLA",,"BIOGEN",
761032,"BLA",,"VALEANT LUXEMBOURG",
761033,"BLA",,"TEVA RESPIRATORY LLC",
761034,"BLA",,"GENENTECH INC",
761035,"BLA",,"BRISTOL MYERS SQUIBB",
761036,"BLA",,"JANSSEN BIOTECH",
761037,"BLA",,"SANOFI SYNTHELABO",
761038,"BLA",,"ELI LILLY AND CO",
761040,"BLA",,"WYETH PHARMS INC",
761041,"BLA",,"GENENTECH INC",
761042,"BLA",,"SANDOZ",
761043,"BLA",,"GLAXOSMITHKLINE LLC",
761044,"BLA",,"JANSSEN BIOTECH",
761046,"BLA",,"MERCK SHARP DOHME",
761047,"BLA",,"ULTRAGENYX PHARM INC",
761049,"BLA",,"EMD SERONO INC",
761051,"BLA",,"KYOWA KIRIN",
761052,"BLA",,"BIOMARIN PHARM",
761053,"BLA",,"GENENTECH INC",
761054,"BLA",,"SAMSUNG BIOEPSIS CO LTD",
761055,"BLA",,"REGENERON PHARMACEUTICALS",
761058,"BLA",,"BOEHRINGER INGELHEIM",
761060,"BLA",,"WYETH PHARMS INC",
761061,"BLA",,"JANSSEN BIOTECH",
761063,"BLA",,"ELI LILLY AND CO",
761064,"BLA",,"GENENTECH INC",
761065,"BLA",,"TAIMED BIOLOGICS USA",
761067,"BLA",,"SUN PHARMA GLOBAL",
761068,"BLA",,"ULTRAGENYX PHARM INC",
761069,"BLA",,"ASTRAZENECA UK LTD",
761070,"BLA",,"ASTRAZENECA AB",
761072,"BLA",,"PFIZER INC",
761074,"BLA",,"MYLAN GMBH",
761075,"BLA",,"MYLAN GMBH",
761077,"BLA",,"AMGEN INC",
761078,"BLA",,"EMD SERONO INC",
761079,"BLA",,"BIOMARIN PHARM",
761080,"BLA",,"HOSPIRA INC",
761083,"BLA",,"GENENTECH INC",
761089,"BLA",,"TEVA PHARMS USA",
761090,"BLA",,"DYAX CORP.",
761092,"BLA",,"LEADIANT BIOSCI INC",
761094,"BLA",,"DOMPE FARMACEUTICI",
761097,"BLA",,"REGENERON PHARMACEUTICALS",
761104,"BLA",,"ASTRAZENECA AB",
