"applno","productno","marketingstatusid","tecodestr","tecode"
3444,1,1,"AA",1
5010,1,1,"AA",1
5010,4,1,"AA",1
5378,2,1,"AA",1
5929,1,1,"AP",52
6035,4,1,"AP",52
6134,2,1,"AA",1
6134,10,1,"AA",1
6188,1,1,"BD",131
6488,2,1,"AP",52
6488,4,1,"AP",52
6488,5,1,"AP",52
6488,7,1,"AP",52
6488,8,1,"AP",52
6488,10,1,"AP",52
6488,12,1,"AP",52
6488,17,1,"AP",52
6488,19,1,"AP",52
7073,1,1,"AB",2
7073,2,1,"AB",2
7337,7,1,"AA",1
7409,1,1,"AB",2
7409,3,1,"AB",2
7513,1,1,"AP",52
8085,2,1,"AB",2
8316,1,1,"AB",2
8370,1,1,"AP",52
8370,2,1,"AP",52
8453,2,1,"AP",52
8678,2,1,"AA",1
8678,3,1,"AA",1
8697,1,1,"AB",2
8697,2,1,"AB",2
8697,3,1,"AB",2
8708,1,1,"AB",2
8762,1,1,"AB",2
8816,1,1,"AT",56
8845,1,1,"AP",52
8845,6,1,"AP",52
9053,2,1,"AB",2
9112,3,1,"AT",56
9170,2,1,"AB",2
9170,3,1,"AB",2
9175,1,1,"AB",2
9218,5,1,"AB",2
9218,7,1,"AB",2
9218,13,1,"AB",2
9218,16,1,"AB",2
9218,18,1,"AB",2
9218,22,1,"AB",2
9218,23,1,"AB",2
9218,25,1,"AB",2
9218,26,1,"AB",2
9330,2,1,"AP",52
9402,3,1,"AO",51
9402,4,1,"AO",51
9435,2,1,"AP",52
9435,6,1,"AP",52
9435,7,1,"AP",52
9768,1,1,"AB",2
9829,2,1,"AB",2
9830,1,1,"AP",52
10104,3,1,"AB",2
10187,3,1,"AB",2
10187,6,1,"AB",2
10187,10,1,"AB",2
10379,1,1,"AB",2
10379,2,1,"AB",2
10379,3,1,"AB",2
10417,1,1,"AP",52
10417,2,1,"AT",56
10515,1,1,"AP",52
11011,4,1,"AA",1
11011,6,1,"AA",1
11145,5,1,"AP",52
11153,1,1,"AB",2
11153,3,1,"AB",2
11153,4,1,"AB",2
11153,6,1,"AB",2
11210,1,1,"AA",1
11245,3,1,"AA",1
11459,2,1,"AB",2
11459,4,1,"AB",2
11525,1,1,"AP",52
11601,3,1,"AT",56
11601,6,1,"AT",56
11665,1,1,"AB",2
11719,10,1,"AP",52
11719,12,1,"AP",52
11722,2,1,"AA",1
11757,1,1,"AB",2
11757,2,1,"AB",2
11757,4,1,"AB",2
11790,1,1,"AP",52
11792,1,1,"AA",1
11792,4,1,"AB",2
11839,1,1,"AB",2
11839,3,1,"AB",2
11839,4,1,"AB",2
11856,3,1,"AP",52
11856,4,1,"AP",52
11856,5,1,"AP",52
11856,6,1,"AP",52
11856,7,1,"AP",52
11909,2,1,"AB",2
12015,1,1,"AP",52
12093,7,1,"AB",2
12104,1,1,"AT",56
12151,8,1,"AB",2
12151,9,1,"AB",2
12151,10,1,"AB",2
12179,1,1,"AT",56
12250,1,1,"AP",52
12250,2,1,"AP",52
12250,5,1,"AP",52
12342,3,1,"AB",2
12380,1,1,"AB",2
12462,1,1,"AA",1
12546,1,1,"AB",2
12616,4,1,"AB",2
12623,1,1,"AB",2
12623,3,1,"AB",2
12770,1,1,"AT",56
12787,2,1,"AT",56
12787,4,1,"AT",56
12787,5,1,"AT",56
12806,1,1,"AT",56
12806,2,1,"AT",56
12836,3,1,"AB",2
12836,4,1,"AB",2
12836,5,1,"AB",2
12945,1,1,"AB",2
13217,3,1,"AB",2
13263,2,1,"AB",2
13263,4,1,"AB",2
13263,6,1,"AB",2
13684,1,1,"AP",52
13684,2,1,"AP",52
13684,3,1,"AP",52
13684,4,1,"AP",52
13684,5,1,"AP",52
13684,6,1,"AP",52
13684,7,1,"AP",52
13684,8,1,"AP",52
13718,1,1,"AB",2
13718,2,1,"AB",2
13790,1,1,"AT",56
13960,1,1,"AT",56
14399,1,1,"AB",2
14399,3,1,"AB",2
14399,4,1,"AB",2
14399,5,1,"AB",2
14399,6,1,"AB",2
14399,7,1,"AB",2
14602,1,1,"AB",2
14691,2,1,"AB",2
14879,1,1,"AP",52
14901,1,1,"AP",52
15034,3,1,"AB",2
15230,2,1,"AA",1
15296,1,1,"AT",56
15923,1,1,"AP",52
16042,3,1,"AB",2
16084,1,1,"AB",2
16084,2,1,"AB",2
16092,1,1,"AB",2
16093,1,1,"AP",52
16151,1,1,"AB",2
16199,1,1,"AB",2
16267,1,1,"AP",52
16267,2,1,"AP",52
16269,6,1,"AP",52
16273,1,1,"AB",2
16273,2,1,"AB",2
16273,3,1,"AB",2
16295,1,1,"AB",2
16320,1,1,"AB",2
16320,3,1,"AB",2
16324,1,1,"AB",2
16366,1,1,"AP",52
16367,2,1,"AP",52
16608,1,1,"AB",2
16619,1,1,"AP",52
16620,1,1,"AB",2
16620,2,1,"AB",2
16620,3,1,"AB",2
16673,1,1,"AP",52
16673,3,1,"AP",52
16677,1,1,"AP",52
16677,4,1,"AP",52
16678,1,1,"AP",52
16679,1,1,"AP",52
16682,1,1,"AP",52
16683,1,1,"AP",52
16687,1,1,"AP",52
16689,1,1,"AP",52
16693,1,1,"AP",52
16694,1,1,"AP",52
16697,1,1,"AP",52
16730,1,1,"AP",52
16730,2,1,"AP",52
16733,1,1,"AT",56
16734,1,1,"AT",56
16750,1,1,"AP",52
16784,1,1,"AT",56
16792,1,1,"AB",2
16792,2,1,"AB",2
16792,3,1,"AB",2
16796,1,1,"AP",52
16801,1,1,"AP",52
16801,2,1,"AP",52
16801,4,1,"AP",52
16801,5,1,"AP",52
16812,1,1,"AP",52
16812,2,1,"AP",52
16812,3,1,"AP",52
16831,1,1,"AT",56
16831,2,1,"AT",56
16831,3,1,"AB",2
16909,2,1,"AB",2
16954,1,1,"AB2",20
16964,1,1,"AP",52
16964,4,1,"AP",52
16964,5,1,"AP",52
16964,6,1,"AP",52
16964,7,1,"AP",52
16964,8,1,"AP",52
16964,9,1,"AP",52
16964,10,1,"AP",52
16964,12,1,"AP",52
16964,13,1,"AP",52
17001,1,1,"AB",2
17001,2,1,"AB",2
17010,1,1,"AB",2
17011,1,1,"AB",2
17016,7,1,"AP",52
17029,1,1,"AP",52
17029,3,1,"AP",52
17029,4,1,"AP",52
17029,10,1,"AP",52
17029,13,1,"AP",52
17029,14,1,"AP",52
17029,15,1,"AP",52
17029,16,1,"AP",52
17037,1,1,"AP",52
17037,2,1,"AP",52
17037,3,1,"AP",52
17058,1,1,"AA",1
17060,1,1,"AB1",3
17067,2,1,"AP",52
17078,1,1,"AB",2
17078,2,1,"AB",2
17078,3,1,"AB",2
17105,7,1,"AB",2
17105,8,1,"AB",2
17116,2,1,"AA",1
17340,1,1,"AB",2
17354,1,1,"AB",2
17355,1,1,"AB",2
17362,2,1,"AO",51
17373,1,1,"AB",2
17376,1,1,"AB",2
17376,2,1,"AB",2
17377,1,1,"AB",2
17377,2,1,"AB",2
17381,1,1,"AB",2
17386,1,1,"AB",2
17386,2,1,"AB",2
17386,3,1,"AB",2
17398,1,1,"AP",52
17407,1,1,"AB",2
17407,2,1,"AB",2
17407,3,1,"AB",2
17422,1,1,"AP",52
17426,1,1,"AB",2
17427,1,1,"AT",56
17428,1,1,"AT",56
17433,1,1,"AT",56
17433,2,1,"AT",56
17441,1,1,"BP",144
17442,1,1,"AB",2
17442,2,1,"AB",2
17442,3,1,"AB",2
17443,1,1,"AB",2
17443,2,1,"AB",2
17443,3,1,"AB",2
17447,1,1,"AB",2
17447,2,1,"AB",2
17464,1,1,"AP",52
17469,1,1,"AB",2
17473,1,1,"AB",2
17473,3,1,"AB",2
17478,1,1,"BS",146
17512,1,1,"AT",56
17512,2,1,"AT",56
17512,3,1,"AT",56
17512,4,1,"AT",56
17512,5,1,"AT",56
17512,6,1,"AT",56
17512,7,1,"AT",56
17512,8,1,"AT",56
17512,9,1,"AT",56
17513,1,1,"AT",56
17514,1,1,"AT",56
17521,6,1,"AP",52
17522,1,1,"AB1",3
17530,1,1,"AP",52
17531,6,1,"AB",2
17532,1,1,"AB2",20
17532,2,1,"AB2",20
17532,3,1,"AB2",20
17533,1,1,"AB",2
17533,2,1,"AB",2
17533,3,1,"AB",2
17534,5,1,"AA",1
17538,1,1,"AP",52
17555,1,1,"AB",2
17555,2,1,"AB",2
17555,3,1,"AB",2
17563,3,1,"AB",2
17563,4,1,"AB",2
17565,1,1,"AB",2
17565,2,1,"AB",2
17579,2,1,"AB",2
17581,4,1,"AB",2
17584,1,1,"AP",52
17584,2,1,"AP",52
17585,1,1,"AP",52
17607,1,1,"AP",52
17608,1,1,"AP",52
17624,1,1,"AN",50
17634,1,1,"AP",52
17634,2,1,"AP",52
17634,3,1,"AP",52
17635,1,1,"AT",56
17641,1,1,"AP",52
17643,1,1,"AP",52
17648,1,1,"AP",52
17648,2,1,"AP",52
17648,5,1,"AP",52
17651,6,1,"AP",52
17656,1,1,"AT",56
17681,1,1,"AB",2
17692,1,1,"AP",52
17743,1,1,"AB",2
17783,1,1,"AB",2
17783,2,1,"AB",2
17788,1,1,"AT",56
17794,1,1,"AB",2
17794,2,1,"AB",2
17794,3,1,"AB",2
17806,1,1,"AP",52
17806,2,1,"AP",52
17807,1,1,"BP",144
17812,1,1,"AB",2
17812,2,1,"AB",2
17812,3,1,"AB",2
17830,1,1,"AB",2
17854,1,1,"AB",2
17854,2,1,"AB",2
17865,1,1,"AT",56
17866,1,1,"AT",56
17867,1,1,"AT",56
17874,1,1,"AB",2
17875,1,1,"AB",2
17876,1,1,"AB",2
17881,1,1,"BS",146
17892,1,1,"AB",2
17892,3,1,"AB",2
17919,2,1,"AB",2
17922,1,1,"AB",2
17922,3,1,"AB",2
17955,1,1,"AB",2
17962,1,1,"AB",2
17962,2,1,"AB",2
17963,1,1,"AB",2
17963,2,1,"AB",2
18008,5,1,"AP",52
18008,6,1,"AP",52
18008,7,1,"AP",52
18008,8,1,"AP",52
18008,9,1,"AP",52
18008,10,1,"AP",52
18013,1,1,"AB",2
18013,2,1,"AB",2
18013,3,1,"AB",2
18013,4,1,"AB",2
18016,1,1,"AP",52
18027,1,1,"AB",2
18037,1,1,"AP",52
18037,2,1,"AP",52
18037,3,1,"AP",52
18037,4,1,"AP",52
18037,5,1,"AP",52
18037,6,1,"AP",52
18037,7,1,"AP",52
18037,8,1,"AP",52
18037,9,1,"AP",52
18044,1,1,"AB",2
18044,2,1,"AB",2
18053,1,1,"AP",52
18053,2,1,"AP",52
18053,3,1,"AP",52
18057,4,1,"AP",52
18058,1,1,"BS",146
18063,1,1,"AB",2
18063,2,1,"AB",2
18063,5,1,"AB",2
18080,1,1,"AP",52
18081,1,1,"AB",2
18082,1,1,"AA",1
18086,1,1,"AT",56
18086,2,1,"AT1",66
18090,1,1,"AP",52
18110,2,1,"AP",52
18132,1,1,"AP",52
18132,2,1,"AP",52
18132,3,1,"AP",52
18132,4,1,"AP",52
18140,1,1,"AP",52
18140,2,1,"AP",52
18147,2,1,"AB",2
18147,3,1,"AB",2
18150,1,1,"AP",52
18156,1,1,"AT",56
18161,1,1,"AT",56
18163,1,1,"AB",2
18163,2,1,"AB",2
18163,3,1,"AB",2
18163,4,1,"AB",2
18164,3,1,"AB",2
18200,1,1,"AB",2
18225,1,1,"AB",2
18225,2,1,"AB",2
18225,3,1,"AB",2
18227,1,1,"AP",52
18233,1,1,"AP",52
18240,1,1,"AB",2
18240,2,1,"AB",2
18240,4,1,"AB",2
18243,1,1,"AP",52
18243,2,1,"AP",52
18248,1,1,"AP",52
18248,2,1,"AP",52
18251,1,1,"AP",52
18261,1,1,"AP",52
18261,2,1,"AP",52
18264,1,1,"AP",52
18276,1,1,"AB",2
18276,2,1,"AB",2
18276,3,1,"AB",2
18276,4,1,"AB",2
18279,1,1,"AB3",30
18279,2,1,"BC",130
18279,3,1,"AB2",20
18281,1,1,"AB",2
18299,1,1,"AT",56
18303,1,1,"AB",2
18303,2,1,"AB",2
18304,1,1,"AP",52
18304,2,1,"AP",52
18304,3,1,"AP",52
18304,4,1,"AP",52
18304,5,1,"AP",52
18313,1,1,"AT",56
18314,1,1,"AT",56
18315,1,1,"AT",56
18333,1,1,"AB",2
18336,1,1,"AT",56
18362,2,1,"AP",52
18362,3,1,"AP",52
18362,5,1,"AP",52
18362,9,1,"AP",52
18362,10,1,"AP",52
18371,3,1,"AP",52
18401,1,1,"AP",52
18413,1,1,"AB",2
18413,2,1,"AB",2
18421,1,1,"AA",1
18422,3,1,"AB",2
18449,1,1,"AP",52
18461,2,1,"AP",52
18461,3,1,"AP",52
18461,4,1,"AP",52
18482,1,1,"AB",2
18484,1,1,"AP",52
18487,1,1,"AB",2
18487,2,1,"AB",2
18494,1,1,"AT",56
18495,1,1,"AT",56
18508,1,1,"AT",56
18514,1,1,"AB1",3
18523,1,1,"AT",56
18553,1,1,"AB",2
18553,2,1,"AB",2
18553,3,1,"AB",2
18553,4,1,"AB",2
18558,1,1,"AB",2
18561,1,1,"AP",52
18563,1,1,"AP",52
18565,1,1,"AP",52
18565,2,1,"AP",52
18565,3,1,"AP",52
18565,4,1,"AP",52
18569,1,1,"AB",2
18569,2,1,"AB",2
18569,5,1,"AB",2
18578,1,1,"AB",2
18594,1,1,"AB",2
18602,1,1,"AB",2
18602,2,1,"AB",2
18602,3,1,"AB",2
18602,4,1,"AB",2
18604,1,1,"AB",2
18608,1,1,"AT",56
18609,1,1,"AP",52
18609,2,1,"AP",52
18613,1,1,"AT",56
18615,1,1,"AB",2
18629,1,1,"AP",52
18629,2,1,"AP",52
18629,3,1,"AP",52
18629,4,1,"AP",52
18629,5,1,"AP",52
18629,6,1,"AP",52
18629,7,1,"AP",52
18629,8,1,"AP",52
18632,1,1,"AP",52
18632,2,1,"AP",52
18642,1,1,"AB",2
18647,1,1,"AB",2
18647,2,1,"AB",2
18651,1,1,"AB",2
18651,2,1,"AB",2
18651,3,1,"AB",2
18652,1,1,"AB",2
18657,1,1,"AP",52
18659,1,1,"AB",2
18659,2,1,"AB",2
18667,1,1,"AP",52
18671,1,1,"AA",1
18671,2,1,"AA",1
18679,1,1,"AB",2
18681,1,1,"AT",56
18692,1,1,"AP",52
18701,1,1,"AO",51
18701,2,1,"AO",51
18704,1,1,"AP",52
18705,2,1,"AB",2
18714,1,1,"AB",2
18716,1,1,"AB",2
18716,2,1,"AB",2
18716,3,1,"AB",2
18723,1,1,"AB",2
18723,2,1,"AB",2
18723,3,1,"AB",2
18735,2,1,"AP",52
18735,3,1,"AP",52
18741,1,1,"AB",2
18748,1,1,"AB",2
18751,1,1,"AB",2
18760,1,1,"AB",2
18760,2,1,"AB",2
18800,1,1,"AP",52
18801,1,1,"AP",52
18802,1,1,"AP",52
18803,1,1,"AP",52
18810,1,1,"AB",2
18817,1,1,"AB",2
18817,2,1,"AB",2
18823,1,1,"AB",2
18823,2,1,"AB",2
18826,1,1,"AP",52
18826,2,1,"AP",52
18826,3,1,"AP",52
18827,1,1,"AB",2
18828,1,1,"AB",2
18830,1,1,"AB",2
18830,3,1,"AB",2
18830,4,1,"AB",2
18832,2,1,"AB",2
18841,4,1,"AB",2
18849,1,1,"AT",56
18851,1,1,"AB",2
18851,2,1,"AB",2
18858,1,1,"AB",2
18859,1,1,"AN",50
18861,1,1,"AB",2
18865,1,1,"AB",2
18866,1,1,"AB",2
18877,1,1,"AB",2
18878,1,1,"AP",52
18883,1,1,"AT",56
18883,2,1,"AT",56
18883,3,1,"AT",56
18883,4,1,"AT",56
18883,5,1,"AT",56
18883,6,1,"AT",56
18888,1,1,"AB",2
18890,2,1,"AP",52
18891,1,1,"AB",2
18891,2,1,"AB",2
18891,3,1,"AB",2
18896,1,1,"AP",52
18900,1,1,"AP",52
18902,1,1,"AP",52
18916,10,1,"AP",52
18916,11,1,"AP",52
18921,1,1,"AT",56
18925,1,1,"AP",52
18925,2,1,"AP",52
18927,1,1,"AB",2
18936,1,1,"AB1",3
18936,3,1,"AB",2
18936,6,1,"AB1",3
18938,1,1,"AP",52
18948,1,1,"AB",2
18963,1,1,"AP",52
18965,1,1,"AB",2
18977,2,1,"AB",2
18983,12,1,"AA",1
18985,2,1,"AB",2
18998,1,1,"AB",2
18998,2,1,"AB",2
18998,3,1,"AB",2
18998,5,1,"AB",2
19011,1,1,"AA",1
19022,1,1,"AP",52
19022,2,1,"AP",52
19028,1,1,"AT",56
19034,3,1,"AP",52
19034,4,1,"AP",52
19039,1,1,"AP",52
19044,1,1,"AP",52
19048,1,1,"AB",2
19049,1,1,"AB",2
19050,1,1,"AP",52
19071,1,1,"AB",2
19071,2,1,"AB",2
19071,3,1,"AB",2
19090,1,1,"AP",52
19099,2,1,"AP",52
19099,3,1,"AP",52
19099,4,1,"AP",52
19101,1,1,"AP",52
19115,1,1,"AP",52
19116,1,1,"AT",56
19117,1,1,"AB1",3
19123,1,1,"AB2",20
19123,2,1,"AB2",20
19129,1,1,"AB",2
19129,3,1,"AB",2
19137,1,1,"AB",2
19141,1,1,"AB",2
19152,1,1,"AB",2
19152,3,1,"AB",2
19157,1,1,"AA",1
19194,1,1,"AB",2
19219,2,1,"AT",56
19221,1,1,"AB",2
19221,3,1,"AB",2
19257,1,1,"AA",1
19257,2,1,"AA",1
19264,1,1,"AP",52
19268,1,1,"AB",2
19268,3,1,"AB",2
19270,1,1,"AT",56
19281,1,1,"AP",52
19308,5,1,"AP",52
19308,7,1,"AP",52
19316,1,1,"AP",52
19339,2,1,"AP",52
19339,3,1,"AP",52
19339,4,1,"AP",52
19353,1,1,"AP",52
19367,4,1,"AP",52
19367,5,1,"AP",52
19367,6,1,"AP",52
19367,7,1,"AP",52
19367,8,1,"AP",52
19386,6,1,"AP",52
19404,1,1,"AT",56
19416,1,1,"AT",56
19429,3,1,"AB",2
19430,1,1,"AB",2
19430,2,1,"AB",2
19452,1,1,"AT",56
19452,2,1,"AT",56
19452,3,1,"AT",56
19462,1,1,"AB",2
19462,2,1,"AB",2
19465,1,1,"AP",52
19465,2,1,"AP",52
19466,1,1,"AP",52
19479,1,1,"AP",52
19480,1,1,"AP",52
19516,1,1,"AB",2
19516,2,1,"AB",2
19516,3,1,"AB",2
19516,4,1,"AB",2
19516,5,1,"AB",2
19527,1,1,"AB",2
19531,1,1,"AP",52
19531,2,1,"AP",52
19537,2,1,"AB",2
19537,3,1,"AB",2
19543,1,1,"AB",2
19555,1,1,"AB",2
19558,1,1,"AB",2
19558,2,1,"AB",2
19558,3,1,"AB",2
19558,4,1,"AB",2
19568,1,1,"AB",2
19594,2,1,"AB",2
19599,2,1,"AB",2
19600,1,1,"AB",2
19603,1,1,"AP",52
19603,2,1,"AP",52
19603,3,1,"AP",52
19603,4,1,"AP",52
19614,1,1,"AB",2
19614,2,1,"AB",2
19614,3,1,"AB",2
19615,1,1,"AP",52
19615,2,1,"AP",52
19615,3,1,"AP",52
19618,1,1,"AB",2
19618,2,1,"AB",2
19625,2,1,"AB",2
19626,2,1,"AP",52
19626,4,1,"AP",52
19626,5,1,"AP",52
19627,2,1,"AB",2
19630,8,1,"AP",52
19630,10,1,"AP",52
19630,12,1,"AP",52
19630,14,1,"AP",52
19630,16,1,"AP",52
19630,18,1,"AP",52
19630,20,1,"AP",52
19630,22,1,"AP",52
19630,24,1,"AP",52
19630,26,1,"AP",52
19630,28,1,"AP",52
19630,30,1,"AP",52
19631,4,1,"AP",52
19631,7,1,"AP",52
19631,8,1,"AP",52
19631,9,1,"AP",52
19631,10,1,"AP",52
19632,1,1,"AP",52
19633,1,1,"AP",52
19634,3,1,"AP",52
19635,1,1,"AP",52
19635,2,1,"AP",52
19635,3,1,"AP",52
19635,4,1,"AP",52
19640,4,1,"BX",151
19640,5,1,"BX",151
19649,1,1,"AB",2
19653,2,1,"AB",2
19655,1,1,"AB",2
19661,1,1,"AP",52
19667,1,1,"AP",52
19667,2,1,"AP",52
19667,3,1,"AP",52
19667,4,1,"AP",52
19667,5,1,"AP",52
19668,1,1,"AB",2
19668,2,1,"AB",2
19668,3,1,"AB",2
19668,4,1,"AB",2
19680,1,1,"AB",2
19684,1,1,"AB2",20
19684,2,1,"AB2",20
19684,3,1,"AB2",20
19685,2,1,"AP",52
19686,1,1,"AP",52
19686,2,1,"AP",52
19691,5,1,"AP",52
19691,9,1,"AP",52
19697,1,1,"AB",2
19699,4,1,"AP",52
19699,6,1,"AP",52
19700,1,1,"AT",56
19708,4,1,"AP",52
19737,1,1,"AB",2
19758,1,1,"AB",2
19758,2,1,"AB",2
19759,1,1,"AP",52
19763,1,1,"AP",52
19763,2,1,"AP",52
19764,2,1,"BX",151
19766,1,1,"AB",2
19766,2,1,"AB",2
19766,3,1,"AB",2
19766,4,1,"AB",2
19766,5,1,"AB",2
19774,2,1,"BX",151
19777,1,1,"AB",2
19777,2,1,"AB",2
19777,3,1,"AB",2
19777,4,1,"AB",2
19777,5,1,"AB",2
19777,6,1,"AB",2
19781,1,1,"AB",2
19781,2,1,"AB",2
19785,1,1,"AP",52
19787,1,1,"AB",2
19787,2,1,"AB",2
19787,3,1,"AB",2
19795,1,1,"AT",56
19796,1,1,"AB",2
19797,1,1,"AA",1
19797,2,1,"AA",1
19805,1,1,"AP",52
19805,2,1,"AP",52
19813,1,1,"AB",2
19813,2,1,"AB",2
19813,3,1,"AB",2
19813,4,1,"AB",2
19813,5,1,"AB",2
19814,1,1,"AT",56
19821,1,1,"AB",2
19821,2,1,"AB",2
19821,3,1,"AB",2
19821,4,1,"AB",2
19824,1,1,"AB",2
19828,1,1,"AB",2
19830,2,1,"AP",52
19830,3,1,"AP",52
19830,4,1,"AP",52
19832,3,1,"AT",56
19839,1,1,"AB",2
19839,2,1,"AB",2
19839,5,1,"AB",2
19851,1,1,"AB",2
19851,2,1,"AB",2
19851,3,1,"AB",2
19851,4,1,"AB",2
19855,1,1,"AB",2
19856,1,1,"AB",2
19856,2,1,"AB",2
19865,1,1,"AB1",3
19865,2,1,"AB1",3
19865,3,1,"AB1",3
19865,5,1,"AB1",3
19869,1,1,"AP",52
19884,1,1,"AP",52
19885,1,1,"AB",2
19885,2,1,"AB",2
19885,3,1,"AB",2
19885,4,1,"AB",2
19888,1,1,"AB",2
19888,2,1,"AB",2
19888,3,1,"AB",2
19891,1,1,"AA",1
19892,1,1,"AB",2
19892,2,1,"AB",2
19892,3,1,"AB",2
19893,1,1,"AP",52
19898,3,1,"AB",2
19898,4,1,"AB",2
19898,8,1,"AB",2
19901,1,1,"AB",2
19901,2,1,"AB",2
19901,3,1,"AB",2
19901,4,1,"AB",2
19904,1,1,"AP",52
19904,2,1,"AP",52
19904,3,1,"AP",52
19904,4,1,"AP",52
19904,5,1,"AP",52
19904,6,1,"AP",52
19906,1,1,"AB",2
19906,2,1,"AB",2
19906,3,1,"AB",2
19907,1,1,"AT",56
19908,1,1,"AB",2
19908,2,1,"AB",2
19909,1,1,"AB",2
19910,1,1,"AA",1
19916,1,1,"AP",52
19921,1,1,"AT",56
19922,1,1,"AP",52
19927,1,1,"AB",2
19931,1,1,"AB",2
19941,1,1,"AB",2
19949,1,1,"AB",2
19949,2,1,"AB",2
19949,3,1,"AB",2
19949,4,1,"AB",2
19951,1,1,"AP",52
19952,1,1,"AP",52
19952,4,1,"AP",52
19952,5,1,"AP",52
19953,1,1,"AP",52
19955,1,1,"AB",2
19955,2,1,"AB",2
19957,1,1,"AB",2
19962,1,1,"AB",2
19962,2,1,"AB",2
19962,3,1,"AB",2
19962,4,1,"AB",2
19963,1,1,"AB2",20
19967,1,1,"AB",2
19968,1,1,"AB",2
19970,1,1,"AP",52
19970,2,1,"AP",52
19970,3,1,"AP",52
19992,1,1,"AT",56
20002,1,1,"AP",52
20006,1,1,"AP",52
20006,2,1,"AP",52
20006,3,1,"AP",52
20006,4,1,"AP",52
20010,1,1,"AB",2
20031,1,1,"AB",2
20031,2,1,"AB",2
20031,3,1,"AB",2
20031,5,1,"AB",2
20033,2,1,"AB",2
20033,3,1,"AB",2
20033,4,1,"AB",2
20037,1,1,"AT",56
20047,1,1,"AP",52
20047,3,1,"AP",52
20051,1,1,"AB",2
20051,2,1,"AB",2
20051,4,1,"AB",2
20062,1,1,"AB3",30
20062,2,1,"AB3",30
20062,3,1,"AB3",30
20062,4,1,"AB3",30
20062,5,1,"AB3",30
20064,1,1,"AB",2
20067,2,1,"AB",2
20067,3,1,"AB",2
20071,2,1,"AB",2
20075,1,1,"AP",52
20075,2,1,"AP",52
20075,3,1,"AP",52
20080,1,1,"AP",52
20080,2,1,"AB",2
20080,3,1,"AB",2
20083,1,1,"AB",2
20089,1,1,"AB",2
20089,2,1,"AB",2
20090,1,1,"AB",2
20090,2,1,"AB",2
20103,1,1,"AB",2
20103,2,1,"AB",2
20103,3,1,"AB",2
20105,1,1,"AP",52
20114,1,1,"AB",2
20118,1,1,"AN",50
20122,1,1,"AP",52
20125,1,1,"AB",2
20125,2,1,"AB",2
20125,3,1,"AB",2
20130,2,1,"AB",2
20132,1,1,"AB",2
20132,2,1,"AB",2
20132,3,1,"AB",2
20134,1,1,"AP",52
20136,1,1,"AB",2
20136,2,1,"AB",2
20136,3,1,"AB",2
20136,4,1,"AB",2
20140,1,1,"AP",52
20145,1,1,"AB1",3
20145,2,1,"AB1",3
20145,4,1,"AB1",3
20145,5,1,"AB1",3
20161,1,1,"AP",52
20161,2,1,"AP",52
20161,3,1,"AP",52
20161,4,1,"AP",52
20161,5,1,"AP",52
20161,6,1,"AP",52
20163,1,1,"AT",56
20163,2,1,"AT",56
20163,3,1,"AT",56
20164,1,1,"AP",52
20164,2,1,"AP",52
20164,3,1,"AP",52
20164,4,1,"AP",52
20164,5,1,"AP",52
20164,7,1,"AP",52
20164,8,1,"AP",52
20164,9,1,"AB",2
20169,2,1,"AB",2
20171,1,1,"AT",56
20171,2,1,"AT",56
20171,3,1,"AT",56
20178,1,1,"AP",52
20178,2,1,"AP",52
20179,1,1,"AP",52
20179,2,1,"AP",52
20180,1,1,"AB",2
20182,1,1,"AP",52
20183,1,1,"AT",56
20186,1,1,"AB",2
20186,2,1,"AB",2
20186,3,1,"AB",2
20189,1,1,"AB",2
20189,2,1,"AB",2
20189,3,1,"AB",2
20198,1,1,"AB1",3
20198,2,1,"AB1",3
20198,3,1,"AB1",3
20201,1,1,"AP",52
20201,2,1,"AP",52
20201,3,1,"AP",52
20201,6,1,"AP",52
20208,1,1,"AB",2
20212,1,1,"AP",52
20212,2,1,"AP",52
20215,1,1,"AB",2
20215,2,1,"AB",2
20221,1,1,"AP",52
20222,1,1,"AB",2
20232,1,1,"AB",2
20234,1,1,"AB",2
20234,2,1,"AB",2
20234,3,1,"AB",2
20235,1,1,"AB",2
20235,2,1,"AB",2
20235,3,1,"AB",2
20237,1,1,"AB",2
20237,2,1,"AB",2
20241,1,1,"AB",2
20241,2,1,"AB",2
20241,3,1,"AB",2
20241,5,1,"AB",2
20246,1,1,"AB",2
20248,1,1,"AP",52
20255,1,1,"AP",52
20255,3,1,"AP",52
20255,4,1,"AP",52
20255,5,1,"AP",52
20258,1,1,"AT",56
20262,1,1,"AP",52
20272,1,1,"AB",2
20272,2,1,"AB",2
20272,3,1,"AB",2
20272,4,1,"AB",2
20272,7,1,"AB",2
20272,8,1,"AB",2
20279,1,1,"AB",2
20280,6,1,"BX",151
20281,2,1,"AB",2
20297,1,1,"AB",2
20297,2,1,"AB",2
20297,3,1,"AB",2
20297,4,1,"AB",2
20298,1,1,"AP",52
20309,1,1,"AP",52
20309,2,1,"AP",52
20309,3,1,"AP",52
20309,4,1,"AP",52
20309,5,1,"AP",52
20329,1,1,"AB",2
20329,2,1,"AB",2
20329,3,1,"AB",2
20330,1,1,"AB",2
20330,2,1,"AB",2
20333,1,1,"AB",2
20334,1,1,"AB",2
20353,1,1,"AB",2
20353,2,1,"AB",2
20353,3,1,"AB",2
20356,5,1,"AB",2
20356,7,1,"AB",2
20356,8,1,"AB",2
20357,1,1,"AB",2
20357,2,1,"AB",2
20357,5,1,"AB",2
20358,2,1,"AB1",3
20358,3,1,"AB1",3
20358,4,1,"AB1",3
20364,2,1,"AB",2
20364,3,1,"AB",2
20364,4,1,"AB",2
20364,5,1,"AB",2
20364,6,1,"AB",2
20364,7,1,"AB",2
20375,1,1,"AB2",20
20375,2,1,"AB2",20
20375,3,1,"AB2",20
20375,4,1,"AB2",20
20375,5,1,"AB",2
20375,6,1,"AB",2
20379,1,1,"AP",52
20379,2,1,"AP",52
20379,4,1,"AP",52
20381,2,1,"AB",2
20381,3,1,"AB",2
20381,4,1,"AB",2
20386,3,1,"AB",2
20387,3,1,"AB",2
20388,1,1,"AP",52
20397,1,1,"AB",2
20400,1,1,"BT",147
20401,1,1,"AB4",40
20401,2,1,"AB4",40
20401,3,1,"AB4",40
20401,4,1,"AB4",40
20401,5,1,"AB4",40
20401,6,1,"AB4",40
20404,3,1,"AB",2
20405,2,1,"AB",2
20405,4,1,"AB",2
20406,1,1,"AB",2
20406,2,1,"AB",2
20408,1,1,"AT",56
20412,2,1,"AB",2
20412,3,1,"AB",2
20412,4,1,"AB",2
20412,5,1,"AB",2
20413,1,1,"AA",1
20415,1,1,"AB",2
20415,2,1,"AB",2
20439,1,1,"AT",56
20439,2,1,"AT",56
20444,1,1,"AP",52
20444,2,1,"AP",52
20449,3,1,"AP",52
20449,4,1,"AP",52
20449,5,1,"AP",52
20450,1,1,"AP",52
20475,1,1,"AB",2
20475,2,1,"AB",2
20478,1,1,"AN",50
20479,1,1,"AA",1
20482,1,1,"AB",2
20482,2,1,"AB",2
20482,4,1,"AB",2
20487,1,1,"AB",2
20487,2,1,"AB",2
20488,1,1,"AP",52
20491,1,1,"AP",52
20496,1,1,"AB",2
20496,2,1,"AB",2
20496,3,1,"AB",2
20498,1,1,"AB",2
20500,1,1,"AB",2
20503,1,1,"BX",151
20504,1,1,"AB",2
20505,1,1,"AB",2
20505,2,1,"AB",2
20505,4,1,"AB",2
20505,5,1,"AB",2
20509,1,1,"AP",52
20509,2,1,"AP",52
20519,1,1,"AB",2
20531,1,1,"AB",2
20533,1,1,"AP",52
20533,2,1,"AP",52
20533,3,1,"AP",52
20533,4,1,"AP",52
20533,5,1,"AP",52
20533,6,1,"AP",52
20533,7,1,"AP",52
20533,8,1,"AP",52
20533,9,1,"AP",52
20533,10,1,"AP",52
20533,11,1,"AP",52
20538,5,1,"AB1",3
20538,6,1,"AB1",3
20538,7,1,"AB1",3
20538,8,1,"AB1",3
20538,9,1,"AB1",3
20539,1,1,"AB",2
20541,1,1,"AB",2
20547,1,1,"AB",2
20547,3,1,"AB",2
20551,1,1,"AP",52
20551,2,1,"AP",52
20551,3,1,"AP",52
20554,1,1,"AB",2
20560,5,1,"AB",2
20564,1,1,"AB",2
20564,3,1,"AB",2
20571,1,1,"AP",52
20571,2,1,"AP",52
20571,3,1,"AP",52
20572,1,1,"AB",2
20573,1,1,"AB",2
20579,1,1,"AB",2
20588,1,1,"AA",1
20591,1,1,"AB",2
20591,2,1,"AB",2
20591,3,1,"AB",2
20591,4,1,"AB",2
20592,1,1,"AB",2
20592,2,1,"AB",2
20592,3,1,"AB",2
20592,4,1,"AB",2
20592,5,1,"AB",2
20592,6,1,"AB",2
20593,1,1,"AP",52
20596,1,1,"AA",1
20597,1,1,"AT",56
20599,1,1,"AB",2
20604,1,1,"BX",151
20604,2,1,"BX",151
20605,1,1,"AA",1
20607,1,1,"AB",2
20607,2,1,"AB",2
20610,1,1,"AB",2
20612,1,1,"AB",2
20615,1,1,"AP",52
20615,2,1,"AP",52
20616,1,1,"AB",2
20616,2,1,"AB",2
20616,3,1,"AB",2
20616,4,1,"AB",2
20616,5,1,"AB",2
20616,6,1,"AB",2
20616,8,1,"AB",2
20616,9,1,"AB",2
20616,10,1,"AB",2
20622,2,1,"AP",52
20622,3,1,"AP",52
20626,1,1,"AB",2
20626,3,1,"AB",2
20630,1,1,"AP",52
20630,2,1,"AP",52
20630,3,1,"AP",52
20636,1,1,"AB",2
20639,1,1,"AB",2
20639,2,1,"AB",2
20639,3,1,"AB",2
20639,5,1,"AB",2
20639,6,1,"AB",2
20639,7,1,"AB",2
20645,1,1,"AP",52
20646,1,1,"AB",2
20646,2,1,"AB",2
20646,3,1,"AB",2
20646,5,1,"AB",2
20647,1,1,"AB",2
20649,2,1,"AP",52
20649,3,1,"AP",52
20649,4,1,"AP",52
20655,1,1,"BX",151
20655,2,1,"BX",151
20655,3,1,"BX",151
20655,4,1,"BX",151
20657,1,1,"AA",1
20658,1,1,"AB",2
20658,2,1,"AB",2
20658,3,1,"AB",2
20658,4,1,"AB",2
20658,5,1,"AB",2
20658,6,1,"AB",2
20658,7,1,"AB",2
20666,1,1,"AB",2
20667,1,1,"AB",2
20667,2,1,"AB",2
20667,3,1,"AB",2
20667,5,1,"AB",2
20667,6,1,"AB",2
20667,7,1,"AB",2
20671,1,1,"AP",52
20675,1,1,"AB",2
20675,2,1,"AB",2
20682,1,1,"AB",2
20682,2,1,"AB",2
20682,3,1,"AB",2
20688,1,1,"AT",56
20690,1,1,"AB",2
20690,2,1,"AB",2
20696,1,1,"AP",52
20697,1,1,"AB",2
20699,1,1,"AB",2
20699,2,1,"AB",2
20699,4,1,"AB",2
20702,1,1,"AB",2
20702,2,1,"AB",2
20702,3,1,"AB",2
20702,4,1,"AB",2
20711,3,1,"AB2",20
20712,1,1,"AB",2
20712,2,1,"AB",2
20712,3,1,"AB",2
20717,1,1,"AB",2
20717,2,1,"AB",2
20718,1,1,"AP",52
20718,2,1,"AP",52
20723,1,1,"AB",2
20726,1,1,"AB",2
20741,1,1,"AB",2
20741,2,1,"AB",2
20741,3,1,"AB",2
20742,1,1,"AT",56
20746,1,1,"AB",2
20747,1,1,"AB",2
20747,2,1,"AB",2
20747,3,1,"AB",2
20747,4,1,"AB",2
20747,5,1,"AB",2
20747,6,1,"AB",2
20748,1,1,"AB",2
20753,1,1,"AB",2
20757,1,1,"AB",2
20757,2,1,"AB",2
20757,3,1,"AB",2
20758,2,1,"AB",2
20758,3,1,"AB",2
20762,1,1,"AB",2
20763,1,1,"AB",2
20763,2,1,"AB",2
20764,1,1,"AB",2
20764,2,1,"AB",2
20764,4,1,"AB",2
20768,1,1,"AB",2
20768,2,1,"AB",2
20769,1,1,"AB2",20
20771,1,1,"AB",2
20771,2,1,"AB",2
20780,1,1,"AB",2
20780,2,1,"AB",2
20781,1,1,"AB",2
20781,2,1,"AB",2
20788,1,1,"AB",2
20789,1,1,"AB",2
20789,3,1,"AB",2
20793,1,1,"AP",52
20793,2,1,"AA",1
20796,1,1,"AB",2
20800,3,1,"BX",151
20800,4,1,"BX",151
20815,1,1,"AB",2
20818,1,1,"AB",2
20818,2,1,"AB",2
20818,3,1,"AB",2
20818,4,1,"AB",2
20818,5,1,"AB",2
20819,1,1,"AP",52
20819,2,1,"AP",52
20819,3,1,"AP",52
20822,1,1,"AB",2
20822,2,1,"AB",2
20822,3,1,"AB",2
20823,3,1,"AB",2
20823,4,1,"AB",2
20823,5,1,"AB",2
20823,6,1,"AB",2
20825,1,1,"AB",2
20825,2,1,"AB",2
20825,3,1,"AB",2
20825,4,1,"AB",2
20829,2,1,"AB",2
20830,1,1,"AB",2
20830,2,1,"AB",2
20835,1,1,"AB",2
20835,2,1,"AB",2
20835,3,1,"AB",2
20835,5,1,"AB",2
20837,1,1,"AN",50
20837,2,1,"AN",50
20837,3,1,"AN",50
20837,4,1,"AN",50
20838,1,1,"AB",2
20838,2,1,"AB",2
20838,3,1,"AB",2
20838,4,1,"AB",2
20839,1,1,"AB",2
20839,2,1,"AB",2
20844,1,1,"AB",2
20844,2,1,"AB",2
20845,3,1,"AA",1
20850,1,1,"AB",2
20850,2,1,"AB",2
20850,3,1,"AB",2
20857,1,1,"AB",2
20859,1,1,"AB",2
20859,2,1,"AB",2
20862,1,1,"AB",2
20862,2,1,"AB",2
20862,3,1,"AB",2
20864,2,1,"AB",2
20865,2,1,"AB",2
20869,1,1,"AT",56
20873,1,1,"AP",52
20882,1,1,"AB",2
20882,2,1,"AB",2
20883,1,1,"AP",52
20884,1,1,"AB",2
20895,1,1,"AB",2
20895,2,1,"AB",2
20895,3,1,"AB",2
20896,1,1,"AB",2
20896,2,1,"AB",2
20897,1,1,"AB",2
20897,2,1,"AB",2
20901,1,1,"AB",2
20903,2,1,"AB",2
20905,1,1,"AB",2
20905,2,1,"AB",2
20907,1,1,"AB",2
20907,2,1,"AB",2
20908,2,1,"AB",2
20929,1,1,"AN",50
20929,2,1,"AN",50
20929,3,1,"AN",50
20931,1,1,"AB",2
20931,2,1,"AB",2
20931,3,1,"AB",2
20933,1,1,"AA",1
20934,1,1,"AB",2
20936,1,1,"AB",2
20936,2,1,"AB",2
20936,3,1,"AB",2
20938,1,1,"AB",2
20938,2,1,"AB",2
20943,1,1,"AB",2
20943,2,1,"AB",2
20943,3,1,"AB",2
20949,1,1,"AN",50
20949,2,1,"AN",50
20954,1,1,"AP",52
20955,1,1,"AB",2
20963,1,1,"AB",2
20963,2,1,"AB",2
20971,1,1,"AP",52
20972,1,1,"AB",2
20972,3,1,"AB",2
20973,2,1,"AB",2
20977,1,1,"AB",2
20978,1,1,"AA",1
20983,1,1,"BX",151
20985,1,1,"AB",2
20987,1,1,"AB",2
20987,2,1,"AB",2
20988,1,1,"AP",52
20989,2,1,"AB",2
20990,1,1,"AA",1
20998,1,1,"AB",2
20998,2,1,"AB",2
20998,3,1,"AB",2
20998,4,1,"AB",2
21001,1,1,"AB",2
21001,2,1,"AB",2
21003,1,1,"AB",2
21005,1,1,"AB",2
21006,1,1,"AB",2
21009,1,1,"AT",56
21011,1,1,"AB",2
21011,2,1,"AB",2
21011,3,1,"AB",2
21014,1,1,"AB",2
21014,2,1,"AB",2
21014,3,1,"AB",2
21015,1,1,"AB1",3
21015,2,1,"AB1",3
21015,3,1,"AB",2
21016,1,1,"AB",2
21016,2,1,"AB",2
21022,1,1,"AT",56
21027,1,1,"AP",52
21027,2,1,"AP",52
21029,1,1,"AB",2
21029,2,1,"AB",2
21029,3,1,"AB",2
21029,4,1,"AB",2
21029,5,1,"AB",2
21029,6,1,"AB",2
21035,1,1,"AB",2
21035,2,1,"AB",2
21035,3,1,"AB",2
21035,4,1,"AB",2
21038,1,1,"AP",52
21038,2,1,"AP",52
21038,3,1,"AP",52
21055,1,1,"AB",2
21065,1,1,"AB",2
21068,1,1,"AA",1
21073,1,1,"AB",2
21073,2,1,"AB",2
21073,3,1,"AB",2
21078,1,1,"AB",2
21078,2,1,"AB",2
21085,1,1,"AB",2
21086,1,1,"AB",2
21086,2,1,"AB",2
21086,3,1,"AB",2
21086,4,1,"AB",2
21087,1,1,"AB",2
21087,2,1,"AB",2
21087,3,1,"AB",2
21090,1,1,"AB",2
21093,1,1,"AB",2
21093,2,1,"AB",2
21093,3,1,"AB",2
21098,1,1,"AB",2
21107,1,1,"AB",2
21107,2,1,"AB",2
21110,1,1,"AB",2
21110,2,1,"AB",2
21110,4,1,"AB",2
21113,1,1,"AP",52
21113,2,1,"AP",52
21117,1,1,"AP",52
21121,1,1,"AB",2
21121,2,1,"AB",2
21121,3,1,"AB",2
21121,4,1,"AB",2
21123,1,1,"AB",2
21129,1,1,"AA",1
21130,2,1,"AB",2
21131,1,1,"AP",52
21131,3,1,"AP",52
21132,1,1,"AB",2
21134,1,1,"AB",2
21134,2,1,"AB",2
21134,3,1,"AB",2
21142,1,1,"AB1",3
21148,8,1,"BX",151
21148,9,1,"BX",151
21151,1,1,"AB2",20
21151,2,1,"AB2",20
21151,3,1,"AB2",20
21152,1,1,"AB",2
21153,1,1,"AB",2
21153,2,1,"AB",2
21158,1,1,"AB",2
21159,1,1,"AT",56
21160,3,1,"AB",2
21162,1,1,"AB",2
21162,2,1,"AB",2
21162,3,1,"AB",2
21165,1,1,"AB",2
21168,1,1,"AB",2
21168,2,1,"AB",2
21169,1,1,"AB",2
21169,2,1,"AB",2
21169,3,1,"AB",2
21171,1,1,"AP",52
21171,2,1,"AP",52
21171,3,1,"AP",52
21171,4,1,"AP",52
21176,1,1,"AB",2
21183,1,1,"AB",2
21183,2,1,"AB",2
21183,3,1,"AB",2
21183,4,1,"AB",2
21184,2,1,"AB",2
21184,3,1,"AB",2
21192,1,1,"AB",2
21196,1,1,"AA",1
21202,1,1,"AB1",3
21202,4,1,"AB",2
21204,1,1,"AB",2
21204,2,1,"AB",2
21205,1,1,"AB",2
21208,1,1,"AB",2
21208,2,1,"AB",2
21208,3,1,"AB",2
21210,1,1,"AB1",3
21210,1,1,"AB2",20
21210,1,1,"AB3",30
21210,2,1,"AB1",3
21210,2,1,"AB2",20
21210,2,1,"AB3",30
21210,3,1,"AB1",3
21210,3,1,"AB2",20
21210,3,1,"AB3",30
21210,4,1,"AB1",3
21210,4,1,"AB2",20
21210,4,1,"AB3",30
21210,5,1,"AB1",3
21210,5,1,"AB2",20
21210,5,1,"AB3",30
21210,6,1,"AB1",3
21210,6,1,"AB2",20
21210,6,1,"AB3",30
21210,7,1,"AB1",3
21210,7,1,"AB2",20
21210,7,1,"AB3",30
21210,8,1,"AB1",3
21210,8,1,"AB2",20
21210,8,1,"AB3",30
21210,9,1,"AB1",3
21210,9,1,"AB2",20
21210,9,1,"AB3",30
21210,10,1,"AB1",3
21210,10,1,"AB2",20
21210,10,1,"AB3",30
21210,11,1,"AB1",3
21210,11,1,"AB2",20
21210,11,1,"AB3",30
21210,12,1,"AB1",3
21210,12,1,"AB2",20
21210,12,1,"AB3",30
21217,1,1,"AB",2
21217,2,1,"AB",2
21217,3,1,"AB",2
21217,4,1,"AB",2
21223,2,1,"AP",52
21223,3,1,"AP",52
21227,1,1,"AP",52
21227,2,1,"AP",52
21228,1,1,"AB",2
21228,2,1,"AB",2
21231,1,1,"AB",2
21231,2,1,"AB",2
21235,1,1,"AB",2
21241,1,1,"AB",2
21246,2,1,"AB",2
21251,1,1,"AA",1
21252,2,1,"AB",2
21253,1,1,"AP",52
21259,1,1,"AB2",20
21259,2,1,"AB2",20
21259,3,1,"AB2",20
21259,4,1,"AB2",20
21259,5,1,"AB2",20
21259,6,1,"AB2",20
21262,1,1,"AT",56
21266,1,1,"AB",2
21266,2,1,"AB",2
21267,1,1,"AP",52
21272,1,1,"AP",52
21272,2,1,"AP",52
21272,3,1,"AP",52
21272,4,1,"AP",52
21278,1,1,"AB",2
21278,2,1,"AB",2
21278,3,1,"AB",2
21283,1,1,"AB",2
21283,2,1,"AB",2
21283,3,1,"AB",2
21283,4,1,"AB",2
21284,1,1,"AB1",3
21284,2,1,"AB1",3
21284,3,1,"AB1",3
21284,4,1,"AB1",3
21285,1,1,"AB",2
21286,1,1,"AB",2
21286,3,1,"AB",2
21286,4,1,"AB",2
21287,1,1,"AB",2
21300,1,1,"AA",1
21301,1,1,"AB1",3
21301,1,1,"AB3",30
21301,2,1,"AB1",3
21301,2,1,"AB3",30
21301,3,1,"AB1",3
21301,3,1,"AB3",30
21301,4,1,"AB1",3
21301,4,1,"AB3",30
21301,5,1,"AB1",3
21301,5,1,"AB3",30
21301,6,1,"AB1",3
21301,6,1,"AB3",30
21301,7,1,"AB1",3
21301,7,1,"AB3",30
21301,8,1,"AB1",3
21301,8,1,"AB3",30
21301,9,1,"AB1",3
21301,9,1,"AB3",30
21301,10,1,"AB1",3
21301,10,1,"AB3",30
21301,11,1,"AB1",3
21301,11,1,"AB3",30
21303,1,1,"AB",2
21303,2,1,"AB",2
21303,3,1,"AB",2
21303,4,1,"AB",2
21303,5,1,"AB",2
21303,6,1,"AB",2
21304,1,1,"AB",2
21312,1,1,"AB",2
21312,2,1,"AB",2
21319,1,1,"AB",2
21323,1,1,"AB",2
21323,2,1,"AB",2
21323,3,1,"AB",2
21324,1,1,"AB",2
21333,1,1,"AB",2
21337,1,1,"AP",52
21342,1,1,"AB1",3
21342,1,1,"AB2",20
21342,1,1,"AB3",30
21342,2,1,"AB1",3
21342,2,1,"AB2",20
21342,2,1,"AB3",30
21342,3,1,"AB1",3
21342,3,1,"AB2",20
21342,3,1,"AB3",30
21342,4,1,"AB1",3
21342,4,1,"AB2",20
21342,4,1,"AB3",30
21342,5,1,"AB1",3
21342,5,1,"AB2",20
21342,5,1,"AB3",30
21342,6,1,"AB1",3
21342,6,1,"AB2",20
21342,6,1,"AB3",30
21342,7,1,"AB1",3
21342,7,1,"AB2",20
21342,7,1,"AB3",30
21342,8,1,"AB1",3
21342,8,1,"AB2",20
21342,8,1,"AB3",30
21342,9,1,"AB1",3
21342,9,1,"AB2",20
21342,9,1,"AB3",30
21342,10,1,"AB1",3
21342,10,1,"AB2",20
21342,10,1,"AB3",30
21342,11,1,"AB1",3
21342,11,1,"AB2",20
21342,11,1,"AB3",30
21342,12,1,"AB1",3
21342,12,1,"AB2",20
21342,12,1,"AB3",30
21345,1,1,"AP",52
21345,2,1,"AP",52
21345,3,1,"AP",52
21345,4,1,"AP",52
21348,1,1,"AB",2
21350,2,1,"BX",151
21351,2,1,"AB",2
21356,1,1,"AB",2
21356,2,1,"AB",2
21356,3,1,"AB",2
21356,4,1,"AB",2
21360,2,1,"AB",2
21365,1,1,"AA",1
21366,2,1,"AB",2
21366,3,1,"AB",2
21366,4,1,"AB",2
21366,5,1,"AB",2
21368,1,1,"AB",2
21368,2,1,"AB",2
21368,3,1,"AB1",3
21368,4,1,"AB",2
21372,1,1,"AP",52
21372,2,1,"AP",52
21383,1,1,"AP",52
21392,1,1,"AB",2
21392,2,1,"AB",2
21392,3,1,"AB",2
21392,4,1,"AB",2
21392,5,1,"AB",2
21392,6,1,"AB",2
21402,1,1,"AB1",3
21402,1,1,"AB2",20
21402,2,1,"AB1",3
21402,2,1,"AB2",20
21402,3,1,"AB1",3
21402,3,1,"AB2",20
21402,4,1,"AB1",3
21402,4,1,"AB2",20
21402,5,1,"AB1",3
21402,5,1,"AB2",20
21402,6,1,"AB1",3
21402,6,1,"AB2",20
21402,7,1,"AB1",3
21402,7,1,"AB2",20
21402,8,1,"AB1",3
21402,8,1,"AB2",20
21402,9,1,"AB1",3
21402,9,1,"AB2",20
21402,10,1,"AB1",3
21402,10,1,"AB2",20
21402,11,1,"AB1",3
21402,11,1,"AB2",20
21402,12,1,"AB1",3
21402,12,1,"AB2",20
21409,1,1,"AB",2
21411,2,1,"AB",2
21411,3,1,"AB",2
21411,4,1,"AB",2
21411,5,1,"AB",2
21411,6,1,"AB",2
21411,7,1,"AB",2
21411,8,1,"AB",2
21416,1,1,"AB",2
21416,2,1,"AB",2
21416,3,1,"AB",2
21419,1,1,"AA",1
21419,2,1,"AA",1
21426,1,1,"BX",151
21426,2,1,"BX",151
21426,3,1,"BX",151
21426,4,1,"BX",151
21427,1,1,"AB",2
21427,2,1,"AB",2
21427,4,1,"AB",2
21428,1,1,"AB",2
21428,2,1,"AB",2
21434,1,1,"AB",2
21434,2,1,"AB",2
21434,3,1,"AB",2
21434,4,1,"AB",2
21436,1,1,"AB",2
21436,2,1,"AB",2
21436,3,1,"AB",2
21436,4,1,"AB",2
21436,5,1,"AB",2
21436,6,1,"AB",2
21437,1,1,"AB",2
21437,2,1,"AB",2
21438,1,1,"BX",151
21438,2,1,"BX",151
21444,1,1,"AB",2
21444,2,1,"AB",2
21444,3,1,"AB",2
21444,4,1,"AB",2
21444,5,1,"AB",2
21445,1,1,"AB",2
21447,1,1,"AB",2
21447,2,1,"AB",2
21447,3,1,"AB",2
21449,1,1,"AB",2
21454,1,1,"AB2",20
21455,2,1,"AB",2
21457,1,1,"BX",151
21463,1,1,"AB",2
21468,2,1,"AB",2
21468,3,1,"AB",2
21468,4,1,"AB",2
21476,1,1,"AB",2
21476,2,1,"AB",2
21476,3,1,"AB",2
21485,1,1,"AB",2
21485,2,1,"AB",2
21485,3,1,"AB",2
21485,4,1,"AB",2
21485,5,1,"AB",2
21485,6,1,"AB",2
21487,1,1,"AB",2
21487,2,1,"AB",2
21490,1,1,"AB",2
21500,1,1,"AB",2
21505,1,1,"AA",1
21513,1,1,"AB",2
21513,2,1,"AB",2
21515,1,1,"AB3",30
21515,2,1,"AB3",30
21516,1,1,"AT2",67
21518,1,1,"AB",2
21518,2,1,"AB",2
21519,1,1,"AB",2
21519,2,1,"AB",2
21519,3,1,"AB",2
21520,1,1,"AB",2
21520,2,1,"AB",2
21520,3,1,"AB",2
21520,4,1,"AB",2
21520,5,1,"AB",2
21528,1,1,"AT",56
21532,2,1,"AB",2
21532,3,1,"AB",2
21532,5,1,"AB",2
21535,1,1,"AB",2
21539,1,1,"AP",52
21540,1,1,"AB",2
21540,2,1,"AB",2
21540,3,1,"AB",2
21540,4,1,"AB",2
21540,5,1,"AB",2
21540,6,1,"AB",2
21540,7,1,"AB",2
21540,8,1,"AB",2
21540,9,1,"AB",2
21540,10,1,"AB",2
21540,11,1,"AB",2
21544,1,1,"AB",2
21545,1,1,"AT",56
21548,1,1,"AB",2
21549,1,1,"AB",2
21549,2,1,"AB",2
21549,3,1,"AB",2
21560,1,1,"AB",2
21560,2,1,"AB",2
21560,3,1,"AB",2
21565,1,1,"AT",56
21567,2,1,"AB",2
21567,3,1,"AB",2
21567,4,1,"AB",2
21572,2,1,"AP",52
21574,1,1,"AB2",20
21574,2,1,"AB2",20
21588,1,1,"AB",2
21588,2,1,"AB",2
21590,1,1,"AB",2
21590,2,1,"AB",2
21590,4,1,"AB",2
21590,5,1,"AB",2
21590,6,1,"AB",2
21598,1,1,"AT1",66
21605,1,1,"AB",2
21606,1,1,"AB",2
21606,2,1,"AB",2
21611,1,1,"AB",2
21611,2,1,"AB",2
21615,1,1,"AB",2
21615,2,1,"AB",2
21615,3,1,"AB",2
21618,1,1,"AB",2
21618,2,1,"AB",2
21624,1,1,"AP",52
21630,1,1,"AB",2
21636,1,1,"AB",2
21636,2,1,"AB",2
21641,1,1,"AB",2
21641,2,1,"AB",2
21644,1,1,"AB",2
21652,1,1,"AB",2
21654,1,1,"AB",2
21656,1,1,"AB",2
21656,2,1,"AB",2
21673,1,1,"AP",52
21676,1,1,"AB",2
21687,1,1,"AB",2
21687,2,1,"AB",2
21687,3,1,"AB",2
21687,4,1,"AB",2
21688,1,1,"AB",2
21688,2,1,"AB",2
21688,3,1,"AB",2
21689,2,1,"AP",52
21695,1,1,"AB",2
21695,3,1,"AB",2
21735,1,1,"BX",151
21738,1,1,"AT",56
21742,2,1,"AB",2
21742,3,1,"AB",2
21742,4,1,"AB",2
21742,5,1,"AB",2
21748,1,1,"AB3",30
21748,2,1,"AB3",30
21752,1,1,"AB",2
21752,2,1,"AB",2
21752,3,1,"AB",2
21752,4,1,"AB",2
21753,1,1,"AB",2
21758,1,1,"AB",2
21759,1,1,"AP",52
21759,2,1,"AP",52
21764,1,1,"AT",56
21774,1,1,"AB",2
21774,2,1,"AB",2
21777,1,1,"AB",2
21777,2,1,"AB",2
21778,1,1,"AB",2
21782,1,1,"AB",2
21789,1,1,"AB",2
21790,1,1,"AP",52
21794,1,1,"AB",2
21797,1,1,"AB",2
21797,2,1,"AB",2
21799,1,1,"AB",2
21802,1,1,"AB",2
21802,2,1,"AB",2
21802,3,1,"AB",2
21802,4,1,"AB",2
21802,5,1,"AB",2
21802,6,1,"AB",2
21802,7,1,"AB",2
21802,8,1,"AB",2
21806,1,1,"BX",151
21817,1,1,"AP",52
21821,1,1,"AP",52
21830,1,1,"AB",2
21835,1,1,"AT",56
21840,1,1,"AB",2
21842,1,1,"AB",2
21842,2,1,"AB",2
21845,1,1,"AB",2
21849,1,1,"AB",2
21849,2,1,"AB",2
21852,1,1,"AB",2
21858,1,1,"AP",52
21860,1,1,"AB1",3
21860,2,1,"AB1",3
21860,3,1,"AB1",3
21861,1,1,"AB",2
21870,2,1,"AP",52
21871,1,1,"AB",2
21872,1,1,"AP",52
21875,1,1,"AB",2
21875,3,1,"AB",2
21875,4,1,"AB",2
21875,5,1,"AB",2
21876,1,1,"AB",2
21879,1,1,"AB",2
21882,1,1,"AB",2
21882,2,1,"AB",2
21882,3,1,"AB",2
21894,1,1,"AB",2
21894,2,1,"AB",2
21903,1,1,"AP",52
21911,2,1,"AB",2
21911,3,1,"AB",2
21925,1,1,"AB",2
21925,2,1,"AB",2
21926,1,1,"AB",2
21937,1,1,"AB",2
21945,2,1,"AP",52
21951,1,1,"BX",151
21951,2,1,"BX",151
21951,3,1,"BX",151
21951,4,1,"BX",151
21959,1,1,"AB",2
21959,2,1,"AB",2
21959,3,1,"AB",2
21976,2,1,"AB",2
21980,1,1,"AP",52
21986,1,1,"AB",2
21986,2,1,"AB",2
21986,3,1,"AB",2
21986,4,1,"AB",2
21990,2,1,"AB",2
21990,3,1,"AB",2
21990,4,1,"AB",2
21990,5,1,"AB",2
21992,1,1,"AB",2
21992,2,1,"AB",2
21992,3,1,"AB",2
21994,1,1,"AT",56
21997,1,1,"AB",2
21997,2,1,"AB",2
21999,1,1,"AB",2
21999,2,1,"AB",2
21999,3,1,"AB",2
21999,6,1,"AB",2
22000,1,1,"AB",2
22006,1,1,"AA",1
22008,1,1,"AB",2
22008,3,1,"AB",2
22008,4,1,"AB",2
22008,5,1,"AB",2
22008,6,1,"AB",2
22010,1,1,"AP",52
22012,1,1,"AB",2
22012,2,1,"AB",2
22012,3,1,"AB",2
22012,4,1,"AB",2
22013,1,1,"AB2",20
22023,2,1,"AP",52
22030,1,1,"AB",2
22030,2,1,"AB",2
22037,1,1,"AB",2
22037,2,1,"AB",2
22037,3,1,"AB",2
22037,4,1,"AB",2
22046,1,1,"AP",52
22047,1,1,"AB",2
22047,2,1,"AB",2
22047,3,1,"AB",2
22047,4,1,"AB",2
22047,5,1,"AB",2
22052,1,1,"AB",2
22064,1,1,"AB",2
22070,1,1,"AB",2
22076,1,1,"AB",2
22083,1,1,"AB",2
22083,2,1,"AB",2
22083,5,1,"AB",2
22088,1,1,"AP",52
22100,1,1,"AB",2
22100,2,1,"AB",2
22100,3,1,"AB",2
22100,4,1,"AB",2
22104,1,1,"AB",2
22104,2,1,"AB",2
22104,3,1,"AB",2
22104,4,1,"AB",2
22115,1,1,"AB",2
22115,2,1,"AB",2
22115,3,1,"AB",2
22115,4,1,"AB",2
22115,5,1,"AB",2
22115,6,1,"AB",2
22117,1,1,"AB",2
22117,2,1,"AB",2
22118,1,1,"AB",2
22118,2,1,"AB",2
22119,1,1,"AP",52
22122,1,1,"AB",2
22127,1,1,"AB",2
22137,1,1,"AP",52
22157,1,1,"AA",1
22160,1,1,"AP",52
22160,2,1,"AP",52
22165,1,1,"AB",2
22186,1,1,"AP",52
22192,1,1,"AB",2
22192,2,1,"AB",2
22192,3,1,"AB",2
22192,4,1,"AB",2
22192,5,1,"AB",2
22192,6,1,"AB",2
22192,7,1,"AB",2
22195,1,1,"AA",1
22195,2,1,"AA",1
22195,3,1,"AA",1
22202,1,1,"AB",2
22203,2,1,"AB",2
22204,1,1,"AB",2
22205,1,1,"AB",2
22206,1,1,"AB",2
22206,2,1,"AB",2
22214,1,1,"TBD",999
22223,1,1,"TBD",999
22224,1,1,"AB",2
22224,2,1,"AB",2
22234,1,1,"AP",52
22234,2,1,"AP",52
22234,3,1,"AP",52
22235,1,1,"TBD",999
22235,2,1,"TBD",999
22235,3,1,"TBD",999
22249,1,1,"AP",52
22249,2,1,"AP",52
22250,1,1,"AB",2
22251,1,1,"AB",2
22251,2,1,"AB",2
22251,3,1,"AB",2
22251,4,1,"AB",2
22256,1,1,"AB",2
22256,2,1,"AB",2
22256,3,1,"AB",2
22256,4,1,"AB",2
22257,1,1,"AB",2
22262,1,1,"AB",2
22285,1,1,"AB",2
22285,2,1,"AB",2
22287,2,1,"AB",2
22307,1,1,"AB",2
22307,2,1,"AB",2
22309,1,1,"AB",2
22309,2,1,"AB2",20
22309,3,1,"AB2",20
22310,1,1,"TBD",999
22314,1,1,"AB",2
22314,2,1,"AB",2
22314,3,1,"AB",2
22314,4,1,"AB",2
22314,5,1,"AB",2
22318,1,1,"AB",2
22318,2,1,"AB",2
22320,1,1,"AB",2
22328,1,1,"AB",2
22328,2,1,"AB",2
22331,3,1,"AB1",3
22332,1,1,"AB2",20
22362,1,1,"AB",2
22362,2,1,"AB",2
22363,1,1,"AB",2
22363,2,1,"AB",2
22363,3,1,"AB",2
22369,1,1,"AT",56
22372,1,1,"AA",1
22401,1,1,"AB",2
22401,2,1,"AB",2
22401,3,1,"AB",2
22401,4,1,"AB",2
22402,1,1,"AB",2
22402,2,1,"AB",2
22402,3,1,"AB",2
22410,1,1,"AB",2
22410,2,1,"AB",2
22410,3,1,"AB",2
22410,4,1,"AB",2
22417,1,1,"AB",2
22421,1,1,"AB",2
22421,2,1,"AB",2
22421,3,1,"AB",2
22421,4,1,"AB",2
22421,5,1,"AB",2
22421,6,1,"AB",2
22421,7,1,"AB",2
22428,1,1,"AT2",67
22430,1,1,"AB",2
22433,1,1,"AB",2
22433,2,1,"AB",2
22439,1,1,"AA",1
22442,1,1,"AA",1
22450,1,1,"AP",52
22453,1,1,"AP",52
22460,1,1,"AB",2
22462,1,1,"AP",52
22462,2,1,"AP",52
22462,3,1,"AP",52
22462,4,1,"AP",52
22473,1,1,"AP",52
22474,1,1,"AB",2
22485,1,1,"AP",52
22510,1,1,"AB",2
22510,2,1,"AB",2
22510,3,1,"AB",2
22510,4,1,"AB",2
22510,5,1,"AB",2
22510,6,1,"AB",2
22522,1,1,"AB",2
22525,1,1,"AB",2
22525,2,1,"AB",2
22525,3,1,"AB",2
22525,4,1,"AB",2
22532,1,1,"AB",2
22544,1,1,"BX",151
22544,2,1,"BX",151
22548,1,1,"AT",56
22560,1,1,"AB",2
22568,1,1,"AB",2
22573,1,1,"AB",2
22574,1,1,"AB",2
40001,1,1,"AB",2
40001,2,1,"AB",2
40010,1,1,"AA",1
40014,1,1,"AT",56
40024,1,1,"BP",144
40026,1,1,"AA",1
40027,1,1,"AA",1
40028,1,1,"AA",1
40029,1,1,"AA",1
40036,1,1,"AB",2
40036,2,1,"AB",2
40037,1,1,"AT",56
40039,1,1,"AT",56
40041,1,1,"AT",56
40050,1,1,"AA",1
40050,2,1,"AA",1
40054,1,1,"AB",2
40056,1,1,"AP",52
40058,1,1,"AB",2
40062,1,1,"AB",2
40062,2,1,"AB",2
40064,1,1,"AT",56
40066,1,1,"AT",56
40067,1,1,"AT",56
40069,1,1,"AT",56
40074,1,1,"AT",56
40075,1,1,"AT",56
40078,1,1,"AP",52
40081,1,1,"AB",2
40086,1,1,"AB",2
40088,1,1,"AA",1
40089,1,1,"AP",52
40090,1,1,"AA",1
40090,2,1,"AA",1
40099,1,1,"AA",1
40101,1,1,"AB",2
40101,2,1,"AB",2
40103,1,1,"AA",1
40103,2,1,"AA",1
40103,3,1,"AA",1
40104,1,1,"AB",2
40105,1,1,"AA",1
40110,1,1,"AA",1
40110,2,1,"AA",1
40114,1,1,"AB",2
40114,2,1,"AB",2
40114,3,1,"AB",2
40116,1,1,"AB",2
40118,1,1,"AB",2
40119,1,1,"AA",1
40120,1,1,"AB",2
40120,2,1,"AB",2
40124,1,1,"AA",1
40133,1,1,"AB",2
40136,1,1,"AP",52
40140,1,1,"AP",52
40145,1,1,"AB",2
40145,2,1,"AB",2
40145,3,1,"AB",2
40145,4,1,"AB",2
40145,5,1,"AB",2
40145,6,1,"AB",2
40145,7,1,"AB",2
40145,8,1,"AB",2
40145,9,1,"AB",2
40148,1,1,"AA",1
40148,3,1,"AA",1
40148,4,1,"AA",1
40148,5,1,"AA",1
40151,1,1,"AA",1
40156,1,1,"AB",2
40156,2,1,"AB",2
40159,1,1,"AB",2
40159,2,1,"AB",2
40159,3,1,"AB",2
40164,1,1,"AT",56
40166,1,1,"AT",56
40171,1,1,"AA",1
40174,1,1,"AP",52
40177,1,1,"AA",1
40180,1,1,"AA",1
40183,1,1,"AB",2
40185,1,1,"AB",2
40185,2,1,"AB",2
40189,1,1,"AB",2
40189,2,1,"AB",2
40189,3,1,"AB",2
40189,4,1,"AB",2
40190,1,1,"AA",1
40191,1,1,"AA",1
40191,2,1,"AA",1
40194,1,1,"AB",2
40195,1,1,"AB",2
40195,2,1,"AB",2
40197,1,1,"AB",2
40197,2,1,"AB",2
40197,3,1,"AB",2
40209,1,1,"AB",2
40209,2,1,"AB",2
40209,3,1,"AB",2
40209,4,1,"AB",2
40215,1,1,"AT",56
40218,1,1,"AB",2
40218,2,1,"AB",2
40218,3,1,"AB",2
40218,4,1,"AB",2
40218,5,1,"AB",2
40218,6,1,"AB",2
40220,1,1,"AB",2
40220,2,1,"AB",2
40220,3,1,"AB",2
40226,1,1,"AB",2
40226,2,1,"AB",2
40226,3,1,"AB",2
40226,4,1,"AB",2
40228,1,1,"AA",1
40230,1,1,"AB",2
40232,1,1,"AB",2
40235,1,1,"AP",52
40241,2,1,"AA",1
40245,1,1,"AA",1
40246,1,1,"AB",2
40247,1,1,"AT",56
40249,1,1,"AB",2
40251,1,1,"AA",1
40253,1,1,"AA",1
40254,1,1,"AA",1
40254,2,1,"AA",1
40256,1,1,"AB",2
40256,2,1,"AB",2
40258,1,1,"AP",52
40263,1,1,"AP",52
40265,1,1,"AP",52
40266,1,1,"AP",52
40268,1,1,"AB",2
40268,2,1,"AB",2
40273,1,1,"AP",52
40273,2,1,"AP",52
40274,1,1,"AB",2
40275,1,1,"AB",2
40275,2,1,"AB",2
40275,3,1,"AB",2
40277,1,1,"AT",56
40278,1,1,"AP",52
40278,2,1,"AP",52
40279,1,1,"AP",52
40279,2,1,"AP",52
40282,1,1,"AB",2
40282,2,1,"AB",2
40284,1,1,"AB",2
40286,1,1,"AP",52
40298,1,1,"AB",2
40298,2,1,"AB",2
40298,3,1,"AB",2
40300,1,1,"AB",2
40300,2,1,"AB",2
40300,3,1,"AB",2
40301,1,1,"AB",2
40301,2,1,"AB",2
40301,3,1,"AB",2
40301,4,1,"AB",2
40301,5,1,"AB",2
40301,6,1,"AB",2
40301,7,1,"AB",2
40301,8,1,"AB",2
40301,9,1,"AB",2
40302,1,1,"AP",52
40302,2,1,"AP",52
40313,1,1,"AA",1
40314,1,1,"AT",56
40315,1,1,"AT",56
40317,1,1,"AB",2
40319,1,1,"AB",2
40320,1,1,"AB",2
40320,2,1,"AB",2
40323,1,1,"AA",1
40326,1,1,"AB",2
40326,2,1,"AB",2
40326,3,1,"AB",2
40327,1,1,"AB",2
40330,1,1,"AA",1
40330,2,1,"AA",1
40330,3,1,"AA",1
40330,4,1,"AA",1
40331,1,1,"AA",1
40331,2,1,"AA",1
40333,1,1,"AP",52
40334,1,1,"AP",52
40334,2,1,"AP",52
40335,1,1,"AP",52
40342,1,1,"AB",2
40347,1,1,"AP",52
40349,1,1,"AB",2
40350,1,1,"AB",2
40350,2,1,"AB",2
40351,1,1,"AT",56
40352,1,1,"AA",1
40352,2,1,"AA",1
40353,1,1,"AB",2
40353,2,1,"AB",2
40353,3,1,"AB",2
40355,1,1,"AA",1
40357,1,1,"AA",1
40361,1,1,"AA",1
40361,2,1,"AA",1
40362,1,1,"AB",2
40362,2,1,"AB",2
40362,3,1,"AB",2
40368,1,1,"AB",2
40377,1,1,"AA",1
40378,1,1,"AA",1
40388,1,1,"AP",52
40391,1,1,"AA",1
40392,1,1,"AB",2
40399,1,1,"AA",1
40400,1,1,"AA",1
40401,1,1,"AA",1
40405,1,1,"AA",1
40409,1,1,"AA",1
40411,1,1,"AB",2
40411,2,1,"AB",2
40412,1,1,"AB",2
40412,2,1,"AB",2
40416,1,1,"AB",2
40416,2,1,"AB",2
40416,3,1,"AB",2
40416,4,1,"AB",2
40416,5,1,"AB",2
40416,6,1,"AB",2
40416,7,1,"AB",2
40416,8,1,"AB",2
40416,9,1,"AB",2
40417,1,1,"AT",56
40419,1,1,"AA",1
40419,2,1,"AA",1
40419,3,1,"AA",1
40420,1,1,"AB",2
40422,1,1,"AB",2
40422,2,1,"AB",2
40422,3,1,"AB",2
40422,4,1,"AB",2
40422,5,1,"AB",2
40422,6,1,"AB",2
40422,7,1,"AB",2
40424,1,1,"AB",2
40424,2,1,"AB",2
40424,3,1,"AB",2
40425,1,1,"AB",2
40428,1,1,"AB",2
40428,2,1,"AB",2
40430,1,1,"AB",2
40431,1,1,"AB",2
40432,1,1,"AA",1
40433,1,1,"AT",56
40436,1,1,"AA",1
40436,2,1,"AA",1
40439,1,1,"AB",2
40439,2,1,"AB",2
40439,3,1,"AB",2
40439,4,1,"AB",2
40440,1,1,"AB",2
40440,2,1,"AB",2
40440,3,1,"AB",2
40440,4,1,"AB",2
40440,5,1,"AB",2
40440,6,1,"AB",2
40440,7,1,"AB",2
40442,1,1,"AA",1
40444,1,1,"AB",2
40444,2,1,"AB",2
40444,3,1,"AB",2
40444,4,1,"AB",2
40444,5,1,"AB",2
40444,6,1,"AB",2
40444,7,1,"AB",2
40445,1,1,"AB",2
40446,1,1,"AA",1
40446,2,1,"AA",1
40453,1,1,"AP",52
40455,1,1,"AP",52
40458,1,1,"AA",1
40461,1,1,"AB",2
40462,1,1,"AP",52
40463,1,1,"AP",52
40465,1,1,"AP",52
40466,1,1,"AP",52
40467,1,1,"AT",56
40467,2,1,"AT",56
40475,1,1,"AP",52
40479,1,1,"AB",2
40479,2,1,"AB",2
40480,1,1,"AB",2
40480,2,1,"AB",2
40480,3,1,"AB",2
40480,4,1,"AB",2
40480,5,1,"AB",2
40480,6,1,"AB",2
40480,7,1,"AB",2
40481,1,1,"AP",52
40482,1,1,"AA",1
40484,1,1,"AP",52
40489,1,1,"AA",1
40489,2,1,"AA",1
40491,1,1,"AP",52
40498,1,1,"AP",52
40500,1,1,"AB",2
40500,2,1,"AB",2
40502,1,1,"AB",2
40503,1,1,"AT",56
40506,1,1,"AA",1
40510,1,1,"AA",1
40511,1,1,"AA",1
40517,1,1,"AA",1
40517,2,1,"AA",1
40518,1,1,"AA",1
40521,1,1,"AB",2
40525,1,1,"AA",1
40526,1,1,"AA",1
40528,1,1,"AB",2
40530,1,1,"AO",51
40532,1,1,"AA",1
40533,1,1,"AA",1
40534,1,1,"AA",1
40535,1,1,"AA",1
40535,2,1,"AA",1
40537,1,1,"AA",1
40545,1,1,"AA",1
40545,2,1,"AA",1
40547,1,1,"AB",2
40547,2,1,"AB",2
40555,1,1,"AA",1
40557,1,1,"AB",2
40557,2,1,"AB",2
40560,2,1,"AB",2
40560,3,1,"AB",2
40572,1,1,"AP",52
40573,1,1,"AP",52
40574,1,1,"AB",2
40575,1,1,"AO",51
40576,1,1,"AA",1
40578,1,1,"AA",1
40579,1,1,"AB",2
40580,1,1,"AB",2
40581,1,1,"AB",2
40583,1,1,"AP",52
40583,2,1,"AP",52
40584,1,1,"AB",2
40586,1,1,"AB",2
40586,2,1,"AB",2
40587,1,1,"AA",1
40587,2,1,"AA",1
40590,1,1,"AA",1
40591,1,1,"AB",2
40594,1,1,"AB",2
40596,1,1,"AB",2
40596,2,1,"AB",2
40596,3,1,"AB",2
40597,1,1,"AA",1
40597,2,1,"AA",1
40603,1,1,"AB",2
40603,2,1,"AB",2
40604,1,1,"AB",2
40604,2,1,"AB",2
40604,3,1,"AB",2
40607,1,1,"AT",56
40609,1,1,"AT",56
40610,1,1,"AB",2
40611,1,1,"AB",2
40612,1,1,"AP",52
40613,1,1,"AA",1
40615,1,1,"AO",51
40615,2,1,"AO",51
40616,1,1,"AB",2
40616,2,1,"AB",2
40616,3,1,"AB",2
40616,4,1,"AB",2
40616,5,1,"AB",2
40616,6,1,"AB",2
40616,7,1,"AB",2
40616,8,1,"AB",2
40616,9,1,"AB",2
40618,1,1,"AB",2
40620,1,1,"AB",2
40620,2,1,"AB",2
40621,1,1,"AB",2
40622,1,1,"AB",2
40622,2,1,"AB",2
40622,3,1,"AB",2
40624,1,1,"AA",1
40624,2,1,"AA",1
40625,1,1,"AA",1
40626,1,1,"AB",2
40626,2,1,"AB",2
40627,1,1,"AA",1
40633,1,1,"AA",1
40634,1,1,"AA",1
40635,1,1,"AA",1
40636,1,1,"AA",1
40639,2,1,"AA",1
40640,1,1,"AB",2
40642,1,1,"AA",1
40642,2,1,"AA",1
40643,1,1,"AA",1
40644,1,1,"AA",1
40646,1,1,"AB",2
40646,2,1,"AB",2
40646,3,1,"AB",2
40649,1,1,"AA",1
40650,1,1,"AA",1
40652,1,1,"AO",51
40653,1,1,"AA",1
40653,2,1,"AA",1
40654,1,1,"AA",1
40655,1,1,"AA",1
40656,1,1,"AA",1
40657,1,1,"AB",2
40658,1,1,"AA",1
40658,2,1,"AA",1
40658,3,1,"AA",1
40659,1,1,"AA",1
40659,2,1,"AA",1
40660,1,1,"AA",1
40663,1,1,"AB",2
40663,2,1,"AB",2
40663,3,1,"AB",2
40663,4,1,"AB",2
40663,5,1,"AB",2
40663,6,1,"AB",2
40663,7,1,"AB",2
40663,8,1,"AB",2
40663,9,1,"AB",2
40664,1,1,"AP",52
40665,1,1,"AP",52
40667,2,1,"AB",2
40668,1,1,"AA",1
40671,1,1,"AT",56
40671,2,1,"AT",56
40672,2,1,"AT",56
40673,1,1,"AB",2
40673,2,1,"AB",2
40673,3,1,"AB",2
40674,1,1,"AA",1
40675,1,1,"AA",1
40677,1,1,"AA",1
40677,2,1,"AA",1
40677,3,1,"AA",1
40677,4,1,"AA",1
40682,1,1,"AA",1
40682,2,1,"AA",1
40684,1,1,"AB",2
40686,1,1,"AB",2
40700,1,1,"AB",2
40702,1,1,"AB",2
40702,2,1,"AB",2
40702,3,1,"AB",2
40707,1,1,"AB",2
40708,1,1,"AT",56
40710,1,1,"AT",56
40712,1,1,"AB",2
40712,2,1,"AB",2
40712,3,1,"AB",2
40713,1,1,"AB",2
40715,1,1,"AA",1
40715,2,1,"AA",1
40715,3,1,"AA",1
40716,1,1,"AP",52
40718,1,1,"AA",1
40719,1,1,"AB",2
40719,2,1,"AB",2
40725,1,1,"AA",1
40726,1,1,"AA",1
40727,1,1,"AA",1
40728,1,1,"AA",1
40730,1,1,"AP",52
40731,1,1,"AB",2
40731,2,1,"AB",2
40733,1,1,"AB",2
40733,2,1,"AB",2
40733,3,1,"AB",2
40734,1,1,"AB",2
40734,2,1,"AB",2
40735,2,1,"AB",2
40735,3,1,"AB",2
40736,1,1,"AA",1
40737,1,1,"AP",52
40737,2,1,"AP",52
40743,1,1,"AP",52
40743,2,1,"AP",52
40745,1,1,"AP",52
40745,2,1,"AP",52
40745,3,1,"AP",52
40746,1,1,"AA",1
40746,2,1,"AA",1
40747,1,1,"AA",1
40747,2,1,"AA",1
40749,1,1,"AA",1
40750,1,1,"AB",2
40750,2,1,"AB",2
40750,3,1,"AB",2
40756,1,1,"AA",1
40760,1,1,"AB",2
40761,1,1,"AB",2
40761,2,1,"AB",2
40761,3,1,"AB",2
40762,1,1,"AA",1
40765,1,1,"AB",2
40766,1,1,"AB",2
40767,1,1,"AP",52
40768,1,1,"AP",52
40771,1,1,"AT",56
40773,1,1,"AA",1
40775,1,1,"AA",1
40776,1,1,"AA",1
40777,1,1,"AA",1
40778,1,1,"AA",1
40778,2,1,"AA",1
40779,1,1,"AA",1
40780,1,1,"AB",2
40780,2,1,"AB",2
40781,1,1,"AP",52
40782,1,1,"AB",2
40782,2,1,"AB",2
40782,3,1,"AB",2
40784,1,1,"AP",52
40786,1,1,"AB",2
40787,1,1,"AB",2
40788,1,1,"AB",2
40790,1,1,"AA",1
40792,1,1,"AA",1
40792,2,1,"AB",2
40794,1,1,"AB",2
40794,2,1,"AB",2
40796,1,1,"AA",1
40797,1,1,"AA",1
40797,2,1,"AA",1
40798,1,1,"AP",52
40798,2,1,"AP",52
40802,1,1,"AP",52
40803,1,1,"AP",52
40804,1,1,"AB",2
40804,2,1,"AB",2
40804,3,1,"AB",2
40805,1,1,"AB",2
40805,2,1,"AB",2
40805,3,1,"AB",2
40806,1,1,"AP",52
40807,1,1,"AB",2
40807,2,1,"AB",2
40807,3,1,"AB",2
40808,1,1,"AB",2
40808,2,1,"AB",2
40808,3,1,"AB",2
40810,1,1,"AB",2
40810,2,1,"AB",2
40811,1,1,"AP",52
40812,1,1,"AB",2
40812,2,1,"AB",2
40812,3,1,"AB",2
40814,1,1,"AA",1
40821,1,1,"AA",1
40821,2,1,"AA",1
40823,1,1,"AA",1
40832,1,1,"AB",2
40833,1,1,"AA",1
40838,1,1,"AA",1
40840,1,1,"AB",2
40840,2,1,"AB",2
40840,3,1,"AB",2
40841,1,1,"AB",2
40842,1,1,"AB",2
40843,1,1,"AP",52
40843,2,1,"AP",52
40843,3,1,"AP",52
40843,4,1,"AP",52
40844,1,1,"AA",1
40844,2,1,"AA",1
40846,1,1,"AA",1
40847,1,1,"AA",1
40847,2,1,"AA",1
40850,1,1,"AP",52
40851,1,1,"AA",1
40851,2,1,"AA",1
40851,3,1,"AA",1
40853,1,1,"AP",52
40855,1,1,"AA",1
40855,2,1,"AA",1
40855,3,1,"AA",1
40855,4,1,"AA",1
40857,1,1,"AB",2
40859,1,1,"AP",52
40860,1,1,"AB",2
40863,1,1,"AB",2
40863,2,1,"AB",2
40863,3,1,"AB",2
40865,1,1,"AA",1
40866,1,1,"AB",2
40866,2,1,"AB",2
40870,1,1,"AB",2
40870,2,1,"AB",2
40874,1,1,"AB",2
40874,2,1,"AB",2
40874,3,1,"AB",2
40875,1,1,"AA",1
40876,1,1,"AA",1
40879,1,1,"AT",56
40882,1,1,"AA",1
40884,1,1,"AB",2
40885,1,1,"AA",1
40886,1,1,"AA",1
40886,2,1,"AA",1
40887,1,1,"AA",1
40888,1,1,"AP",52
40888,2,1,"AP",52
40888,3,1,"AP",52
40888,4,1,"AP",52
40888,5,1,"AP",52
40889,1,1,"AP",52
40891,1,1,"AA",1
40893,1,1,"AA",1
40893,3,1,"AA",1
40894,1,1,"AA",1
40901,1,1,"AA",1
40901,2,1,"AA",1
40901,3,1,"AA",1
40901,4,1,"AA",1
40902,1,1,"AA",1
40903,1,1,"AB",2
40903,2,1,"AB",2
40903,3,1,"AB",2
40904,1,1,"AB",2
40905,1,1,"AA",1
40907,1,1,"AB",2
40907,2,1,"AB",2
40911,1,1,"AT",56
50006,1,1,"AB",2
50007,2,1,"AB",2
50023,2,1,"AT",56
50065,2,1,"AT",56
50095,1,1,"AP",52
50108,2,1,"AP",52
50141,1,1,"BC",130
50162,1,1,"AB",2
50162,2,1,"AB",2
50162,3,1,"AB",2
50278,1,1,"AB",2
50278,3,1,"AB",2
50317,1,1,"AP",52
50405,2,1,"AB",2
50405,3,1,"AB",2
50405,5,1,"AB",2
50417,1,1,"AT",56
50420,1,1,"AB",2
50429,1,1,"AB",2
50441,1,1,"AP",52
50475,1,1,"AB",2
50475,2,1,"AB",2
50536,1,1,"AB",2
50537,1,1,"AT",56
50537,2,1,"AT",56
50541,1,1,"AT",56
50557,1,1,"AB",2
50558,2,1,"AB",2
50558,3,1,"AP",52
50558,4,1,"AP",52
50567,1,1,"AT",56
50573,1,1,"AP",52
50574,1,1,"AB2",20
50575,2,1,"AB",2
50578,1,1,"AP",52
50578,2,1,"AP",52
50578,3,1,"AP",52
50578,4,1,"AP",52
50580,2,1,"AP",52
50580,3,1,"AP",52
50587,2,1,"AP",52
50588,1,1,"AP",52
50588,2,1,"AP",52
50592,1,1,"AB",2
50600,1,1,"AB",2
50606,1,1,"AB",2
50606,2,1,"AB",2
50608,1,1,"AP",52
50608,2,1,"AP",52
50608,5,1,"AP",52
50609,1,1,"AP",52
50615,1,1,"AB",2
50617,1,1,"AT",56
50625,1,1,"AB2",20
50625,2,1,"AB2",20
50625,3,1,"BX",151
50627,1,1,"AP",52
50629,1,1,"AP",52
50629,2,1,"AP",52
50639,1,1,"AP",52
50639,2,1,"AP",52
50639,3,1,"AP",52
50641,1,1,"AB",2
50641,2,1,"AB",2
50641,3,1,"AB",2
50649,1,1,"AB",2
50649,2,1,"AB",2
50662,1,1,"AB",2
50662,2,1,"AB",2
50679,1,1,"AP",52
50679,2,1,"AP",52
50679,3,1,"AP",52
50680,2,1,"AB",2
50682,1,1,"AP",52
50684,1,1,"AP",52
50684,2,1,"AP",52
50684,3,1,"AP",52
50684,4,1,"AP",52
50689,1,1,"AB",2
50706,1,1,"AP",52
50706,3,1,"AP",52
50708,1,1,"AB",2
50708,2,1,"AB",2
50708,3,1,"AB",2
50709,1,1,"AP",52
50710,1,1,"AB",2
50710,2,1,"AB",2
50711,1,1,"AB",2
50715,1,1,"AB1",3
50715,2,1,"AB1",3
50716,1,1,"AB1",3
50718,1,1,"AB",2
50718,2,1,"AB",2
50720,1,1,"AB",2
50722,1,1,"AB",2
50723,1,1,"AB",2
50730,1,1,"AB",2
50731,1,1,"AP",52
50733,1,1,"AP",52
50734,1,1,"AP",52
50741,1,1,"AB",2
50742,2,1,"AB",2
50753,1,1,"AN",50
50756,1,1,"AB",2
50758,1,1,"AP",52
50759,1,1,"AB",2
50777,1,1,"AB",2
50777,2,1,"AB",2
50778,1,1,"AP",52
50778,2,1,"AP",52
50780,1,1,"AP",52
50780,2,1,"AP",52
50782,1,1,"BT",147
50784,1,1,"AB",2
50785,1,1,"AB",2
50788,1,1,"BX",151
50789,1,1,"AP",52
50791,1,1,"AB",2
50791,2,1,"AB",2
50794,1,1,"AP",52
50795,1,1,"AB",2
50795,2,1,"AB",2
50795,3,1,"AB",2
50795,5,1,"AB",2
50795,6,1,"AB",2
50796,1,1,"AP",52
50796,2,1,"AP",52
50801,1,1,"AT",56
50802,1,1,"AB",2
50803,1,1,"BX",151
50808,4,1,"AB",2
50808,5,1,"AB",2
50808,6,1,"AB",2
50808,7,1,"AB",2
50819,1,1,"AB",2
50819,2,1,"AB",2
60304,1,1,"AA",1
60456,1,1,"AA",1
60456,2,1,"AA",1
60582,1,1,"AT",56
60613,1,1,"AT",56
60657,2,1,"AP",52
60657,3,1,"AP",52
60707,1,1,"AT",56
60707,2,1,"AT",56
60711,2,1,"AB",2
60711,3,1,"AB",2
60716,1,1,"AP",52
60733,2,1,"AP",52
60764,2,1,"AT",56
61395,1,1,"AP",52
61395,2,1,"AP",52
61395,3,1,"AP",52
61395,4,1,"AP",52
61395,5,1,"AP",52
61395,6,1,"AP",52
61454,1,1,"AB",2
61454,3,1,"AB",2
61621,1,1,"AB",2
61621,2,1,"AB",2
61773,2,1,"AP",52
61773,3,1,"AP",52
61773,4,1,"AP",52
61837,1,1,"AB",2
61837,2,1,"AB",2
61904,1,1,"BX",151
61905,2,1,"BX",151
61926,1,1,"AB",2
61926,3,1,"AB",2
61931,1,1,"AB",2
61931,2,1,"AB",2
61931,3,1,"AB",2
61966,1,1,"AT",56
62031,1,1,"AB",2
62031,2,1,"AB",2
62058,1,1,"AB",2
62058,2,1,"AB",2
62124,2,1,"AT",56
62129,1,1,"AT",56
62196,1,1,"AT",56
62216,1,1,"AB",2
62216,4,1,"AB",2
62225,1,1,"AT",56
62226,1,1,"AB",2
62226,2,1,"AB",2
62226,3,1,"AB",2
62226,4,1,"AB",2
62226,5,1,"AB",2
62269,2,1,"AB",2
62286,1,1,"AB",2
62286,2,1,"AB",2
62303,1,1,"AB",2
62307,1,1,"AT",56
62337,1,1,"AB",2
62337,2,1,"AB",2
62341,1,1,"AT",56
62351,1,1,"AT",56
62364,1,1,"AT",56
62366,1,1,"AP",52
62366,2,1,"AP",52
62367,1,1,"AT",56
62373,2,1,"AP",52
62373,5,1,"AP",52
62373,7,1,"AP",52
62373,8,1,"AP",52
62396,1,1,"AB",2
62396,2,1,"AB",2
62414,1,1,"AP",52
62414,3,1,"AP",52
62414,8,1,"AP",52
62414,10,1,"AP",52
62420,1,1,"AP",52
62420,2,1,"AP",52
62421,1,1,"AB",2
62423,1,1,"AT",56
62432,1,1,"AB",2
62447,1,1,"AT",56
62452,1,1,"AT",56
62472,1,1,"AT",56
62474,1,1,"AA",1
62475,1,1,"AP",52
62475,2,1,"AP",52
62477,1,1,"AT",56
62488,1,1,"AT",56
62500,1,1,"AB",2
62500,2,1,"AB",2
62505,1,1,"AB",2
62506,1,1,"AA",1
62512,1,1,"AA",1
62517,1,1,"AA",1
62527,2,1,"AP",52
62527,3,1,"AP",52
62527,4,1,"AP",52
62533,1,1,"AT",56
62535,1,1,"AT",56
62569,1,1,"AP",52
62599,1,1,"AT",56
62602,1,1,"AT",56
62612,4,1,"AP",52
62635,1,1,"AT",56
62638,1,1,"AP",52
62640,2,1,"AP",52
62640,3,1,"AP",52
62640,4,1,"AP",52
62644,1,1,"AA",1
62662,1,1,"AP",52
62662,2,1,"AP",52
62662,3,1,"AP",52
62662,4,1,"AP",52
62663,1,1,"AP",52
62663,2,1,"AP",52
62663,3,1,"AP",52
62663,4,1,"AP",52
62663,5,1,"AP",52
62664,1,1,"AT",56
62676,1,1,"AB",2
62676,2,1,"AB",2
62677,1,1,"AB",2
62702,1,1,"AB",2
62702,2,1,"AB",2
62703,1,1,"AB",2
62703,2,1,"AB",2
62713,1,1,"AB",2
62713,2,1,"AB",2
62719,1,1,"AP",52
62719,2,1,"AP",52
62719,3,1,"AP",52
62732,1,1,"AP",52
62732,2,1,"AP",52
62733,1,1,"AT",56
62738,1,1,"AP",52
62738,2,1,"AP",52
62746,1,1,"AB",2
62752,1,1,"AB",2
62752,2,1,"AB",2
62772,1,1,"AP",52
62772,3,1,"AP",52
62772,6,1,"AP",52
62772,7,1,"AP",52
62791,1,1,"AB",2
62791,2,1,"AB",2
62797,2,1,"AP",52
62800,1,1,"AP",52
62801,1,1,"AP",52
62803,1,1,"AP",52
62811,1,1,"AT",56
62825,1,1,"AT",56
62831,1,1,"AP",52
62831,2,1,"AP",52
62831,3,1,"AP",52
62838,1,1,"AA",1
62840,1,1,"AT",56
62876,1,1,"AA",1
62881,1,1,"AB",2
62882,1,1,"AB",2
62883,1,1,"AB",2
62884,1,1,"AB",2
62889,1,1,"AP",52
62901,1,1,"AP",52
62901,2,1,"AP",52
62911,1,1,"AP",52
62912,1,1,"AP",52
62912,2,1,"AP",52
62921,1,1,"AP",52
62921,2,1,"AP",52
62921,3,1,"AP",52
62927,1,1,"AB",2
62927,2,1,"AB",2
62931,1,1,"AP",52
62933,1,1,"AP",52
62933,2,1,"AP",52
62935,1,1,"AB",2
62936,1,1,"AB",2
62938,1,1,"AT",56
62943,1,1,"AP",52
62949,1,1,"AT",56
62975,1,1,"AP",52
62981,1,1,"AA",1
62981,2,1,"AA",1
63000,1,1,"AP",52
63009,1,1,"AB",2
63009,2,1,"AB",2
63011,1,1,"AB",2
63029,1,1,"AB",2
63029,2,1,"AB",2
63038,1,1,"AT",56
63065,1,1,"AB",2
63065,2,1,"AB",2
63067,1,1,"AB",2
63067,2,1,"AB",2
63067,3,1,"AB",2
63076,1,1,"AP",52
63083,1,1,"AB",2
63083,2,1,"AB",2
63097,1,1,"AP",52
63097,2,1,"AP",52
63097,3,1,"AP",52
63100,1,1,"AP",52
63111,1,1,"AP",52
63112,1,1,"AP",52
63117,1,1,"AP",52
63142,1,1,"AP",52
63181,1,1,"AB",2
63211,1,1,"AT",56
63277,1,1,"AP",52
63305,1,1,"AT",56
63313,1,1,"AP",52
63315,1,1,"AP",52
63329,1,1,"AT",56
63336,1,1,"AP",52
63336,4,1,"AP",52
64022,1,1,"AT",56
64028,1,1,"AT",56
64030,1,1,"AT",56
64032,1,1,"AP",52
64032,2,1,"AP",52
64042,1,1,"AA",1
64045,2,1,"AP",52
64046,1,1,"AT",56
64047,1,1,"AT",56
64048,1,1,"AT",56
64050,1,1,"AT",56
64052,1,1,"AT",56
64053,1,1,"AT",56
64054,1,1,"AT",56
64056,1,1,"AT",56
64063,1,1,"AT",56
64064,1,1,"AT",56
64065,1,1,"AT",56
64067,1,1,"AT",56
64068,1,1,"AT",56
64071,1,1,"AB",2
64071,2,1,"AB",2
64076,1,1,"AB",2
64076,2,1,"AB",2
64082,1,1,"AB",2
64082,2,1,"AB",2
64093,1,1,"AT",56
64096,1,1,"AT",56
64097,1,1,"AP",52
64103,1,1,"AP",52
64118,1,1,"AT",56
64120,1,1,"AT",56
64124,1,1,"AP",52
64125,1,1,"AB",2
64125,2,1,"AP",52
64126,1,1,"AT",56
64134,1,1,"AB",2
64135,1,1,"AT",56
64136,1,1,"AT",56
64140,1,1,"AP",52
64140,2,1,"AP",52
64142,1,1,"AA",1
64144,1,1,"AP",52
64144,2,1,"AP",52
64144,3,1,"AP",52
64150,1,1,"AB",2
64150,2,1,"AB",2
64153,1,1,"AP",52
64159,1,1,"AT",56
64160,1,1,"AB",2
64163,1,1,"AT",56
64171,1,1,"AA",1
64180,1,1,"AP",52
64180,2,1,"AP",52
64184,1,1,"AT",56
64211,1,1,"AT",56
64216,1,1,"AP",52
64217,1,1,"AP",52
65000,1,1,"AP",52
65003,1,1,"AB1",3
65003,3,1,"AB1",3
65004,1,1,"AP",52
65005,1,1,"AB",2
65005,2,1,"AB",2
65005,3,1,"AB",2
65006,1,1,"AT",56
65013,1,1,"AP",52
65017,1,1,"AB1",3
65017,2,1,"AB1",3
65022,1,1,"AT",56
65024,1,1,"AT",56
65025,1,1,"AB1",3
65026,1,1,"AT",56
65028,1,1,"AB",2
65028,2,1,"AB",2
65031,1,1,"AP",52
65031,2,1,"AP",52
65033,1,1,"AP",52
65033,2,1,"AP",52
65035,1,1,"AP",52
65036,1,1,"AP",52
65040,1,1,"AB2",20
65040,2,1,"AB2",20
65042,1,1,"AP",52
65042,2,1,"AP",52
65044,1,1,"AB1",3
65044,2,1,"AB1",3
65046,1,1,"AP",52
65047,1,1,"AP",52
65047,2,1,"AP",52
65048,1,1,"AB",2
65048,2,1,"AP",52
65049,1,1,"AT",56
65050,1,1,"AP",52
65051,1,1,"AP",52
65051,2,1,"AP",52
65053,1,1,"AB",2
65053,2,1,"AB",2
65053,3,1,"AB",2
65054,1,1,"AB1",3
65055,1,1,"AB",2
65055,2,1,"AB",2
65055,3,1,"AB",2
65056,1,1,"AB",2
65056,2,1,"AB",2
65061,1,1,"AB",2
65061,2,1,"AB",2
65062,1,1,"AB",2
65062,2,1,"AB",2
65062,3,1,"AB",2
65063,1,1,"AB",2
65064,1,1,"AB",2
65066,1,1,"AB",2
65066,2,1,"AB",2
65067,1,1,"AB",2
65069,1,1,"AB",2
65069,2,1,"AB",2
65070,1,1,"AB",2
65070,2,1,"AB",2
65070,3,1,"AB",2
65070,4,1,"AB",2
65071,1,1,"AP",52
65072,1,1,"AP",52
65072,2,1,"AP",52
65072,3,1,"AP",52
65074,1,1,"AP",52
65074,2,1,"AP",52
65076,1,1,"AP",52
65078,1,1,"AB1",3
65079,2,1,"AP",52
65079,3,1,"AP",52
65085,1,1,"AB",2
65088,1,1,"AT",56
65089,1,1,"AB",2
65089,2,1,"AB",2
65093,1,1,"AB",2
65095,1,1,"AB",2
65096,1,1,"AB",2
65098,1,1,"AB",2
65098,2,1,"AB",2
65101,1,1,"AB",2
65106,1,1,"AT",56
65108,1,1,"AT",56
65110,2,1,"AB1",3
65110,3,1,"AB1",3
65112,1,1,"AB",2
65116,1,1,"AP",52
65117,1,1,"AB",2
65119,1,1,"AB",2
65119,2,1,"AB",2
65121,1,1,"AT",56
65122,1,1,"AP",52
65122,2,1,"AP",52
65123,1,1,"AB",2
65125,1,1,"AP",52
65125,2,1,"AP",52
65125,3,1,"AP",52
65125,4,1,"AP",52
65129,1,1,"AB",2
65131,1,1,"AB",2
65131,2,1,"AB",2
65131,3,1,"AB",2
65133,1,1,"AB2",20
65134,1,1,"AB",2
65135,1,1,"AB",2
65135,2,1,"AB",2
65136,1,1,"AB",2
65138,1,1,"AT",56
65139,1,1,"AB",2
65143,1,1,"AP",52
65144,1,1,"AB",2
65145,1,1,"AB",2
65146,1,1,"AB",2
65146,2,1,"AB",2
65148,1,1,"AA",1
65149,2,1,"AP",52
65149,3,1,"AP",52
65150,1,1,"AB",2
65151,1,1,"AP",52
65152,1,1,"AB",2
65152,2,1,"AB",2
65153,1,1,"AB",2
65154,1,1,"AB",2
65155,1,1,"AB",2
65155,2,1,"AB",2
65156,1,1,"AB",2
65156,2,1,"AB",2
65156,3,1,"AB",2
65162,1,1,"AB",2
65163,1,1,"AB",2
65166,1,1,"AB",2
65166,2,1,"AB",2
65166,3,1,"AB",2
65168,1,1,"AP",52
65169,1,1,"AP",52
65169,2,1,"AP",52
65169,3,1,"AP",52
65169,4,1,"AP",52
65170,1,1,"AB",2
65171,1,1,"AB",2
65171,2,1,"AB",2
65173,1,1,"AA",1
65175,1,1,"AT",56
65176,1,1,"AP",52
65176,2,1,"AP",52
65177,1,1,"AP",52
65178,1,1,"AB",2
65178,2,1,"AB",2
65179,1,1,"AP",52
65180,1,1,"AP",52
65183,1,1,"AT",56
65184,1,1,"AT",56
65185,1,1,"AP",52
65185,2,1,"AP",52
65187,1,1,"AT",56
65188,1,1,"AP",52
65189,1,1,"AB",2
65190,1,1,"AB",2
65190,2,1,"AB",2
65191,1,1,"AB",2
65191,2,1,"AB",2
65192,1,1,"AB",2
65193,1,1,"AB",2
65194,1,1,"AB",2
65194,2,1,"AB",2
65196,1,1,"AP",52
65197,1,1,"AP",52
65197,2,1,"AP",52
65197,3,1,"AP",52
65200,1,1,"AB",2
65203,1,1,"AT",56
65204,1,1,"AP",52
65204,2,1,"AP",52
65206,1,1,"AP",52
65208,1,1,"AB",2
65208,2,1,"AB",2
65209,1,1,"AB",2
65211,1,1,"AB",2
65212,1,1,"AB",2
65213,1,1,"AT",56
65214,1,1,"AP",52
65214,2,1,"AP",52
65215,1,1,"AB",2
65215,2,1,"AB",2
65217,1,1,"AB",2
65217,2,1,"AB",2
65217,3,1,"AB",2
65218,1,1,"AB",2
65219,1,1,"AT",56
65220,1,1,"AA",1
65222,1,1,"AP",52
65222,2,1,"AP",52
65223,1,1,"AB",2
65225,1,1,"AB",2
65226,1,1,"AP",52
65226,2,1,"AP",52
65228,1,1,"AB",2
65228,2,1,"AB",2
65229,1,1,"AB",2
65229,2,1,"AB",2
65230,1,1,"AP",52
65230,2,1,"AP",52
65230,3,1,"AP",52
65230,4,1,"AP",52
65232,1,1,"AP",52
65234,1,1,"AB",2
65234,2,1,"AB",2
65235,1,1,"AB",2
65235,2,1,"AB",2
65236,1,1,"AB",2
65236,2,1,"AB",2
65238,1,1,"AP",52
65238,2,1,"AP",52
65239,1,1,"AP",52
65240,1,1,"AP",52
65241,1,1,"AP",52
65241,2,1,"AP",52
65242,1,1,"AB",2
65242,2,1,"AB",2
65243,1,1,"AB",2
65243,2,1,"AB",2
65243,3,1,"AB",2
65244,1,1,"AP",52
65246,1,1,"AB",2
65246,2,1,"AB",2
65247,1,1,"AP",52
65248,1,1,"AB",2
65248,2,1,"AB",2
65253,1,1,"AB",2
65253,2,1,"AB",2
65254,1,1,"AT",56
65255,1,1,"AB",2
65256,1,1,"AB",2
65256,2,1,"AB",2
65257,1,1,"AB",2
65257,2,1,"AB",2
65259,1,1,"AB",2
65259,2,1,"AB",2
65260,1,1,"AB",2
65261,1,1,"AB",2
65261,2,1,"AB",2
65264,1,1,"AB",2
65266,1,1,"AB",2
65266,2,1,"AB",2
65267,1,1,"AB",2
65267,2,1,"AB",2
65271,1,1,"AB",2
65271,2,1,"AB",2
65275,1,1,"AP",52
65276,1,1,"AB",2
65276,2,1,"AB",2
65277,1,1,"AB",2
65282,1,1,"AB",2
65283,2,1,"AB",2
65283,3,1,"AB",2
65284,1,1,"AB",2
65284,2,1,"AB",2
65285,1,1,"AB",2
65285,2,1,"AB",2
65285,3,1,"AB",2
65285,4,1,"AB",2
65287,1,1,"AB",2
65288,1,1,"AP",52
65289,1,1,"AP",52
65289,2,1,"AP",52
65290,1,1,"AP",52
65290,2,1,"AP",52
65290,3,1,"AP",52
65291,1,1,"AB",2
65291,2,1,"AB",2
65292,1,1,"AP",52
65293,1,1,"AP",52
65293,2,1,"AP",52
65301,1,1,"AB",2
65302,3,1,"AB",2
65303,1,1,"AP",52
65303,2,1,"AP",52
65305,1,1,"AP",52
65305,2,1,"AP",52
65305,3,1,"AP",52
65305,4,1,"AP",52
65306,1,1,"AP",52
65307,2,1,"AB",2
65307,3,1,"AB",2
65308,1,1,"AB",2
65308,2,1,"AB",2
65308,3,1,"AB",2
65309,1,1,"AB",2
65310,1,1,"AP",52
65310,2,1,"AP",52
65311,1,1,"AB",2
65312,1,1,"AP",52
65313,1,1,"AP",52
65313,2,1,"AP",52
65314,1,1,"AP",52
65315,1,1,"AT",56
65316,1,1,"AP",52
65316,2,1,"AP",52
65319,2,1,"AB",2
65322,1,1,"AB",2
65322,2,1,"AB",2
65325,1,1,"AB",2
65325,2,1,"AB",2
65326,1,1,"AB",2
65326,2,1,"AB",2
65327,1,1,"AB",2
65327,2,1,"AB",2
65328,1,1,"AP",52
65329,1,1,"AP",52
65329,2,1,"AP",52
65329,3,1,"AP",52
65330,1,1,"AB",2
65331,1,1,"AP",52
65331,2,1,"AP",52
65332,1,1,"AB",2
65332,2,1,"AB",2
65334,1,1,"AB",2
65334,2,1,"AB",2
65336,1,1,"AB",2
65336,2,1,"AB",2
65337,1,1,"AB",2
65337,2,1,"AB",2
65340,1,1,"AB",2
65340,2,1,"AB",2
65342,1,1,"AP",52
65342,2,1,"AP",52
65342,3,1,"AP",52
65342,4,1,"AP",52
65343,1,1,"AP",52
65343,3,1,"AP",52
65343,4,1,"AP",52
65345,1,1,"AP",52
65346,1,1,"AP",52
65347,1,1,"AP",52
65349,1,1,"AB",2
65349,2,1,"AB",2
65350,1,1,"AB",2
65350,2,1,"AB",2
65351,1,1,"AB",2
65351,2,1,"AB",2
65352,1,1,"AB",2
65354,1,1,"AB",2
65355,1,1,"AB",2
65356,1,1,"AB",2
65356,2,1,"AB",2
65356,3,1,"AB",2
65356,4,1,"AB",2
65358,1,1,"AB",2
65359,1,1,"AB",2
65359,2,1,"AB",2
65359,3,1,"AB",2
65360,1,1,"AB",2
65361,1,1,"AP",52
65361,2,1,"AP",52
65362,1,1,"AP",52
65362,2,1,"AP",52
65362,3,1,"AP",52
65363,1,1,"AP",52
65363,2,1,"AP",52
65363,3,1,"AP",52
65364,1,1,"AP",52
65368,1,1,"AB",2
65369,1,1,"AP",52
65369,2,1,"AP",52
65369,3,1,"AP",52
65370,1,1,"AB",2
65370,2,1,"AB",2
65372,1,1,"AP",52
65373,1,1,"AB",2
65374,1,1,"AP",52
65374,2,1,"AP",52
65375,1,1,"AP",52
65377,1,1,"AB",2
65377,2,1,"AB",2
65377,3,1,"AB",2
65378,1,1,"AB",2
65378,2,1,"AB",2
65379,1,1,"AB",2
65381,1,1,"AB",2
65381,2,1,"AB",2
65384,1,1,"AB",2
65384,2,1,"AB",2
65385,1,1,"AB",2
65386,1,1,"AP",52
65386,2,1,"AP",52
65386,3,1,"AP",52
65387,1,1,"AB",2
65387,2,1,"AB",2
65388,1,1,"AB",2
65388,2,1,"AB",2
65389,1,1,"AB",2
65389,2,1,"AB",2
65390,1,1,"AB",2
65390,2,1,"AB",2
65391,1,1,"AP",52
65391,2,1,"AP",52
65391,3,1,"AP",52
65392,1,1,"AB",2
65394,1,1,"AB",2
65396,1,1,"AB",2
65396,2,1,"AB",2
65397,1,1,"AP",52
65397,2,1,"AP",52
65398,1,1,"AB",2
65399,1,1,"AB",2
65400,1,1,"AB",2
65401,1,1,"AP",52
65401,2,1,"AP",52
65403,1,1,"AP",52
65404,1,1,"AB",2
65405,1,1,"AB",2
65406,1,1,"AP",52
65406,2,1,"AP",52
65407,1,1,"AP",52
65408,1,1,"AP",52
65408,2,1,"AP",52
65408,3,1,"AP",52
65408,4,1,"AP",52
65409,1,1,"AB",2
65409,2,1,"AB",2
65410,1,1,"AB",2
65411,1,1,"AP",52
65411,2,1,"AP",52
65413,1,1,"AB",2
65414,1,1,"AP",52
65414,2,1,"AP",52
65415,1,1,"AP",52
65416,1,1,"AB",2
65418,1,1,"AB",2
65419,1,1,"AB",2
65419,2,1,"AB",2
65420,1,1,"AB",2
65421,1,1,"AP",52
65422,1,1,"AA",1
65425,1,1,"AB",2
65425,2,1,"AB",2
65427,1,1,"AB",2
65428,1,1,"AB",2
65428,2,1,"AB",2
65429,1,1,"AB",2
65429,2,1,"AB",2
65431,1,1,"AB",2
65432,1,1,"AP",52
65434,1,1,"AB",2
65435,1,1,"AB",2
65435,2,1,"AB",2
65436,1,1,"AB",2
65436,2,1,"AB",2
65436,3,1,"AB",2
65438,1,1,"AB",2
65439,2,1,"AP",52
65439,3,1,"AP",52
65440,1,1,"AP",52
65441,1,1,"AP",52
65441,2,1,"AP",52
65442,1,1,"AB",2
65442,2,1,"AB",2
65443,1,1,"AB",2
65445,1,1,"AP",52
65445,2,1,"AP",52
65445,3,1,"AP",52
65446,1,1,"AP",52
65447,1,1,"AB",2
65447,2,1,"AB",2
65448,1,1,"AP",52
65448,2,1,"AP",52
65451,1,1,"AB",2
65454,1,1,"AB",2
65455,1,1,"AP",52
65457,1,1,"AB",2
65458,1,1,"AP",52
65458,2,1,"AP",52
65458,3,1,"AP",52
65461,1,1,"AB",2
65461,2,1,"AB",2
65461,3,1,"AB",2
65462,1,1,"AB",2
65462,2,1,"AB",2
65468,1,1,"AA",1
65470,1,1,"AB",2
65470,2,1,"AB",2
65470,3,1,"AB",2
65473,1,1,"AB",2
65473,2,1,"AB",2
65475,1,1,"AP",52
65478,1,1,"AB",2
65478,2,1,"AB",2
65483,1,1,"AP",52
65483,2,1,"AP",52
65484,1,1,"AP",52
65485,4,1,"AB",2
65485,5,1,"AB",2
65488,1,1,"AB",2
65488,2,1,"AB",2
65489,1,1,"AB",2
65489,2,1,"AB",2
65490,1,1,"AB",2
65490,2,1,"AB",2
65491,1,1,"AB",2
65493,1,1,"AP",52
65496,1,1,"AB",2
65496,2,1,"AB",2
65498,1,1,"AP",52
65498,2,1,"AP",52
65498,3,1,"AP",52
65499,2,1,"AP",52
65499,3,1,"AP",52
65499,4,1,"AP",52
65499,5,1,"AP",52
65500,1,1,"AP",52
65501,1,1,"AP",52
65502,1,1,"AP",52
65503,1,1,"AP",52
65506,1,1,"AP",52
65510,1,1,"AB",2
65510,2,1,"AB",2
65511,1,1,"AP",52
65513,1,1,"AT",56
65515,1,1,"AP",52
65520,1,1,"AB",2
65521,1,1,"AB",2
65523,1,1,"AP",52
65523,2,1,"AP",52
65523,3,1,"AP",52
70010,1,1,"AP",52
70027,1,1,"AB",2
70030,1,1,"AB",2
70033,1,1,"AB",2
70035,1,1,"AB",2
70037,1,1,"AB",2
70039,1,1,"AB",2
70040,1,1,"AB",2
70044,1,1,"AB",2
70049,1,1,"AB",2
70050,1,1,"AB",2
70051,1,1,"AB",2
70052,1,1,"AB",2
70069,1,1,"AB",2
70075,1,1,"AB",2
70076,1,1,"AB",2
70076,2,1,"AB",2
70082,1,1,"AB",2
70084,1,1,"AB",2
70085,1,1,"AB",2
70086,1,1,"AB",2
70098,1,1,"AB",2
70101,1,1,"AB",2
70102,1,1,"AB",2
70152,1,1,"AB",2
70154,1,1,"AB",2
70172,1,1,"AP",52
70173,1,1,"AB",2
70173,2,1,"AB",2
70175,1,1,"AB",2
70176,1,1,"AB",2
70177,1,1,"AB",2
70178,1,1,"AB",2
70178,2,1,"AB",2
70184,1,1,"AB",2
70213,1,1,"AB",2
70213,2,1,"AB",2
70213,3,1,"AB",2
70213,4,1,"AB",2
70213,5,1,"AB",2
70219,1,1,"AB",2
70221,1,1,"AB",2
70221,2,1,"AB",2
70221,3,1,"AB",2
70221,4,1,"AB",2
70221,5,1,"AB",2
70254,1,1,"AP",52
70256,1,1,"AP",52
70257,1,1,"AP",52
70275,1,1,"AB",2
70278,1,1,"AB",2
70278,2,1,"AB",2
70278,3,1,"AB",2
70278,4,1,"AB",2
70278,5,1,"AB",2
70278,6,1,"AB",2
70281,1,1,"AB",2
70299,1,1,"AP",52
70317,1,1,"AB",2
70317,2,1,"AB",2
70317,3,1,"AB",2
70325,1,1,"AB",2
70325,2,1,"AB",2
70325,3,1,"AB",2
70343,1,1,"AB",2
70346,1,1,"AB",2
70434,1,1,"AA",1
70541,1,1,"AB",2
70552,1,1,"AP",52
70553,1,1,"AP",52
70554,1,1,"AP",52
70581,1,1,"AB",2
70583,1,1,"AP",52
70584,1,1,"AP",52
70585,1,1,"AP",52
70586,1,1,"AP",52
70589,1,1,"AB",2
70590,1,1,"AP",52
70597,1,1,"AP",52
70609,1,1,"AP",52
70624,1,1,"AB",2
70625,1,1,"AB",2
70639,1,1,"AP",52
70655,1,1,"AA",1
70673,1,1,"AB",2
70674,1,1,"AB",2
70686,1,1,"AB",2
70687,1,1,"AB",2
70719,1,1,"AB",2
70730,1,1,"AT",56
70737,1,1,"AP",52
70737,2,1,"AP",52
70738,1,1,"AP",52
70755,1,1,"AA",1
70756,1,1,"AB",2
70772,1,1,"AB",2
70772,2,1,"AB",2
70790,1,1,"AB",2
70791,1,1,"AB",2
70791,2,1,"AB",2
70791,3,1,"AB",2
70791,4,1,"AB",2
70791,5,1,"AB",2
70792,1,1,"AB",2
70793,1,1,"AB",2
70799,1,1,"AP",52
70820,1,1,"AP",52
70848,1,1,"AB",2
70868,1,1,"AA",1
70885,1,1,"AB",2
70914,1,1,"AP",52
70915,1,1,"AP",52
70916,1,1,"AP",52
70918,1,1,"AP",52
70920,1,1,"AB",2
70920,2,1,"AB",2
70920,3,1,"AB",2
70920,4,1,"AB",2
70923,1,1,"AB",2
70924,1,1,"AB",2
70925,1,1,"AB",2
70928,1,1,"AA",1
70929,1,1,"AB",2
70929,2,1,"AB",2
70947,1,1,"AB",2
70947,2,1,"AB",2
70966,1,1,"AP",52
70967,1,1,"AP",52
70968,1,1,"AP",52
70974,1,1,"AB",2
70975,1,1,"AB",2
70976,1,1,"AB",2
70994,1,1,"AB",2
70995,1,1,"AB",2
71012,1,1,"AB",2
71017,1,1,"AB",2
71050,1,1,"AP",52
71051,1,1,"AP",52
71052,1,1,"AP",52
71053,1,1,"AP",52
71054,1,1,"AA",1
71058,1,1,"AB",2
71059,1,1,"AB",2
71111,1,1,"AB",2
71134,1,1,"AB",2
71135,1,1,"AB",2
71136,1,1,"AB",2
71141,1,1,"AB",2
71141,2,1,"AB",2
71141,3,1,"AB",2
71168,1,1,"AP",52
71170,1,1,"AP",52
71175,2,1,"AB",2
71192,1,1,"AP",52
71196,1,1,"AB",2
71196,2,1,"AB",2
71196,3,1,"AB",2
71198,1,1,"AB",2
71199,1,1,"AB",2
71206,1,1,"AB",2
71207,1,1,"AB",2
71208,1,1,"AB",2
71209,1,1,"AB",2
71210,1,1,"AB",2
71211,1,1,"AB",2
71250,1,1,"AB",2
71250,2,1,"AB",2
71251,1,1,"AB",2
71251,2,1,"AB",2
71258,1,1,"AB",2
71267,1,1,"AB",2
71268,1,1,"AB",2
71268,2,1,"AB",2
71268,3,1,"AB",2
71293,1,1,"AB",2
71296,1,1,"AB",2
71307,1,1,"AB",2
71321,1,1,"AB",2
71322,1,1,"AB",2
71331,1,1,"AA",1
71334,1,1,"AB",2
71335,1,1,"AB",2
71344,1,1,"AB",2
71345,1,1,"AB",2
71402,1,1,"AA",1
71403,1,1,"AB",2
71404,1,1,"AB",2
71413,1,1,"AO",51
71415,1,1,"AA",1
71425,1,1,"AB",2
71427,1,1,"AB",2
71428,1,1,"AB",2
71450,1,1,"AB",2
71450,2,1,"AB",2
71456,1,1,"AB",2
71457,1,1,"AB",2
71457,2,1,"AB",2
71457,3,1,"AB",2
71467,1,1,"AB",2
71483,1,1,"AB",2
71483,2,1,"AB",2
71484,1,1,"AP",52
71500,1,1,"AB1",3
71514,1,1,"AB",2
71523,1,1,"AB",2
71524,1,1,"AB",2
71525,1,1,"AB",2
71530,1,1,"AB",2
71535,1,1,"AT",56
71548,1,1,"AA",1
71570,1,1,"AB",2
71586,1,1,"AB",2
71587,1,1,"AB",2
71588,1,1,"AB",2
71601,1,1,"AB",2
71602,1,1,"AB",2
71609,1,1,"AA",1
71610,1,1,"AB",2
71611,1,1,"AB",2
71611,2,1,"AB",2
71611,3,1,"AB",2
71617,1,1,"AA",1
71620,1,1,"AB",2
71620,2,1,"AB",2
71636,1,1,"AB",2
71644,1,1,"AB",2
71655,1,1,"AB",2
71745,1,1,"AB",2
71745,2,1,"AB",2
71745,3,1,"AB",2
71756,1,1,"AB",2
71766,1,1,"AB",2
71787,1,1,"AB",2
71788,1,1,"AB",2
71789,1,1,"AB",2
71795,1,1,"AB",2
71810,1,1,"AP",52
71813,1,1,"AB",2
71814,1,1,"AB",2
71826,1,1,"AB",2
71839,1,1,"AB",2
71849,1,1,"AP",52
71850,1,1,"AP",52
71851,1,1,"AB",2
71858,1,1,"AB",2
71858,2,1,"AB",2
71858,3,1,"AB",2
71868,1,1,"AP",52
71881,1,1,"AB",2
71881,2,1,"AB",2
71881,3,1,"AB",2
71891,1,1,"AB",2
71909,1,1,"AA",1
71910,1,1,"AA",1
71918,1,1,"AA",1
71935,1,1,"AB",2
71961,1,1,"AP",52
71972,1,1,"AB",2
71972,2,1,"AB",2
71972,3,1,"AB",2
71976,1,1,"AB",2
71976,2,1,"AB",2
71981,1,1,"AP",52
71994,1,1,"AB",2
71995,1,1,"AB",2
72011,1,1,"AB",2
72041,1,1,"AB",2
72042,1,1,"AB",2
72043,1,1,"AB",2
72050,1,1,"AB",2
72051,1,1,"AB",2
72062,1,1,"AB",2
72099,1,1,"AB",2
72100,1,1,"AB",2
72101,1,1,"AB",2
72102,1,1,"AB",2
72103,1,1,"AB",2
72104,1,1,"AB",2
72123,1,1,"AP",52
72168,1,1,"AP",52
72192,1,1,"AB",2
72193,1,1,"AB",2
72204,1,1,"AB",2
72205,1,1,"AB",2
72206,1,1,"AB",2
72234,1,1,"AB",2
72235,1,1,"AB",2
72253,1,1,"AB",2
72253,2,1,"AB",2
72253,3,1,"AB",2
72264,1,1,"AA",1
72265,1,1,"AA",1
72266,1,1,"AA",1
72300,1,1,"AB",2
72302,1,1,"AB",2
72302,2,1,"AB",2
72303,1,1,"AB",2
72304,1,1,"AB",2
72320,1,1,"AP",52
72354,1,1,"AB",2
72422,1,1,"AB",2
72423,1,1,"AB",2
72488,1,1,"AB1",3
72489,1,1,"AN",50
72490,1,1,"AB2",20
72494,1,1,"AB2",20
72511,1,1,"AT",56
72537,1,1,"AB",2
72538,1,1,"AB",2
72547,1,1,"AN",50
72556,1,1,"AB",2
72573,1,1,"AB",2
72574,1,1,"AB",2
72575,1,1,"AB",2
72575,2,1,"AB",2
72575,3,1,"AB",2
72579,1,1,"AB",2
72637,1,1,"AB",2
72637,2,1,"AB",2
72640,1,1,"AB",2
72693,1,1,"AB",2
72695,1,1,"AB",2
72696,1,1,"AB",2
72709,1,1,"AB",2
72709,2,1,"AB",2
72710,1,1,"AB",2
72711,1,1,"AB",2
72721,1,1,"AB",2
72723,1,1,"AB",2
72733,1,1,"AB",2
72736,1,1,"AB",2
72741,1,1,"AB",2
72744,1,1,"AA",1
72755,1,1,"AA",1
72759,1,1,"AP",52
72781,1,1,"AB",2
72786,1,1,"AP",52
72801,1,1,"AB",2
72838,1,1,"AB",2
72838,2,1,"AB",2
72838,3,1,"AB",2
72838,4,1,"AB",2
72894,1,1,"AB",2
72894,2,1,"AB",2
72924,1,1,"AB",2
72926,1,1,"AB",2
72927,1,1,"AB",2
72928,1,1,"AB",2
72933,1,1,"AB",2
72934,1,1,"AT",56
72945,1,1,"AP",52
73025,1,1,"AB",2
73026,1,1,"AB",2
73030,1,1,"AB1",3
73037,1,1,"AA",1
73039,1,1,"AB",2
73039,2,1,"AB",2
73085,1,1,"AB1",3
73118,1,1,"AP",52
73135,1,1,"AP",52
73137,1,1,"AB",2
73137,2,1,"AB",2
73137,3,1,"AB",2
73144,1,1,"AB",2
73144,2,1,"AB",2
73144,3,1,"AB",2
73178,1,1,"AA",1
73191,1,1,"AB",2
73192,1,1,"AB",2
73193,1,1,"AB",2
73209,1,1,"AB",2
73210,1,1,"AB",2
73229,1,1,"AB",2
73250,1,1,"AB",2
73262,1,1,"AB",2
73262,2,1,"AB",2
73263,1,1,"AB",2
73263,2,1,"AB",2
73281,1,1,"AB",2
73290,1,1,"AB",2
73303,1,1,"AP",52
73306,1,1,"AT",56
73364,1,1,"AA",1
73393,1,1,"AB",2
73419,1,1,"AA",1
73449,1,1,"AB",2
73457,1,1,"AB",2
73457,2,1,"AB",2
73457,3,1,"AB",2
73467,1,1,"AB",2
73475,1,1,"AB",2
73476,1,1,"AB",2
73481,1,1,"AB",2
73484,1,1,"AB",2
73508,1,1,"AB",2
73509,1,1,"AP",52
73510,1,1,"AP",52
73516,1,1,"AB",2
73517,1,1,"AB",2
73524,1,1,"AB",2
73536,1,1,"AB",2
73536,2,1,"AB",2
73541,1,1,"AB",2
73541,2,1,"AB",2
73542,1,1,"AB",2
73543,1,1,"AB",2
73548,1,1,"AB",2
73552,1,1,"AB",2
73556,1,1,"AB",2
73556,2,1,"AB",2
73556,3,1,"AB",2
73556,4,1,"AB",2
73568,1,1,"AB",2
73568,2,1,"AB",2
73582,1,1,"AB",2
73582,2,1,"AB",2
73589,1,1,"AB",2
73591,1,1,"AA",1
73594,1,1,"AB",2
73607,1,1,"AB",2
73609,1,1,"AB",2
73609,2,1,"AB",2
73618,1,1,"AB",2
73630,1,1,"AT",56
73644,1,1,"AB",2
73645,1,1,"AB",2
73646,1,1,"AB",2
73652,1,1,"AB",2
73654,1,1,"AB",2
73654,2,1,"AB",2
73654,3,1,"AB",2
73664,1,1,"AN",50
73665,1,1,"AB",2
73665,2,1,"AB",2
73671,1,1,"AB",2
73673,1,1,"AB",2
73695,1,1,"AT",56
74014,2,1,"AB",2
74014,3,1,"AB",2
74019,1,1,"AB",2
74019,2,1,"AB",2
74026,1,1,"AB",2
74027,1,1,"AB",2
74028,1,1,"AA",1
74031,1,1,"AB",2
74031,2,1,"AB",2
74037,1,1,"AN",50
74045,1,1,"AB",2
74052,1,1,"AB",2
74056,1,1,"AB",2
74056,2,1,"AB",2
74056,3,1,"AB",2
74060,1,1,"AA",1
74063,1,1,"AB",2
74063,2,1,"AB",2
74069,1,1,"AB",2
74076,1,1,"AA",1
74077,1,1,"AA",1
74086,1,1,"AP",52
74089,1,1,"AB",2
74097,1,1,"AN",50
74112,1,1,"AB",2
74112,2,1,"AB",2
74112,3,1,"AB",2
74116,1,1,"AB",2
74118,1,1,"AB",2
74121,1,1,"AB",2
74121,2,1,"AB",2
74121,3,1,"AB",2
74131,1,1,"AB",2
74131,2,1,"AB",2
74132,1,1,"AB",2
74132,2,1,"AB",2
74132,3,1,"AB",2
74132,4,1,"AB",2
74133,1,1,"AP",52
74137,1,1,"AP",52
74138,1,1,"AA",1
74139,1,1,"AB1",3
74141,1,1,"AB",2
74141,2,1,"AB",2
74145,1,1,"AB",2
74145,2,1,"AB",2
74151,1,1,"AB",2
74151,2,1,"AB",2
74151,3,1,"AB",2
74170,1,1,"AA",1
74171,1,1,"AB",2
74172,1,1,"AB",2
74172,2,1,"AB",2
74172,3,1,"AB",2
74174,1,1,"AB",2
74174,2,1,"AB",2
74174,3,1,"AB",2
74174,4,1,"AB",2
74184,1,1,"AA",1
74185,1,1,"AB",2
74185,2,1,"AB",2
74185,3,1,"AB",2
74185,4,1,"AB",2
74190,1,1,"AB",2
74198,1,1,"AB",2
74198,2,1,"AB",2
74201,1,1,"AB",2
74201,2,1,"AB",2
74201,3,1,"AB",2
74203,1,1,"AB",2
74203,2,1,"AB",2
74204,1,1,"AB2",20
74209,1,1,"AN",50
74215,1,1,"AB",2
74215,2,1,"AB",2
74215,3,1,"AB",2
74215,4,1,"AB",2
74217,1,1,"AB",2
74217,2,1,"AB",2
74220,1,1,"AB1",3
74221,1,1,"AB",2
74222,1,1,"AT",56
74223,1,1,"AB",2
74223,2,1,"AB",2
74224,1,1,"AB",2
74224,2,1,"AB",2
74225,1,1,"AB",2
74225,2,1,"AB",2
74225,3,1,"AB",2
74226,1,1,"AB",2
74226,2,1,"AB",2
74229,1,1,"AB",2
74229,2,1,"AB",2
74243,1,1,"AP",52
74243,2,1,"AP",52
74246,1,1,"AB",2
74246,2,1,"AB",2
74246,3,1,"AB",2
74246,4,1,"AB",2
74248,1,1,"AB",2
74249,1,1,"AB1",3
74253,1,1,"AB",2
74253,2,1,"AB",2
74253,3,1,"AB",2
74254,1,1,"AB",2
74255,1,1,"AB",2
74256,1,1,"AB",2
74259,1,1,"AB",2
74260,1,1,"AB",2
74260,2,1,"AB",2
74260,3,1,"AB",2
74261,1,1,"AT",56
74262,1,1,"AT1",66
74270,1,1,"AB",2
74271,1,1,"AB",2
74277,1,1,"AP",52
74282,1,1,"AP",52
74282,2,1,"AP",52
74286,1,1,"AB",2
74288,1,1,"AB",2
74288,2,1,"AB",2
74290,1,1,"AP",52
74291,1,1,"AT",56
74292,1,1,"AP",52
74299,1,1,"AB",2
74299,2,1,"AB",2
74304,1,1,"AB",2
74305,1,1,"AB",2
74305,2,1,"AB",2
74311,1,1,"AT",56
74322,1,1,"AB",2
74322,2,1,"AB",2
74322,3,1,"AB",2
74322,4,1,"AB",2
74326,1,1,"AT",56
74330,1,1,"AB",2
74331,1,1,"AT",56
74332,1,1,"AP",52
74342,1,1,"AB",2
74342,2,1,"AB",2
74342,3,1,"AB",2
74342,4,1,"AB",2
74356,1,1,"AT",56
74358,1,1,"AB",2
74358,2,1,"AB",2
74364,1,1,"AB",2
74364,2,1,"AB",2
74364,3,1,"AB",2
74376,1,1,"AB",2
74376,2,1,"AB",2
74386,1,1,"AB",2
74386,2,1,"AB",2
74386,3,1,"AB",2
74386,4,1,"AB",2
74388,1,1,"AB1",3
74388,2,1,"AB1",3
74388,3,1,"AB1",3
74392,1,1,"AB1",3
74394,1,1,"AB",2
74407,1,1,"AB",2
74413,1,1,"AP",52
74416,1,1,"AN",50
74421,1,1,"AB",2
74425,1,1,"AB",2
74430,1,1,"AB",2
74430,2,1,"AB",2
74431,1,1,"AB",2
74434,1,1,"AB",2
74434,2,1,"AB",2
74434,3,1,"AB",2
74434,4,1,"AB",2
74439,1,1,"AB",2
74439,2,1,"AB",2
74447,1,1,"AT",56
74449,1,1,"AT",56
74454,1,1,"AA",1
74458,1,1,"AB",2
74458,2,1,"AB",2
74461,1,1,"AB",2
74461,2,1,"AB",2
74463,1,1,"AB",2
74464,1,1,"AB",2
74466,1,1,"AT1",66
74467,1,1,"AB",2
74467,2,1,"AB",2
74477,1,1,"AB",2
74477,2,1,"AB",2
74477,3,1,"AB",2
74477,4,1,"AB",2
74488,1,1,"AB",2
74488,2,1,"AB",2
74497,1,1,"AB",2
74497,2,1,"AB",2
74499,1,1,"AB",2
74501,1,1,"AB",2
74501,2,1,"AB",2
74501,3,1,"AB",2
74502,1,1,"AN",50
74505,1,1,"AB",2
74505,2,1,"AB",2
74505,3,1,"AB",2
74505,4,1,"AB",2
74509,1,1,"AA",1
74513,1,1,"AP",52
74514,1,1,"AB",2
74514,2,1,"AB",2
74516,1,1,"AT1",66
74520,1,1,"AA",1
74521,1,1,"AP",52
74522,1,1,"AT",56
74524,1,1,"AP",52
74524,2,1,"AP",52
74529,1,1,"AP",52
74531,1,1,"AO",51
74532,1,1,"AB",2
74532,2,1,"AB",2
74532,3,1,"AB",2
74532,4,1,"AB",2
74534,1,1,"AP",52
74538,2,1,"AB",2
74540,1,1,"AB",2
74540,2,1,"AB",2
74543,1,1,"AN",50
74549,1,1,"AP",52
74549,2,1,"AP",52
74550,1,1,"AB",2
74550,2,1,"AB",2
74553,1,1,"AA",1
74554,1,1,"AB",2
74554,2,1,"AB",2
74556,2,1,"AB",2
74556,3,1,"AB",2
74557,1,1,"AB",2
74557,2,1,"AB",2
74558,1,1,"AB",2
74558,2,1,"AB",2
74559,1,1,"AB2",20
74559,2,1,"AB2",20
74559,3,1,"AB2",20
74566,1,1,"AB",2
74569,1,1,"AB",2
74569,2,1,"AB",2
74569,3,1,"AB",2
74578,1,1,"AB",2
74580,1,1,"AT",56
74582,1,1,"AB",2
74582,2,1,"AB",2
74582,3,1,"AB",2
74584,1,1,"AB",2
74584,2,1,"AB",2
74587,1,1,"AB",2
74587,2,1,"AB",2
74587,3,1,"AB",2
74591,1,1,"AB",2
74591,2,1,"AB",2
74591,3,1,"AB",2
74591,4,1,"AB",2
74593,1,1,"AP",52
74597,1,1,"AB",2
74597,3,1,"AB",2
74602,1,1,"AA",1
74603,1,1,"AA",1
74610,1,1,"AA",1
74617,1,1,"AP",52
74621,1,1,"AB",2
74621,2,1,"AB",2
74623,1,1,"AA",1
74625,1,1,"AB",2
74626,1,1,"AP",52
74626,2,1,"AP",52
74631,1,1,"AB",2
74642,1,1,"AB",2
74642,2,1,"AB",2
74644,1,1,"AB",2
74644,2,1,"AB",2
74649,1,1,"AB",2
74650,1,1,"AB",2
74653,1,1,"AA",1
74655,1,1,"AB",2
74655,2,1,"AB",2
74656,1,1,"AP",52
74664,1,1,"AA",1
74673,1,1,"AB",2
74673,2,1,"AB",2
74680,1,1,"AB",2
74680,2,1,"AB",2
74681,1,1,"AB",2
74681,2,1,"AB",2
74681,3,1,"AB",2
74681,4,1,"AB",2
74686,1,1,"AB",2
74686,2,1,"AB",2
74686,3,1,"AB",2
74686,4,1,"AB",2
74688,1,1,"AP",52
74688,2,1,"AP",52
74694,1,1,"AB",2
74694,2,1,"AB",2
74694,3,1,"AB",2
74700,1,1,"AB",2
74700,2,1,"AB",2
74700,3,1,"AB",2
74701,1,1,"AB",2
74703,1,1,"AA",1
74706,1,1,"AT",56
74721,1,1,"AA",1
74722,1,1,"AB",2
74722,2,1,"AB",2
74726,1,1,"AB1",3
74726,2,1,"AB1",3
74728,1,1,"AP",52
74732,1,1,"AB",2
74732,2,1,"AB",2
74735,1,1,"AP",52
74736,1,1,"AB",2
74738,1,1,"AB",2
74739,1,1,"AB",2
74746,1,1,"AT",56
74747,1,1,"AT1",66
74749,1,1,"AA",1
74752,1,1,"AB3",30
74752,2,1,"AB3",30
74752,3,1,"AB3",30
74752,4,1,"AB3",30
74754,1,1,"AB",2
74757,1,1,"AA",1
74759,1,1,"AA",1
74761,1,1,"AB",2
74769,1,1,"AB",2
74769,2,1,"AB",2
74776,1,1,"AT1",66
74777,1,1,"AP",52
74778,1,1,"AT",56
74779,1,1,"AT",56
74780,1,1,"AT",56
74787,1,1,"AB",2
74787,2,1,"AB",2
74787,3,1,"AB",2
74792,1,1,"AB",2
74792,2,1,"AB",2
74792,3,1,"AB",2
74796,1,1,"AB",2
74796,2,1,"AB",2
74799,1,1,"AT",56
74802,1,1,"AP",52
74802,2,1,"AP",52
74803,1,1,"AB1",3
74803,2,1,"AB1",3
74805,1,1,"AB",2
74806,1,1,"AB",2
74811,1,1,"AO",51
74815,1,1,"AP",52
74818,1,1,"AB",2
74818,2,1,"AB",2
74821,1,1,"AB",2
74823,1,1,"AB",2
74823,2,1,"AB",2
74823,3,1,"AB",2
74823,4,1,"AB",2
74826,1,1,"AB",2
74826,2,1,"AB",2
74830,1,1,"AB",2
74833,1,1,"AB",2
74850,1,1,"AT",56
74862,1,1,"AB",2
74862,2,1,"AB",2
74862,3,1,"AB",2
74866,1,1,"AB",2
74868,1,1,"AA",1
74869,1,1,"AB",2
74869,2,1,"AB",2
74869,3,1,"AB",2
74871,1,1,"AB",2
74880,1,1,"AN",50
74889,1,1,"AB",2
74890,1,1,"AB",2
74890,2,1,"AB",2
74890,3,1,"AB",2
74890,4,1,"AB",2
74891,1,1,"AB",2
74891,2,1,"AB",2
74893,1,1,"AO",51
74893,2,1,"AO",51
74900,1,1,"AP",52
74901,1,1,"AP",52
74903,1,1,"AB",2
74903,2,1,"AB",2
74904,1,1,"AB",2
74905,1,1,"AB",2
74909,1,1,"AB",2
74910,3,1,"BC",130
74912,1,1,"AB",2
74918,1,1,"AB",2
74921,1,1,"AB",2
74921,2,1,"AB",2
74928,1,1,"AB",2
74928,2,1,"AB",2
74930,1,1,"AP",52
74935,1,1,"AB",2
74939,1,1,"AP",52
74941,1,1,"AP",52
74943,1,1,"AB2",20
74943,2,1,"AB2",20
74943,3,1,"AB2",20
74946,1,1,"AB",2
74946,2,1,"AB",2
74947,1,1,"AB",2
74947,2,1,"AB",2
74947,3,1,"AB",2
74949,1,1,"AB",2
74949,2,1,"AB",2
74949,4,1,"AB",2
74951,1,1,"AB",2
74953,1,1,"AB",2
74953,2,1,"AB",2
74953,3,1,"AB",2
74956,1,1,"AP",52
74958,1,1,"AB",2
74958,2,1,"AB",2
74958,3,1,"AB",2
74962,1,1,"AB",2
74964,1,1,"AB",2
74964,2,1,"AB",2
74964,3,1,"AB",2
74967,1,1,"AB",2
74978,1,1,"AB",2
74979,1,1,"AB",2
74979,2,1,"AB",2
74979,3,1,"AB",2
74983,1,1,"AP",52
74984,1,1,"AB3",30
74984,2,1,"AB3",30
74984,3,1,"AB3",30
74984,4,1,"AB3",30
74993,1,1,"AP",52
74993,2,1,"AP",52
75006,1,1,"AT",56
75008,1,1,"AB",2
75009,1,1,"AB",2
75009,2,1,"AB",2
75022,1,1,"AB",2
75022,2,1,"AB",2
75022,3,1,"AB",2
75022,4,1,"AB",2
75025,1,1,"AP",52
75027,1,1,"AB",2
75028,1,1,"AB",2
75034,1,1,"AB",2
75036,1,1,"AP",52
75037,1,1,"AB",2
75037,2,1,"AB",2
75042,1,1,"AB",2
75045,1,1,"AP",52
75045,2,1,"AP",52
75046,1,1,"AP",52
75047,1,1,"AB",2
75047,2,1,"AB",2
75049,1,1,"AB1",3
75049,2,1,"AB1",3
75049,3,1,"AB",2
75050,1,1,"AN",50
75051,1,1,"AA",1
75052,1,1,"AB",2
75057,1,1,"AB",2
75058,1,1,"AB",2
75058,2,1,"AB",2
75060,1,1,"AA",1
75072,1,1,"AB",2
75072,3,1,"AB",2
75074,1,1,"AB",2
75074,2,1,"AB",2
75078,1,1,"AB",2
75078,2,1,"AB",2
75079,1,1,"AB",2
75082,1,1,"AA",1
75086,1,1,"AP",52
75089,1,1,"AB",2
75090,1,1,"AB",2
75091,1,1,"AB",2
75091,2,1,"AB",2
75095,1,1,"AB",2
75095,2,1,"AB",2
75099,1,1,"AA",1
75102,1,1,"AB",2
75109,1,1,"AB",2
75109,2,1,"AB",2
75113,1,1,"AB",2
75113,2,1,"AB",2
75113,3,1,"AB",2
75116,1,1,"AB3",30
75116,2,1,"AB3",30
75116,3,1,"AB3",30
75116,4,1,"AB3",30
75124,1,1,"AB2",20
75124,2,1,"AB2",20
75124,3,1,"AB2",20
75126,1,1,"AB",2
75126,2,1,"AB",2
75128,1,1,"AB1",3
75133,1,1,"AB",2
75133,2,1,"AB",2
75133,3,1,"AB",2
75135,1,1,"AB",2
75135,2,1,"AB",2
75136,1,1,"AP",52
75137,1,1,"AA",1
75138,1,1,"AB",2
75138,2,1,"AB",2
75138,3,1,"AB",2
75140,1,1,"AB",2
75140,2,1,"AB",2
75140,3,1,"AB",2
75140,4,1,"AB",2
75143,1,1,"AB",2
75147,1,1,"AB",2
75149,1,1,"AB",2
75150,1,1,"AB",2
75150,2,1,"AB",2
75150,3,1,"AB",2
75151,1,1,"AP",52
75154,1,1,"AP",52
75154,2,1,"AP",52
75155,1,1,"AB",2
75155,2,1,"AB",2
75155,3,1,"AB",2
75160,1,1,"AP",52
75163,1,1,"AT1",66
75164,1,1,"AP",52
75164,2,1,"AP",52
75165,1,1,"AB",2
75165,2,1,"AB",2
75172,1,1,"AB",2
75178,1,1,"AB",2
75178,2,1,"AB",2
75178,3,1,"AB",2
75178,4,1,"AB",2
75180,1,1,"AB",2
75180,2,1,"AB",2
75182,1,1,"AB2",20
75182,2,1,"AB2",20
75182,3,1,"AB2",20
75182,4,1,"AB",2
75182,5,1,"AB",2
75182,6,1,"AB2",20
75183,1,1,"AA",1
75184,1,1,"AP",52
75185,1,1,"AB",2
75185,2,1,"AB",2
75185,3,1,"AB",2
75189,1,1,"AB",2
75189,2,1,"AB",2
75190,1,1,"AP",52
75191,1,1,"AB",2
75196,1,1,"AP",52
75201,1,1,"AB",2
75201,2,1,"AB",2
75203,1,1,"AB",2
75203,2,1,"AB",2
75205,1,1,"AT",56
75208,1,1,"AB",2
75208,2,1,"AB",2
75213,1,1,"AB",2
75215,1,1,"AB",2
75215,2,1,"AB",2
75215,3,1,"AB",2
75219,1,1,"AB",2
75221,1,1,"AP",52
75224,1,1,"AT",56
75225,1,1,"AN",50
75227,1,1,"AB",2
75227,2,1,"AB",2
75229,1,1,"AB",2
75231,1,1,"AB",2
75233,1,1,"AB2",20
75239,1,1,"AP",52
75240,1,1,"AP",52
75241,1,1,"AP",52
75243,1,1,"AP",52
75243,2,1,"AP",52
75245,1,1,"AB1",3
75245,2,1,"AB1",3
75245,3,1,"AB",2
75247,1,1,"AP",52
75247,2,1,"AP",52
75252,1,1,"AB",2
75252,2,1,"AB",2
75252,3,1,"AB",2
75252,4,1,"AB",2
75256,2,1,"AB",2
75259,1,1,"AP",52
75259,2,1,"AP",52
75264,1,1,"AB",2
75265,1,1,"AB1",3
75269,1,1,"AB1",3
75269,2,1,"AB1",3
75271,1,1,"AN",50
75273,1,1,"AB",2
75274,1,1,"AB",2
75276,1,1,"AB",2
75279,1,1,"AB",2
75280,1,1,"AB",2
75280,2,1,"AB",2
75281,2,1,"AB",2
75281,3,1,"AB",2
75282,1,1,"AT",56
75284,1,1,"AB",2
75288,2,1,"AB",2
75289,1,1,"AB2",20
75289,2,1,"AB2",20
75290,1,1,"AP",52
75290,3,1,"AP",52
75293,1,1,"AP",52
75293,2,1,"AP",52
75295,1,1,"AB",2
75295,2,1,"AB",2
75295,3,1,"AB",2
75295,4,1,"AB",2
75295,5,1,"AB",2
75298,1,1,"AB",2
75300,1,1,"AB",2
75300,2,1,"AB",2
75300,3,1,"AB",2
75303,1,1,"AP",52
75305,1,1,"AO",51
75311,1,1,"AB",2
75311,2,1,"AB",2
75315,1,1,"AB",2
75315,2,1,"AB",2
75317,1,1,"AB",2
75317,2,1,"AB",2
75317,3,1,"AB",2
75317,4,1,"AB",2
75319,1,1,"AB",2
75321,1,1,"AB",2
75323,1,1,"AT",56
75324,1,1,"AP",52
75324,2,1,"AP",52
75325,1,1,"AB2",20
75331,1,1,"AB",2
75337,1,1,"AB",2
75337,2,1,"AB",2
75338,1,1,"AB1",3
75339,1,1,"AB",2
75340,1,1,"AB",2
75346,1,1,"AN",50
75347,1,1,"AB",2
75347,2,1,"AB",2
75347,3,1,"AB",2
75350,1,1,"AB",2
75350,2,1,"AB",2
75350,3,1,"AB",2
75352,1,1,"AB",2
75356,1,1,"AB",2
75356,2,1,"AB",2
75356,3,1,"AB",2
75356,4,1,"AB",2
75360,1,1,"AB",2
75360,2,1,"AB",2
75360,3,1,"AB",2
75361,1,1,"AB",2
75363,1,1,"AT",56
75366,1,1,"AB1",3
75366,2,1,"AB1",3
75366,3,1,"AB1",3
75366,4,1,"AB1",3
75368,1,1,"AB",2
75371,2,1,"AP",52
75373,1,1,"AB",2
75374,1,1,"AB",2
75379,1,1,"AA",1
75382,1,1,"AB",2
75382,2,1,"AB",2
75383,1,1,"AP",52
75386,1,1,"AT",56
75387,1,1,"AP",52
75389,1,1,"AB",2
75389,2,1,"AB",2
75389,3,1,"AB",2
75391,1,1,"AT",56
75393,1,1,"AO",51
75393,2,1,"AO",51
75395,1,1,"AB",2
75395,2,1,"AB",2
75395,3,1,"AB",2
75401,1,1,"AB4",40
75401,2,1,"AB4",40
75401,3,1,"AB4",40
75401,4,1,"AB4",40
75401,5,1,"AB4",40
75405,1,1,"AP",52
75407,1,1,"AB",2
75410,1,1,"AB",2
75410,2,1,"AB",2
75410,3,1,"AB",2
75416,1,1,"AB",2
75416,2,1,"AB",2
75416,3,1,"AB",2
75417,1,1,"AB",2
75417,2,1,"AB",2
75417,4,1,"AB",2
75417,5,1,"AB",2
75419,1,1,"AB",2
75419,2,1,"AB",2
75421,1,1,"AP",52
75421,2,1,"AP",52
75423,1,1,"AB",2
75423,2,1,"AB",2
75423,3,1,"AB",2
75424,1,1,"AB",2
75424,2,1,"AB",2
75429,1,1,"AB1",3
75429,2,1,"AB1",3
75429,3,1,"AB1",3
75429,4,1,"AB1",3
75430,1,1,"AB2",20
75431,1,1,"AP",52
75432,1,1,"AB",2
75432,2,1,"AB",2
75432,3,1,"AB",2
75432,4,1,"AB",2
75435,1,1,"AB",2
75435,2,1,"AB",2
75435,3,1,"AB",2
75440,1,1,"AO",51
75440,2,1,"AO",51
75442,1,1,"AB",2
75442,2,1,"AB",2
75442,3,1,"AB",2
75451,1,1,"AB",2
75451,2,1,"AB",2
75451,3,1,"AB",2
75452,1,1,"AB1",3
75452,2,1,"AB1",3
75452,3,1,"AB",2
75458,1,1,"AP",52
75459,1,1,"AB",2
75459,2,1,"AB",2
75463,1,1,"AB",2
75464,1,1,"AB1",3
75464,2,1,"AB1",3
75465,1,1,"AB1",3
75465,2,1,"AB1",3
75465,3,1,"AB",2
75467,2,1,"AB",2
75471,1,1,"AP",52
75476,1,1,"AT",56
75478,2,1,"AB",2
75479,1,1,"AB",2
75479,2,1,"AB",2
75479,3,1,"AB",2
75479,4,1,"AB",2
75480,1,1,"AB",2
75480,2,1,"AB",2
75480,3,1,"AB",2
75480,4,1,"AB",2
75483,1,1,"AB",2
75483,2,1,"AB",2
75483,3,1,"AB",2
75483,4,1,"AB",2
75486,1,1,"AP",52
75488,1,1,"AP",52
75491,1,1,"AB",2
75491,2,1,"AB",2
75492,1,1,"AB",2
75493,1,1,"AP",52
75494,1,1,"AP",52
75494,2,1,"AP",52
75496,1,1,"AB",2
75496,2,1,"AB",2
75498,1,1,"AB",2
75498,2,1,"AB",2
75498,3,1,"AB",2
75498,4,1,"AB",2
75499,1,1,"AB",2
75500,1,1,"AB1",3
75500,2,1,"AB1",3
75500,3,1,"AB1",3
75500,4,1,"AB1",3
75502,1,1,"AB",2
75503,1,1,"AT",56
75504,1,1,"AB",2
75504,2,1,"AB",2
75504,3,1,"AB",2
75504,4,1,"AB",2
75506,1,1,"AA",1
75508,1,1,"BX",151
75509,1,1,"AB",2
75509,2,1,"AB",2
75509,3,1,"AB",2
75509,4,1,"AB",2
75511,1,1,"AB",2
75511,2,1,"AB",2
75514,1,1,"AA",1
75517,1,1,"AB",2
75520,1,1,"AB",2
75520,2,1,"AB",2
75520,3,1,"AB",2
75520,4,1,"AB",2
75522,1,1,"AB",2
75522,2,1,"AB",2
75523,1,1,"AB",2
75526,1,1,"AB",2
75529,1,1,"AB",2
75530,1,1,"AP",52
75536,1,1,"AB",2
75536,2,1,"AB",2
75536,3,1,"AB",2
75536,4,1,"AB",2
75541,1,1,"AB",2
75541,2,1,"AB",2
75546,1,1,"AT",56
75547,1,1,"AP",52
75548,1,1,"AB",2
75548,2,1,"AB",2
75549,1,1,"AP",52
75549,2,1,"AP",52
75551,1,1,"AB",2
75551,2,1,"AB",2
75551,3,1,"AB",2
75552,1,1,"AB",2
75553,1,1,"AB",2
75562,1,1,"AN",50
75563,1,1,"AB1",3
75563,2,1,"AB1",3
75563,3,1,"AB1",3
75563,4,1,"AB1",3
75567,1,1,"AP",52
75568,1,1,"AB",2
75570,1,1,"AB",2
75575,1,1,"AB",2
75576,1,1,"AB",2
75576,2,1,"AB",2
75576,3,1,"AB",2
75578,1,1,"AP",52
75579,1,1,"AB",2
75579,2,1,"AB",2
75579,3,1,"AB",2
75580,1,1,"AB",2
75580,2,1,"AB",2
75580,3,1,"AB",2
75580,4,1,"AB",2
75581,1,1,"AB",2
75584,1,1,"AB",2
75584,2,1,"AB",2
75589,1,1,"AB",2
75592,1,1,"AB",2
75593,1,1,"AB",2
75593,2,1,"AB",2
75593,3,1,"AB",2
75593,4,1,"AB",2
75597,1,1,"AB",2
75600,1,1,"AT",56
75604,1,1,"AB1",3
75604,2,1,"AB1",3
75606,1,1,"AA",1
75611,1,1,"AB",2
75611,2,1,"AB",2
75614,1,1,"AB",2
75614,2,1,"AB",2
75614,3,1,"AB",2
75614,4,1,"AB",2
75616,1,1,"AB",2
75616,2,1,"AB",2
75622,1,1,"AP",52
75624,1,1,"AB",2
75624,2,1,"AB",2
75629,1,1,"AB",2
75629,2,1,"AB",2
75630,1,1,"AT",56
75633,1,1,"AB2",20
75634,1,1,"AP",52
75636,1,1,"AB",2
75636,2,1,"AB",2
75636,3,1,"AB",2
75638,1,1,"AB",2
75640,1,1,"AB",2
75643,1,1,"AB",2
75643,2,1,"AB",2
75644,1,1,"AB",2
75644,2,1,"AB",2
75647,1,1,"AB",2
75647,2,1,"AB",2
75651,1,1,"AP",52
75657,1,1,"AB",2
75657,2,1,"AB",2
75657,3,1,"AB",2
75657,4,1,"AB",2
75658,1,1,"AB1",3
75658,2,1,"AB1",3
75659,1,1,"AB1",3
75660,1,1,"AP",52
75660,2,1,"AP",52
75660,3,1,"AP",52
75664,1,1,"AN",50
75665,1,1,"AB",2
75665,2,1,"AB",2
75665,3,1,"AB",2
75666,1,1,"AB",2
75668,1,1,"AB",2
75668,2,1,"AB",2
75671,1,1,"AB",2
75673,1,1,"AB",2
75677,1,1,"AB",2
75681,1,1,"AB",2
75682,1,1,"AB",2
75682,2,1,"AB",2
75682,3,1,"AB",2
75684,1,1,"AP",52
75687,1,1,"AB",2
75689,1,1,"AP",52
75693,1,1,"AN",50
75694,1,1,"AB",2
75694,2,1,"AB",2
75704,1,1,"AB",2
75704,2,1,"AB",2
75709,1,1,"AP",52
75710,1,1,"AB",2
75710,2,1,"AB",2
75710,3,1,"AB",2
75710,4,1,"AB",2
75710,5,1,"AB",2
75712,1,1,"AB",2
75713,1,1,"AB",2
75713,2,1,"AB",2
75713,3,1,"AB",2
75713,4,1,"AB",2
75714,1,1,"AB",2
75718,1,1,"AB",2
75718,2,1,"AB",2
75720,1,1,"AT",56
75727,1,1,"AB",2
75727,2,1,"AB",2
75731,1,1,"AB",2
75731,2,1,"AB",2
75731,3,1,"AB",2
75735,1,1,"AB",2
75739,1,1,"AP",52
75742,1,1,"AB",2
75742,2,1,"AB",2
75743,1,1,"AB",2
75743,2,1,"AB",2
75743,3,1,"AB",2
75743,4,1,"AB",2
75743,5,1,"AB",2
75743,6,1,"AB",2
75749,1,1,"AP",52
75750,1,1,"AB",2
75750,2,1,"AB",2
75750,3,1,"AB",2
75750,4,1,"AB",2
75751,1,1,"AB",2
75752,1,1,"AB",2
75752,2,1,"AB",2
75752,3,1,"AB",2
75752,4,1,"AB",2
75752,5,1,"AB",2
75752,6,1,"AB",2
75753,1,1,"AB",2
75753,2,1,"AB",2
75753,3,1,"AB",2
75755,1,1,"AB",2
75755,2,1,"AB",2
75757,1,1,"AB",2
75757,2,1,"AB",2
75759,1,1,"AB",2
75761,1,1,"AP",52
75764,1,1,"AP",52
75765,1,1,"AB",2
75765,2,1,"AB",2
75768,1,1,"AB",2
75768,2,1,"AB",2
75768,3,1,"AB",2
75773,1,1,"AP",52
75773,2,1,"AP",52
75774,1,1,"AB",2
75776,1,1,"AB",2
75776,2,1,"AB",2
75776,3,1,"AB",2
75780,1,1,"AB",2
75782,1,1,"AA",1
75784,1,1,"AP",52
75784,2,1,"AP",52
75785,1,1,"AB",2
75785,2,1,"AB",2
75785,3,1,"AB",2
75786,1,1,"AB",2
75786,2,1,"AB",2
75788,1,1,"AB",2
75788,2,1,"AB",2
75792,1,1,"AP",52
75795,1,1,"AB",2
75795,2,1,"AB",2
75796,1,1,"AB1",3
75797,1,1,"AB",2
75797,2,1,"AB",2
75798,1,1,"AB",2
75798,2,1,"AB",2
75803,2,1,"AB2",20
75804,1,1,"AB",2
75805,1,1,"AB",2
75805,2,1,"AB",2
75806,1,1,"AB",2
75806,2,1,"AB",2
75808,1,1,"AB",2
75809,2,1,"AB",2
75811,1,1,"AP",52
75812,1,1,"AP",52
75812,2,1,"AP",52
75813,1,1,"AP",52
75817,3,1,"AB",2
75819,1,1,"AA",1
75820,1,1,"AB",2
75824,1,1,"AB",2
75825,1,1,"AP",52
75826,1,1,"AP",52
75828,1,1,"AB",2
75828,2,1,"AB",2
75828,3,1,"AB",2
75831,1,1,"AB",2
75831,2,1,"AB",2
75834,1,1,"AP",52
75834,2,1,"AP",52
75837,1,1,"AP",52
75840,1,1,"AB",2
75840,2,1,"AB",2
75841,1,1,"AP",52
75841,2,1,"AP",52
75841,3,1,"AP",52
75844,1,1,"AB",2
75845,1,1,"AB",2
75846,1,1,"AB",2
75849,1,1,"AB",2
75855,1,1,"AB",2
75856,1,1,"AP",52
75856,2,1,"AP",52
75857,1,1,"AP",52
75857,2,1,"AP",52
75858,1,1,"AP",52
75860,1,1,"AB",2
75861,1,1,"AP",52
75863,1,1,"AB",2
75866,2,1,"AB",2
75868,1,1,"AB",2
75868,2,1,"AB",2
75868,3,1,"AB",2
75872,1,1,"AB",2
75873,1,1,"AA",1
75876,1,1,"AB",2
75876,2,1,"AB",2
75876,3,1,"AB",2
75877,1,1,"AB",2
75877,2,1,"AB",2
75882,1,1,"AB",2
75882,2,1,"AB",2
75882,3,1,"AB",2
75883,1,1,"AB",2
75885,1,1,"AP",52
75885,2,1,"AP",52
75888,1,1,"AB",2
75888,2,1,"AB",2
75888,3,1,"AB",2
75889,1,1,"AB",2
75889,2,1,"AB",2
75889,3,1,"AB",2
75890,1,1,"AB",2
75890,2,1,"AB",2
75890,3,1,"AB",2
75893,1,1,"AB",2
75893,2,1,"AB",2
75893,3,1,"AB",2
75895,1,1,"AN",50
75896,1,1,"AB",2
75896,2,1,"AB",2
75896,3,1,"AB",2
75897,1,1,"AB",2
75897,2,1,"AB",2
75897,3,1,"AB",2
75902,1,1,"AB",2
75902,2,1,"AB",2
75902,3,1,"AB",2
75906,1,1,"AO",51
75907,1,1,"AB",2
75909,1,1,"AB",2
75909,2,1,"AB",2
75913,1,1,"AB1",3
75913,2,1,"AB1",3
75914,1,1,"AB2",20
75918,1,1,"AO",51
75919,1,1,"AB",2
75920,1,1,"AA",1
75927,1,1,"AB",2
75927,2,1,"AB",2
75927,3,1,"AB",2
75929,1,1,"AB",2
75932,1,1,"AB1",3
75932,2,1,"AB1",3
75932,3,1,"AB1",3
75936,1,1,"AP",52
75938,1,1,"AB",2
75938,2,1,"AB",2
75938,3,1,"AB",2
75940,1,1,"AP",52
75941,1,1,"AP",52
75944,1,1,"AB",2
75944,2,1,"AB",2
75944,3,1,"AB",2
75944,4,1,"AB",2
75944,5,1,"AB",2
75944,6,1,"AB",2
75945,1,1,"AB",2
75945,2,1,"AB",2
75945,3,1,"AB",2
75948,1,1,"AB",2
75951,1,1,"AB",2
75953,1,1,"BX",151
75955,1,1,"AP",52
75957,1,1,"AP",52
75957,2,1,"AP",52
75957,3,1,"AP",52
75958,1,1,"AA",1
75959,1,1,"AP",52
75959,2,1,"AP",52
75964,1,1,"AB",2
75965,1,1,"AB",2
75965,2,1,"AB",2
75965,3,1,"AB",2
75967,1,1,"AB",2
75967,2,1,"AB",2
75967,3,1,"AB",2
75972,1,1,"AB",2
75972,2,1,"AB",2
75972,3,1,"AB",2
75973,1,1,"AB",2
75973,2,1,"AB",2
75973,3,1,"AB",2
75976,1,1,"AB",2
75976,2,1,"AB",2
75976,3,1,"AB",2
75977,1,1,"AB",2
75978,1,1,"AB",2
75978,2,1,"AB",2
75978,3,1,"AB",2
75981,1,1,"AB",2
75982,1,1,"AB",2
75983,1,1,"AB",2
75984,1,1,"AB",2
75984,2,1,"AB",2
75984,3,1,"AB",2
75986,1,1,"AB",2
75987,1,1,"AB",2
75988,1,1,"AA",1
75991,1,1,"AB",2
75991,2,1,"AB",2
75991,3,1,"AB",2
75992,1,1,"AP",52
75993,1,1,"AA",1
75994,1,1,"AB",2
75994,2,1,"AB",2
75994,3,1,"AB",2
75994,4,1,"AB",2
75994,5,1,"AB",2
75994,6,1,"AB",2
75997,1,1,"AB",2
75998,1,1,"AB",2
75998,2,1,"AB",2
75998,3,1,"AB",2
76000,1,1,"AB",2
76000,2,1,"AB",2
76000,3,1,"AB",2
76000,4,1,"AB",2
76000,5,1,"AB",2
76001,1,1,"AB1",3
76001,2,1,"AB1",3
76002,1,1,"AB",2
76003,1,1,"AB",2
76004,1,1,"AB",2
76004,2,1,"AB",2
76005,1,1,"AB",2
76006,1,1,"AB",2
76006,2,1,"AB",2
76007,1,1,"AB",2
76007,2,1,"AB",2
76007,3,1,"AB",2
76008,1,1,"AB",2
76008,2,1,"AB",2
76008,3,1,"AB",2
76008,4,1,"AB",2
76008,5,1,"AB",2
76009,1,1,"AB",2
76009,2,1,"AB",2
76013,1,1,"AP",52
76015,1,1,"AA",1
76017,1,1,"AB",2
76017,2,1,"AB",2
76017,3,1,"AB",2
76017,4,1,"AB",2
76017,5,1,"AB",2
76019,1,1,"AP",52
76019,2,1,"AP",52
76023,1,1,"AB",2
76025,1,1,"AB",2
76028,1,1,"AP",52
76033,1,1,"AB",2
76033,2,1,"AB",2
76033,3,1,"AB",2
76035,1,1,"AP",52
76038,1,1,"AB",2
76038,2,1,"AB",2
76038,3,1,"AB",2
76043,1,1,"AB",2
76048,1,1,"AB",2
76048,2,1,"AB",2
76048,3,1,"AB",2
76052,1,1,"AB",2
76052,2,1,"AB",2
76052,3,1,"AB",2
76052,4,1,"AB",2
76052,5,1,"AB",2
76056,1,1,"AB",2
76056,2,1,"AB",2
76056,3,1,"AB",2
76057,1,1,"AB",2
76059,1,1,"AB",2
76059,2,1,"AB",2
76059,3,1,"AB",2
76059,4,1,"AB",2
76059,5,1,"AB",2
76059,6,1,"AB",2
76063,1,1,"AB",2
76063,2,1,"AB",2
76063,3,1,"AB",2
76063,4,1,"AB",2
76063,5,1,"AB",2
76063,6,1,"AB",2
76064,1,1,"AB",2
76065,1,1,"AB",2
76067,1,1,"AB",2
76068,1,1,"AP",52
76068,2,1,"AP",52
76070,1,1,"AB1",3
76071,1,1,"AB",2
76071,2,1,"AB",2
76071,3,1,"AB",2
76071,4,1,"AB",2
76071,5,1,"AB",2
76071,6,1,"AB",2
76075,1,1,"AB",2
76077,1,1,"AB",2
76077,2,1,"AB",2
76077,3,1,"AB",2
76077,4,1,"AB",2
76078,1,1,"AP",52
76078,2,1,"AP",52
76081,1,1,"AB",2
76087,1,1,"AP",52
76087,3,1,"AP",52
76089,2,1,"AB",2
76089,3,1,"AB",2
76089,4,1,"AB",2
76092,1,1,"AP",52
76092,2,1,"AP",52
76092,3,1,"AP",52
76093,3,1,"AB",2
76095,1,1,"AB",2
76095,2,1,"AB",2
76096,1,1,"AB",2
76100,1,1,"AB",2
76102,1,1,"AB",2
76102,2,1,"AB",2
76102,3,1,"AB",2
76102,4,1,"AB",2
76102,5,1,"AB",2
76102,6,1,"AB",2
76103,1,1,"AB",2
76104,1,1,"AB",2
76105,1,1,"AB",2
76109,1,1,"AT",56
76110,1,1,"AB",2
76110,2,1,"AB",2
76110,3,1,"AB",2
76110,4,1,"AB",2
76112,1,1,"AB",2
76112,2,1,"AB",2
76112,3,1,"AB",2
76113,1,1,"AB",2
76113,2,1,"AB",2
76113,3,1,"AB",2
76118,1,1,"AB",2
76118,2,1,"AB",2
76118,3,1,"AB",2
76118,4,1,"AB",2
76119,1,1,"AB",2
76119,2,1,"AB",2
76119,3,1,"AB",2
76122,1,1,"AB",2
76122,2,1,"AB",2
76122,3,1,"AB",2
76124,1,1,"AA",1
76126,2,1,"AB",2
76126,3,1,"AB",2
76126,4,1,"AB",2
76128,1,1,"AT",56
76130,2,1,"AB",2
76131,1,1,"AP",52
76132,1,1,"AB",2
76133,1,1,"AB",2
76133,2,1,"AB",2
76135,1,1,"AB",2
76135,2,1,"AB",2
76135,3,1,"AB",2
76137,1,1,"AB",2
76137,2,1,"AB",2
76137,3,1,"AB",2
76139,1,1,"AB",2
76139,2,1,"AB",2
76139,3,1,"AB",2
76140,1,1,"AB1",3
76140,2,1,"AB1",3
76140,3,1,"AB1",3
76140,4,1,"AB1",3
76141,1,1,"AB",2
76143,1,1,"AB",2
76143,2,1,"AB",2
76145,1,1,"AP",52
76145,2,1,"AP",52
76150,1,1,"AP",52
76152,1,1,"AB",2
76153,1,1,"AP",52
76153,2,1,"AP",52
76157,1,1,"AB",2
76157,2,1,"AB",2
76157,3,1,"AB",2
76159,1,1,"AB",2
76159,2,1,"AB",2
76161,1,1,"AB",2
76161,2,1,"AB",2
76161,3,1,"AB",2
76161,4,1,"AB",2
76164,1,1,"AB",2
76164,2,1,"AB",2
76164,3,1,"AB",2
76166,1,1,"AB",2
76166,2,1,"AB",2
76166,3,1,"AB",2
76171,1,1,"AB",2
76172,1,1,"AB1",3
76173,1,1,"AB",2
76174,1,1,"AB",2
76174,2,1,"AB",2
76174,3,1,"AB",2
76177,1,1,"AB1",3
76178,1,1,"AB",2
76178,2,1,"AB",2
76180,1,1,"AB",2
76180,2,1,"AB",2
76180,3,1,"AB",2
76182,1,1,"AB",2
76182,2,1,"AB",2
76182,3,1,"AB",2
76183,1,1,"AB",2
76183,2,1,"AB",2
76183,3,1,"AB",2
76185,1,1,"AT",56
76186,1,1,"AB",2
76187,1,1,"AB1",3
76187,1,1,"AB2",20
76187,1,1,"AB3",30
76187,1,1,"AB4",40
76187,2,1,"AB1",3
76187,2,1,"AB2",20
76187,2,1,"AB3",30
76187,2,1,"AB4",40
76187,3,1,"AB1",3
76187,3,1,"AB2",20
76187,3,1,"AB3",30
76187,3,1,"AB4",40
76187,4,1,"AB1",3
76187,4,1,"AB2",20
76187,4,1,"AB3",30
76187,4,1,"AB4",40
76187,5,1,"AB1",3
76187,5,1,"AB2",20
76187,5,1,"AB3",30
76187,5,1,"AB4",40
76187,6,1,"AB1",3
76187,6,1,"AB2",20
76187,6,1,"AB3",30
76187,6,1,"AB4",40
76187,7,1,"AB1",3
76187,7,1,"AB2",20
76187,7,1,"AB3",30
76187,7,1,"AB4",40
76187,8,1,"AB1",3
76187,8,1,"AB2",20
76187,8,1,"AB3",30
76187,8,1,"AB4",40
76187,9,1,"AB1",3
76187,9,1,"AB2",20
76187,9,1,"AB3",30
76187,9,1,"AB4",40
76187,10,1,"AB1",3
76187,10,1,"AB2",20
76187,10,1,"AB3",30
76187,10,1,"AB4",40
76187,11,1,"AB1",3
76187,11,1,"AB2",20
76187,11,1,"AB3",30
76187,11,1,"AB4",40
76187,12,1,"AB1",3
76187,12,1,"AB2",20
76187,12,1,"AB3",30
76187,12,1,"AB4",40
76191,1,1,"AB",2
76191,2,1,"AB",2
76191,3,1,"AB",2
76192,1,1,"AB",2
76194,1,1,"AB",2
76194,2,1,"AB",2
76194,3,1,"AB",2
76201,1,1,"AB",2
76203,1,1,"AB",2
76204,1,1,"AB",2
76204,2,1,"AB",2
76207,1,1,"AP",52
76207,2,1,"AP",52
76209,1,1,"AP",52
76209,2,1,"AP",52
76211,1,1,"AB",2
76211,2,1,"AB",2
76211,3,1,"AB",2
76211,4,1,"AB",2
76212,1,1,"AB",2
76212,2,1,"AB",2
76214,1,1,"AB2",20
76214,2,1,"AB2",20
76214,3,1,"AB2",20
76215,1,1,"AB",2
76216,1,1,"AB",2
76217,1,1,"AP",52
76219,1,1,"AB",2
76219,2,1,"AB",2
76219,3,1,"AB",2
76221,1,1,"AB",2
76225,1,1,"AB2",20
76226,1,1,"AB",2
76226,2,1,"AB",2
76226,3,1,"AB",2
76226,4,1,"AB",2
76228,1,1,"AB",2
76228,2,1,"AB",2
76228,3,1,"AB",2
76228,4,1,"AB",2
76228,5,1,"AB",2
76228,6,1,"AB",2
76229,1,1,"AB",2
76230,1,1,"AB",2
76230,2,1,"AB",2
76230,3,1,"AB",2
76231,1,1,"AT",56
76237,1,1,"AB",2
76238,1,1,"AB",2
76242,1,1,"AA",1
76243,1,1,"AB",2
76243,2,1,"AB",2
76246,1,1,"AB",2
76246,2,1,"AB",2
76250,1,1,"AB",2
76252,1,1,"AB",2
76252,2,1,"AB",2
76252,3,1,"AB",2
76254,1,1,"AT",56
76255,1,1,"AB",2
76255,2,1,"AB",2
76255,3,1,"AB",2
76255,4,1,"AB",2
76256,1,1,"AP",52
76256,2,1,"AP",52
76257,1,1,"AB1",3
76257,2,1,"AB1",3
76257,3,1,"AB1",3
76258,1,1,"AB",2
76258,2,1,"AB",2
76258,3,1,"AB",2
76258,4,1,"AB",2
76258,5,1,"AB",2
76260,1,1,"AT",56
76262,1,1,"AB",2
76262,2,1,"AB",2
76262,3,1,"AB",2
76263,1,1,"BX",151
76264,2,1,"AB",2
76265,1,1,"AB",2
76265,2,1,"AB",2
76265,3,1,"AB",2
76266,1,1,"AP",52
76268,1,1,"AB",2
76268,2,1,"AB",2
76269,1,1,"AB1",3
76271,2,1,"AP",52
76273,1,1,"AB",2
76274,1,1,"AB",2
76274,2,1,"AB",2
76277,1,1,"AB",2
76278,1,1,"AB",2
76278,2,1,"AB",2
76278,3,1,"AB",2
76280,1,1,"AB",2
76280,2,1,"AB",2
76281,1,1,"AB",2
76281,2,1,"AB",2
76284,1,1,"AB",2
76284,2,1,"AB",2
76286,1,1,"AB",2
76286,2,1,"AB",2
76288,1,1,"AB",2
76288,2,1,"AB",2
76288,3,1,"AB",2
76288,4,1,"AB",2
76288,5,1,"AB",2
76288,6,1,"AB",2
76290,1,1,"AB",2
76291,1,1,"AN",50
76294,1,1,"AB",2
76295,1,1,"AP",52
76300,1,1,"AB",2
76303,1,1,"AP",52
76303,2,1,"AP",52
76304,1,1,"AP",52
76304,2,1,"AP",52
76310,1,1,"AB",2
76311,1,1,"AB",2
76311,2,1,"AB",2
76311,3,1,"AB",2
76311,4,1,"AB",2
76312,1,1,"AB",2
76312,2,1,"AB",2
76312,3,1,"AB",2
76313,1,1,"AP",52
76313,2,1,"AP",52
76313,3,1,"AP",52
76316,1,1,"AP",52
76317,1,1,"AB",2
76317,2,1,"AB",2
76317,3,1,"AB",2
76317,4,1,"AB",2
76320,1,1,"AB",2
76323,1,1,"AP",52
76327,1,1,"AB",2
76327,2,1,"AB",2
76327,3,1,"AB",2
76330,1,1,"AP",52
76330,2,1,"AP",52
76333,1,1,"AB",2
76333,2,1,"AB",2
76333,3,1,"AB",2
76333,4,1,"AB",2
76334,1,1,"AB",2
76335,1,1,"AB",2
76337,1,1,"AB",2
76338,1,1,"AB",2
76341,1,1,"AB",2
76341,2,1,"AB",2
76341,3,1,"AB",2
76341,4,1,"AB",2
76343,1,1,"AB",2
76343,2,1,"AB",2
76343,3,1,"AB",2
76343,4,1,"AB",2
76344,1,1,"AB",2
76344,2,1,"AB",2
76344,3,1,"AB",2
76344,4,1,"AB",2
76345,1,1,"AB",2
76345,2,1,"AB",2
76345,3,1,"AB",2
76346,1,1,"AB",2
76346,2,1,"AB",2
76346,3,1,"AB",2
76346,4,1,"AB",2
76347,1,1,"AB",2
76347,2,1,"AB",2
76349,1,1,"AP",52
76351,1,1,"AB",2
76351,2,1,"AB",2
76351,3,1,"AB",2
76351,4,1,"AB",2
76353,1,1,"AB",2
76353,2,1,"AB",2
76353,3,1,"AB",2
76354,1,1,"AB",2
76354,2,1,"AB",2
76355,1,1,"AN",50
76355,2,1,"AN",50
76356,1,1,"AB",2
76361,1,1,"AB",2
76361,2,1,"AB",2
76361,3,1,"AB",2
76362,1,1,"AB",2
76363,1,1,"AB",2
76363,2,1,"AB",2
76364,1,1,"AT",56
76367,1,1,"AB",2
76368,1,1,"AB1",3
76369,1,1,"AB",2
76373,1,1,"AB",2
76373,2,1,"AB",2
76373,3,1,"AB",2
76373,4,1,"AB",2
76374,1,1,"AB",2
76374,2,1,"AB",2
76374,3,1,"AB",2
76377,1,1,"AB",2
76378,1,1,"AB",2
76378,2,1,"AB",2
76379,1,1,"AA",1
76380,1,1,"AB",2
76381,1,1,"AB",2
76387,1,1,"AB",2
76388,1,1,"AB",2
76388,2,1,"AB",2
76388,3,1,"AB",2
76388,4,1,"AB",2
76390,1,1,"AB",2
76392,1,1,"AB",2
76395,1,1,"AB4",40
76395,2,1,"AB4",40
76395,3,1,"AB4",40
76395,4,1,"AB4",40
76395,5,1,"AB4",40
76396,1,1,"AB",2
76397,1,1,"AB",2
76397,2,1,"AB",2
76397,3,1,"AB",2
76402,1,1,"AB",2
76402,2,1,"AB",2
76402,3,1,"AB",2
76402,4,1,"AB",2
76403,1,1,"AA",1
76404,1,1,"AP",52
76407,1,1,"AT",56
76408,1,1,"AB",2
76410,1,1,"AB",2
76410,2,1,"AB",2
76411,1,1,"AB",2
76412,1,1,"AB",2
76412,2,1,"AB",2
76412,3,1,"AB",2
76416,1,1,"AB",2
76416,2,1,"AB",2
76418,1,1,"AB",2
76418,2,1,"AB",2
76418,3,1,"AB",2
76419,1,1,"AB",2
76420,1,1,"AB",2
76420,2,1,"AB",2
76421,1,1,"AB",2
76421,2,1,"AB",2
76421,3,1,"AB",2
76422,1,1,"AB",2
76430,1,1,"AB",2
76430,2,1,"AB",2
76430,3,1,"AB",2
76430,4,1,"AB",2
76433,1,1,"AB",2
76433,2,1,"AB",2
76434,1,1,"AT",56
76435,1,1,"AB",2
76436,1,1,"AB",2
76437,1,1,"AB",2
76438,1,1,"AB",2
76438,2,1,"AB",2
76439,1,1,"AT",56
76440,1,1,"AA",1
76444,1,1,"AP",52
76447,1,1,"AB",2
76447,2,1,"AB",2
76447,3,1,"AB",2
76449,1,1,"AB",2
76449,2,1,"AB",2
76449,3,1,"AB",2
76451,1,1,"AB",2
76453,1,1,"AB",2
76455,1,1,"AB",2
76461,1,1,"AP",52
76465,1,1,"AB",2
76465,2,1,"AB",2
76465,3,1,"AB",2
76466,1,1,"AB",2
76466,2,1,"AB",2
76467,1,1,"AB",2
76467,2,1,"AB",2
76467,3,1,"AB",2
76468,1,1,"AB",2
76468,2,1,"AB",2
76470,1,1,"AB",2
76470,2,1,"AB",2
76474,1,1,"AP",52
76475,1,1,"AB",2
76477,1,1,"AB",2
76477,2,1,"AB",2
76477,3,1,"AB",2
76477,4,1,"AB",2
76479,1,1,"AB",2
76481,1,1,"AB",2
76483,1,1,"AB",2
76483,2,1,"AB",2
76483,3,1,"AB",2
76485,1,1,"AB",2
76485,2,1,"AB",2
76485,3,1,"AB",2
76485,4,1,"AB",2
76486,1,1,"AB",2
76486,2,1,"AB",2
76491,1,1,"AA",1
76493,1,1,"AB",2
76495,1,1,"AP",52
76498,1,1,"AB2",20
76499,1,1,"AB",2
76500,1,1,"AP",52
76502,1,1,"AB",2
76502,2,1,"AB",2
76502,3,1,"AB",2
76504,1,1,"AB",2
76507,1,1,"AB",2
76507,2,1,"AB",2
76507,3,1,"AB",2
76507,4,1,"AB",2
76508,1,1,"AB",2
76509,1,1,"AB",2
76509,2,1,"AB",2
76510,1,1,"AB",2
76511,1,1,"AB",2
76512,1,1,"AP",52
76514,1,1,"AB",2
76514,2,1,"AB",2
76514,3,1,"AB",2
76515,1,1,"AB",2
76516,1,1,"AB",2
76517,1,1,"AP",52
76517,2,1,"AP",52
76517,3,1,"AP",52
76520,1,1,"AB",2
76520,3,1,"AB",2
76521,1,1,"AB",2
76521,2,1,"AB",2
76522,1,1,"AB",2
76523,1,1,"AB",2
76526,1,1,"AT",56
76526,2,1,"AT",56
76527,1,1,"AT",56
76530,1,1,"AB",2
76530,2,1,"AB",2
76533,1,1,"AB",2
76533,2,1,"AB",2
76534,1,1,"AB",2
76534,2,1,"AB",2
76534,3,1,"AB",2
76534,4,1,"AB",2
76536,1,1,"AB",2
76536,2,1,"AB",2
76536,3,1,"AB",2
76536,4,1,"AB",2
76536,5,1,"AB",2
76536,6,1,"AB",2
76539,1,1,"AP",52
76541,1,1,"AB",2
76541,2,1,"AB",2
76541,3,1,"AB",2
76541,4,1,"AB",2
76543,1,1,"AB",2
76546,1,1,"AB",2
76549,1,1,"AB",2
76549,2,1,"AB",2
76549,4,1,"AB",2
76550,1,1,"AB",2
76550,2,1,"AB",2
76550,3,1,"AB",2
76553,1,1,"AB",2
76554,1,1,"AB",2
76554,2,1,"AB",2
76555,1,1,"AT",56
76558,2,1,"AB",2
76558,3,1,"AB",2
76558,4,1,"AB",2
76560,1,1,"AB",2
76561,1,1,"AB",2
76565,1,1,"AB",2
76565,2,1,"AB",2
76565,3,1,"AB",2
76570,1,1,"AB",2
76571,1,1,"AP",52
76572,1,1,"AB",2
76573,1,1,"AP",52
76574,1,1,"AB",2
76575,1,1,"AB",2
76575,2,1,"AB",2
76577,1,1,"AB",2
76577,2,1,"AB",2
76577,3,1,"AB",2
76578,1,1,"AB",2
76578,2,1,"AB",2
76582,1,1,"AP",52
76583,1,1,"AT",56
76584,1,1,"AB",2
76584,2,1,"AB",2
76586,1,1,"AB2",20
76587,1,1,"AB",2
76588,1,1,"AB",2
76588,2,1,"AB",2
76591,1,1,"AB",2
76592,1,1,"AB",2
76594,1,1,"AB",2
76594,2,1,"AB",2
76598,1,1,"AB",2
76601,1,1,"AA",1
76603,1,1,"AB",2
76604,1,1,"AB",2
76611,1,1,"AP",52
76611,2,1,"AP",52
76611,3,1,"AP",52
76615,1,1,"AT",56
76616,1,1,"AT",56
76618,1,1,"AB",2
76618,2,1,"AB",2
76618,3,1,"AB",2
76618,4,1,"AB",2
76619,1,1,"AP",52
76619,2,1,"AP",52
76622,1,1,"AT",56
76625,1,1,"AB1",3
76629,1,1,"AB",2
76631,1,1,"AB",2
76631,2,1,"AB",2
76631,3,1,"AB",2
76631,4,1,"AB",2
76633,1,1,"AB",2
76635,1,1,"AB",2
76635,3,1,"AB",2
76636,1,1,"AB",2
76636,2,1,"AB",2
76636,3,1,"AB",2
76639,1,1,"AB",2
76639,2,1,"AB",2
76639,3,1,"AB",2
76642,1,1,"AB",2
76642,2,1,"AB",2
76642,3,1,"AB",2
76642,4,1,"AB",2
76644,1,1,"AB",2
76644,2,1,"AB",2
76648,1,1,"AB",2
76649,1,1,"AB",2
76649,2,1,"AB",2
76649,3,1,"AB",2
76649,4,1,"AB",2
76652,1,1,"AA",1
76654,1,1,"AB1",3
76655,1,1,"AB",2
76657,1,1,"AP",52
76657,2,1,"AP",52
76658,1,1,"AB",2
76658,2,1,"AB",2
76658,3,1,"AB",2
76658,4,1,"AB",2
76661,1,1,"AP",52
76664,1,1,"AB",2
76665,1,1,"AB",2
76665,2,1,"AB",2
76665,3,1,"AB",2
76665,4,1,"AB",2
76668,1,1,"AB",2
76670,1,1,"AB",2
76672,1,1,"AA",1
76673,1,1,"AT",56
76675,1,1,"AB",2
76679,1,1,"AB",2
76681,1,1,"AB",2
76682,1,1,"AA",1
76684,1,1,"AP",52
76684,2,1,"AP",52
76684,3,1,"AP",52
76684,4,1,"AP",52
76684,5,1,"AP",52
76684,6,1,"AP",52
76684,7,1,"AP",52
76685,1,1,"AB",2
76685,2,1,"AB",2
76685,3,1,"AB",2
76685,4,1,"AB",2
76685,5,1,"AB",2
76686,1,1,"AB",2
76686,2,1,"AB",2
76686,3,1,"AB",2
76688,1,1,"AB",2
76688,2,1,"AB",2
76688,3,1,"AB",2
76688,4,1,"AB",2
76690,1,1,"AB",2
76690,2,1,"AB",2
76690,3,1,"AB",2
76690,4,1,"AB",2
76690,5,1,"AB",2
76691,1,1,"AB",2
76692,1,1,"AB",2
76692,2,1,"AB",2
76692,3,1,"AB",2
76693,1,1,"AB",2
76693,2,1,"AB",2
76694,1,1,"AB",2
76694,2,1,"AB",2
76694,3,1,"AB",2
76694,4,1,"AB",2
76697,1,1,"AB",2
76697,2,1,"AB",2
76697,3,1,"AB",2
76698,1,1,"AB",2
76698,2,1,"AB",2
76698,3,1,"AB",2
76701,1,1,"AB",2
76701,2,1,"AB",2
76702,1,1,"AB",2
76703,1,1,"AB",2
76704,1,1,"AB",2
76704,2,1,"AB",2
76704,3,1,"AB",2
76705,1,1,"AB",2
76705,2,1,"AB",2
76706,1,1,"AB1",3
76706,2,1,"AB",2
76708,1,1,"AB",2
76708,2,1,"AB",2
76708,3,1,"AB",2
76708,4,1,"AB",2
76709,1,1,"AB",2
76709,2,1,"AB",2
76709,3,1,"AB",2
76709,4,1,"AB",2
76710,1,1,"AB",2
76710,2,1,"AB",2
76710,3,1,"AB",2
76711,1,1,"AB1",3
76712,1,1,"AB",2
76714,1,1,"AB",2
76714,2,1,"AB",2
76714,3,1,"AB",2
76714,4,1,"AB",2
76715,1,1,"AB",2
76715,2,1,"AB",2
76716,1,1,"AB",2
76716,2,1,"AB",2
76716,3,1,"AB",2
76717,1,1,"AP",52
76717,2,1,"AP",52
76719,1,1,"AB",2
76719,2,1,"AB",2
76719,3,1,"AB",2
76720,1,1,"AB",2
76720,2,1,"AB",2
76721,1,1,"AB",2
76723,1,1,"AB",2
76725,1,1,"AB",2
76725,2,1,"AB",2
76725,3,1,"AB",2
76726,1,1,"AP",52
76726,2,1,"AP",52
76726,3,1,"AP",52
76726,4,1,"AP",52
76726,5,1,"AP",52
76726,6,1,"AP",52
76726,7,1,"AP",52
76729,1,1,"AB",2
76730,1,1,"AB",2
76732,1,1,"AB",2
76733,1,1,"AB",2
76736,1,1,"AP",52
76737,1,1,"AB1",3
76737,2,1,"AB1",3
76737,3,1,"AB",2
76740,1,1,"AB",2
76744,1,1,"AB1",3
76744,2,1,"AB1",3
76745,1,1,"AB",2
76745,2,1,"AB",2
76745,3,1,"AB",2
76746,1,1,"AB",2
76749,1,1,"AN",50
76751,1,1,"AB",2
76753,1,1,"AB",2
76754,1,1,"AT",56
76756,1,1,"AB1",3
76756,2,1,"AB",2
76758,1,1,"AB",2
76758,2,1,"AB",2
76758,3,1,"AB",2
76759,1,1,"AP",52
76761,1,1,"AB",2
76762,1,1,"AB",2
76762,2,1,"AB",2
76762,3,1,"AB",2
76762,4,1,"AB",2
76763,1,1,"AB",2
76765,1,1,"AB",2
76765,2,1,"AB",2
76765,3,1,"AB",2
76766,1,1,"AP",52
76766,2,1,"AP",52
76768,1,1,"AB",2
76768,2,1,"AB",2
76768,3,1,"AB",2
76768,4,1,"AB",2
76768,5,1,"AB",2
76770,1,1,"AP",52
76774,1,1,"AP",52
76780,1,1,"AP",52
76781,1,1,"AP",52
76783,1,1,"AB",2
76784,1,1,"AB",2
76785,1,1,"AB",2
76787,1,1,"AP",52
76787,2,1,"AP",52
76788,1,1,"AB",2
76790,1,1,"AB",2
76792,1,1,"AB",2
76792,2,1,"AB",2
76792,3,1,"AB",2
76793,1,1,"AB",2
76794,1,1,"AB",2
76794,2,1,"AB",2
76794,3,1,"AB",2
76794,4,1,"AB",2
76796,1,1,"AB",2
76796,2,1,"AB",2
76796,3,1,"AB",2
76798,1,1,"AB",2
76798,2,1,"AB",2
76798,3,1,"AB",2
76801,1,1,"AB",2
76801,2,1,"AB",2
76801,3,1,"AB",2
76802,1,1,"AB",2
76802,2,1,"AB",2
76802,3,1,"AB",2
76809,1,1,"AB",2
76809,2,1,"AB",2
76809,3,1,"AB",2
76810,1,1,"AB",2
76810,2,1,"AB",2
76813,1,1,"AB",2
76813,2,1,"AB",2
76817,1,1,"AB",2
76817,2,1,"AB",2
76820,1,1,"AB",2
76820,2,1,"AB",2
76820,3,1,"AB",2
76820,4,1,"AB",2
76822,1,1,"AB",2
76824,1,1,"AB",2
76826,1,1,"AT",56
76827,1,1,"AP",52
76829,1,1,"AB",2
76830,1,1,"AT",56
76831,1,1,"AB",2
76832,1,1,"AB",2
76835,1,1,"AB",2
76842,1,1,"AB",2
76844,1,1,"AB",2
76846,1,1,"AB",2
76846,2,1,"AB",2
76846,3,1,"AB",2
76847,1,1,"AB",2
76847,2,1,"AB",2
76847,3,1,"AB",2
76849,1,1,"AP",52
76851,1,1,"AA",1
76852,1,1,"AB",2
76852,2,1,"AB",2
76852,3,1,"AB",2
76852,4,1,"AB",2
76852,5,1,"AB",2
76852,6,1,"AB",2
76855,1,1,"AB",2
76855,2,1,"AB",2
76855,3,1,"AB",2
76856,1,1,"AB",2
76856,2,1,"AB",2
76856,3,1,"AB",2
76858,1,1,"AB",2
76862,1,1,"AB",2
76862,2,1,"AB",2
76863,1,1,"AB",2
76864,1,1,"AB",2
76868,1,1,"AB",2
76868,2,1,"AB",2
76868,3,1,"AB",2
76868,4,1,"AB",2
76869,1,1,"AB",2
76870,1,1,"AP",52
76871,1,1,"AP",52
76871,2,1,"AP",52
76871,3,1,"AP",52
76872,1,1,"AB",2
76873,1,1,"AB1",3
76876,1,1,"AP",52
76879,1,1,"AB",2
76879,2,1,"AB",2
76879,3,1,"AB",2
76879,4,1,"AB",2
76879,5,1,"AB",2
76879,6,1,"AB",2
76882,1,1,"AB",2
76882,2,1,"AB",2
76882,3,1,"AB",2
76884,1,1,"AB",2
76885,1,1,"AB",2
76887,1,1,"AP",52
76890,1,1,"AB",2
76890,2,1,"AB",2
76890,3,1,"AB",2
76894,1,1,"AB",2
76894,2,1,"AB",2
76894,3,1,"AB",2
76894,4,1,"AB",2
76895,1,1,"AA",1
76896,1,1,"AB",2
76896,2,1,"AB",2
76896,3,1,"AB",2
76898,1,1,"AB",2
76898,2,1,"AB",2
76898,3,1,"AB",2
76898,4,1,"AB",2
76899,1,1,"AB",2
76899,2,1,"AB",2
76900,1,1,"AB",2
76900,2,1,"AB",2
76900,3,1,"AB",2
76901,1,1,"AB",2
76901,2,1,"AB",2
76901,3,1,"AB",2
76904,1,1,"AA",1
76905,1,1,"AB",2
76906,1,1,"AB",2
76906,2,1,"AB",2
76906,3,1,"AB",2
76908,1,1,"AB",2
76908,2,1,"AB",2
76908,3,1,"AB",2
76910,1,1,"AB",2
76910,2,1,"AB",2
76912,1,1,"AB",2
76912,2,1,"AB",2
76912,3,1,"AB",2
76912,4,1,"AB",2
76913,1,1,"AA",1
76915,1,1,"AB",2
76916,1,1,"AB",2
76917,1,1,"AB",2
76919,1,1,"AB",2
76919,2,1,"AB",2
76919,3,1,"AB",2
76920,1,1,"AB",2
76920,2,1,"AB",2
76920,3,1,"AB",2
76921,1,1,"AB",2
76921,2,1,"AB",2
76921,3,1,"AB",2
76921,4,1,"AB",2
76922,3,1,"AB",2
76923,1,1,"AP",52
76925,1,1,"AB",2
76928,1,1,"AB",2
76928,2,1,"AB",2
76928,3,1,"AB",2
76930,1,1,"AB",2
76930,2,1,"AB",2
76930,4,1,"AB",2
76931,1,1,"AP",52
76932,1,1,"AB",2
76933,1,1,"AB",2
76933,2,1,"AB",2
76933,3,1,"AB",2
76938,1,1,"AB",2
76939,1,1,"AB",2
76939,2,1,"AB",2
76939,3,1,"AB",2
76939,4,1,"AB",2
76941,1,1,"AB",2
76941,2,1,"AB",2
76941,3,1,"AB",2
76942,1,1,"AB",2
76943,1,1,"AB",2
76943,2,1,"AB",2
76943,3,1,"AB",2
76955,1,1,"AP",52
76955,2,1,"AP",52
76957,1,1,"AB",2
76957,2,1,"AB",2
76957,3,1,"AB",2
76957,4,1,"AB",2
76958,1,1,"AB",2
76958,2,1,"AB",2
76958,3,1,"AB",2
76960,1,1,"AA",1
76961,1,1,"AB",2
76961,2,1,"AB",2
76962,1,1,"AB",2
76963,1,1,"AB",2
76963,2,1,"AB",2
76967,1,1,"AP",52
76968,1,1,"AB",2
76968,2,1,"AB",2
76968,3,1,"AB",2
76968,4,1,"AB",2
76972,1,1,"AP",52
76973,1,1,"AB",2
76974,1,1,"AP",52
76977,1,1,"AT",56
76979,1,1,"AB",2
76980,1,1,"AB",2
76980,2,1,"AB",2
76980,3,1,"AB",2
76984,1,1,"AB",2
76984,2,1,"AB",2
76984,3,1,"AB",2
76989,1,1,"AB",2
76989,2,1,"AB",2
76989,3,1,"AB",2
76989,4,1,"AB",2
76990,1,1,"AB",2
76994,1,1,"AB",2
76996,1,1,"AB",2
76996,2,1,"AB",2
76996,3,1,"AB",2
76996,4,1,"AB",2
76996,5,1,"AB",2
76999,1,1,"AB",2
77001,1,1,"AB",2
77002,1,1,"AB",2
77002,2,1,"AB",2
77005,1,1,"AB",2
77006,1,1,"AB",2
77006,2,1,"AB",2
77009,1,1,"AA",1
77011,1,1,"AP",52
77015,1,1,"AB",2
77018,1,1,"AB",2
77021,1,1,"AB",2
77024,1,1,"AB",2
77024,2,1,"AB",2
77025,1,1,"AB",2
77026,1,1,"AB",2
77027,1,1,"AB",2
77027,2,1,"AB",2
77029,1,1,"AT",56
77030,1,1,"AB",2
77030,2,1,"AB",2
77031,1,1,"AB",2
77031,2,1,"AB",2
77031,3,1,"AB",2
77032,1,1,"AB",2
77032,2,1,"AB",2
77032,3,1,"AB",2
77038,1,1,"AB",2
77038,2,1,"AB",2
77038,3,1,"AB",2
77042,1,1,"AB",2
77042,2,1,"AB",2
77042,3,1,"AB",2
77043,1,1,"AA",1
77044,1,1,"AB",2
77044,2,1,"AB",2
77044,3,1,"AB",2
77045,1,1,"AB",2
77045,2,1,"AB",2
77045,3,1,"AB",2
77046,1,1,"AB",2
77046,2,1,"AB",2
77046,3,1,"AB",2
77048,1,1,"AB",2
77048,2,1,"AB",2
77048,3,1,"AB",2
77050,1,1,"AB",2
77050,2,1,"AB",2
77051,1,1,"AB",2
77051,2,1,"AB",2
77051,3,1,"AB",2
77051,4,1,"AB",2
77053,1,1,"AB",2
77055,1,1,"AB",2
77056,1,1,"AB",2
77056,2,1,"AB",2
77059,1,1,"AP",52
77060,1,1,"AB1",3
77061,1,1,"AB",2
77062,1,1,"AB",2
77062,2,1,"AB",2
77062,3,1,"AB",2
77062,4,1,"AB",2
77063,1,1,"AN",50
77064,1,1,"AB",2
77064,2,1,"AB",2
77064,3,1,"AB",2
77066,1,1,"AB",2
77067,1,1,"AB",2
77068,1,1,"AB",2
77068,2,1,"AB",2
77069,1,1,"AB",2
77069,2,1,"AB",2
77069,3,1,"AB",2
77070,1,1,"AB2",20
77070,2,1,"AB2",20
77070,3,1,"AB2",20
77071,1,1,"AP",52
77071,2,1,"AP",52
77072,1,1,"AN",50
77073,1,1,"AB",2
77073,2,1,"AB",2
77073,3,1,"AB",2
77074,1,1,"AP",52
77074,2,1,"AP",52
77075,1,1,"AB",2
77075,2,1,"AB",2
77077,1,1,"AB",2
77077,2,1,"AB",2
77078,1,1,"AB",2
77081,1,1,"AB",2
77081,2,1,"AB",2
77081,3,1,"AB",2
77083,1,1,"AB",2
77083,2,1,"AB",2
77084,1,1,"AB",2
77084,2,1,"AB",2
77086,1,1,"AB",2
77086,2,1,"AB",2
77088,1,1,"AB",2
77088,2,1,"AB",2
77089,1,1,"AB",2
77090,1,1,"AB",2
77090,2,1,"AB",2
77091,1,1,"AB",2
77091,2,1,"AB",2
77091,3,1,"AB",2
77092,1,1,"AB",2
77093,1,1,"AB",2
77093,2,1,"AB",2
77093,3,1,"AB",2
77094,1,1,"AB",2
77094,2,1,"AB",2
77094,3,1,"AB",2
77094,4,1,"AB",2
77095,1,1,"AB",2
77095,2,1,"AB",2
77095,3,1,"AB",2
77096,1,1,"AP",52
77096,2,1,"AP",52
77096,3,1,"AP",52
77096,4,1,"AP",52
77098,1,1,"AB",2
77098,2,1,"AB",2
77098,3,1,"AB",2
77099,1,1,"AB1",3
77100,1,1,"AB",2
77100,2,1,"AB",2
77100,3,1,"AB",2
77101,1,1,"AB",2
77106,1,1,"AB",2
77106,2,1,"AB",2
77106,3,1,"AB",2
77107,1,1,"AB",2
77107,2,1,"AB",2
77107,3,1,"AB",2
77109,1,1,"AB",2
77111,1,1,"AB",2
77112,1,1,"AB",2
77112,2,1,"AB",2
77112,3,1,"AB",2
77114,1,1,"AB",2
77114,2,1,"AB",2
77114,3,1,"AB",2
77120,1,1,"AB",2
77120,2,1,"AB",2
77120,3,1,"AB",2
77121,2,1,"AB",2
77122,1,1,"AB",2
77122,2,1,"AB",2
77123,1,1,"AB",2
77126,1,1,"AP",52
77127,1,1,"AB2",20
77127,2,1,"AB2",20
77128,1,1,"AB",2
77128,2,1,"AB",2
77128,3,1,"AB",2
77128,4,1,"AB",2
77129,1,1,"AB",2
77129,2,1,"AB",2
77129,3,1,"AB",2
77129,4,1,"AB",2
77130,1,1,"AB",2
77130,2,1,"AB",2
77130,3,1,"AB",2
77130,4,1,"AB",2
77131,1,1,"AB",2
77131,2,1,"AB",2
77131,3,1,"AB",2
77131,4,1,"AB",2
77132,1,1,"AB",2
77132,2,1,"AB",2
77132,3,1,"AB",2
77133,1,1,"AP",52
77135,1,1,"AB",2
77135,2,1,"AB",2
77137,1,1,"AB",2
77139,1,1,"AP",52
77139,2,1,"AP",52
77139,3,1,"AP",52
77139,4,1,"AP",52
77142,1,1,"AA",1
77147,1,1,"AB",2
77147,2,1,"AB",2
77147,3,1,"AB",2
77149,1,1,"AB",2
77151,2,1,"AP",52
77152,1,1,"AB",2
77152,2,1,"AB",2
77154,1,1,"AB",2
77154,2,1,"AB",2
77154,3,1,"AB",2
77154,4,1,"AB",2
77154,5,1,"AB",2
77155,1,1,"AP",52
77157,1,1,"AB",2
77157,2,1,"AB",2
77157,3,1,"AB",2
77159,1,1,"AB",2
77159,2,1,"AB",2
77159,3,1,"AB",2
77161,1,1,"AP",52
77166,1,1,"AB",2
77166,2,1,"AB",2
77166,3,1,"AB",2
77166,4,1,"AB",2
77166,5,1,"AB",2
77168,1,1,"AB",2
77169,1,1,"AB",2
77169,2,1,"AB",2
77171,1,1,"AB",2
77171,2,1,"AB",2
77171,3,1,"AB",2
77171,4,1,"AB",2
77171,5,1,"AB",2
77177,1,1,"AP",52
77179,1,1,"AB",2
77179,2,1,"AB",2
77179,3,1,"AB",2
77179,4,1,"AB",2
77179,5,1,"AB",2
77179,6,1,"AB",2
77180,1,1,"AB",2
77182,1,1,"AB",2
77183,1,1,"AB",2
77183,2,1,"AB",2
77183,3,1,"AB",2
77183,4,1,"AB",2
77184,1,1,"AB",2
77186,1,1,"AP",52
77187,1,1,"AP",52
77190,1,1,"AP",52
77194,1,1,"AB",2
77194,2,1,"AB",2
77194,3,1,"AB",2
77194,4,1,"AB",2
77194,5,1,"AB",2
77197,1,1,"AB",2
77203,1,1,"AB",2
77203,2,1,"AB",2
77204,1,1,"AB",2
77204,2,1,"AB",2
77205,1,1,"AB",2
77205,2,1,"AB",2
77205,3,1,"AB",2
77206,1,1,"AB",2
77206,2,1,"AB",2
77206,3,1,"AB",2
77208,1,1,"AB",2
77208,2,1,"AB",2
77209,1,1,"AB",2
77209,2,1,"AB",2
77210,1,1,"AB",2
77210,2,1,"AB",2
77210,3,1,"AB",2
77212,1,1,"AB",2
77214,1,1,"AB",2
77214,2,1,"AB",2
77219,1,1,"AP",52
77219,2,1,"AP",52
77220,1,1,"AB",2
77220,2,1,"AB",2
77221,1,1,"AB",2
77221,2,1,"AB",2
77222,1,1,"AB",2
77222,2,1,"AB",2
77222,3,1,"AB",2
77224,1,1,"AB",2
77226,1,1,"AB",2
77227,1,1,"AB",2
77232,1,1,"AB",2
77232,2,1,"AB",2
77232,3,1,"AB",2
77233,1,1,"AP",52
77234,1,1,"AP",52
77235,1,1,"AB",2
77236,1,1,"AB",2
77237,1,1,"AB",2
77237,2,1,"AB",2
77239,1,1,"AB",2
77239,2,1,"AB",2
77241,1,1,"AB",2
77241,2,1,"AB",2
77242,1,1,"AB",2
77242,2,1,"AB",2
77242,3,1,"AB",2
77243,1,1,"AB",2
77243,2,1,"AB",2
77243,3,1,"AB",2
77243,4,1,"AB",2
77244,1,1,"AP",52
77244,2,1,"AP",52
77244,3,1,"AP",52
77244,4,1,"AP",52
77245,1,1,"AP",52
77245,2,1,"AP",52
77246,1,1,"AB",2
77246,2,1,"AB",2
77246,3,1,"AB",2
77247,3,1,"AP",52
77248,1,1,"AB",2
77248,2,1,"AB",2
77250,1,1,"AP",52
77253,1,1,"AB",2
77253,2,1,"AB",2
77253,3,1,"AB",2
77253,4,1,"AB",2
77255,1,1,"AB",2
77255,2,1,"AB",2
77259,1,1,"AT",56
77259,2,1,"AT1",66
77260,1,1,"AP",52
77260,2,1,"AP",52
77261,1,1,"AB",2
77261,2,1,"AB",2
77261,3,1,"AB",2
77262,1,1,"AB",2
77262,2,1,"AB",2
77262,3,1,"AB",2
77263,1,1,"AB",2
77263,2,1,"AB",2
77264,1,1,"AB",2
77266,3,1,"AP",52
77266,4,1,"AP",52
77267,1,1,"AB",2
77268,1,1,"AA",1
77269,1,1,"AP",52
77269,2,1,"AP",52
77269,3,1,"AP",52
77269,4,1,"AP",52
77270,1,1,"AB",2
77270,2,1,"AB",2
77270,3,1,"AB",2
77272,2,1,"AB",2
77277,1,1,"AB",2
77277,2,1,"AB",2
77279,1,1,"AA",1
77283,1,1,"AP",52
77284,1,1,"AB3",30
77284,2,1,"AB3",30
77285,1,1,"AB3",30
77285,2,1,"AB3",30
77287,1,1,"AB",2
77289,1,1,"AB",2
77289,2,1,"AB",2
77289,3,1,"AB",2
77290,1,1,"AB",2
77290,2,1,"AB",2
77290,3,1,"AB",2
77290,4,1,"AB",2
77290,5,1,"AB",2
77293,1,1,"AB",2
77293,2,1,"AB",2
77293,3,1,"AB",2
77295,1,1,"AB",2
77295,2,1,"AB",2
77295,3,1,"AB",2
77296,1,1,"AB",2
77296,2,1,"AB",2
77296,3,1,"AB",2
77297,1,1,"AP",52
77298,1,1,"AB",2
77298,2,1,"AB",2
77301,1,1,"AB",2
77302,1,1,"AB",2
77302,2,1,"AB",2
77302,3,1,"AB",2
77302,4,1,"AB",2
77302,5,1,"AB",2
77302,6,1,"AB",2
77304,1,1,"AA",1
77306,1,1,"AB",2
77306,2,1,"AB",2
77308,1,1,"AT",56
77309,1,1,"AB",2
77309,2,1,"AB",2
77310,1,1,"AB",2
77314,1,1,"AB",2
77314,2,1,"AB",2
77316,1,1,"AB",2
77316,2,1,"AB",2
77316,3,1,"AB",2
77316,4,1,"AB",2
77317,1,1,"AB",2
77317,2,1,"AB",2
77319,1,1,"AB",2
77319,2,1,"AB",2
77319,3,1,"AB",2
77321,1,1,"AB",2
77321,2,1,"AB",2
77321,3,1,"AB",2
77321,4,1,"AB",2
77321,5,1,"AB",2
77321,6,1,"AB",2
77322,1,1,"AB",2
77322,2,1,"AB",2
77328,1,1,"AB",2
77328,2,1,"AB",2
77328,3,1,"AB",2
77328,4,1,"AB",2
77328,5,1,"AB",2
77332,1,1,"AP",52
77334,1,1,"AB",2
77335,1,1,"AB",2
77336,1,1,"AB1",3
77336,2,1,"AB",2
77339,1,1,"AB",2
77339,2,1,"AB",2
77339,3,1,"AB",2
77342,1,1,"AB",2
77342,2,1,"AB",2
77342,3,1,"AB",2
77344,1,1,"AB",2
77344,2,1,"AB",2
77346,1,1,"AB",2
77346,2,1,"AB",2
77346,3,1,"AB",2
77346,4,1,"AB",2
77352,1,1,"AB",2
77352,2,1,"AB",2
77353,1,1,"AB",2
77353,2,1,"AB",2
77356,1,1,"AP",52
77356,2,1,"AP",52
77356,3,1,"AP",52
77359,1,1,"AB",2
77359,2,1,"AB",2
77360,1,1,"AP",52
77361,1,1,"AB",2
77361,2,1,"AB",2
77361,3,1,"AB",2
77364,1,1,"AB",2
77365,1,1,"AP",52
77369,1,1,"AB",2
77369,2,1,"AB",2
77370,1,1,"AB",2
77370,2,1,"AB",2
77370,3,1,"AB",2
77370,4,1,"AB",2
77372,1,1,"AP",52
77372,2,1,"AP",52
77372,3,1,"AP",52
77373,1,1,"AP",52
77373,2,1,"AP",52
77375,1,1,"AB",2
77375,2,1,"AB",2
77375,3,1,"AB",2
77375,4,1,"AB",2
77376,2,1,"AB",2
77376,3,1,"AB",2
77376,4,1,"AB",2
77380,1,1,"AB",2
77380,2,1,"AB",2
77380,3,1,"AB",2
77380,4,1,"AB",2
77380,5,1,"AB",2
77380,6,1,"AB",2
77380,7,1,"AB",2
77388,1,1,"AB",2
77388,2,1,"AB",2
77393,1,1,"AP",52
77394,1,1,"AP",52
77394,2,1,"AP",52
77396,1,1,"AB",2
77396,2,1,"AB",2
77396,3,1,"AB",2
77397,1,1,"AB",2
77397,2,1,"AB",2
77397,3,1,"AB",2
77399,1,1,"AA",1
77401,1,1,"AB",2
77405,1,1,"AA",1
77407,1,1,"AP",52
77410,1,1,"AB2",20
77411,1,1,"AB",2
77414,1,1,"AB",2
77414,2,1,"AB",2
77415,1,1,"AB3",30
77419,1,1,"AB",2
77419,2,1,"AB",2
77420,1,1,"AB",2
77420,2,1,"AB",2
77420,3,1,"AB",2
77420,4,1,"AB",2
77424,1,1,"AB",2
77424,2,1,"AB",2
77424,3,1,"AB",2
77425,1,1,"AP",52
77425,2,1,"AP",52
77430,1,1,"AP",52
77431,1,1,"AB",2
77432,1,1,"AP",52
77432,2,1,"AP",52
77432,3,1,"AP",52
77433,1,1,"AP",52
77433,3,1,"AP",52
77437,1,1,"AB",2
77438,1,1,"AB",2
77438,2,1,"AB",2
77438,3,1,"AB",2
77440,1,1,"AB",2
77440,2,1,"AB",2
77443,1,1,"AB",2
77443,2,1,"AB",2
77443,3,1,"AB",2
77446,1,1,"AB",2
77446,2,1,"AB",2
77447,1,1,"AB",2
77449,1,1,"AB",2
77449,2,1,"AB",2
77449,3,1,"AB",2
77449,4,1,"AB",2
77449,5,1,"AB",2
77449,6,1,"AB",2
77449,7,1,"AB",2
77449,8,1,"AB",2
77450,1,1,"AP",52
77450,2,1,"AP",52
77455,1,1,"AB1",3
77455,2,1,"AB1",3
77455,3,1,"AB1",3
77456,1,1,"AB",2
77456,2,1,"AB",2
77456,3,1,"AB",2
77457,1,1,"AP",52
77457,2,1,"AP",52
77457,3,1,"AP",52
77458,1,1,"AP",52
77459,1,1,"AB",2
77459,2,1,"AB",2
77459,3,1,"AB",2
77461,1,1,"AB",2
77461,2,1,"AB",2
77462,1,1,"AB",2
77462,2,1,"AB",2
77463,1,1,"AB",2
77463,2,1,"AB",2
77464,1,1,"AB",2
77464,2,1,"AB",2
77466,1,1,"AB",2
77466,2,1,"AB",2
77466,3,1,"AB",2
77470,1,1,"AB",2
77470,2,1,"AB",2
77470,3,1,"AB",2
77470,4,1,"AB",2
77471,1,1,"AB",2
77471,2,1,"AB",2
77471,3,1,"AB",2
77473,1,1,"AP",52
77474,1,1,"AB",2
77474,2,1,"AB",2
77474,3,1,"AB",2
77474,4,1,"AB",2
77475,1,1,"AB2",20
77476,1,1,"AA",1
77477,1,1,"AB",2
77478,1,1,"AB",2
77478,2,1,"AB",2
77481,1,1,"AP",52
77487,1,1,"AB",2
77487,2,1,"AB",2
77487,3,1,"AB",2
77488,1,1,"AB",2
77488,2,1,"AB",2
77488,3,1,"AB",2
77488,4,1,"AB",2
77488,5,1,"AB",2
77488,6,1,"AB",2
77489,1,1,"AB",2
77489,2,1,"AB",2
77489,3,1,"AB",2
77491,1,1,"AB",2
77492,1,1,"AB",2
77492,2,1,"AB",2
77492,3,1,"AB",2
77492,4,1,"AB",2
77493,1,1,"AB",2
77493,2,1,"AB",2
77493,3,1,"AB",2
77493,4,1,"AB",2
77493,5,1,"AB",2
77493,6,1,"AB",2
77494,2,1,"AB",2
77494,3,1,"AB",2
77494,4,1,"AB",2
77494,5,1,"AB",2
77494,6,1,"AB",2
77496,1,1,"AP",52
77496,2,1,"AP",52
77496,3,1,"AP",52
77502,1,1,"AB",2
77505,1,1,"AB",2
77505,2,1,"AB",2
77507,1,1,"AB",2
77507,2,1,"AB",2
77507,3,1,"AB",2
77510,1,1,"AB",2
77512,1,1,"AB",2
77512,2,1,"AB",2
77512,3,1,"AB",2
77516,1,1,"AB",2
77516,2,1,"AB",2
77516,3,1,"AB",2
77517,1,1,"AB",2
77517,2,1,"AB",2
77517,3,1,"AB",2
77518,1,1,"AB",2
77518,2,1,"AB",2
77519,1,1,"AN",50
77519,2,1,"AN",50
77520,1,1,"AB",2
77520,2,1,"AB",2
77520,3,1,"AB",2
77521,1,1,"AB",2
77522,1,1,"AB",2
77522,2,1,"AB",2
77522,3,1,"AB",2
77523,1,1,"AB",2
77523,2,1,"AB",2
77524,1,1,"AB",2
77525,1,1,"AB",2
77525,2,1,"AB",2
77526,1,1,"AB",2
77526,2,1,"AB",2
77527,1,1,"AB",2
77528,1,1,"AB",2
77528,2,1,"AB",2
77528,3,1,"AB",2
77528,4,1,"AB",2
77530,1,1,"AB",2
77530,2,1,"AB",2
77530,3,1,"AB",2
77530,4,1,"AB",2
77532,1,1,"AB",2
77532,2,1,"AB",2
77532,3,1,"AB",2
77533,1,1,"AB",2
77534,1,1,"AB",2
77534,2,1,"AB",2
77534,3,1,"AB",2
77535,1,1,"AB",2
77535,2,1,"AB",2
77535,3,1,"AB",2
77536,1,1,"AB",2
77536,2,1,"AB",2
77537,1,1,"AB1",3
77537,2,1,"AB1",3
77537,3,1,"AB1",3
77538,1,1,"AB",2
77541,1,1,"AP",52
77542,1,1,"AB",2
77542,2,1,"AB",2
77542,3,1,"AB",2
77543,1,1,"AB",2
77543,2,1,"AB",2
77543,3,1,"AB",2
77543,4,1,"AB",2
77543,5,1,"AB",2
77543,6,1,"AB",2
77547,1,1,"AB",2
77548,1,1,"AP",52
77549,1,1,"AB",2
77551,1,1,"AP",52
77552,1,1,"AB",2
77553,1,1,"AB",2
77555,1,1,"AB",2
77555,2,1,"AB",2
77557,1,1,"AB",2
77557,2,1,"AB",2
77558,1,1,"AB",2
77559,1,1,"AN",50
77560,1,1,"AB",2
77560,2,1,"AB",2
77560,3,1,"AB",2
77560,4,1,"AB",2
77561,1,1,"AB",2
77561,2,1,"AB",2
77561,3,1,"AB",2
77561,4,1,"AB",2
77562,1,1,"AB",2
77562,2,1,"AB",2
77562,3,1,"AB",2
77562,4,1,"AB",2
77563,1,1,"AB",2
77563,2,1,"AB",2
77563,3,1,"AB",2
77565,1,1,"AB",2
77565,2,1,"AB",2
77565,3,1,"AB",2
77565,4,1,"AB",2
77567,1,1,"AB",2
77567,2,1,"AB",2
77568,1,1,"AT",56
77570,1,1,"AB",2
77571,2,1,"AB",2
77571,3,1,"AB",2
77574,1,1,"AP",52
77575,1,1,"AB",2
77575,2,1,"AB",2
77575,3,1,"AB",2
77575,4,1,"AB",2
77577,1,1,"AP",52
77578,1,1,"AB",2
77579,1,1,"AT",56
77580,3,1,"AB",2
77580,4,1,"AB",2
77580,5,1,"AB",2
77584,1,1,"AB",2
77584,2,1,"AB",2
77584,3,1,"AB",2
77584,4,1,"AB",2
77587,1,1,"AB",2
77587,2,1,"AB",2
77587,3,1,"AB",2
77589,1,1,"AB",2
77589,2,1,"AB",2
77589,3,1,"AB",2
77590,1,1,"AB",2
77590,2,1,"AB",2
77590,3,1,"AB",2
77593,1,1,"AB",2
77593,2,1,"AB",2
77593,3,1,"AB",2
77604,1,1,"AB",2
77604,2,1,"AB",2
77604,3,1,"AB",2
77605,1,1,"AB",2
77605,2,1,"AB",2
77605,3,1,"AB",2
77606,1,1,"AB",2
77606,2,1,"AB",2
77606,3,1,"AB",2
77608,1,1,"AB",2
77608,2,1,"AB",2
77608,3,1,"AB",2
77610,1,1,"AP",52
77614,1,1,"AB",2
77614,2,1,"AB",2
77614,3,1,"AB",2
77614,4,1,"AB",2
77615,1,1,"AB",2
77615,2,1,"AB",2
77615,3,1,"AB",2
77616,1,1,"AB2",20
77616,2,1,"AB2",20
77616,3,1,"AB2",20
77619,1,1,"AB",2
77619,2,1,"AB",2
77620,1,1,"AB",2
77620,2,1,"AB",2
77620,3,1,"AB",2
77621,1,1,"AB",2
77621,2,1,"AB",2
77621,3,1,"AB",2
77621,4,1,"AB",2
77622,1,1,"AB",2
77622,2,1,"AB",2
77622,3,1,"AB",2
77622,4,1,"AB",2
77622,5,1,"AB",2
77622,6,1,"AB",2
77623,1,1,"AT",56
77624,1,1,"AB",2
77624,2,1,"AB",2
77624,3,1,"AB",2
77625,1,1,"AB",2
77625,2,1,"AB",2
77625,3,1,"AB",2
77626,1,1,"AB",2
77626,2,1,"AB",2
77626,3,1,"AB",2
77626,4,1,"AB",2
77627,1,1,"AB",2
77627,2,1,"AB",2
77627,3,1,"AB",2
77627,4,1,"AB",2
77629,1,1,"AA",1
77630,1,1,"AB",2
77633,1,1,"AB",2
77633,3,1,"AB",2
77633,4,1,"AB",2
77633,5,1,"AB",2
77634,1,1,"AB",2
77634,2,1,"AB",2
77634,3,1,"AB",2
77636,1,1,"AB",2
77636,2,1,"AB",2
77636,3,1,"AB",2
77637,1,1,"AB",2
77637,2,1,"AB",2
77637,3,1,"AB",2
77642,1,1,"AB",2
77642,2,1,"AB",2
77642,3,1,"AB",2
77646,1,1,"AB",2
77651,1,1,"AB",2
77651,2,1,"AB",2
77651,3,1,"AB",2
77652,1,1,"AB",2
77652,2,1,"AB",2
77652,3,1,"AB",2
77653,1,1,"AB",2
77653,2,1,"AB",2
77653,3,1,"AB",2
77653,4,1,"AB",2
77653,5,1,"AB",2
77654,1,1,"AB",2
77654,2,1,"AB",2
77654,3,1,"AB",2
77655,1,1,"AB",2
77655,2,1,"AB",2
77657,1,1,"AB",2
77657,2,1,"AB",2
77657,3,1,"AB",2
77661,4,1,"AB",2
77661,5,1,"AB",2
77662,1,1,"AB",2
77662,2,1,"AB",2
77665,1,1,"AB",2
77665,2,1,"AB",2
77666,1,1,"AB",2
77666,2,1,"AB",2
77666,3,1,"AB",2
77667,1,1,"AB",2
77667,2,1,"AB",2
77670,1,1,"AB",2
77670,2,1,"AB",2
77670,3,1,"AB",2
77671,1,1,"AB",2
77671,2,1,"AB",2
77671,3,1,"AB",2
77672,1,1,"AB",2
77672,2,1,"AB",2
77672,3,1,"AB",2
77672,4,1,"AB",2
77673,1,1,"AB",2
77676,1,1,"AB",2
77678,1,1,"AB",2
77681,1,1,"AB2",20
77684,1,1,"AB",2
77686,1,1,"AB",2
77686,2,1,"AB",2
77686,3,1,"AB",2
77686,4,1,"AB",2
77686,5,1,"AB",2
77686,6,1,"AB",2
77687,1,1,"AT",56
77689,1,1,"AT",56
77690,1,1,"AB",2
77690,2,1,"AB",2
77690,3,1,"AB",2
77690,4,1,"AB",2
77691,1,1,"AB",2
77691,2,1,"AB",2
77691,3,1,"AB",2
77691,4,1,"AB",2
77691,5,1,"AB",2
77695,1,1,"AA",1
77700,1,1,"AT",56
77701,1,1,"AB",2
77702,1,1,"AA",1
77703,1,1,"AP",52
77703,2,1,"AP",52
77704,1,1,"AB",2
77706,1,1,"AA",1
77707,1,1,"AB2",20
77707,2,1,"AB2",20
77707,3,1,"AB2",20
77708,1,1,"AB",2
77708,2,1,"AB",2
77711,1,1,"AB",2
77711,2,1,"AB",2
77711,3,1,"AB",2
77712,1,1,"AB",2
77712,2,1,"AB",2
77712,3,1,"AB",2
77712,4,1,"AB",2
77712,5,1,"AB",2
77714,1,1,"AB",2
77715,1,1,"AB3",30
77716,1,1,"AP",52
77719,1,1,"AA",1
77721,1,1,"AB",2
77722,1,1,"AB",2
77723,1,1,"AB",2
77723,2,1,"AB",2
77724,1,1,"AB",2
77724,2,1,"AB",2
77724,3,1,"AB",2
77724,4,1,"AB",2
77724,5,1,"AB",2
77725,1,1,"AB",2
77725,2,1,"AB",2
77725,3,1,"AB",2
77725,4,1,"AB",2
77727,1,1,"AB",2
77728,1,1,"AB",2
77731,1,1,"AB",2
77731,2,1,"AB",2
77731,3,1,"AB",2
77731,4,1,"AB",2
77732,1,1,"AB",2
77732,2,1,"AB",2
77732,3,1,"AB",2
77733,1,1,"AB",2
77733,2,1,"AB",2
77733,3,1,"AB",2
77733,4,1,"AB",2
77734,1,1,"AB",2
77734,2,1,"AB",2
77734,3,1,"AB",2
77736,1,1,"AA",1
77739,1,1,"AB",2
77739,2,1,"AB",2
77739,3,1,"AB",2
77741,1,1,"AB",2
77741,2,1,"AB",2
77741,3,1,"AB",2
77741,4,1,"AB",2
77742,1,1,"AB",2
77742,2,1,"AB",2
77742,3,1,"AB",2
77742,4,1,"AB",2
77742,5,1,"AB",2
77743,1,1,"AB",2
77744,1,1,"AB",2
77744,2,1,"AB",2
77744,3,1,"AB",2
77745,1,1,"AB",2
77745,2,1,"AB",2
77745,3,1,"AB",2
77745,4,1,"AB",2
77745,5,1,"AB",2
77745,6,1,"AB",2
77745,7,1,"AB",2
77746,1,1,"AB",2
77746,2,1,"AB",2
77746,3,1,"AB",2
77747,1,1,"AB",2
77747,2,1,"AB",2
77747,3,1,"AB",2
77748,1,1,"AB",2
77748,2,1,"AB",2
77748,3,1,"AB",2
77749,1,1,"AB",2
77749,2,1,"AB",2
77749,3,1,"AB",2
77750,1,1,"AB",2
77751,1,1,"AB",2
77751,2,1,"AB",2
77751,3,1,"AB",2
77751,4,1,"AB",2
77752,1,1,"AB",2
77752,2,1,"AB",2
77752,3,1,"AB",2
77752,4,1,"AB",2
77752,5,1,"AB",2
77753,1,1,"AP",52
77753,2,1,"AP",52
77754,1,1,"AB",2
77754,2,1,"AB",2
77754,3,1,"AB",2
77756,1,1,"AN",50
77756,2,1,"AN",50
77756,3,1,"AN",50
77759,1,1,"AB",2
77759,2,1,"AB",2
77759,3,1,"AB",2
77761,1,1,"AP",52
77763,1,1,"AB1",3
77764,1,1,"AT",56
77765,1,1,"AB",2
77765,2,1,"AB",2
77765,3,1,"AB",2
77769,1,1,"AB",2
77769,2,1,"AB",2
77769,3,1,"AB",2
77769,4,1,"AB",2
77769,5,1,"AB",2
77769,6,1,"AB",2
77770,1,1,"AB",2
77771,1,1,"AB",2
77771,2,1,"AB",2
77771,3,1,"AB",2
77772,1,1,"AN",50
77772,2,1,"AN",50
77776,1,1,"AP",52
77776,2,1,"AP",52
77780,1,1,"AB",2
77780,2,1,"AB",2
77780,3,1,"AB",2
77780,4,1,"AB",2
77781,1,1,"AB",2
77781,2,1,"AB",2
77781,3,1,"AB",2
77783,1,1,"AB",2
77783,2,1,"AB",2
77783,3,1,"AB",2
77783,4,1,"AB",2
77785,1,1,"AB",2
77787,1,1,"AB",2
77787,2,1,"AB",2
77787,3,1,"AB",2
77788,1,1,"AA",1
77789,1,1,"AT",56
77790,1,1,"AP",52
77793,1,1,"AB",2
77794,1,1,"AB",2
77794,2,1,"AB",2
77794,3,1,"AB",2
77795,1,1,"AB",2
77795,2,1,"AB",2
77795,3,1,"AB",2
77797,1,1,"AB",2
77797,2,1,"AB",2
77800,1,1,"AN",50
77800,2,1,"AN",50
77800,3,1,"AN",50
77801,1,1,"AB",2
77801,2,1,"AB",2
77801,3,1,"AB",2
77802,1,1,"AB",2
77802,2,1,"AB",2
77802,3,1,"AB",2
77806,1,1,"AB",2
77807,1,1,"AB",2
77811,1,1,"AB",2
77812,1,1,"AA",1
77813,1,1,"AB",2
77813,2,1,"AB",2
77813,3,1,"AB",2
77819,1,1,"AB",2
77820,1,1,"AB",2
77820,2,1,"AB",2
77824,1,1,"AB",2
77824,2,1,"AB",2
77827,1,1,"AB",2
77827,2,1,"AB",2
77828,1,1,"AB",2
77828,2,1,"AB",2
77831,1,1,"AB",2
77833,1,1,"AB",2
77833,2,1,"AB",2
77834,1,1,"AP",52
77836,1,1,"AB",2
77837,1,1,"AB",2
77837,2,1,"AB",2
77837,3,1,"AB",2
77837,4,1,"AB",2
77837,5,1,"AB",2
77839,1,1,"AN",50
77840,1,1,"AP",52
77841,1,1,"AP",52
77842,1,1,"AB",2
77844,1,1,"AB",2
77845,1,1,"AT",56
77846,1,1,"AT",56
77847,1,1,"AT",56
77849,1,1,"AA",1
77851,1,1,"AB",2
77851,2,1,"AB",2
77852,1,1,"AB",2
77852,2,1,"AB",2
77852,3,1,"AB",2
77852,4,1,"AB",2
77852,5,1,"AB",2
77852,6,1,"AB",2
77852,7,1,"AB",2
77854,1,1,"AB",2
77854,2,1,"AB",2
77854,3,1,"AB",2
77854,4,1,"AB",2
77854,5,1,"AB",2
77855,1,1,"AB",2
77855,2,1,"AB",2
77856,1,1,"AB",2
77856,2,1,"AB",2
77856,3,1,"AB",2
77857,1,1,"AP",52
77857,2,1,"AP",52
77857,3,1,"AP",52
77857,4,1,"AP",52
77857,5,1,"AP",52
77857,6,1,"AP",52
77857,7,1,"AP",52
77858,1,1,"AB",2
77859,1,1,"AB",2
77859,2,1,"AB",2
77859,3,1,"AB",2
77861,1,1,"AP",52
77861,2,1,"AP",52
77861,3,1,"AP",52
77861,4,1,"AP",52
77862,1,1,"AB",2
77862,2,1,"AB",2
77863,3,1,"AB",2
77867,1,1,"AN",50
77868,1,1,"AB",2
77868,2,1,"AB",2
77869,1,1,"AB",2
77869,2,1,"AB",2
77869,3,1,"AB",2
77870,1,1,"AB",2
77870,2,1,"AB",2
77870,3,1,"AB",2
77871,1,1,"AP",52
77873,1,1,"AB",2
77873,2,1,"AB",2
77877,1,1,"AB",2
77877,2,1,"AB",2
77877,3,1,"AB",2
77878,1,1,"AB",2
77878,2,1,"AB",2
77880,1,1,"AB",2
77880,2,1,"AB",2
77880,3,1,"AB",2
77882,1,1,"AB",2
77882,2,1,"AB",2
77883,1,1,"AB",2
77884,1,1,"AB",2
77884,2,1,"AB",2
77890,1,1,"AB",2
77890,2,1,"AB",2
77890,3,1,"AB",2
77890,4,1,"AB",2
77893,1,1,"AA",1
77894,1,1,"AB",2
77894,2,1,"AB",2
77894,3,1,"AB",2
77896,1,1,"AB",2
77897,1,1,"AP",52
77897,2,1,"AP",52
77899,1,1,"AB1",3
77899,2,1,"AB1",3
77899,3,1,"AB1",3
77900,1,1,"AB",2
77900,2,1,"AB",2
77900,3,1,"AB",2
77900,4,1,"AB",2
77901,1,1,"AB",2
77901,2,1,"AB",2
77901,3,1,"AB",2
77903,1,1,"AB",2
77903,2,1,"AB",2
77904,1,1,"AB",2
77904,2,1,"AB",2
77904,3,1,"AB",2
77904,4,1,"AB",2
77906,1,1,"AP",52
77907,1,1,"AP",52
77908,1,1,"AB",2
77909,1,1,"AP",52
77909,2,1,"AP",52
77910,1,1,"AB",2
77910,2,1,"AB",2
77911,1,1,"AB",2
77911,2,1,"AB",2
77911,3,1,"AB",2
77912,1,1,"AB",2
77912,2,1,"AB",2
77912,3,1,"AB",2
77913,1,1,"AP",52
77914,1,1,"AB",2
77915,1,1,"AP",52
77915,2,1,"AP",52
77917,1,1,"AB",2
77917,2,1,"AB",2
77917,3,1,"AB",2
77917,4,1,"AB",2
77918,1,1,"AB",2
77918,2,1,"AB",2
77919,1,1,"AB",2
77920,1,1,"AB",2
77920,2,1,"AB",2
77921,1,1,"AB",2
77921,2,1,"AB",2
77926,1,1,"AP",52
77926,2,1,"AP",52
77926,3,1,"AP",52
77927,1,1,"AB",2
77927,2,1,"AB",2
77928,1,1,"AB",2
77928,2,1,"AB",2
77929,1,1,"AB",2
77929,2,1,"AB",2
77931,1,1,"AB",2
77931,2,1,"AB",2
77932,1,1,"AB",2
77932,2,1,"AB",2
77936,1,1,"AB",2
77936,2,1,"AB",2
77938,1,1,"AB",2
77938,2,1,"AB",2
77941,1,1,"AP",52
77942,1,1,"AP",52
77942,2,1,"AP",52
77944,1,1,"AB",2
77944,2,1,"AB",2
77947,1,1,"AP",52
77947,2,1,"AP",52
77948,1,1,"AB",2
77948,2,1,"AB",2
77948,3,1,"AB",2
77950,1,1,"AA",1
77953,1,1,"AB",2
77953,2,1,"AB",2
77953,3,1,"AB",2
77953,4,1,"AB",2
77953,5,1,"AB",2
77953,6,1,"AB",2
77954,1,1,"AB",2
77955,1,1,"AB",2
77955,2,1,"AB",2
77955,3,1,"AB",2
77956,1,1,"AB",2
77960,1,1,"AA",1
77965,1,1,"AA",1
77966,1,1,"AP",52
77971,1,1,"AB",2
77971,2,1,"AB",2
77974,1,1,"AB",2
77974,2,1,"AB",2
77974,3,1,"AB",2
77977,1,1,"AB",2
77977,2,1,"AB",2
77977,3,1,"AB",2
77981,1,1,"AA",1
77982,1,1,"AB",2
77982,2,1,"AB",2
77982,3,1,"AB",2
77982,4,1,"AB",2
77983,1,1,"AP",52
77983,2,1,"AP",52
77987,1,1,"AB",2
77987,2,1,"AB",2
77987,3,1,"AB",2
77987,4,1,"AB",2
77988,1,1,"AP",52
77988,2,1,"AP",52
77989,1,1,"AP",52
77990,1,1,"AB",2
77990,2,1,"AB",2
77997,1,1,"AP",52
77998,1,1,"AP",52
77998,2,1,"AP",52
77998,3,1,"AP",52
78002,1,1,"AA",1
78003,1,1,"AB",2
78003,2,1,"AB",2
78004,1,1,"AB",2
78005,1,1,"AB",2
78005,2,1,"AB",2
78005,3,1,"AB",2
78008,1,1,"AB",2
78008,2,1,"AB",2
78009,2,1,"AB",2
78009,3,1,"AB",2
78010,1,1,"AB",2
78010,2,1,"AB",2
78010,3,1,"AB",2
78011,1,1,"AP",52
78012,1,1,"AB",2
78015,1,1,"AB",2
78020,1,1,"AB",2
78020,2,1,"AB",2
78020,3,1,"AB",2
78020,4,1,"AB",2
78020,5,1,"AB",2
78021,1,1,"AB",2
78021,2,1,"AB",2
78021,3,1,"AB",2
78024,1,1,"AP",52
78024,2,1,"AP",52
78027,1,1,"AB",2
78027,2,1,"AB",2
78030,1,1,"AA",1
78031,1,1,"AT",56
78032,1,1,"AB",2
78032,2,1,"AB",2
78032,3,1,"AB",2
78033,1,1,"AB",2
78034,1,1,"AB",2
78034,2,1,"AB",2
78034,3,1,"AB",2
78034,4,1,"AB",2
78034,5,1,"AB",2
78035,1,1,"AB",2
78036,1,1,"AB",2
78036,2,1,"AB",2
78036,3,1,"AB",2
78036,4,1,"AB",2
78036,5,1,"AB",2
78036,6,1,"AB",2
78037,1,1,"AB",2
78040,1,1,"AB",2
78040,2,1,"AB",2
78040,3,1,"AB",2
78040,4,1,"AB",2
78040,5,1,"AB",2
78040,6,1,"AB",2
78042,1,1,"AB",2
78042,2,1,"AB",2
78042,3,1,"AB",2
78042,4,1,"AB",2
78043,1,1,"AB",2
78043,2,1,"AB",2
78043,3,1,"AB",2
78046,1,1,"AT",56
78048,1,1,"AB",2
78048,2,1,"AB",2
78050,1,1,"AB",2
78050,2,1,"AB",2
78052,1,1,"AP",52
78056,1,1,"AB",2
78056,2,1,"AB",2
78056,3,1,"AB",2
78056,4,1,"AB",2
78058,1,1,"AB",2
78060,1,1,"AB",2
78060,2,1,"AB",2
78061,1,1,"AB",2
78062,1,1,"AP",52
78062,2,1,"AP",52
78064,1,1,"AB",2
78064,3,1,"AB",2
78065,1,1,"AB",2
78065,2,1,"AB",2
78065,3,1,"AB",2
78065,4,1,"AB",2
78069,1,1,"AB",2
78069,2,1,"AB",2
78069,3,1,"AB",2
78071,1,1,"AB",2
78071,2,1,"AB",2
78071,3,1,"AB",2
78071,4,1,"AB",2
78071,5,1,"AB",2
78071,6,1,"AB",2
78075,1,1,"AT",56
78076,1,1,"AP",52
78080,1,1,"AB",2
78083,1,1,"AB",2
78083,2,1,"AB",2
78083,3,1,"AB",2
78084,1,1,"AP",52
78085,1,1,"AP",52
78086,1,1,"AP",52
78086,2,1,"AP",52
78087,1,1,"AB",2
78087,2,1,"AB",2
78087,3,1,"AB",2
78088,1,1,"AB",2
78088,2,1,"AB",2
78088,3,1,"AB",2
78088,4,1,"AB",2
78090,1,1,"AP",52
78092,2,1,"AB",2
78096,1,1,"AP",52
78098,1,1,"AP",52
78099,1,1,"AB",2
78099,2,1,"AB",2
78099,3,1,"AB",2
78101,1,1,"AB",2
78101,2,1,"AB",2
78101,3,1,"AB",2
78101,4,1,"AB",2
78102,1,1,"AB",2
78102,2,1,"AB",2
78103,1,1,"AB",2
78103,2,1,"AB",2
78103,3,1,"AB",2
78103,4,1,"AB",2
78103,5,1,"AB",2
78105,1,1,"AA",1
78106,1,1,"AB",2
78106,2,1,"AB",2
78106,3,1,"AB",2
78106,4,1,"AB",2
78107,1,1,"AP",52
78107,2,1,"AP",52
78109,1,1,"AB",2
78109,2,1,"AB",2
78109,3,1,"AB",2
78109,4,1,"AB",2
78110,1,1,"AB",2
78110,2,1,"AB",2
78110,3,1,"AB",2
78110,4,1,"AB",2
78110,5,1,"AB",2
78110,6,1,"AB",2
78110,7,1,"AB",2
78113,1,1,"AP",52
78113,2,1,"AP",52
78115,1,1,"AB",2
78115,2,1,"AB",2
78115,3,1,"AB",2
78116,1,1,"AB",2
78116,2,1,"AB",2
78116,3,1,"AB",2
78116,4,1,"AB",2
78116,5,1,"AB",2
78119,1,1,"AB",2
78122,1,1,"AP",52
78122,2,1,"AP",52
78124,1,1,"AT",56
78127,1,1,"AA",1
78128,1,1,"AB",2
78133,1,1,"AB",2
78137,1,1,"AP",52
78138,1,1,"AB",2
78138,2,1,"AB",2
78138,3,1,"AB",2
78139,1,1,"AB",2
78139,2,1,"AB",2
78144,1,1,"AT",56
78147,1,1,"AB",2
78147,2,1,"AB",2
78148,1,1,"AB",2
78148,2,1,"AB",2
78151,1,1,"AP",52
78152,1,1,"AB",2
78152,2,1,"AB",2
78154,1,1,"AB",2
78154,2,1,"AB",2
78154,3,1,"AB",2
78155,1,1,"AB",2
78155,2,1,"AB",2
78155,3,1,"AB",2
78155,4,1,"AB",2
78155,5,1,"AB",2
78156,1,1,"AP",52
78156,2,1,"AP",52
78156,3,1,"AP",52
78157,1,1,"AB",2
78162,1,1,"AB",2
78163,1,1,"AB",2
78164,1,1,"AB",2
78165,1,1,"AB",2
78165,2,1,"AB",2
78165,3,1,"AB",2
78165,4,1,"AB",2
78166,1,1,"AB",2
78166,2,1,"AB",2
78167,1,1,"AP",52
78169,1,1,"AB",2
78169,2,1,"AB",2
78169,3,1,"AB",2
78170,1,1,"AB",2
78170,2,1,"AB",2
78170,3,1,"AB",2
78171,1,1,"AN",50
78171,2,1,"AN",50
78171,3,1,"AN",50
78172,1,1,"AT",56
78173,1,1,"AB",2
78173,2,1,"AB",2
78175,1,1,"AB",2
78175,2,1,"AB",2
78175,3,1,"AB",2
78177,1,1,"AP",52
78178,1,1,"AB",2
78179,1,1,"AB",2
78179,2,1,"AB",2
78181,1,1,"AB",2
78181,2,1,"AB",2
78181,3,1,"AB",2
78182,1,1,"AB",2
78182,2,1,"AB",2
78182,3,1,"AB",2
78183,1,1,"AB",2
78183,2,1,"AB",2
78184,1,1,"AB",2
78184,2,1,"AB",2
78188,1,1,"AP",52
78188,2,1,"AP",52
78189,1,1,"AB",2
78189,2,1,"AB",2
78189,3,1,"AB",2
78191,1,1,"AB",2
78191,2,1,"AB",2
78191,3,1,"AB",2
78191,4,1,"AB",2
78193,1,1,"AB",2
78194,1,1,"AB",2
78194,2,1,"AB",2
78194,3,1,"AB",2
78194,4,1,"AB",2
78195,1,1,"AB",2
78199,1,1,"AB",2
78202,1,1,"AN",50
78202,2,1,"AN",50
78203,1,1,"AB",2
78203,2,1,"AB",2
78203,3,1,"AB",2
78207,1,1,"AB",2
78210,1,1,"AB",2
78210,2,1,"AB",2
78210,3,1,"AB",2
78212,1,1,"AB",2
78212,2,1,"AB",2
78212,3,1,"AB",2
78213,1,1,"AB",2
78213,2,1,"AB",2
78213,3,1,"AB",2
78213,4,1,"AB",2
78213,5,1,"AB",2
78214,1,1,"AB",2
78214,2,1,"AB",2
78215,1,1,"AB",2
78216,1,1,"AB",2
78216,2,1,"AB",2
78216,3,1,"AB",2
78217,1,1,"AB",2
78217,2,1,"AB",2
78217,3,1,"AB",2
78217,4,1,"AB",2
78218,1,1,"AB",2
78218,2,1,"AB",2
78222,1,1,"AT",56
78223,1,1,"AB",2
78225,1,1,"AB",2
78226,1,1,"AB",2
78226,2,1,"AB",2
78226,3,1,"AB",2
78227,1,1,"AB",2
78227,2,1,"AB",2
78227,3,1,"AB",2
78227,4,1,"AB",2
78228,1,1,"AP",52
78231,1,1,"AB",2
78231,2,1,"AB",2
78231,3,1,"AB",2
78232,1,1,"AB",2
78232,2,1,"AB",2
78232,3,1,"AB",2
78233,1,1,"AT",56
78234,1,1,"AB",2
78234,2,1,"AB",2
78234,3,1,"AB",2
78235,1,1,"AB",2
78235,2,1,"AB",2
78235,3,1,"AB",2
78235,4,1,"AB",2
78239,1,1,"AB",2
78239,2,1,"AB",2
78242,1,1,"AP",52
78243,1,1,"AB",2
78243,2,1,"AB",2
78243,3,1,"AB",2
78245,1,1,"AB",2
78245,2,1,"AB",2
78245,3,1,"AB",2
78246,1,1,"AB",2
78246,2,1,"AB",2
78246,3,1,"AB",2
78246,4,1,"AB",2
78249,1,1,"AB",2
78249,2,1,"AB",2
78249,3,1,"AB",2
78249,4,1,"AB",2
78250,1,1,"AB",2
78250,2,1,"AB",2
78250,3,1,"AB",2
78251,1,1,"AB",2
78251,2,1,"AB",2
78251,3,1,"AB",2
78251,4,1,"AB",2
78252,1,1,"AP",52
78252,2,1,"AP",52
78253,1,1,"AB",2
78253,2,1,"AB",2
78258,1,1,"AP",52
78258,2,1,"AP",52
78261,1,1,"AP",52
78262,1,1,"AP",52
78266,1,1,"AB",2
78267,1,1,"AB",2
78269,1,1,"AB",2
78269,2,1,"AB",2
78269,3,1,"AB",2
78269,4,1,"AB",2
78269,5,1,"AB",2
78269,6,1,"AB",2
78270,1,1,"AT",56
78271,1,1,"AB",2
78273,1,1,"AB",2
78273,2,1,"AB",2
78274,1,1,"AP",52
78274,2,1,"AP",52
78276,1,1,"AB",2
78276,2,1,"AB",2
78276,3,1,"AB",2
78277,1,1,"AP",52
78278,1,1,"AB",2
78278,2,1,"AB",2
78278,3,1,"AB",2
78279,1,1,"AB",2
78279,2,1,"AB",2
78280,1,1,"AP",52
78280,2,1,"AP",52
78280,3,1,"AP",52
78281,1,1,"AB",2
78281,2,1,"AB",2
78284,1,1,"AB",2
78284,2,1,"AB",2
78284,3,1,"AB",2
78287,1,1,"AP",52
78288,1,1,"AP",52
78289,1,1,"AP",52
78290,1,1,"AB",2
78290,2,1,"AB",2
78290,3,1,"AB",2
78292,1,1,"AB",2
78292,2,1,"AB",2
78292,3,1,"AB",2
78293,1,1,"TBD",999
78295,1,1,"AB",2
78295,2,1,"AB",2
78295,3,1,"AB",2
78296,1,1,"AB",2
78296,2,1,"AB",2
78296,3,1,"AB",2
78297,1,1,"AB",2
78301,1,1,"AB",2
78301,2,1,"AB",2
78301,3,1,"AB",2
78301,4,1,"AB",2
78301,5,1,"AB",2
78302,1,1,"AB",2
78305,1,1,"AT",56
78306,1,1,"AB",2
78306,2,1,"AB",2
78306,3,1,"AB",2
78309,1,1,"AN",50
78312,1,1,"AA",1
78314,1,1,"AB",2
78314,2,1,"AB",2
78316,1,1,"AB",2
78319,1,1,"AB",2
78319,2,1,"AB",2
78321,1,1,"AB1",3
78321,2,1,"AB",2
78323,1,1,"AB",2
78324,1,1,"AB",2
78324,2,1,"AB",2
78327,1,1,"AB",2
78327,2,1,"AB",2
78327,3,1,"AB",2
78329,1,1,"AB",2
78329,2,1,"AB",2
78329,3,1,"AB",2
78331,1,1,"AP",52
78332,1,1,"AB",2
78332,2,1,"AB",2
78332,3,1,"AB",2
78332,4,1,"AB",2
78337,1,1,"AB",2
78338,1,1,"AB",2
78339,1,1,"AP",52
78339,2,1,"AP",52
78340,1,1,"AB",2
78340,2,1,"AB",2
78341,1,1,"AB",2
78347,1,1,"AP",52
78349,1,1,"AB",2
78350,1,1,"AT",56
78351,1,1,"AB",2
78352,1,1,"AB",2
78355,1,1,"AB",2
78357,1,1,"AB",2
78359,1,1,"AB",2
78361,1,1,"AB",2
78364,1,1,"AB",2
78365,1,1,"AB",2
78366,1,1,"AB",2
78367,1,1,"AB",2
78367,2,1,"AB",2
78368,1,1,"AP",52
78369,1,1,"AB",2
78371,1,1,"AB",2
78373,1,1,"AP",52
78373,2,1,"AP",52
78376,1,1,"AB",2
78378,1,1,"AP",52
78380,1,1,"AB",2
78381,1,1,"AB",2
78381,2,1,"AB",2
78381,3,1,"AB",2
78381,4,1,"AB",2
78381,5,1,"AB",2
78381,6,1,"AB",2
78383,1,1,"AB",2
78383,2,1,"AB",2
78383,3,1,"AB",2
78384,1,1,"AB",2
78384,2,1,"AB",2
78384,3,1,"AB",2
78384,4,1,"AB",2
78385,1,1,"AB",2
78385,2,1,"AB",2
78387,1,1,"AB",2
78387,2,1,"AB",2
78387,3,1,"AB",2
78387,4,1,"AB",2
78390,1,1,"AB",2
78390,2,1,"AB",2
78391,1,1,"AB",2
78392,1,1,"AP",52
78393,1,1,"AP",52
78396,1,1,"AP",52
78396,2,1,"AP",52
78398,1,1,"AA",1
78399,1,1,"AT",56
78400,1,1,"AP",52
78400,2,1,"AP",52
78401,1,1,"AB",2
78401,2,1,"AB",2
78402,1,1,"AB",2
78402,2,1,"AB",2
78402,3,1,"AB",2
78402,4,1,"AB",2
78402,5,1,"AB",2
78402,6,1,"AB",2
78403,1,1,"AB",2
78403,2,1,"AB",2
78403,3,1,"AB",2
78404,1,1,"AN",50
78404,2,1,"AN",50
78406,1,1,"AB",2
78406,2,1,"AB",2
78406,3,1,"AB",2
78406,4,1,"AB",2
78407,1,1,"AB",2
78407,2,1,"AB",2
78410,1,1,"AB",2
78410,2,1,"AB",2
78410,3,1,"AB",2
78410,4,1,"AB",2
78411,1,1,"AB",2
78413,1,1,"AB",2
78413,2,1,"AB",2
78414,1,1,"AB",2
78414,2,1,"AB",2
78414,3,1,"AB",2
78417,1,1,"AP",52
78421,1,1,"AB",2
78421,2,1,"AB",2
78421,3,1,"AB",2
78423,1,1,"AB",2
78423,2,1,"AB",2
78423,3,1,"AB",2
78423,4,1,"AB",2
78424,1,1,"AB",2
78424,2,1,"AB",2
78424,3,1,"AB",2
78426,1,1,"AB",2
78426,2,1,"AB",2
78428,1,1,"AB",2
78428,2,1,"AB",2
78428,3,1,"AB",2
78430,1,1,"AA",1
78431,1,1,"AP",52
78432,1,1,"AB",2
78432,2,1,"AB",2
78433,1,1,"AP",52
78433,2,1,"AP",52
78434,1,1,"AT",56
78438,1,1,"AB",2
78438,2,1,"AB",2
78438,3,1,"AB",2
78439,1,1,"AB",2
78439,2,1,"AB",2
78441,1,1,"AB",2
78441,2,1,"AB",2
78441,3,1,"AB",2
78445,1,1,"AB",2
78445,2,1,"AB",2
78446,1,1,"AP",52
78449,1,1,"AB",2
78449,2,1,"AB",2
78449,3,1,"AB",2
78449,4,1,"AB",2
78450,1,1,"AB",2
78450,2,1,"AB",2
78450,3,1,"AB",2
78452,1,1,"AA",1
78453,1,1,"AB",2
78453,2,1,"AB",2
78453,3,1,"AB",2
78454,1,1,"AB",2
78454,2,1,"AB",2
78457,1,1,"AB",2
78457,2,1,"AB",2
78457,3,1,"AB",2
78457,4,1,"AB",2
78458,1,1,"AB1",3
78458,2,1,"AB1",3
78458,3,1,"AB1",3
78459,1,1,"AB",2
78459,2,1,"AB",2
78459,3,1,"AB",2
78462,1,1,"AB",2
78462,2,1,"AB",2
78462,3,1,"AB",2
78462,4,1,"AB",2
78463,1,1,"AB",2
78464,1,1,"AB",2
78464,2,1,"AB",2
78464,3,1,"AB",2
78464,4,1,"AB",2
78464,5,1,"AB",2
78465,1,1,"AA",1
78466,1,1,"AB",2
78466,2,1,"AB",2
78466,3,1,"AB",2
78466,4,1,"AB",2
78466,5,1,"AB",2
78466,6,1,"AB",2
78468,1,1,"AT",56
78469,1,1,"AB",2
78469,2,1,"AB",2
78469,3,1,"AB",2
78469,4,1,"AB",2
78470,1,1,"AB",2
78470,2,1,"AB",2
78470,3,1,"AB",2
78472,1,1,"AB",2
78472,2,1,"AB",2
78472,3,1,"AB",2
78474,1,1,"AB",2
78474,2,1,"AB",2
78476,1,1,"AP",52
78477,1,1,"AB",2
78477,2,1,"AB",2
78477,3,1,"AB",2
78482,1,1,"AB",2
78482,2,1,"AB",2
78485,1,1,"AB",2
78486,1,1,"AB",2
78486,2,1,"AB",2
78488,1,1,"AA",1
78489,1,1,"AB",2
78489,2,1,"AB",2
78489,3,1,"AB",2
78489,4,1,"AB",2
78490,1,1,"AB",2
78490,2,1,"AB",2
78490,3,1,"AB",2
78491,1,1,"AB",2
78491,2,1,"AB",2
78491,3,1,"AB",2
78491,4,1,"AB",2
78492,1,1,"AB",2
78494,1,1,"AB",2
78494,2,1,"AB",2
78494,3,1,"AB",2
78494,4,1,"AB",2
78496,1,1,"AA",1
78499,1,1,"AB",2
78499,2,1,"AB",2
78499,3,1,"AB",2
78499,4,1,"AB",2
78500,1,1,"AB",2
78500,2,1,"AB",2
78500,3,1,"AB",2
78503,1,1,"AB",2
78503,2,1,"AB",2
78503,3,1,"AB",2
78504,1,1,"AB",2
78508,1,1,"AB",2
78508,2,1,"AB",2
78508,3,1,"AB",2
78510,1,1,"AB",2
78510,2,1,"AB",2
78512,1,1,"AB",2
78512,2,1,"AB",2
78512,3,1,"AB",2
78515,1,1,"AB",2
78516,1,1,"AB",2
78516,3,1,"AB",2
78518,1,1,"AB",2
78518,2,1,"AB",2
78519,1,1,"AP",52
78519,2,1,"AP",52
78520,1,1,"AP",52
78520,2,1,"AP",52
78522,1,1,"AP",52
78523,1,1,"AP",52
78525,1,1,"AB",2
78525,2,1,"AB",2
78525,3,1,"AB",2
78525,4,1,"AB",2
78526,1,1,"AB",2
78526,2,1,"AB",2
78526,3,1,"AB",2
78527,1,1,"AP",52
78527,2,1,"AP",52
78528,1,1,"AB",2
78528,2,1,"AB",2
78528,3,1,"AB",2
78528,4,1,"AB",2
78528,5,1,"AB",2
78528,6,1,"AB",2
78531,1,1,"AP",52
78531,2,1,"AP",52
78534,1,1,"AP",52
78536,1,1,"AB",2
78536,2,1,"AB",2
78536,3,1,"AB",2
78537,1,1,"AP",52
78538,1,1,"AP",52
78539,1,1,"AB",2
78539,2,1,"AB",2
78539,3,1,"AB",2
78540,1,1,"AB",2
78540,2,1,"AB",2
78540,3,1,"AB",2
78541,1,1,"AB",2
78542,1,1,"AB",2
78542,2,1,"AB",2
78544,1,1,"AP",52
78548,1,1,"AB",2
78552,1,1,"AB",2
78552,2,1,"AB",2
78552,3,1,"AB",2
78553,1,1,"AT",56
78554,1,1,"AB",2
78554,2,1,"AB",2
78554,3,1,"AB",2
78554,4,1,"AB",2
78554,5,1,"AB",2
78555,1,1,"AB",2
78555,2,1,"AB",2
78555,3,1,"AB",2
78556,1,1,"AB",2
78556,2,1,"AB",2
78558,1,1,"AB",2
78558,2,1,"AB",2
78558,3,1,"AB",2
78559,1,1,"AT",56
78560,1,1,"AB",2
78561,1,1,"AB",2
78561,2,1,"AB",2
78561,3,1,"AB",2
78561,4,1,"AB",2
78564,1,1,"AP",52
78565,1,1,"AP",52
78566,1,1,"AP",52
78571,1,1,"AB",2
78572,1,1,"AB",2
78573,1,1,"AB",2
78573,2,1,"AB",2
78573,3,1,"AB",2
78575,1,1,"AB",2
78578,1,1,"AB",2
78579,1,1,"AP",52
78579,2,1,"AP",52
78579,3,1,"AP",52
78581,1,1,"AB",2
78582,1,1,"AA",1
78583,1,1,"AB",2
78583,2,1,"AB",2
78583,3,1,"AB",2
78583,4,1,"AB",2
78583,5,1,"AB",2
78583,6,1,"AB",2
78584,1,1,"AB",2
78589,1,1,"AP",52
78589,2,1,"AP",52
78589,3,1,"AP",52
78591,1,1,"AP",52
78592,1,1,"AB",2
78592,2,1,"AB",2
78592,3,1,"AB",2
78593,1,1,"AP",52
78594,1,1,"AT",56
78595,1,1,"AP",52
78595,2,1,"AP",52
78596,1,1,"AB1",3
78596,2,1,"AB",2
78597,1,1,"AB",2
78597,2,1,"AB",2
78597,3,1,"AB",2
78599,1,1,"AB",2
78601,2,1,"AP",52
78601,3,1,"AP",52
78602,1,1,"AB",2
78602,2,1,"AB",2
78604,1,1,"AB",2
78604,2,1,"AB",2
78604,3,1,"AB",2
78605,1,1,"AB",2
78607,1,1,"AB",2
78607,2,1,"AB",2
78608,1,1,"AB",2
78610,1,1,"AP",52
78616,1,1,"AB",2
78616,2,1,"AB",2
78619,1,1,"AB1",3
78619,2,1,"AB1",3
78619,3,1,"AB",2
78620,1,1,"AB",2
78620,2,1,"AB",2
78620,3,1,"AB",2
78621,1,1,"AT",56
78625,1,1,"AB",2
78625,2,1,"AB",2
78625,3,1,"AB",2
78625,4,1,"AB",2
78626,1,1,"AB",2
78626,2,1,"AB",2
78626,3,1,"AB",2
78627,1,1,"AB",2
78627,2,1,"AB",2
78627,3,1,"AB",2
78627,4,1,"AB",2
78627,5,1,"AB",2
78629,1,1,"AP",52
78629,2,1,"AP",52
78630,1,1,"AP",52
78631,1,1,"AP",52
78631,2,1,"AP",52
78631,3,1,"AP",52
78631,4,1,"AP",52
78633,1,1,"AB",2
78633,2,1,"AB",2
78634,1,1,"AB",2
78635,1,1,"AB",2
78635,2,1,"AB",2
78639,1,1,"AP",52
78640,1,1,"AP",52
78641,1,1,"AP",52
78642,1,1,"AP",52
78643,1,1,"AB",2
78643,2,1,"AB",2
78644,1,1,"AB",2
78649,1,1,"AB",2
78650,1,1,"AN",50
78651,1,1,"AP",52
78651,2,1,"AP",52
78654,1,1,"AB",2
78654,2,1,"AB",2
78654,3,1,"AB",2
78654,4,1,"AB",2
78654,5,1,"AB",2
78656,1,1,"AB",2
78656,2,1,"AB",2
78657,1,1,"AB",2
78660,1,1,"AB",2
78662,1,1,"AB",2
78662,2,1,"AB",2
78668,1,1,"AB",2
78670,1,1,"AB",2
78670,2,1,"AB",2
78670,3,1,"AB",2
78671,1,1,"AB",2
78671,2,1,"AB",2
78677,1,1,"AB",2
78677,2,1,"AB",2
78677,3,1,"AB",2
78678,1,1,"AB",2
78679,1,1,"AB",2
78679,2,1,"AB",2
78679,3,1,"AB",2
78679,4,1,"AB",2
78679,5,1,"AB",2
78679,6,1,"AB",2
78679,7,1,"AB",2
78684,1,1,"AA",1
78686,1,1,"AP",52
78687,1,1,"AP",52
78690,1,1,"AB",2
78690,2,1,"AB",2
78690,3,1,"AB",2
78691,1,1,"AB",2
78691,2,1,"AB",2
78691,3,1,"AB",2
78691,4,1,"AB",2
78694,1,1,"AT",56
78698,1,1,"AP",52
78698,2,1,"AP",52
78702,1,1,"AB",2
78702,2,1,"AB",2
78702,3,1,"AB",2
78702,4,1,"AB",2
78703,1,1,"AB",2
78703,2,1,"AB",2
78703,3,1,"AB",2
78703,4,1,"AB",2
78704,1,1,"AT",56
78705,1,1,"AB",2
78705,2,1,"AB",2
78707,1,1,"AB",2
78707,2,1,"AB",2
78707,3,1,"AB",2
78707,4,1,"AB",2
78707,5,1,"AB",2
78707,6,1,"AB",2
78708,1,1,"AB",2
78708,2,1,"AB",2
78708,3,1,"AB",2
78710,1,1,"AB",2
78710,3,1,"AB",2
78713,1,1,"AP",52
78717,1,1,"AP",52
78717,2,1,"AP",52
78718,1,1,"AP",52
78718,2,1,"AP",52
78720,1,1,"AB",2
78721,1,1,"AT",56
78722,1,1,"AB",2
78722,2,1,"AB",2
78722,3,1,"AB",2
78723,1,1,"AB",2
78723,2,1,"AB",2
78724,1,1,"AB",2
78725,1,1,"AB",2
78728,1,1,"AB",2
78728,2,1,"AB",2
78728,3,1,"AB",2
78734,1,1,"AB",2
78735,1,1,"AB",2
78735,2,1,"AB",2
78735,3,1,"AB",2
78735,4,1,"AB",2
78735,5,1,"AB",2
78736,1,1,"AP",52
78738,1,1,"AT",56
78739,1,1,"AB",2
78739,2,1,"AB",2
78745,1,1,"AB",2
78745,2,1,"AB",2
78745,3,1,"AB",2
78745,4,1,"AB",2
78748,1,1,"AT",56
78749,1,1,"AT",56
78751,1,1,"AB",2
78751,2,1,"AB",2
78753,1,1,"AP",52
78753,2,1,"AP",52
78755,1,1,"AB",2
78755,2,1,"AB",2
78755,3,1,"AB",2
78759,1,1,"AP",52
78759,2,1,"AP",52
78761,1,1,"AB",2
78761,2,1,"AB",2
78761,3,1,"AB",2
78761,4,1,"AB",2
78761,5,1,"AB",2
78763,1,1,"AB",2
78764,1,1,"AP",52
78764,2,1,"AP",52
78765,1,1,"AP",52
78766,1,1,"AB",2
78766,2,1,"AB",2
78766,3,1,"AB",2
78769,1,1,"AB",2
78771,1,1,"AT",56
78771,2,1,"AT1",66
78772,1,1,"AP",52
78772,2,1,"AP",52
78774,1,1,"AA",1
78776,1,1,"AA",1
78777,1,1,"AB",2
78777,2,1,"AB",2
78777,3,1,"AB",2
78778,1,1,"AB",2
78783,1,1,"AB1",3
78783,2,1,"AB1",3
78783,3,1,"AB1",3
78787,1,1,"AB",2
78787,2,1,"AB",2
78787,3,1,"AB",2
78790,1,1,"AB",2
78790,2,1,"AB",2
78790,3,1,"AB",2
78791,1,1,"AB",2
78791,2,1,"AB",2
78792,1,1,"AT",56
78794,1,1,"AB",2
78794,2,1,"AB",2
78794,3,1,"AB",2
78794,4,1,"AB",2
78796,1,1,"AP",52
78800,1,1,"AB",2
78801,1,1,"AB",2
78803,1,1,"AP",52
78803,2,1,"AP",52
78804,1,1,"AB",2
78806,1,1,"AP",52
78807,1,1,"AB",2
78807,2,1,"AB",2
78809,1,1,"AP",52
78810,1,1,"AP",52
78810,2,1,"AP",52
78811,1,1,"AP",52
78811,2,1,"AP",52
78813,1,1,"AP",52
78813,2,1,"AP",52
78815,1,1,"AP",52
78815,2,1,"AP",52
78817,1,1,"AP",52
78817,2,1,"AP",52
78818,1,1,"AP",52
78818,2,1,"AP",52
78819,1,1,"AP",52
78819,2,1,"AP",52
78826,1,1,"AB",2
78826,2,1,"AB",2
78826,3,1,"AB",2
78827,1,1,"AB",2
78827,2,1,"AB",2
78827,3,1,"AB",2
78829,1,1,"AB",2
78829,2,1,"AB",2
78830,1,1,"AB",2
78832,1,1,"AB",2
78832,2,1,"AB",2
78832,3,1,"AB",2
78832,4,1,"AB",2
78833,1,1,"AB",2
78834,1,1,"AB",2
78835,1,1,"AP",52
78835,2,1,"AP",52
78837,1,1,"AB",2
78843,1,1,"AB",2
78845,1,1,"AB",2
78846,1,1,"AB",2
78848,1,1,"AB",2
78848,2,1,"AB",2
78848,3,1,"AB",2
78848,4,1,"AB",2
78853,1,1,"AB",2
78853,2,1,"AB",2
78853,3,1,"AB",2
78854,1,1,"AB",2
78855,1,1,"AB",2
78855,2,1,"AB",2
78855,3,1,"AB",2
78857,1,1,"AB",2
78857,2,1,"AB",2
78857,3,1,"AB",2
78857,4,1,"AB",2
78858,1,1,"AB",2
78858,2,1,"AB",2
78858,3,1,"AB",2
78858,4,1,"AB",2
78861,1,1,"AA",1
78863,1,1,"AP",52
78863,2,1,"AP",52
78864,1,1,"AB",2
78865,1,1,"AB",2
78865,2,1,"AB",2
78865,3,1,"AB",2
78866,1,1,"AB1",3
78866,2,1,"AB1",3
78866,3,1,"AB1",3
78867,1,1,"AP",52
78868,1,1,"AB",2
78868,2,1,"AB",2
78868,3,1,"AB",2
78869,1,1,"AB",2
78869,2,1,"AB",2
78869,3,1,"AB",2
78869,4,1,"AB",2
78870,1,1,"AA",1
78871,1,1,"AB",2
78871,2,1,"AB",2
78871,3,1,"AB",2
78871,4,1,"AB",2
78871,5,1,"AB",2
78871,6,1,"AB",2
78873,1,1,"AB2",20
78873,2,1,"AB2",20
78873,3,1,"AB2",20
78876,1,1,"AA",1
78877,1,1,"AB",2
78877,2,1,"AB",2
78879,1,1,"AB",2
78879,2,1,"AB",2
78879,3,1,"AB",2
78879,4,1,"AB",2
78879,5,1,"AB",2
78879,6,1,"AB",2
78880,1,1,"AP",52
78881,1,1,"AB",2
78881,2,1,"AB",2
78881,3,1,"AB",2
78881,4,1,"AB",2
78881,5,1,"AB",2
78881,6,1,"AB",2
78881,7,1,"AB",2
78885,1,1,"AP",52
78886,1,1,"AB",2
78888,1,1,"AB",2
78888,2,1,"AB",2
78888,3,1,"AB",2
78888,4,1,"AB",2
78889,1,1,"AB",2
78889,2,1,"AB",2
78890,1,1,"AA",1
78892,1,1,"AB",2
78893,1,1,"AB",2
78893,2,1,"AB",2
78893,3,1,"AB",2
78894,1,1,"AB",2
78894,2,1,"AB",2
78894,3,1,"AB",2
78894,4,1,"AB",2
78894,5,1,"AB",2
78895,1,1,"AB",2
78895,2,1,"AB",2
78895,3,1,"AB",2
78898,1,1,"AB",2
78898,2,1,"AB",2
78898,3,1,"AB",2
78899,1,1,"AB",2
78900,1,1,"AB",2
78901,1,1,"AB",2
78901,2,1,"AB",2
78901,3,1,"AB",2
78901,4,1,"AB",2
78901,5,1,"AB",2
78902,1,1,"AB",2
78902,2,1,"AB",2
78902,3,1,"AB",2
78902,4,1,"AB",2
78904,1,1,"AB",2
78905,1,1,"AB",2
78905,2,1,"AB",2
78905,3,1,"AB",2
78906,1,1,"AB",2
78907,1,1,"AB",2
78907,2,1,"AB",2
78907,3,1,"AB",2
78907,4,1,"AB",2
78907,5,1,"AB",2
78907,6,1,"AB",2
78908,1,1,"AB",2
78908,2,1,"AB",2
78908,3,1,"AB",2
78908,4,1,"AB",2
78909,1,1,"AA",1
78913,1,1,"AB",2
78913,2,1,"AB",2
78916,1,1,"AB",2
78916,2,1,"AB",2
78917,1,1,"AB",2
78918,1,1,"AB",2
78918,2,1,"AB",2
78919,1,1,"AB",2
78920,1,1,"AB",2
78920,2,1,"AB",2
78920,3,1,"AB",2
78920,4,1,"AB",2
78920,5,1,"AB",2
78921,1,1,"AB",2
78922,1,1,"AB",2
78925,1,1,"AB",2
78925,2,1,"AB",2
78925,3,1,"AB",2
78926,1,1,"AB",2
78926,2,1,"AB",2
78930,1,1,"AB",2
78932,1,1,"AB",2
78932,2,1,"AB",2
78932,3,1,"AB",2
78932,4,1,"AB",2
78932,5,1,"AB",2
78936,1,1,"AB",2
78936,2,1,"AB",2
78938,1,1,"AB",2
78939,1,1,"AB",2
78939,2,1,"AB",2
78941,1,1,"AB",2
78942,1,1,"AP",52
78942,2,1,"AP",52
78944,1,1,"AB",2
78945,1,1,"AP",52
78946,1,1,"AB",2
78946,2,1,"AB",2
78946,3,1,"AB",2
78946,4,1,"AB",2
78946,5,1,"AB",2
78947,1,1,"AB",2
78947,2,1,"AB",2
78947,3,1,"AB",2
78947,4,1,"AB",2
78948,1,1,"AB",2
78950,1,1,"AP",52
78953,1,1,"AP",52
78953,2,1,"AP",52
78955,1,1,"AB",2
78955,2,1,"AB",2
78955,3,1,"AB",2
78955,4,1,"AB",2
78955,5,1,"AB",2
78956,1,1,"AB",2
78956,2,1,"AB",2
78956,3,1,"AB",2
78956,4,1,"AB",2
78957,1,1,"AB",2
78957,2,1,"AB",2
78957,3,1,"AB",2
78957,4,1,"AB",2
78959,1,1,"AP",52
78960,1,1,"AB",2
78960,2,1,"AB",2
78960,3,1,"AB",2
78960,4,1,"AB",2
78962,1,1,"AB",2
78962,2,1,"AB",2
78963,1,1,"AB",2
78963,2,1,"AB",2
78964,1,1,"AB",2
78965,1,1,"AB",2
78966,1,1,"AB",2
78966,2,1,"AB",2
78969,1,1,"AB",2
78970,1,1,"AB",2
78970,2,1,"AB",2
78974,1,1,"AA",1
78975,1,1,"AT",56
78976,1,1,"AA",1
78979,1,1,"AB",2
78980,1,1,"AP",52
78980,2,1,"AP",52
78981,1,1,"AT",56
78983,1,1,"AB",2
78983,2,1,"AB",2
78983,3,1,"AB",2
78983,4,1,"AB",2
78983,5,1,"AB",2
78983,6,1,"AB",2
78983,7,1,"AB",2
78986,1,1,"AB",2
78986,2,1,"AB",2
78986,3,1,"AB",2
78987,1,1,"AB",2
78988,1,1,"AA",1
78989,1,1,"AB",2
78989,2,1,"AB",2
78990,1,1,"AP",52
78990,2,1,"AP",52
78990,3,1,"AP",52
78990,4,1,"AP",52
78990,5,1,"AP",52
78990,6,1,"AP",52
78990,7,1,"AP",52
78992,3,1,"AB",2
78992,4,1,"AB",2
78993,1,1,"AB",2
78993,2,1,"AB",2
78993,3,1,"AB",2
78993,4,1,"AB",2
78996,1,1,"AB",2
78997,1,1,"AB",2
78998,1,1,"AB",2
79001,1,1,"AP",52
79001,2,1,"AP",52
79003,1,1,"AB",2
79009,1,1,"AB",2
79009,2,1,"AB",2
79009,3,1,"AB",2
79010,1,1,"AA",1
79011,1,1,"AB",2
79012,1,1,"AB",2
79012,2,1,"AB",2
79013,1,1,"AB",2
79014,1,1,"AB",2
79016,1,1,"AB",2
79016,2,1,"AB",2
79016,3,1,"AB",2
79016,4,1,"AB",2
79016,5,1,"AB",2
79016,6,1,"AB",2
79016,7,1,"AB",2
79019,1,1,"AB",2
79019,2,1,"AB",2
79019,3,1,"AB",2
79019,4,1,"AB",2
79019,5,1,"AB",2
79019,6,1,"AB",2
79019,7,1,"AB",2
79022,1,1,"AB",2
79022,2,1,"AB",2
79022,3,1,"AB",2
79022,4,1,"AB",2
79022,5,1,"AB",2
79022,6,1,"AB",2
79022,7,1,"AB",2
79025,1,1,"AB",2
79025,2,1,"AB",2
79028,1,1,"AB",2
79028,2,1,"AB",2
79028,3,1,"AB",2
79029,1,1,"AB",2
79031,1,1,"AB1",3
79031,2,1,"AB1",3
79031,3,1,"AB1",3
79031,4,1,"AB1",3
79032,1,1,"AP",52
79039,1,1,"AP",52
79042,1,1,"AB",2
79042,2,1,"AB",2
79042,3,1,"AB",2
79042,4,1,"AB",2
79045,1,1,"AB",2
79046,1,1,"AB",2
79046,2,1,"AB",2
79046,3,1,"AB",2
79046,4,1,"AB",2
79046,5,1,"AB",2
79046,6,1,"AB",2
79046,7,1,"AB",2
79047,1,1,"AB",2
79047,2,1,"AB",2
79049,1,1,"AB",2
79049,2,1,"AB",2
79049,3,1,"AB",2
79049,4,1,"AB",2
79050,1,1,"AB",2
79050,2,1,"AB",2
79050,3,1,"AB",2
79050,4,1,"AB",2
79050,5,1,"AB",2
79050,6,1,"AB",2
79050,7,1,"AB",2
79054,1,1,"AB",2
79056,1,1,"AB",2
79057,1,1,"AB",2
79059,1,1,"AA",1
79060,1,1,"AB",2
79061,1,1,"AB",2
79062,1,1,"AA",1
79063,1,1,"AA",1
79064,1,1,"AB",2
79065,1,1,"AB",2
79067,1,1,"AB",2
79067,2,1,"AB",2
79068,1,1,"AP",52
79068,2,1,"AP",52
79069,1,1,"AB",2
79069,2,1,"AB",2
79069,3,1,"AB",2
79069,4,1,"AB",2
79070,1,1,"AB",2
79070,2,1,"AB",2
79070,3,1,"AB",2
79072,1,1,"AB",2
79076,1,1,"AP",52
79078,1,1,"AP",52
79078,2,1,"AP",52
79080,1,1,"AB",2
79081,1,1,"AB",2
79082,1,1,"AB",2
79085,1,1,"AB",2
79085,2,1,"AB",2
79086,1,1,"AP",52
79087,1,1,"AB",2
79087,2,1,"AB",2
79087,3,1,"AB",2
79087,4,1,"AB",2
79087,5,1,"AB",2
79087,6,1,"AB",2
79088,1,1,"AB",2
79088,2,1,"AB",2
79088,3,1,"AB",2
79088,4,1,"AB",2
79088,5,1,"AB",2
79088,6,1,"AB",2
79089,1,1,"AB",2
79090,1,1,"AB",2
79090,2,1,"AB",2
79090,3,1,"AB",2
79094,1,1,"AB2",20
79095,1,1,"AB1",3
79095,2,1,"AB1",3
79095,3,1,"AB1",3
79098,1,1,"AB",2
79098,2,1,"AB",2
79098,3,1,"AB",2
79098,4,1,"AB",2
79098,5,1,"AB",2
79099,1,1,"AB",2
79099,2,1,"AB",2
79102,1,1,"AB",2
79103,1,1,"AB",2
79104,1,1,"AP",52
79104,2,1,"AP",52
79106,1,1,"AB",2
79106,2,1,"AB",2
79106,3,1,"AB",2
79107,1,1,"AA",1
79108,1,1,"AB",2
79108,2,1,"AB",2
79108,3,1,"AB",2
79108,4,1,"AB",2
79108,5,1,"AB",2
79110,1,1,"AB",2
79111,1,1,"AB",2
79116,1,1,"AB",2
79116,2,1,"AB",2
79116,3,1,"AB",2
79116,4,1,"AB",2
79117,1,1,"AB",2
79118,1,1,"AB1",3
79118,2,1,"AB",2
79119,1,1,"AP",52
79120,1,1,"AA",1
79121,1,1,"AA",1
79123,1,1,"AP",52
79124,1,1,"AB",2
79128,1,1,"AB",2
79132,1,1,"AB",2
79132,2,1,"AB",2
79132,3,1,"AB",2
79132,4,1,"AB",2
79133,1,1,"AB",2
79134,1,1,"AP",52
79135,1,1,"AB",2
79135,2,1,"AB",2
79135,3,1,"AB",2
79135,4,1,"AB",2
79137,1,1,"AB",2
79137,2,1,"AB",2
79138,1,1,"AP",52
79139,1,1,"AB",2
79139,2,1,"AB",2
79139,3,1,"AB",2
79141,1,1,"AB",2
79141,2,1,"AB",2
79142,1,1,"AB",2
79142,2,1,"AB",2
79145,1,1,"AB",2
79145,2,1,"AB",2
79145,3,1,"AB",2
79145,4,1,"AB",2
79148,1,1,"AB",2
79148,2,1,"AB",2
79148,3,1,"AB",2
79150,1,1,"AB",2
79150,2,1,"AB",2
79153,1,1,"AB",2
79153,2,1,"AB",2
79153,3,1,"AB",2
79153,4,1,"AB",2
79157,1,1,"AP",52
79158,1,1,"AA",1
79159,1,1,"AB",2
79159,2,1,"AB",2
79159,3,1,"AB",2
79160,1,1,"AP",52
79160,2,1,"AP",52
79160,3,1,"AP",52
79161,1,1,"AB",2
79161,2,1,"AB",2
79161,3,1,"AB",2
79161,4,1,"AB",2
79162,1,1,"AB",2
79162,2,1,"AB",2
79162,3,1,"AB",2
79162,4,1,"AB",2
79163,1,1,"AB",2
79163,2,1,"AB",2
79163,3,1,"AB",2
79165,1,1,"AB",2
79165,2,1,"AB",2
79165,3,1,"AB",2
79165,4,1,"AB",2
79165,5,1,"AB",2
79165,6,1,"AB",2
79165,7,1,"AB",2
79166,1,1,"AB",2
79166,2,1,"AB",2
79166,3,1,"AB",2
79166,4,1,"AB",2
79167,1,1,"AB",2
79167,2,1,"AB",2
79167,3,1,"AB",2
79167,4,1,"AB",2
79168,1,1,"AB",2
79168,2,1,"AB",2
79168,3,1,"AB",2
79168,4,1,"AB",2
79169,1,1,"AB",2
79169,2,1,"AB",2
79169,3,1,"AB",2
79169,4,1,"AB",2
79170,1,1,"AB",2
79170,2,1,"AB",2
79170,3,1,"AB",2
79170,4,1,"AB",2
79171,1,1,"AB",2
79171,2,1,"AB",2
79171,3,1,"AB",2
79171,4,1,"AB",2
79172,1,1,"AB",2
79172,2,1,"AB",2
79172,3,1,"AB",2
79172,4,1,"AB",2
79175,1,1,"AB",2
79179,1,1,"AB",2
79179,2,1,"AB",2
79182,1,1,"AB",2
79182,2,1,"AB",2
79183,1,1,"AP",52
79185,1,1,"AB",2
79186,1,1,"AT",56
79187,1,1,"AB",2
79187,2,1,"AB",2
79187,3,1,"AB",2
79187,4,1,"AB",2
79193,1,1,"AB",2
79195,1,1,"AP",52
79195,2,1,"AP",52
79196,1,1,"AP",52
79197,1,1,"AP",52
79198,1,1,"AP",52
79198,2,1,"AP",52
79198,3,1,"AP",52
79199,1,1,"AP",52
79199,2,1,"AP",52
79204,1,1,"AB",2
79204,2,1,"AB",2
79209,1,1,"AA",1
79213,1,1,"AB",2
79213,2,1,"AB",2
79213,3,1,"AB",2
79215,1,1,"AB",2
79217,1,1,"AB",2
79217,2,1,"AB",2
79217,3,1,"AB",2
79218,1,1,"AB",2
79220,1,1,"AB",2
79221,1,1,"AB",2
79224,1,1,"AP",52
79225,1,1,"AB",2
79225,2,1,"AB",2
79227,1,1,"AB",2
79229,1,1,"AB",2
79229,2,1,"AB",2
79229,3,1,"AB",2
79229,4,1,"AB",2
79229,5,1,"AB",2
79229,6,1,"AB",2
79229,7,1,"AB",2
79230,1,1,"AB",2
79230,2,1,"AB",2
79232,1,1,"AA",1
79234,1,1,"AB",2
79234,2,1,"AB",2
79234,3,1,"AB",2
79234,4,1,"AB",2
79237,1,1,"AB",2
79239,1,1,"AB",2
79241,1,1,"AA",1
79242,1,1,"AP",52
79244,1,1,"AA",1
79245,1,1,"AB",2
79245,2,1,"AB",2
79246,1,1,"AB",2
80028,1,1,"AT",56
80157,1,1,"AB",2
80172,1,1,"BD",131
80198,1,1,"AT",56
80205,1,1,"AP",52
80225,1,1,"AP",52
80258,1,1,"AA",1
80292,1,1,"AB",2
80352,1,1,"AB",2
80356,1,1,"AB",2
80404,2,1,"AP",52
80404,3,1,"AP",52
80408,1,1,"AP",52
80408,2,1,"AP",52
80409,1,1,"AT",56
80445,1,1,"AP",52
80445,2,1,"AP",52
80445,3,1,"AP",52
80445,4,1,"AP",52
80455,7,1,"AP",52
80455,8,1,"AP",52
80455,9,1,"AP",52
80455,10,1,"AP",52
80515,2,1,"AP",52
80556,1,1,"AP",52
80557,3,1,"AP",52
80600,1,1,"AA",1
80618,1,1,"AP",52
80677,1,1,"AP",52
80680,1,1,"AA",1
80692,1,1,"AT",56
80693,3,1,"AT",56
80704,1,1,"AA",1
80706,6,1,"AT",56
80706,7,1,"AT",56
80737,1,1,"AP",52
80767,2,1,"BP",144
80817,2,1,"AP",52
80850,1,1,"AP",52
80925,1,1,"AP",52
80936,1,1,"AA",1
80937,2,1,"AA",1
80966,1,1,"AB",2
81002,1,1,"AP",52
81030,1,1,"AB",2
81031,1,1,"AB",2
81048,1,1,"AB",2
81049,1,1,"AB",2
81050,1,1,"AB",2
81099,1,1,"AB",2
81134,1,1,"AA",1
81203,1,1,"AT",56
81235,1,1,"AB",2
81277,1,1,"AP",52
81297,1,1,"AA",1
81297,2,1,"AA",1
81306,1,1,"AA",1
81319,1,1,"AB",2
83051,1,1,"AP",52
83082,1,1,"AA",1
83082,2,1,"AA",1
83116,1,1,"AB",2
83158,1,1,"AP",52
83158,2,1,"AP",52
83158,3,1,"AP",52
83173,1,1,"AP",52
83173,2,1,"AP",52
83177,1,1,"AB",2
83177,2,1,"AB",2
83246,1,1,"AP",52
83288,1,1,"AB",2
83304,1,1,"AA",1
83308,1,1,"AA",1
83312,1,1,"AP",52
83312,2,1,"AP",52
83365,1,1,"AB",2
83365,2,1,"AB",2
83365,3,1,"AB",2
83386,1,1,"AB",2
83391,1,1,"AP",52
83426,1,1,"AB",2
83551,1,1,"AB",2
83677,1,1,"AB",2
83711,1,1,"AB",2
83722,1,1,"BP",144
83745,1,1,"AB",2
83976,1,1,"AB",2
84048,1,1,"AP",52
84048,2,1,"AP",52
84088,1,1,"AA",1
84092,3,1,"AA",1
84109,1,1,"AT",56
84110,1,1,"AT",56
84112,1,1,"AB",2
84113,1,1,"AB",2
84114,1,1,"AB",2
84115,1,1,"AB",2
84122,1,1,"AB",2
84176,1,1,"AB",2
84176,3,1,"AB",2
84211,2,1,"AB",2
84276,2,1,"AA",1
84277,1,1,"AA",1
84279,1,1,"AB",2
84282,1,1,"AP",52
84283,1,1,"AB",2
84285,1,1,"AB",2
84294,1,1,"AA",1
84305,1,1,"AT",56
84306,1,1,"AT",56
84307,1,1,"AP",52
84349,2,1,"AB",2
84363,1,1,"AA",1
84364,1,1,"AA",1
84427,1,1,"AB",2
84442,4,1,"AB",2
84610,1,1,"AB",2
84611,1,1,"BP",144
84612,1,1,"BP",144
84613,1,1,"BP",144
84754,1,1,"AA",1
84768,1,1,"AB",2
84769,1,1,"AB",2
84779,1,1,"AP",52
84840,1,1,"AB",2
84843,2,1,"AA",1
84878,1,1,"AB",2
84903,1,1,"AB",2
84903,2,1,"AB",2
84916,1,1,"AP",52
84936,2,1,"AB",2
84937,1,1,"AB",2
85025,1,1,"AT",56
85027,1,1,"AT",56
85055,3,1,"AA",1
85055,4,1,"AA",1
85082,1,1,"AB",2
85123,1,1,"AA",1
85128,1,1,"AA",1
85159,1,1,"AA",1
85161,1,1,"AB",2
85162,1,1,"AB",2
85182,1,1,"AB",2
85182,2,1,"AB",2
85186,1,1,"AA",1
85223,1,1,"AB",2
85272,1,1,"AA",1
85372,1,1,"AA",1
85461,1,1,"AB",2
85472,1,1,"AB",2
85475,1,1,"AB",2
85521,1,1,"AA",1
85583,1,1,"AB",2
85588,1,1,"AA",1
85592,1,1,"AA",1
85598,1,1,"AO",51
85635,2,1,"AO",51
85635,3,1,"AO",51
85691,1,1,"AT",56
85691,2,1,"AT",56
85691,3,1,"AT",56
85692,1,1,"AT",56
85692,2,1,"AT",56
85692,3,1,"AT",56
85762,1,1,"AA",1
85785,1,1,"AB",2
85786,1,1,"AB",2
85788,1,1,"AB",2
85789,1,1,"AB",2
85799,1,1,"AB",2
85828,1,1,"AB",2
85868,1,1,"AA",1
85870,1,1,"AP",52
85882,3,1,"AA",1
85966,1,1,"AB",2
85967,1,1,"AB",2
85968,1,1,"AB",2
85969,1,1,"AB",2
85970,1,1,"AB",2
85971,1,1,"AB",2
86009,1,1,"AB",2
86009,2,1,"AB",2
86009,3,1,"AB",2
86009,4,1,"AB",2
86009,5,1,"AB",2
86009,6,1,"AB",2
86010,1,1,"AB",2
86011,1,1,"AB",2
86030,1,1,"AO",51
86066,1,1,"AB",2
86067,1,1,"AB",2
86069,1,1,"AB",2
86153,1,1,"AB",2
86157,1,1,"AB",2
86158,1,1,"AB",2
86162,2,1,"AA",1
86183,1,1,"AB",2
86195,1,1,"BX",151
86221,1,1,"AB",2
86223,1,1,"AB",2
86242,1,1,"AA",1
86242,2,1,"AA",1
86242,3,1,"AA",1
86242,4,1,"AA",1
86257,1,1,"AT",56
86262,1,1,"AA",1
86263,1,1,"AA",1
86283,1,1,"AT",56
86364,1,1,"AT",56
86413,1,1,"AT",56
86413,2,1,"AT",56
86413,3,1,"AT",56
86414,1,1,"AT",56
86428,1,1,"AB",2
86429,1,1,"AB",2
86457,1,1,"BX",151
86513,1,1,"AB",2
86724,1,1,"AT",56
86727,1,1,"AA",1
86809,1,1,"AB",2
86831,1,1,"AB",2
86831,2,1,"AB",2
86841,1,1,"AB",2
86842,1,1,"AB",2
86923,1,1,"AB",2
86925,1,1,"AB",2
86945,1,1,"AA",1
86961,2,1,"AA",1
86962,1,1,"AA",1
86988,1,1,"AA",1
86989,1,1,"AA",1
86996,2,1,"AA",1
87003,1,1,"AA",1
87006,1,1,"AA",1
87022,1,1,"AA",1
87022,2,1,"AA",1
87056,1,1,"AA",1
87059,1,1,"AB",2
87068,1,1,"AB",2
87083,1,1,"AA",1
87104,1,1,"AT",56
87127,1,1,"AA",1
87128,1,1,"AA",1
87129,1,1,"AA",1
87143,1,1,"AT",56
87147,1,1,"BP",144
87184,1,1,"AB",2
87190,1,1,"AA",1
87190,2,1,"AA",1
87204,1,1,"AT",56
87242,1,1,"AP",52
87266,1,1,"AT",56
87294,1,1,"AA",1
87342,1,1,"AB",2
87385,1,1,"AT",56
87385,2,1,"AT",56
87385,3,1,"AT",56
87388,1,1,"AA",1
87393,1,1,"AA",1
87400,3,1,"AB",2
87400,4,1,"AB",2
87409,1,1,"AP",52
87440,1,1,"AP",52
87446,1,1,"AP",52
87447,1,1,"AP",52
87463,1,1,"AA",1
87479,1,1,"AB",2
87499,1,1,"AA",1
87508,1,1,"AA",1
87537,1,1,"AB",2
87571,1,1,"AB",2
87600,1,1,"AP",52
87702,1,1,"AP",52
87716,1,1,"AB",2
87717,1,1,"AB",2
87795,1,1,"AT",56
87796,1,1,"AT",56
87800,1,1,"AB",2
87801,1,1,"AB",2
87804,1,1,"AA",1
87836,1,1,"AA",1
87844,1,1,"AB",2
87845,1,1,"AB",2
87846,1,1,"AB",2
87846,2,1,"AB",2
87846,3,1,"AB",2
87859,1,1,"AA",1
87872,1,1,"AT",56
87881,1,1,"AT",56
87916,1,1,"BP",144
87946,1,1,"AB",2
87953,1,1,"AA",1
87954,1,1,"BP",144
87997,1,1,"AA",1
88004,1,1,"AB",2
88004,2,1,"AB",2
88004,3,1,"AB",2
88004,4,1,"AB",2
88008,1,1,"AA",1
88017,1,1,"AA",1
88023,1,1,"AA",1
88042,1,1,"AT",56
88042,2,1,"AT",56
88042,3,1,"AT",56
88072,1,1,"AB",2
88072,2,1,"AB",2
88088,1,1,"AB",2
88138,1,1,"AT",56
88167,1,1,"AT",56
88168,1,1,"AT",56
88169,1,1,"AT",56
88170,1,1,"AT",56
88191,1,1,"AT",56
88228,1,1,"AT",56
88237,1,1,"BP",144
88250,1,1,"AT",56
88251,1,1,"AA",1
88254,1,1,"AA",1
88262,1,1,"AB",2
88276,1,1,"AB",2
88292,1,1,"AB",2
88294,1,1,"AP",52
88295,1,1,"AP",52
88299,1,1,"AP",52
88306,1,1,"BP",144
88316,1,1,"BP",144
88325,1,1,"AP",52
88327,1,1,"AP",52
88328,1,1,"AP",52
88329,1,1,"AP",52
88387,1,1,"AP",52
88391,1,1,"AA",1
88400,1,1,"AP",52
88432,1,1,"AP",52
88440,1,1,"AA",1
88441,1,1,"AA",1
88450,1,1,"AT",56
88451,1,1,"AT",56
88465,1,1,"AB",2
88467,1,1,"AA",1
88468,1,1,"AA",1
88481,1,1,"BP",144
88481,2,1,"BP",144
88481,3,1,"BP",144
88481,4,1,"BP",144
88482,1,1,"AB",2
88483,1,1,"AB",2
88487,1,1,"AB",2
88496,1,1,"AB",2
88497,1,1,"AB",2
88508,1,1,"AA",1
88571,1,1,"AP",52
88586,1,1,"AP",52
88616,1,1,"AA",1
88617,1,1,"AB",2
88618,1,1,"AB",2
88619,1,1,"AB",2
88627,1,1,"AA",1
88628,1,1,"AA",1
88629,1,1,"AA",1
88636,1,1,"AP",52
88638,1,1,"AT",56
88639,1,1,"AA",1
88640,1,1,"AA",1
88759,1,1,"AT",56
88763,1,1,"AA",1
88764,1,1,"AA",1
88771,1,1,"AT",56
88799,1,1,"AT",56
88802,1,1,"AT",56
88803,1,1,"AT",56
88811,1,1,"AA",1
88832,1,1,"AB",2
88864,1,1,"AA",1
88875,1,1,"AA",1
88901,1,1,"AP",52
88908,1,1,"AP",52
88911,1,1,"AP",52
88912,1,1,"AP",52
89007,1,1,"AA",1
89049,1,1,"AA",1
89058,1,1,"AA",1
89059,1,1,"AA",1
89060,1,1,"AA",1
89069,1,1,"AP",52
89074,1,1,"AT",56
89081,1,1,"AA",1
89095,1,1,"AA",1
89096,1,1,"AA",1
89097,1,1,"AA",1
89098,1,1,"AA",1
89124,1,1,"AT",56
89129,1,1,"AT",56
89175,1,1,"AA",1
89245,1,1,"AB",2
89246,1,1,"AB",2
89247,1,1,"AB",2
89286,1,1,"AB",2
89286,2,1,"AB",2
89335,1,1,"AP",52
89338,1,1,"BX",151
89340,1,1,"AP",52
89341,1,1,"AP",52
89343,1,1,"AP",52
89346,1,1,"AA",1
89367,1,1,"AB",2
89384,1,1,"AP",52
89399,1,1,"AB",2
89399,2,1,"AB",2
89399,3,1,"AB",2
89399,4,1,"AB",2
89399,5,1,"AB",2
89399,6,1,"AB",2
89400,1,1,"AB",2
89402,1,1,"AB",2
89406,1,1,"AP",52
89407,1,1,"AP",52
89408,1,1,"AP",52
89409,1,1,"AP",52
89410,1,1,"AP",52
89414,1,1,"AT",56
89424,1,1,"AB",2
89424,2,1,"AB",2
89424,3,1,"AB",2
89450,1,1,"AA",1
89452,1,1,"AA",1
89524,1,1,"AT",56
89526,1,1,"AT",56
89534,1,1,"AB",2
89560,1,1,"AT",56
89585,1,1,"AB",2
89586,1,1,"AB",2
89586,2,1,"AB",2
89586,3,1,"AB",2
89586,4,1,"AB",2
89594,1,1,"AB",2
89601,1,1,"AB",2
89635,1,1,"AP",52
89644,1,1,"AP",52
89645,1,1,"AP",52
89646,1,1,"AP",52
89651,1,1,"AP",52
89682,1,1,"AT",56
89683,1,1,"AB",2
89684,1,1,"AB",2
89685,1,1,"AB",2
89685,2,1,"AB",2
89685,3,1,"AB",2
89685,4,1,"AB",2
89686,1,1,"AB",2
89717,1,1,"AP",52
89718,1,1,"AA",1
89740,1,1,"AB",2
89741,1,1,"AB",2
89742,1,1,"AB",2
89743,1,1,"AB",2
89743,2,1,"AB",2
89743,3,1,"AB",2
89743,4,1,"AB",2
89753,2,1,"AB",2
89763,1,1,"AB",2
89771,1,1,"AB1",3
89772,1,1,"AB1",3
89773,1,1,"AB1",3
89774,1,1,"AB1",3
89776,1,1,"AA",1
89795,1,1,"AT",56
89796,1,1,"AT",56
89797,1,1,"AT",56
89798,1,1,"AT",56
89804,1,1,"AB",2
89804,2,1,"AB",2
89804,3,1,"AB",2
89804,4,1,"AB",2
89805,1,1,"AA",1
89807,1,1,"AB",2
89808,1,1,"AB",2
89828,1,1,"AA",1
89859,1,1,"AA",1
89884,1,1,"AB2",20
89885,1,1,"AB2",20
89886,1,1,"AB2",20
89895,1,1,"AA",1
89897,1,1,"AA",1
89903,1,1,"AP",52
89910,1,1,"AA",1
89953,1,1,"AB",2
89953,2,1,"AB",2
89953,3,1,"AB",2
89953,4,1,"AB",2
89987,1,1,"AA",1
89990,1,1,"AA",1
89996,1,1,"AT",56
90002,1,1,"AP",52
90002,2,1,"AP",52
90005,1,1,"AP",52
90007,1,1,"AB",2
90007,2,1,"AB",2
90007,3,1,"AB",2
90008,1,1,"AB",2
90008,2,1,"AB",2
90008,3,1,"AB",2
90010,1,1,"AP",52
90011,1,1,"AB",2
90011,2,1,"AB",2
90011,3,1,"AB",2
90011,4,1,"AB",2
90014,1,1,"AB1",3
90016,1,1,"AP",52
90016,2,1,"AP",52
90017,1,1,"AT",56
90019,1,1,"AA",1
90020,1,1,"AA",1
90020,2,1,"AA",1
90022,1,1,"AB",2
90022,2,1,"AB",2
90022,3,1,"AB",2
90022,4,1,"AB",2
90025,1,1,"AB",2
90027,1,1,"AB",2
90027,2,1,"AB",2
90027,3,1,"AB",2
90027,4,1,"AB",2
90027,5,1,"AB",2
90028,1,1,"AA",1
90029,1,1,"AP",52
90030,1,1,"AP",52
90030,2,1,"AP",52
90030,3,1,"AP",52
90031,1,1,"AB",2
90031,2,1,"AB",2
90032,1,1,"AB",2
90032,2,1,"AB",2
90032,3,1,"AB",2
90033,1,1,"AB",2
90034,1,1,"AB",2
90034,2,1,"AB",2
90035,1,1,"AA",1
90037,1,1,"AT",56
90038,1,1,"AP",52
90038,2,1,"AP",52
90039,1,1,"AP",52
90039,2,1,"AP",52
90041,1,1,"AB",2
90041,2,1,"AB",2
90043,1,1,"AB",2
90043,2,1,"AB",2
90048,1,1,"AB",2
90048,2,1,"AB",2
90051,1,1,"AB",2
90051,2,1,"AB",2
90052,1,1,"AB",2
90052,2,1,"AB",2
90054,1,1,"AA",1
90055,1,1,"AB",2
90056,1,1,"AB",2
90056,2,1,"AB",2
90058,1,1,"AB",2
90058,2,1,"AB",2
90060,1,1,"AB",2
90061,1,1,"AB",2
90062,1,1,"AB",2
90062,2,1,"AB",2
90062,3,1,"AB",2
90064,1,1,"AA",1
90065,1,1,"AA",1
90065,2,1,"AA",1
90066,1,1,"AB",2
90066,2,1,"AB",2
90070,1,1,"AB",2
90071,1,1,"AB",2
90071,2,1,"AB",2
90071,3,1,"AB",2
90072,1,1,"AB",2
90072,2,1,"AB",2
90072,3,1,"AB",2
90073,1,1,"AB",2
90073,2,1,"AB",2
90074,1,1,"AB",2
90074,2,1,"AB",2
90075,1,1,"AP",52
90075,2,1,"AP",52
90077,1,1,"AP",52
90079,1,1,"AA",1
90080,1,1,"AT1",66
90081,1,1,"AB",2
90082,1,1,"AB",2
90082,2,1,"AB",2
90082,3,1,"AB",2
90082,4,1,"AB",2
90083,1,1,"AB",2
90083,2,1,"AB",2
90083,3,1,"AB",2
90084,1,1,"AA",1
90088,1,1,"AB",2
90092,1,1,"AB",2
90094,1,1,"AB",2
90094,2,1,"AB",2
90094,3,1,"AB",2
90094,4,1,"AB",2
90095,1,1,"AB",2
90097,1,1,"AB",2
90097,2,1,"AB",2
90097,3,1,"AB",2
90099,1,1,"AP",52
90100,1,1,"AB",2
90100,2,1,"AB",2
90101,1,1,"AP",52
90101,2,1,"AP",52
90101,3,1,"AP",52
90102,1,1,"AA",1
90103,1,1,"AB",2
90107,1,1,"AB",2
90107,2,1,"AB",2
90108,1,1,"AP",52
90109,1,1,"AP",52
90110,1,1,"AP",52
90111,1,1,"AB",2
90114,1,1,"AB",2
90118,1,1,"AA",1
90118,2,1,"AA",1
90118,3,1,"AA",1
90120,1,1,"AB",2
90121,1,1,"AB",2
90122,1,1,"AA",1
90122,2,1,"AA",1
90124,1,1,"AB",2
90124,2,1,"AB",2
90124,3,1,"AB",2
90128,1,1,"AB",2
90128,2,1,"AB",2
90128,3,1,"AB",2
90130,1,1,"AP",52
90132,1,1,"AB",2
90132,2,1,"AB",2
90132,3,1,"AB",2
90132,4,1,"AB",2
90134,1,1,"AB",2
90134,2,1,"AB",2
90134,3,1,"AB",2
90134,4,1,"AB",2
90135,1,1,"AB",2
90135,2,1,"AB",2
90135,3,1,"AB",2
90135,4,1,"AB",2
90135,5,1,"AB",2
90135,6,1,"AB",2
90135,7,1,"AB",2
90141,1,1,"AB",2
90141,2,1,"AB",2
90141,3,1,"AB",2
90141,4,1,"AB1",3
90143,1,1,"AT",56
90146,1,1,"AT",56
90149,1,1,"AB",2
90149,2,1,"AB",2
90151,1,1,"AB",2
90151,2,1,"AB",2
90151,3,1,"AB",2
90151,4,1,"AB",2
90151,5,1,"AB",2
90151,6,1,"AB",2
90153,1,1,"AB",2
90153,2,1,"AB",2
90158,1,1,"AB",2
90158,2,1,"AB",2
90158,3,1,"AB",2
90161,1,1,"AB",2
90162,1,1,"AB",2
90162,2,1,"AB",2
90162,3,1,"AB",2
90162,4,1,"AB",2
90163,1,1,"AP",52
90165,1,1,"AB",2
90165,2,1,"AB",2
90168,1,1,"AA",1
90168,2,1,"AA",1
90168,3,1,"AA",1
90169,1,1,"AB",2
90169,2,1,"AB",2
90169,3,1,"AB",2
90169,4,1,"AB",2
90170,1,1,"AB",2
90170,2,1,"AB",2
90170,3,1,"AB",2
90170,4,1,"AB",2
90174,1,1,"AB",2
90174,2,1,"AB",2
90174,3,1,"AB",2
90176,1,1,"AB",2
90177,1,1,"AA",1
90177,2,1,"AA",1
90177,3,1,"AA",1
90177,4,1,"AA",1
90178,1,1,"AB",2
90178,2,1,"AB",2
90178,3,1,"AB",2
90180,1,1,"AA",1
90181,1,1,"AP",52
90181,2,1,"AP",52
90186,1,1,"AA",1
90189,1,1,"AP",52
90191,1,1,"AA",1
90193,1,1,"AP",52
90194,1,1,"AP",52
90194,2,1,"AP",52
90194,3,1,"AP",52
90194,4,1,"AP",52
90194,5,1,"AP",52
90194,6,1,"AP",52
90195,1,1,"AA",1
90195,2,1,"AA",1
90199,1,1,"AB",2
90200,1,1,"AA",1
90200,2,1,"AA",1
90201,1,1,"AB",2
90201,2,1,"AB",2
90201,3,1,"AB",2
90210,1,1,"AB",2
90210,2,1,"AB",2
90210,3,1,"AB",2
90212,1,1,"AP",52
90212,2,1,"AP",52
90215,1,1,"AT",56
90216,1,1,"AB",2
90216,2,1,"AB",2
90217,1,1,"AB",2
90217,2,1,"AB",2
90217,3,1,"AB",2
90218,1,1,"AP",52
90219,1,1,"AB",2
90223,1,1,"AB1",3
90223,2,1,"AB1",3
90223,3,1,"AB",2
90227,1,1,"AB",2
90228,1,1,"AB",2
90228,2,1,"AB",2
90229,1,1,"AB",2
90231,1,1,"AA",1
90233,1,1,"AP",52
90240,1,1,"AP",52
90241,1,1,"AB",2
90241,2,1,"AB",2
90241,3,1,"AB",2
90241,4,1,"AB",2
90241,5,1,"AB",2
90241,6,1,"AB",2
90242,3,1,"AP",52
90243,1,1,"AP",52
90243,2,1,"AP",52
90244,1,1,"AB",2
90244,2,1,"AB",2
90245,1,1,"AB",2
90245,2,1,"AB",2
90245,3,1,"AB",2
90245,4,1,"AB",2
90246,1,1,"AB",2
90248,1,1,"AB",2
90248,2,1,"AB",2
90248,3,1,"AB",2
90248,4,1,"AB",2
90249,1,1,"AA",1
90250,1,1,"AP",52
90250,2,1,"AP",52
90252,1,1,"AB",2
90252,2,1,"AB",2
90252,3,1,"AB",2
90253,1,1,"AB",2
90255,1,1,"AA",1
90255,2,1,"AA",1
90255,3,1,"AA",1
90255,4,1,"AA",1
90256,1,1,"AB",2
90258,1,1,"AB",2
90258,2,1,"AB",2
90258,3,1,"AB",2
90258,4,1,"AB",2
90260,1,1,"AA",1
90261,1,1,"AB",2
90263,1,1,"AA",1
90268,1,1,"AT",56
90269,1,1,"AT",56
90270,1,1,"AP",52
90273,1,1,"AB",2
90278,1,1,"AB",2
90278,2,1,"AB",2
90278,3,1,"AB",2
90278,4,1,"AB",2
90279,1,1,"AB",2
90279,2,1,"AB",2
90284,1,1,"AB",2
90287,1,1,"AP",52
90288,1,1,"AB",2
90288,2,1,"AB",2
90289,1,1,"AB",2
90290,1,1,"AB",2
90290,2,1,"AB",2
90293,1,1,"AB",2
90294,1,1,"AA",1
90294,2,1,"AA",1
90294,3,1,"AA",1
90295,1,1,"AB1",3
90295,2,1,"AB",2
90296,1,1,"AP",52
90297,1,1,"AN",50
90297,2,1,"AN",50
90297,3,1,"AN",50
90303,1,1,"AP",52
90308,1,1,"AB",2
90308,2,1,"AB",2
90308,3,1,"AB",2
90310,1,1,"AP",52
90313,1,1,"AA",1
90314,1,1,"AP",52
90315,1,1,"AP",52
90315,2,1,"AP",52
90316,1,1,"AP",52
90316,2,1,"AP",52
90317,1,1,"AP",52
90318,1,1,"AP",52
90318,2,1,"AP",52
90318,3,1,"AP",52
90318,4,1,"AP",52
90321,1,1,"AB",2
90321,2,1,"AB",2
90321,3,1,"AB",2
90321,4,1,"AB",2
90324,1,1,"AB",2
90324,2,1,"AB",2
90324,3,1,"AB",2
90325,1,1,"AB1",3
90325,2,1,"AB1",3
90325,3,1,"AB1",3
90326,1,1,"AB",2
90326,2,1,"AB",2
90326,3,1,"AB",2
90329,1,1,"AB",2
90329,2,1,"AB",2
90329,3,1,"AB",2
90331,1,1,"AB",2
90331,2,1,"AB",2
90334,1,1,"AB",2
90334,2,1,"AB",2
90335,1,1,"AB",2
90335,2,1,"AB",2
90339,1,1,"AP",52
90340,1,1,"AP",52
90340,2,1,"AP",52
90343,1,1,"AP",52
90343,2,1,"AP",52
90343,3,1,"AP",52
90346,1,1,"AA",1
90347,1,1,"AA",1
90348,1,1,"AB",2
90348,2,1,"AB",2
90348,3,1,"AB",2
90348,4,1,"AB",2
90349,1,1,"AP",52
90349,2,1,"AP",52
90351,1,1,"AB",2
90351,2,1,"AB",2
90351,3,1,"AB",2
90354,1,1,"AP",52
90354,2,1,"AP",52
90354,3,1,"AP",52
90354,4,1,"AP",52
90355,1,1,"AB",2
90355,2,1,"AB",2
90356,1,1,"AB",2
90357,1,1,"AA",1
90358,1,1,"AB",2
90359,1,1,"AB",2
90360,1,1,"AB",2
90360,2,1,"AB",2
90362,1,1,"AB",2
90364,1,1,"AB",2
90364,2,1,"AB",2
90365,1,1,"AB",2
90365,2,1,"AB",2
90365,3,1,"AB",2
90367,1,1,"AB",2
90367,2,1,"AB",2
90367,3,1,"AB",2
90368,1,1,"AB",2
90370,1,1,"AB",2
90370,2,1,"AB",2
90372,1,1,"AB",2
90372,2,1,"AB",2
90374,1,1,"AB",2
90374,2,1,"AB",2
90375,1,1,"AP",52
90375,2,1,"AP",52
90377,1,1,"AB",2
90379,1,1,"AB",2
90381,1,1,"AB",2
90381,2,1,"AB",2
90382,1,1,"AB",2
90382,2,1,"AB",2
90382,3,1,"AB",2
90383,1,1,"AB",2
90383,2,1,"AB",2
90383,3,1,"AB",2
90383,4,1,"AB",2
90383,5,1,"AB",2
90385,1,1,"AB",2
90386,1,1,"AP",52
90387,1,1,"AO",51
90387,2,1,"AO",51
90392,1,1,"AB",2
90393,2,1,"AP",52
90393,3,1,"AP",52
90394,1,1,"AP",52
90394,2,1,"AP",52
90395,1,1,"AT",56
90401,2,1,"AB",2
90401,3,1,"AB",2
90403,1,1,"AB",2
90403,2,1,"AB",2
90404,1,1,"AB",2
90406,1,1,"AB",2
90406,2,1,"AB",2
90407,1,1,"AB",2
90408,1,1,"AB",2
90410,1,1,"AB",2
90411,1,1,"AB",2
90411,2,1,"AB",2
90411,3,1,"AB",2
90411,4,1,"AB",2
90411,5,1,"AB",2
90411,6,1,"AB",2
90411,7,1,"AB",2
90415,1,1,"AA",1
90415,2,1,"AA",1
90415,3,1,"AA",1
90416,1,1,"AB",2
90416,2,1,"AB",2
90421,1,1,"AB4",40
90421,2,1,"AB4",40
90421,3,1,"AB4",40
90421,4,1,"AB4",40
90421,5,1,"AB4",40
90422,1,1,"AB",2
90422,2,1,"AB",2
90422,3,1,"AB",2
90423,1,1,"AB",2
90424,1,1,"AP",52
90425,1,1,"AB",2
90425,2,1,"AB",2
90426,1,1,"AA",1
90427,1,1,"AB",2
90427,2,1,"AB",2
90428,1,1,"AB",2
90428,2,1,"AB",2
90428,3,1,"AB",2
90429,1,1,"AB",2
90429,2,1,"AB",2
90429,3,1,"AB",2
90429,4,1,"AB",2
90429,5,1,"AB",2
90429,6,1,"AB",2
90429,7,1,"AB",2
90430,1,1,"AB",2
90431,1,1,"AB",2
90431,2,1,"AB",2
90431,3,1,"AB",2
90431,5,1,"AB",2
90432,1,1,"AB",2
90432,2,1,"AB",2
90432,3,1,"AB",2
90435,1,1,"AA",1
90439,1,1,"AB",2
90439,2,1,"AB",2
90440,1,1,"AB",2
90441,1,1,"AB",2
90441,2,1,"AB",2
90441,3,1,"AB",2
90444,1,1,"AB",2
90444,2,1,"AB",2
90444,3,1,"AB",2
90444,4,1,"AB",2
90445,1,1,"AB",2
90445,2,1,"AB",2
90446,1,1,"AB",2
90449,1,1,"AT",56
90450,1,1,"AP",52
90450,2,1,"AP",52
90454,1,1,"AB1",3
90455,1,1,"AA",1
90456,1,1,"AB",2
90457,1,1,"AB",2
90457,2,1,"AB",2
90459,1,1,"AB",2
90459,2,1,"AB",2
90459,3,1,"AB",2
90459,4,1,"AB",2
90459,5,1,"AB",2
90459,6,1,"AB",2
90460,1,1,"AB",2
90461,1,1,"AA",1
90462,1,1,"AB",2
90462,2,1,"AB",2
90466,1,1,"AB",2
90467,1,1,"AB",2
90467,2,1,"AB",2
90467,3,1,"AB",2
90469,1,1,"AB",2
90469,2,1,"AB",2
90470,1,1,"AA",1
90473,1,1,"AA",1
90473,2,1,"AA",1
90475,1,1,"AP",52
90475,2,1,"AP",52
90475,3,1,"AP",52
90477,1,1,"AA",1
90478,1,1,"AB",2
90478,2,1,"AB",2
90480,1,1,"AB",2
90482,1,1,"AB",2
90482,2,1,"AB",2
90482,3,1,"AB",2
90482,4,1,"AB",2
90482,5,1,"AB",2
90483,1,1,"AB",2
90483,2,1,"AB",2
90483,3,1,"AB",2
90483,4,1,"AB",2
90484,1,1,"AB",2
90485,1,1,"AB",2
90490,1,1,"AT",56
90491,1,1,"AB",2
90492,1,1,"AB3",30
90492,2,1,"AB3",30
90492,3,1,"AB3",30
90492,4,1,"AB3",30
90492,5,1,"AB3",30
90493,1,1,"AB",2
90493,2,1,"AB",2
90494,1,1,"AB",2
90495,1,1,"AB",2
90498,1,1,"AP",52
90500,1,1,"AB",2
90500,2,1,"AB",2
90502,1,1,"AA",1
90503,1,1,"AA",1
90506,1,1,"AB",2
90507,1,1,"AB",2
90508,1,1,"AB",2
90509,1,1,"AB",2
90509,2,1,"AB",2
90509,3,1,"AB",2
90510,1,1,"AB",2
90511,1,1,"AB",2
90511,2,1,"AB",2
90511,3,1,"AB",2
90511,4,1,"AB",2
90513,1,1,"AB",2
90515,1,1,"AB",2
90515,2,1,"AB",2
90515,3,1,"AB",2
90515,4,1,"AB",2
90516,1,1,"AB",2
90516,2,1,"AB",2
90517,1,1,"AA",1
90521,1,1,"AB",2
90521,2,1,"AB",2
90523,1,1,"AB",2
90524,1,1,"AB",2
90526,1,1,"AB",2
90527,1,1,"AA",1
90527,2,1,"AA",1
90527,3,1,"AA",1
90527,4,1,"AA",1
90528,1,1,"AB",2
90528,2,1,"AB",2
90528,3,1,"AB",2
90529,1,1,"AB",2
90529,2,1,"AB",2
90529,3,1,"AB",2
90530,1,1,"AB",2
90533,2,1,"AA",1
90533,4,1,"AA",1
90535,1,1,"AA",1
90535,2,1,"AA",1
90535,3,1,"AA",1
90535,4,1,"AA",1
90538,1,1,"AB",2
90540,1,1,"AB",2
90543,1,1,"AB",2
90543,2,1,"AB",2
90544,1,1,"AB",2
90544,2,1,"AB",2
90544,3,1,"AB",2
90547,1,1,"AB",2
90547,2,1,"AB",2
90548,1,1,"AB",2
90548,2,1,"AB",2
90548,3,1,"AB",2
90548,4,1,"AB",2
90549,1,1,"AB",2
90549,2,1,"AB",2
90551,1,1,"AB",2
90551,2,1,"AB",2
90554,1,1,"AB",2
90554,2,1,"AB",2
90554,3,1,"AB",2
90555,1,1,"AB",2
90555,2,1,"AB",2
90555,3,1,"AB",2
90555,4,1,"AB",2
90555,5,1,"AB",2
90557,1,1,"AB",2
90557,2,1,"AB",2
90557,3,1,"AB",2
90557,4,1,"AB",2
90560,1,1,"AP",52
90560,2,1,"AP",52
90561,1,1,"AB",2
90562,1,1,"AB",2
90564,1,1,"AB",2
90564,2,1,"AB",2
90564,3,1,"AB",2
90568,1,1,"AB",2
90571,1,1,"AP",52
90571,2,1,"AP",52
90571,3,1,"AP",52
90574,1,1,"AP",52
90577,2,1,"AP",52
90578,1,1,"AP",52
90579,1,1,"AP",52
90579,2,1,"AP",52
90580,1,1,"AP",52
90581,1,1,"AP",52
90582,1,1,"AP",52
90582,2,1,"AP",52
90583,1,1,"AP",52
90583,2,1,"AP",52
90583,3,1,"AP",52
90583,4,1,"AP",52
90583,5,1,"AP",52
90584,1,1,"AP",52
90584,2,1,"AP",52
90585,1,1,"AP",52
90589,1,1,"AB",2
90589,2,1,"AB",2
90590,1,1,"AA",1
90591,1,1,"AA",1
90591,2,1,"AA",1
90595,1,1,"AB",2
90595,2,1,"AB",2
90596,1,1,"AB",2
90596,2,1,"AB",2
90596,3,1,"AB",2
90598,1,1,"AB",2
90598,2,1,"AB",2
90598,3,1,"AB",2
90601,1,1,"AA",1
90604,1,1,"AT",56
90606,1,1,"AB",2
90607,1,1,"AB",2
90607,2,1,"AB",2
90607,3,1,"AB",2
90607,4,1,"AB",2
90609,1,1,"AB",2
90609,2,1,"AB",2
90609,3,1,"AB",2
90609,4,1,"AB",2
90609,5,1,"AB",2
90609,6,1,"AB",2
90609,7,1,"AB",2
90610,1,1,"AA",1
90612,1,1,"AA",1
90613,1,1,"AB",2
90613,2,1,"AB",2
90613,3,1,"AB",2
90613,4,1,"AB",2
90615,1,1,"AB",2
90615,2,1,"AB",2
90615,3,1,"AB",2
90615,4,1,"AB",2
90617,1,1,"AB",2
90617,2,1,"AB",2
90618,1,1,"AB",2
90618,2,1,"AB",2
90620,1,1,"AP",52
90621,1,1,"AP",52
90622,1,1,"AB",2
90622,2,1,"AB",2
90623,1,1,"AA",1
90624,1,1,"AB",2
90624,2,1,"AB",2
90625,1,1,"AB",2
90635,1,1,"AA",1
90636,1,1,"AB",2
90637,1,1,"AB",2
90637,2,1,"AB",2
90638,1,1,"AT",56
90641,1,1,"AP",52
90643,1,1,"AP",52
90646,1,1,"AP",52
90647,1,1,"AB",2
90647,2,1,"AB",2
90647,3,1,"AB",2
90647,4,1,"AB",2
90648,1,1,"AP",52
90649,1,1,"AB2",20
90649,2,1,"AB2",20
90649,3,1,"AB2",20
90651,1,1,"AB",2
90653,1,1,"AP",52
90653,2,1,"AP",52
90654,1,1,"AB",2
90654,2,1,"AB",2
90654,3,1,"AB",2
90655,1,1,"AB",2
90658,1,1,"AP",52
90659,1,1,"AB",2
90659,2,1,"AB",2
90659,3,1,"AB",2
90659,4,1,"AB",2
90659,5,1,"AB",2
90666,1,1,"AB",2
90666,2,1,"AB",2
90666,3,1,"AB",2
90675,1,1,"AP",52
90675,2,1,"AP",52
90678,1,1,"AB",2
90679,1,1,"AB",2
90681,1,1,"AB",2
90681,2,1,"AB",2
90681,3,1,"AB",2
90681,4,1,"AB",2
90682,1,1,"AB",2
90682,2,1,"AB",2
90686,1,1,"AB",2
90686,2,1,"AB",2
90687,1,1,"AB",2
90687,2,1,"AB",2
90687,3,1,"AB",2
90690,1,1,"AB",2
90692,1,1,"AB2",20
90692,2,1,"AB2",20
90693,1,1,"AB3",30
90693,2,1,"AB3",30
90694,1,1,"AB",2
90694,2,1,"AB",2
90694,3,1,"AB",2
90694,4,1,"AB",2
90695,1,1,"AB",2
90695,2,1,"AB",2
90695,3,1,"AB",2
90695,4,1,"AB",2
90696,1,1,"AP",52
90699,1,1,"AP",52
90700,1,1,"AB",2
90700,2,1,"AB",2
90701,1,1,"AP",52
90702,1,1,"AB",2
90702,2,1,"AB",2
90702,3,1,"AB",2
90704,1,1,"AB",2
90704,2,1,"AB",2
90704,3,1,"AB",2
90705,1,1,"AB",2
90705,2,1,"AB",2
90705,3,1,"AB",2
90707,1,1,"AA",1
90707,2,1,"AA",1
90710,1,1,"AB",2
90710,2,1,"AB",2
90710,3,1,"AB",2
90713,1,1,"AP",52
90713,2,1,"AP",52
90715,1,1,"AB",2
90715,2,1,"AB",2
90716,1,1,"AB",2
90718,1,1,"AB",2
90718,2,1,"AB",2
90718,3,1,"AB",2
90719,1,1,"AB",2
90721,1,1,"AB1",3
90722,1,1,"AB",2
90722,2,1,"AB",2
90722,3,1,"AB",2
90723,1,1,"AB",2
90723,2,1,"AB",2
90723,3,1,"AB",2
90724,1,1,"AP",52
90726,1,1,"AP",52
90726,2,1,"AP",52
90727,1,1,"AB",2
90728,1,1,"AB",2
90728,2,1,"AB",2
90728,3,1,"AB",2
90732,1,1,"AB",2
90733,1,1,"AA",1
90734,1,1,"AA",1
90734,2,1,"AA",1
90739,1,1,"AB",2
90739,2,1,"AB",2
90739,3,1,"AB",2
90740,1,2,"AB",2
90742,1,1,"AB",2
90745,1,1,"AB",2
90745,2,1,"AB",2
90745,3,1,"AB",2
90747,1,1,"AB",2
90749,1,1,"AB",2
90749,2,1,"AB",2
90749,3,1,"AB",2
90749,4,1,"AB",2
90749,5,1,"AB",2
90752,1,1,"AB",2
90752,2,1,"AB",2
90752,3,1,"AB",2
90754,1,1,"AP",52
90756,1,1,"AA",1
90757,1,1,"AB",2
90757,2,1,"AB",2
90757,3,1,"AB",2
90757,4,1,"AB",2
90759,1,1,"AB",2
90761,1,1,"AP",52
90763,1,1,"AB",2
90763,2,1,"AB",2
90764,1,1,"AB",2
90766,1,1,"AA",1
90767,1,1,"AB",2
90767,2,1,"AB",2
90767,3,1,"AB",2
90767,4,1,"AB",2
90768,1,1,"AB",2
90768,2,1,"AB",2
90774,1,1,"AB",2
90774,2,1,"AB",2
90774,3,1,"AB",2
90776,1,1,"AB",2
90776,2,1,"AB",2
90776,3,1,"AB",2
90778,1,1,"AB",2
90778,2,1,"AB",2
90778,3,1,"AB",2
90779,1,1,"AB",2
90780,1,1,"AB",2
90780,2,1,"AB",2
90780,3,1,"AB",2
90781,1,1,"AB",2
90781,2,1,"AB",2
90781,3,1,"AB",2
90781,4,1,"AB",2
90781,5,1,"AB",2
90781,6,1,"AB",2
90782,1,1,"AP",52
90783,1,1,"AB",2
90783,2,1,"AB",2
90783,3,1,"AB",2
90785,1,1,"AT",56
90786,1,1,"AB",2
90787,1,1,"AB",2
90787,2,1,"AB",2
90787,3,1,"AB",2
90789,1,1,"AB",2
90793,1,1,"AB",2
90794,1,1,"AB",2
90796,1,1,"AB",2
90796,2,1,"AB",2
90796,3,1,"AB",2
90797,1,1,"AB",2
90797,2,1,"AB",2
90798,1,1,"AB",2
90798,2,1,"AB",2
90798,3,1,"AB",2
90798,4,1,"AB",2
90798,5,1,"AB",2
90798,6,1,"AB",2
90799,1,1,"AP",52
90799,2,1,"AP",52
90799,3,1,"AP",52
90801,1,1,"AB",2
90801,2,1,"AB",2
90802,1,1,"AB",2
90802,2,1,"AB",2
90802,3,1,"AB",2
90807,1,1,"AB",2
90807,2,1,"AB",2
90808,1,1,"AP",52
90808,2,1,"AP",52
90808,3,1,"AP",52
90809,1,1,"AP",52
90810,1,1,"AP",52
90811,1,1,"AP",52
90813,1,1,"AP",52
90816,1,1,"AP",52
90817,1,1,"AB",2
90819,1,1,"AB",2
90819,2,1,"AB",2
90824,1,1,"AB",2
90825,2,1,"AP",52
90827,1,1,"AP",52
90828,1,1,"AB",2
90828,2,1,"AB",2
90829,1,1,"AB",2
90829,2,1,"AB",2
90829,3,1,"AB",2
90833,1,1,"AB",2
90833,2,1,"AB",2
90833,3,1,"AB",2
90833,4,1,"AB",2
90833,5,1,"AB",2
90834,1,1,"AP",52
90834,2,1,"AP",52
90834,3,1,"AP",52
90836,1,1,"AB",2
90836,2,1,"AB",2
90836,4,1,"AB",2
90838,1,1,"AB",2
90839,1,1,"AB",2
90839,2,1,"AB",2
90839,3,1,"AB",2
90839,4,1,"AB",2
90839,5,1,"AB",2
90842,1,1,"AB",2
90843,1,1,"AB",2
90843,2,1,"AB",2
90843,3,1,"AB",2
90843,4,1,"AB",2
90844,1,1,"AB",2
90845,1,1,"AO",51
90848,1,1,"AT",56
90850,1,1,"AP",52
90853,1,1,"AP",52
90854,1,1,"AP",52
90856,1,1,"AB",2
90856,2,1,"AB",2
90858,1,1,"AB",2
90858,2,1,"AB",2
90858,3,1,"AB",2
90859,1,1,"AB",2
90859,2,1,"AB",2
90860,1,1,"AB",2
90861,1,1,"AB",2
90861,2,1,"AB",2
90862,1,1,"AP",52
90865,1,1,"AB",2
90865,2,1,"AB",2
90865,3,1,"AB",2
90865,4,1,"AB",2
90865,5,1,"AB",2
90865,6,1,"AB",2
90866,1,1,"AB",2
90866,2,1,"AB",2
90866,3,1,"AB",2
90866,4,1,"AB",2
90867,1,1,"AB",2
90867,2,1,"AB",2
90867,3,1,"AB",2
90869,1,1,"AB",2
90869,2,1,"AB",2
90869,3,1,"AB",2
90869,4,1,"AB",2
90869,5,1,"AB",2
90870,1,1,"AT",56
90871,1,1,"AB",2
90871,2,1,"AB",2
90871,3,1,"AB",2
90871,4,1,"AB",2
90872,1,1,"AB",2
90873,1,1,"AB",2
90873,2,1,"AB",2
90873,3,1,"AB",2
90874,1,1,"AP",52
90876,1,1,"AP",52
90877,1,1,"AB",2
90877,2,1,"AB",2
90877,3,1,"AB",2
90878,1,1,"AB",2
90878,2,1,"AB",2
90879,1,1,"AB",2
90879,2,1,"AB",2
90879,3,1,"AB",2
90879,4,1,"AB",2
90881,1,1,"AB",2
90881,2,1,"AB",2
90881,3,1,"AB",2
90881,4,1,"AB",2
90884,1,1,"AP",52
90884,2,1,"AP",52
90884,3,1,"AP",52
90886,1,1,"AB",2
90886,2,1,"AB",2
90886,3,1,"AB",2
90886,4,1,"AB",2
90886,5,1,"AB",2
90887,1,1,"AT",56
90888,1,1,"AB",2
90888,2,1,"AB",2
90888,3,1,"AB",2
90889,1,1,"AP",52
90891,1,1,"AA",1
90892,1,1,"AB",2
90893,1,1,"AA",1
90894,1,1,"AB",2
90895,1,1,"AB",2
90895,2,1,"AB",2
90895,3,1,"AB",2
90896,1,1,"AP",52
90898,1,1,"AT",56
90899,1,1,"AB",2
90899,2,1,"AB",2
90899,3,1,"AB",2
90901,1,1,"AB",2
90901,2,1,"AB",2
90902,1,1,"AA",1
90903,1,1,"AB",2
90906,1,1,"AB",2
90906,2,1,"AB",2
90906,3,1,"AB",2
90906,4,1,"AB",2
90910,1,1,"AB",2
90912,1,1,"AB",2
90912,2,1,"AB",2
90912,3,1,"AB",2
90913,1,1,"AP",52
90918,1,1,"AT",56
90919,1,1,"AT",56
90920,1,1,"AO",51
90920,2,1,"AO",51
90923,1,1,"AP",52
90926,1,1,"AB",2
90931,1,1,"AB",2
90934,1,1,"AB",2
90935,1,1,"AB",2
90935,2,1,"AB",2
90935,3,1,"AB",2
90935,4,1,"AB",2
90935,5,1,"AB",2
90935,6,1,"AB",2
90935,7,1,"AB",2
90935,8,1,"AB",2
90935,9,1,"AB",2
90937,1,1,"AB1",3
90937,2,1,"AB1",3
90937,3,1,"AB1",3
90938,1,1,"AB",2
90939,1,1,"AB",2
90939,2,1,"AB",2
90939,3,1,"AB",2
90940,1,1,"AP",52
90940,2,1,"AP",52
90941,1,1,"AB2",20
90942,1,1,"AB3",30
90942,2,1,"AB3",30
90943,1,1,"AB",2
90943,2,1,"AB",2
90946,1,1,"AB",2
90947,1,1,"AB",2
90948,1,1,"AB",2
90951,1,1,"AT",56
90955,1,1,"AB",2
90956,1,1,"AA",1
90957,1,1,"AB",2
90957,2,1,"AB",2
90957,3,1,"AB",2
90960,1,1,"AB",2
90960,2,1,"AB",2
90960,3,1,"AB",2
90960,4,1,"AB",2
90960,5,1,"AB",2
90960,6,1,"AB",2
90961,1,1,"AB",2
90961,2,1,"AB",2
90962,1,1,"AB",2
90963,1,1,"AP",52
90964,1,1,"AB",2
90964,2,1,"AB",2
90968,1,1,"AA",1
90970,1,1,"AB",2
90970,2,1,"AB",2
90973,1,1,"AB",2
90974,1,1,"AB",2
90975,1,1,"AB",2
90978,1,1,"AB",2
90978,2,1,"AB",2
90978,3,1,"AB",2
90979,1,1,"AB",2
90981,1,1,"AP",52
90982,1,1,"AT",56
90984,1,1,"AB",2
90984,2,1,"AB",2
90988,1,1,"AA",1
90992,1,1,"AA",1
90999,1,1,"AB",2
90999,2,1,"AB",2
90999,3,1,"AB",2
91001,1,1,"AB",2
91001,2,1,"AB",2
91001,4,1,"AB",2
91004,1,1,"AA",1
91007,1,1,"AP",52
91008,1,1,"AB",2
91008,2,1,"AB",2
91008,3,1,"AB",2
91011,1,1,"AB",2
91018,1,1,"AB",2
91020,1,1,"AB",2
91022,1,1,"AB4",40
91022,2,1,"AB4",40
91022,3,1,"AB4",40
91022,4,1,"AB4",40
91022,5,1,"AB4",40
91022,6,1,"AB4",40
91023,1,1,"AB",2
91024,1,1,"AB",2
91024,2,1,"AB",2
91024,3,1,"AB",2
91027,1,1,"AB",2
91028,1,1,"AB",2
91030,1,1,"AP",52
91031,1,1,"AP",52
91031,2,1,"AP",52
91032,1,1,"AP",52
91032,2,1,"AP",52
91033,1,1,"AO",51
91036,1,1,"AB",2
91036,2,1,"AB",2
91037,1,1,"AB",2
91038,1,1,"AB",2
91038,2,1,"AB",2
91038,3,1,"AB",2
91038,4,1,"AB",2
91038,5,1,"AB",2
91038,6,1,"AB",2
91039,1,1,"AP",52
91041,1,1,"AP",52
91041,2,1,"AP",52
91042,1,1,"AA",1
91044,1,1,"AB",2
91045,1,1,"AP",52
91048,1,1,"AP",52
91048,2,1,"AP",52
91049,1,1,"AP",52
91049,2,1,"AP",52
91049,3,1,"AP",52
91049,4,1,"AP",52
91050,1,1,"AB",2
91051,1,1,"AB",2
91052,1,1,"AB",2
91053,1,1,"AB",2
91053,2,1,"AB",2
91053,3,1,"AB",2
91062,1,1,"AP",52
91063,1,1,"AP",52
91063,2,1,"AP",52
91063,3,1,"AP",52
91063,4,1,"AP",52
91065,1,1,"AP",52
91065,2,1,"AP",52
91072,1,1,"AB",2
91072,2,1,"AB",2
91072,3,1,"AB",2
91072,4,1,"AB",2
91073,1,1,"AB2",20
91078,1,1,"AA",1
91079,1,1,"AB",2
91079,2,1,"AB",2
91079,3,1,"AB",2
91083,1,1,"AB",2
91083,2,1,"AB",2
91089,1,1,"AP",52
91090,1,1,"AB",2
91091,1,1,"AA",1
91093,1,1,"AB",2
91093,2,1,"AB",2
91095,1,1,"AB",2
91095,2,1,"AB",2
91095,3,1,"AB",2
91099,1,1,"AB",2
91099,2,1,"AB",2
91099,3,1,"AB",2
91099,4,1,"AB",2
91101,1,1,"AP",52
91102,1,1,"AA",1
91103,1,1,"AB",2
91103,2,1,"AB",2
91103,3,1,"AB",2
91104,1,1,"AP",52
91104,2,1,"AP",52
91105,1,1,"AB",2
91106,1,1,"AP",52
91108,1,1,"AP",52
91108,2,1,"AP",52
91108,3,1,"AP",52
91113,1,1,"AB",2
91113,2,1,"AB",2
91113,3,1,"AB",2
91114,1,1,"AB",2
91114,2,1,"AB",2
91114,3,1,"AB",2
91115,1,1,"AP",52
91115,2,1,"AP",52
91117,1,1,"AP",52
91118,1,1,"AB",2
91118,4,1,"AB",2
91118,5,1,"AB",2
91118,6,1,"AB",2
91118,8,1,"AB",2
91120,1,1,"AO",51
91123,1,1,"AB",2
91123,2,1,"AB",2
91123,3,1,"AB",2
91124,1,1,"AB",2
91124,2,1,"AB",2
91124,3,1,"AB",2
91128,1,1,"AB",2
91128,2,1,"AB",2
91129,1,1,"AB",2
91129,2,1,"AB",2
91129,3,1,"AB",2
91133,1,1,"AA",1
91133,2,1,"AA",1
91134,1,1,"AB",2
91134,2,1,"AB",2
91134,3,1,"AB",2
91136,1,1,"AP",52
91136,2,1,"AP",52
91137,2,1,"AP",52
91144,1,1,"AB",2
91145,1,1,"AA",1
91149,1,1,"AB",2
91149,2,1,"AB",2
91151,1,1,"AB",2
91151,2,1,"AB",2
91151,3,1,"AB",2
91152,1,1,"AP",52
91153,1,1,"AB",2
91153,2,1,"AB",2
91153,3,1,"AB",2
91154,1,1,"AB",2
91154,2,1,"AB",2
91154,3,1,"AB",2
91154,4,1,"AB",2
91155,1,1,"AB",2
91155,2,1,"AB",2
91156,1,1,"AA",1
91158,1,1,"AB",2
91159,1,1,"AB",2
91159,2,1,"AB",2
91159,3,1,"AB",2
91161,1,1,"AB",2
91163,1,1,"AB",2
91163,2,1,"AB",2
91163,3,1,"AB",2
91164,1,1,"AB",2
91166,1,1,"AB",2
91166,2,1,"AB",2
91166,3,1,"AB",2
91168,1,1,"AB",2
91169,1,1,"AB",2
91169,2,1,"AB",2
91169,3,1,"AB",2
91170,1,1,"AP",52
91174,1,1,"AB",2
91174,2,1,"AB",2
91176,1,1,"AB",2
91176,2,1,"AB",2
91176,3,1,"AB",2
91179,1,1,"AB",2
91179,2,1,"AB",2
91179,3,1,"AB",2
91181,1,1,"AP",52
91182,1,1,"AA",1
91182,2,1,"AA",1
91184,1,1,"AB",2
91184,2,1,"AB",2
91184,3,1,"AB",2
91186,1,1,"AP",52
91188,1,1,"AA",1
91189,1,1,"AA",1
91190,1,1,"AB",2
91190,2,1,"AB",2
91191,1,1,"AB",2
91193,1,1,"AP",52
91193,2,1,"AP",52
91193,3,1,"AP",52
91195,1,1,"AB",2
91195,2,1,"AB",2
91195,3,1,"AB",2
91198,1,1,"AB",2
91198,2,1,"AB",2
91199,1,1,"AP",52
91200,1,1,"AB",2
91200,2,1,"AB",2
91200,3,1,"AB",2
91204,1,1,"AB",2
91205,1,1,"AB",2
91209,1,1,"AB2",20
91210,1,1,"AB",2
91211,1,1,"AB",2
91211,2,1,"AB",2
91212,1,1,"AB",2
91212,2,1,"AB",2
91216,1,1,"AB",2
91220,1,1,"AB",2
91220,2,1,"AB",2
91220,4,1,"AB",2
91220,6,1,"AB",2
91226,1,1,"AB",2
91226,2,1,"AB",2
91226,3,1,"AB",2
91226,4,1,"AB",2
91231,1,1,"AB",2
91231,2,1,"AB",2
91232,1,1,"AB",2
91234,1,1,"AB",2
91235,1,1,"AB",2
91235,2,1,"AB",2
91235,3,1,"AB",2
91235,4,1,"AB",2
91236,1,1,"AB",2
91236,2,1,"AB",2
91236,3,1,"AB",2
91238,1,1,"AA",1
91240,1,1,"AB",2
91240,2,1,"AB",2
91244,1,1,"AO",51
91245,1,1,"AP",52
91246,1,1,"AP",52
91246,2,1,"AP",52
91247,1,1,"AB",2
91248,1,1,"AB",2
91248,2,1,"AB",2
91249,1,1,"AB",2
91256,1,1,"AA",1
91256,2,1,"AA",1
91256,3,1,"AA",1
91256,4,1,"AA",1
91261,1,1,"AB",2
91261,2,1,"AB",2
91263,1,1,"AA",1
91264,1,1,"AB",2
91265,1,1,"AB",2
91265,2,1,"AB",2
91265,3,1,"AB",2
91265,4,1,"AB",2
91267,1,1,"AB",2
91267,2,1,"AB",2
91268,2,1,"AP",52
91269,1,1,"AB",2
91269,2,1,"AB",2
91272,1,1,"AB",2
91272,2,1,"AB",2
91272,3,1,"AB",2
91273,1,1,"AB",2
91273,2,1,"AB",2
91274,1,1,"AP",52
91276,1,1,"AB",2
91276,2,1,"AB",2
91279,1,1,"AB",2
91279,2,1,"AB",2
91279,3,1,"AB",2
91279,4,1,"AB",2
91279,5,1,"AB",2
91279,6,1,"AB",2
91280,1,1,"AP",52
91282,1,1,"AB",2
91283,1,1,"AB",2
91283,2,1,"AB",2
91284,1,1,"AP",52
91285,1,1,"AB",2
91285,2,1,"AB",2
91286,1,1,"AA",1
91288,1,1,"AA",1
91289,1,1,"AB",2
91294,1,1,"AB",2
91295,1,1,"AA",1
91297,1,1,"AP",52
91298,1,1,"AB",2
91298,2,1,"AB",2
91298,3,1,"AB",2
91300,1,1,"AB",2
91302,1,1,"AB",2
91303,1,1,"AB",2
91305,1,1,"AB",2
91305,2,1,"AB",2
91305,3,1,"AB",2
91306,1,1,"AT",56
91307,1,1,"AP",52
91308,1,1,"AB",2
91310,1,1,"AA",1
91310,2,1,"AA",1
91312,1,1,"AB",2
91313,1,1,"AB",2
91313,2,1,"AB",2
91313,3,1,"AB",2
91313,4,1,"AB",2
91313,5,1,"AB",2
91314,1,1,"AB",2
91316,1,1,"AP",52
91316,2,1,"AP",52
91316,3,1,"AP",52
91316,4,1,"AP",52
91322,1,1,"AB",2
91323,1,1,"AB2",20
91325,1,1,"AB1",3
91326,1,1,"AB",2
91326,2,1,"AB",2
91329,1,1,"AP",52
91330,1,1,"AP",52
91332,1,1,"AB",2
91333,1,1,"AP",52
91338,1,1,"AB",2
91338,2,1,"AB",2
91342,1,1,"AA",1
91343,1,1,"AB",2
91343,2,1,"AB",2
91343,3,1,"AB",2
91345,1,1,"AB",2
91346,1,1,"AB",2
91348,1,1,"AB",2
91351,1,1,"AB",2
91351,2,1,"AB",2
91351,3,1,"AB",2
91352,1,1,"AB",2
91352,2,1,"AB",2
91352,3,1,"AB",2
91356,1,1,"AB",2
91356,2,1,"AB",2
91357,1,1,"AB",2
91357,2,1,"AB",2
91357,3,1,"AB",2
91357,4,1,"AB",2
91357,5,1,"AB",2
91358,1,1,"AP",52
91358,2,1,"AP",52
91358,3,1,"AP",52
91359,1,1,"AA",1
91360,1,1,"AB",2
91360,2,1,"AB",2
91363,1,1,"AP",52
91365,1,1,"AP",52
91365,2,1,"AP",52
91367,1,1,"AB",2
91367,2,1,"AB",2
91367,3,1,"AB",2
91367,4,1,"AB",2
91368,1,1,"AB",2
91368,2,1,"AB",2
91368,3,1,"AB",2
91369,1,1,"AB",2
91369,2,1,"AB",2
91370,1,1,"AB",2
91370,2,1,"AB",2
91370,3,1,"AB",2
91375,1,1,"AP",52
91375,2,1,"AP",52
91375,3,1,"AP",52
91377,1,1,"AP",52
91377,2,1,"AP",52
91382,1,1,"AB",2
91382,2,1,"AB",2
91382,3,1,"AB",2
91383,1,1,"AA",1
91384,1,1,"AA",1
91387,1,1,"AT",56
91388,1,1,"AB",2
91388,2,1,"AB",2
91388,3,1,"AB",2
91388,4,1,"AB",2
91388,5,1,"AB",2
91388,6,1,"AB",2
91388,7,1,"AB",2
91390,1,1,"AB",2
91390,2,1,"AB",2
91390,3,1,"AB",2
91390,4,1,"AB",2
91392,1,1,"AP",52
91393,1,1,"AB",2
91393,2,1,"AB",2
91393,3,1,"AB",2
91393,4,1,"AB",2
91393,5,1,"AB",2
91394,1,1,"AB",2
91395,1,1,"AB",2
91395,2,1,"AB",2
91395,3,1,"AB",2
91395,4,1,"AB",2
91395,5,1,"AB",2
91397,1,1,"AP",52
91397,2,1,"AP",52
91397,3,1,"AP",52
91398,1,1,"AB",2
91399,1,1,"AB",2
91399,2,1,"AB",2
91401,1,1,"AB",2
91401,2,1,"AB",2
91404,1,1,"AP",52
91404,2,1,"AP",52
91406,1,1,"AP",52
91407,1,1,"AA",1
91408,1,1,"AB",2
91409,1,1,"AB",2
91412,1,1,"AB",2
91412,2,1,"AB",2
91412,3,1,"AB",2
91413,1,1,"AA",1
91413,2,1,"AA",1
91414,1,1,"AB",2
91414,2,1,"AB",2
91415,1,1,"AB",2
91415,2,1,"AB",2
91415,3,1,"AB",2
91415,4,1,"AB",2
91416,1,1,"AB",2
91416,2,1,"AB",2
91416,3,1,"AB",2
91417,1,1,"AB",2
91418,1,1,"AP",52
91422,1,1,"AB",2
91422,2,1,"AB",2
91424,1,1,"AB",2
91424,3,1,"AB",2
91424,4,1,"AB",2
91425,1,1,"AB1",3
91426,1,1,"AB",2
91426,2,1,"AB",2
91426,3,1,"AB",2
91427,1,1,"AB",2
91430,1,1,"AB",2
91430,2,1,"AB",2
91431,1,1,"AB",2
91431,2,1,"AB",2
91431,3,1,"AB",2
91431,4,1,"AB",2
91431,5,1,"AB",2
91431,6,1,"AB",2
91432,1,1,"AB",2
91432,2,1,"AB",2
91433,1,1,"AB",2
91433,2,1,"AB",2
91433,3,1,"AB",2
91434,1,1,"AB",2
91434,2,1,"AB",2
91434,3,1,"AB",2
91434,4,1,"AB",2
91434,5,1,"AB",2
91434,6,1,"AB",2
91436,1,1,"AP",52
91437,1,1,"AB",2
91440,1,1,"AB",2
91441,1,1,"AB",2
91441,2,1,"AB",2
91443,1,1,"AB",2
91443,2,1,"AB",2
91444,1,1,"AB",2
91448,1,1,"AB",2
91448,2,1,"AB",2
91448,3,1,"AB",2
91449,1,1,"AT",56
91450,1,1,"AB",2
91450,2,1,"AB",2
91450,3,1,"AB",2
91450,4,1,"AB",2
91450,5,1,"AB",2
91451,1,1,"AA",1
91452,1,1,"AB",2
91453,1,1,"AB",2
91454,1,1,"AB",2
91455,1,1,"AB",2
91455,2,1,"AB",2
91457,1,1,"AP",52
91458,1,1,"AP",52
91458,2,1,"AP",52
91459,1,1,"AB1",3
91459,2,1,"AB1",3
91459,3,1,"AB1",3
91464,1,1,"AB",2
91464,2,1,"AB",2
91465,1,1,"AP",52
91467,1,1,"AB",2
91471,1,1,"AB",2
91476,1,1,"AB",2
91476,2,1,"AB",2
91479,1,1,"AB",2
91480,1,1,"AB",2
91480,2,1,"AB",2
91480,3,1,"AB",2
91482,1,1,"AB",2
91482,2,1,"AB",2
91483,1,1,"AA",1
91485,1,1,"AP",52
91487,1,1,"AP",52
91487,2,1,"AP",52
91487,3,1,"AP",52
91488,1,1,"AP",52
91489,1,1,"AP",52
91490,1,1,"AB",2
91490,2,1,"AB",2
91490,3,1,"AB",2
91490,4,1,"AB",2
91490,5,1,"AB",2
91491,1,1,"AB",2
91491,2,1,"AB",2
91491,3,1,"AB",2
91491,4,1,"AB",2
91493,1,1,"AP",52
91495,1,1,"AP",52
91496,1,1,"AB",2
91497,1,1,"AB",2
91497,2,1,"AB",2
91497,3,1,"AB",2
91498,1,1,"AB",2
91502,1,1,"AB",2
91502,2,1,"AB",2
91502,3,1,"AB",2
91503,1,1,"AP",52
91503,2,1,"AP",52
91509,1,1,"AB",2
91513,1,1,"AB",2
91514,1,1,"AT",56
91516,1,1,"AP",52
91517,1,1,"AB",2
91517,2,1,"AB",2
91517,3,1,"AB",2
91520,1,1,"AB2",20
91524,1,1,"AB",2
91524,2,1,"AB",2
91524,3,1,"AB",2
91525,1,1,"AP",52
91526,1,1,"AP",52
91528,1,1,"AA",1
91534,1,1,"AP",52
91540,1,1,"AP",52
91541,1,1,"AB",2
91541,2,1,"AB",2
91541,3,1,"AB",2
91542,1,1,"AP",52
91544,1,1,"AB",2
91546,1,1,"AP",52
91549,1,1,"AB",2
91550,1,1,"AT",56
91552,1,1,"AB",2
91553,1,1,"AB",2
91554,1,1,"AP",52
91557,1,1,"AB",2
91557,2,1,"AB",2
91558,1,1,"AB",2
91558,2,1,"AB",2
91559,1,1,"AT",56
91560,1,1,"AB",2
91561,1,1,"AB",2
91563,1,1,"AB",2
91563,2,1,"AB",2
91564,1,1,"AP",52
91568,1,1,"AB",2
91569,1,1,"AB",2
91569,2,1,"AB",2
91572,1,1,"AB",2
91573,1,1,"AB",2
91575,1,1,"AB",2
91576,1,1,"AB",2
91577,1,1,"AB",2
91585,1,1,"AB",2
91585,2,1,"AB",2
91586,1,1,"AA",1
91588,1,1,"AB",2
91588,2,1,"AB",2
91589,1,1,"AN",50
91590,1,1,"AB",2
91590,2,1,"AB",2
91590,3,1,"AB",2
91591,1,1,"AB",2
91592,2,1,"AB",2
91594,1,1,"AP",52
91594,2,1,"AP",52
91594,3,1,"AP",52
91595,1,1,"AB",2
91596,1,1,"AP",52
91599,1,1,"AP",52
91599,2,1,"AP",52
91600,1,1,"AB",2
91601,1,1,"AA",1
91601,2,1,"AA",1
91602,1,1,"AP",52
91604,1,1,"AB",2
91604,2,1,"AB",2
91604,3,1,"AB",2
91604,4,1,"AB",2
91605,1,1,"AB",2
91605,2,1,"AB",2
91605,3,1,"AB",2
91605,4,1,"AB",2
91606,1,1,"AB",2
91606,2,1,"AB",2
91607,1,1,"AB2",20
91607,2,1,"AB2",20
91607,3,1,"AB2",20
91608,1,1,"AB",2
91609,1,1,"AB2",20
91609,2,1,"AB2",20
91609,3,1,"AB2",20
91610,1,1,"AB",2
91612,1,1,"AB",2
91612,2,1,"AB",2
91612,3,1,"AB",2
91612,4,1,"AB",2
91613,1,1,"AP",52
91613,2,1,"AP",52
91614,1,1,"AP",52
91616,1,1,"AB",2
91617,1,1,"AB",2
91617,2,1,"AB",2
91617,3,1,"AB",2
91619,1,1,"AB",2
91619,2,1,"AB",2
91620,1,1,"AP",52
91621,1,1,"AA",1
91623,1,1,"AP",52
91624,1,1,"AB",2
91624,2,1,"AB",2
91624,3,1,"AB",2
91624,4,1,"AB",2
91625,1,1,"AB",2
91625,2,1,"AB",2
91625,3,1,"AB",2
91626,1,1,"AT",56
91627,1,1,"AP",52
91629,1,1,"AB",2
91629,2,1,"AB",2
91629,3,1,"AB",2
91630,1,1,"AA",1
91630,2,1,"AA",1
91632,1,1,"AB",2
91633,1,1,"AB",2
91633,2,1,"AB",2
91633,3,1,"AB",2
91633,4,1,"AB",2
91634,1,1,"AB",2
91636,1,1,"AB",2
91637,1,1,"AP",52
91640,1,1,"AB",2
91643,1,1,"AB",2
91646,1,1,"AP",52
91648,1,1,"AB",2
91648,2,1,"AB",2
91648,3,1,"AB",2
91649,1,1,"AB",2
91649,2,1,"AB",2
91650,1,1,"AB",2
91650,2,1,"AB",2
91650,3,1,"AB",2
91652,1,1,"AB",2
91652,2,1,"AB",2
91652,3,1,"AB",2
91656,1,1,"AB",2
91656,2,1,"AB",2
91656,3,1,"AB",2
91657,1,1,"AP",52
91658,1,1,"AB",2
91658,2,1,"AB",2
91659,1,1,"AP",52
91661,1,1,"AB",2
91663,1,1,"AB",2
91664,1,1,"AB3",30
91664,2,1,"AB3",30
91665,1,1,"AP",52
91667,1,1,"AB",2
91667,2,1,"AB",2
91670,1,1,"AA",1
91671,1,1,"AB",2
91672,1,1,"AB",2
91672,2,1,"AB",2
91672,3,1,"AB",2
91673,1,1,"AB",2
91673,2,1,"AB",2
91673,3,1,"AB",2
91673,4,1,"AB",2
91674,1,1,"AB",2
91675,1,1,"AA",1
91676,1,1,"AP",52
91676,2,1,"AP",52
91678,1,1,"AA",1
91680,1,1,"AB",2
91681,1,1,"AB",2
91682,1,1,"AP",52
91682,2,1,"AP",52
91683,1,1,"AB",2
91683,2,1,"AB",2
91683,3,1,"AB",2
91683,4,1,"AB",2
91683,5,1,"AB",2
91683,6,1,"AB",2
91684,1,1,"AP",52
91688,1,1,"AB",2
91689,1,1,"AB",2
91689,2,1,"AB",2
91689,3,1,"AB",2
91689,4,1,"AB",2
91691,1,1,"AT",56
91693,1,1,"AB",2
91695,1,1,"BX",151
91695,2,1,"BX",151
91695,3,1,"BX",151
91695,4,1,"BX",151
125504,1,1,"TBD",999
125511,1,1,"TBD",999
125511,2,1,"TBD",999
125511,3,1,"TBD",999
125511,4,1,"TBD",999
200002,1,1,"AP",52
200002,2,1,"AP",52
200022,1,1,"AB",2
200022,2,1,"AB",2
200043,1,1,"AB",2
200043,2,1,"AB",2
200043,3,1,"AB",2
200044,1,1,"AB",2
200044,2,1,"AB",2
200044,3,1,"AB",2
200065,1,1,"AB",2
200068,1,1,"AB",2
200104,1,1,"AB",2
200104,2,1,"AB",2
200104,3,1,"AB",2
200104,4,1,"AB",2
200104,5,1,"AB",2
200104,6,1,"AB",2
200104,7,1,"AB",2
200104,8,1,"AB",2
200104,9,1,"AB",2
200122,1,1,"AP",52
200142,1,1,"AB",2
200143,1,1,"AB",2
200144,1,1,"AP",52
200145,1,1,"AP",52
200145,2,1,"AP",52
200145,3,1,"AP",52
200151,1,1,"AB1",3
200151,2,1,"AB1",3
200151,3,1,"AB1",3
200154,1,1,"AP",52
200154,2,1,"AP",52
200155,1,1,"AB",2
200155,2,1,"AB",2
200158,1,1,"AB",2
200158,2,1,"AB",2
200159,1,1,"AP",52
200160,1,1,"AB",2
200161,1,1,"AB",2
200166,1,1,"AA",1
200166,2,1,"AA",1
200169,1,1,"AA",1
200170,1,1,"AP",52
200170,2,1,"AP",52
200171,1,1,"AP",52
200173,1,1,"AB",2
200174,1,1,"AB",2
200175,1,1,"AB",2
200175,2,1,"AB",2
200175,3,1,"AB",2
200175,4,1,"AB",2
200175,5,1,"AB",2
200177,1,1,"AA",1
200181,1,1,"AB",2
200183,1,1,"AP",52
200185,1,1,"AB",2
200185,2,1,"AB",2
200197,1,1,"AB",2
200219,1,1,"AP",52
200220,1,1,"AB",2
200220,2,1,"AB",2
200221,1,1,"AB",2
200221,2,1,"AB",2
200221,3,1,"AB",2
200221,4,1,"AB",2
200222,1,1,"AP",52
200243,1,1,"AA",1
200245,1,1,"AB1",3
200248,1,1,"AB",2
200250,1,1,"AB",2
200250,2,1,"AB",2
200250,3,1,"AB",2
200263,1,1,"AB",2
200263,2,1,"AB",2
200263,3,1,"AB",2
200264,1,1,"AB",2
200264,2,1,"AB",2
200265,1,1,"AB",2
200265,2,1,"AB",2
200266,1,1,"AB",2
200266,2,1,"AB",2
200268,1,1,"AB",2
200268,2,1,"AB",2
200268,3,1,"AB",2
200270,1,1,"AB",2
200272,1,1,"AA",1
200274,1,1,"AB",2
200275,1,1,"AB",2
200290,1,1,"AB",2
200290,2,1,"AB",2
200290,3,1,"AB",2
200292,1,1,"AB",2
200292,2,1,"AB",2
200294,1,1,"AA",1
200294,2,1,"AA",1
200295,1,1,"AB",2
200295,2,1,"AB",2
200295,3,1,"AB",2
200296,1,1,"AB",2
200296,2,1,"AB",2
200296,3,1,"AB",2
200298,1,1,"AB",2
200300,1,1,"AP",52
200300,2,1,"AP",52
200302,1,1,"AB",2
200343,1,1,"AA",1
200363,1,1,"AB",2
200363,2,1,"AB",2
200363,3,1,"AB",2
200363,4,1,"AB",2
200363,5,1,"AB",2
200363,6,1,"AB",2
200383,1,1,"AB",2
200384,1,1,"AB",2
200386,1,1,"AA",1
200403,1,1,"AP",52
200403,2,1,"AP",52
200403,3,1,"AP",52
200405,1,1,"AB",2
200405,2,1,"AB",2
200407,1,1,"AB",2
200411,1,1,"AB",2
200411,2,1,"AB",2
200411,3,1,"AB",2
200411,4,1,"AB",2
200411,5,1,"AB",2
200411,6,1,"AB",2
200429,1,1,"AB",2
200429,2,1,"AB",2
200429,3,1,"AB",2
200431,1,1,"AB",2
200431,2,1,"AB",2
200431,3,1,"AB",2
200431,4,1,"AB",2
200431,5,1,"AB",2
200435,1,1,"AB",2
200435,2,1,"AB",2
200435,3,1,"AB",2
200435,4,1,"AB",2
200435,5,1,"AB",2
200456,1,1,"AB",2
200456,2,1,"AB",2
200462,1,1,"AB",2
200462,3,1,"AB",2
200462,4,1,"AB",2
200462,5,1,"AB",2
200462,6,1,"AB",2
200463,1,1,"AB",2
200465,1,1,"AB",2
200465,2,1,"AB",2
200465,3,1,"AB",2
200465,4,1,"AB",2
200465,5,1,"AB",2
200465,6,1,"AB",2
200465,7,1,"AB",2
200465,8,1,"AB",2
200465,9,1,"AB",2
200465,10,1,"AB",2
200465,11,1,"AB",2
200477,1,1,"AB",2
200477,2,1,"AB",2
200477,3,1,"AB",2
200477,4,1,"AB",2
200477,5,1,"AB",2
200482,1,1,"AB",2
200482,2,1,"AB",2
200483,1,1,"AB",2
200483,2,1,"AB",2
200484,1,1,"AB",2
200484,2,1,"AB",2
200490,1,1,"AB",2
200491,1,1,"AB2",20
200491,2,1,"AB2",20
200491,3,1,"AB2",20
200492,1,1,"AB",2
200493,1,1,"AB",2
200494,1,1,"AB",2
200495,1,1,"AB",2
200495,2,1,"AB",2
200502,1,1,"AB",2
200502,2,1,"AB",2
200503,1,1,"AB1",3
200503,2,1,"AB1",3
200503,3,1,"AB1",3
200510,1,1,"AP",52
200529,1,1,"AB",2
200532,1,1,"AB",2
200532,2,1,"AB",2
200532,3,1,"AB",2
200534,1,1,"AB",2
200535,1,1,"AA",1
200535,2,1,"AA",1
200538,1,1,"AB",2
200540,1,1,"AB",2
200540,2,1,"AB",2
200541,1,1,"AB",2
200562,1,1,"AB",2
200562,2,1,"AB",2
200562,3,1,"AB",2
200562,4,1,"AB",2
200563,1,1,"AB",2
200563,2,1,"AB",2
200565,1,1,"AB",2
200582,1,1,"AP",52
200602,1,1,"AA",1
200602,2,1,"AA",1
200626,1,1,"AB",2
200626,2,1,"AB",2
200626,3,1,"AB",2
200626,4,1,"AB",2
200629,1,1,"AB",2
200629,2,1,"AB",2
200630,1,1,"AB2",20
200644,1,1,"AP",52
200645,1,1,"AB",2
200647,1,1,"AP",52
200648,1,1,"AP",52
200651,1,1,"AB",2
200651,2,1,"AB",2
200652,1,1,"AB",2
200652,2,1,"AB",2
200653,1,1,"AB",2
200653,2,1,"AB",2
200654,1,1,"AB",2
200672,1,1,"AB",2
200672,2,1,"AB",2
200672,3,1,"AB",2
200672,4,1,"AB",2
200672,5,1,"AB",2
200673,1,1,"AP",52
200673,2,1,"AP",52
200674,1,1,"AP",52
200674,2,1,"AP",52
200674,3,1,"AP",52
200675,1,1,"AB",2
200690,1,1,"AB2",20
200690,2,1,"AB2",20
200691,1,1,"AB",2
200694,1,1,"AB",2
200694,2,1,"AB",2
200694,3,1,"AB",2
200694,4,1,"AB",2
200695,1,1,"AB3",30
200734,1,1,"AB",2
200735,1,1,"AB",2
200737,1,1,"AA",1
200737,2,1,"AA",1
200737,3,1,"AA",1
200737,4,1,"AA",1
200739,1,1,"AB",2
200739,2,1,"AB",2
200739,3,1,"AB",2
200739,4,1,"AB",2
200742,1,1,"AP",52
200744,1,1,"AB",2
200744,2,1,"AB",2
200747,1,1,"AB",2
200750,1,1,"AB",2
200750,2,1,"AB",2
200751,1,1,"AB",2
200751,3,1,"AB",2
200751,4,1,"AB",2
200751,5,1,"AB",2
200752,1,1,"AP",52
200752,2,1,"AP",52
200753,1,1,"AP",52
200753,2,1,"AP",52
200753,3,1,"AP",52
200770,1,1,"AA",1
200770,2,1,"AA",1
200770,3,1,"AA",1
200771,1,1,"AP",52
200771,2,1,"AP",52
200790,1,1,"AB",2
200795,1,1,"AP",52
200795,2,1,"AP",52
200795,3,1,"AP",52
200797,1,1,"AB",2
200797,2,1,"AB",2
200797,3,1,"AB",2
200797,4,1,"AB",2
200797,5,1,"AB",2
200810,1,1,"AT",56
200812,1,1,"AB",2
200812,2,1,"AB",2
200812,3,1,"AB",2
200812,4,1,"AB",2
200812,5,1,"AB",2
200812,6,1,"AB",2
200815,1,1,"AB",2
200815,2,1,"AB",2
200815,3,1,"AB",2
200821,1,1,"AB",2
200821,2,1,"AB",2
200822,1,1,"AB",2
200822,2,1,"AB",2
200822,3,1,"AB",2
200822,4,1,"AB",2
200822,5,1,"AB",2
200822,6,1,"AB",2
200822,7,1,"AB",2
200823,1,1,"AB",2
200823,2,1,"AB",2
200824,1,1,"AB",2
200824,2,1,"AB",2
200824,3,1,"AB",2
200824,4,1,"AB",2
200824,5,1,"AB",2
200825,1,1,"AB",2
200826,1,1,"AB",2
200826,2,1,"AB",2
200828,1,1,"AB",2
200828,2,1,"AB",2
200828,3,1,"AB",2
200828,4,1,"AB",2
200831,1,1,"AB",2
200833,1,1,"AP",52
200833,2,1,"AP",52
200834,1,1,"AB",2
200834,2,1,"AB",2
200834,3,1,"AB",2
200837,1,1,"AP",52
200837,2,1,"AP",52
200839,1,1,"AB",2
200839,2,1,"AB",2
200839,3,1,"AB",2
200855,1,1,"AP",52
200856,1,1,"AB",2
200856,2,1,"AB",2
200856,3,1,"AB",2
200875,1,1,"AN",50
200880,1,1,"AP",52
200881,1,1,"AB",2
200881,2,1,"AB",2
200881,3,1,"AB",2
200881,4,1,"AB",2
200882,2,1,"AP",52
200884,1,1,"AB",2
200884,2,1,"AB",2
200886,1,1,"AB1",3
200889,1,1,"AB",2
200890,1,1,"AT",56
200890,2,1,"AT",56
200890,3,1,"AT",56
200891,1,1,"AB",2
200891,2,1,"AB",2
200892,1,1,"AB",2
200894,1,1,"AA",1
200895,1,1,"AB",2
200895,2,1,"AB",2
200895,3,1,"AB",2
200895,4,1,"AB",2
200895,5,1,"AB",2
200898,1,1,"AB",2
200899,1,1,"AB",2
200900,1,1,"AB",2
200900,2,1,"AB",2
200901,1,1,"AP",52
200904,1,1,"AP",52
200904,2,1,"AP",52
200908,1,1,"AB",2
200908,2,1,"AB",2
200908,3,1,"AB",2
200909,1,1,"AB",2
200909,2,1,"AB",2
200909,3,1,"AB",2
200909,4,1,"AB",2
200913,1,1,"AB",2
200913,2,1,"AB",2
200914,1,1,"AP",52
200915,1,1,"AP",52
200916,1,1,"AP",52
200918,1,1,"AP",52
200920,1,1,"AB",2
200920,2,1,"AB",2
200925,1,1,"AT",56
200926,1,1,"AP",52
200935,1,1,"AB",2
200936,1,1,"AB",2
200958,1,1,"AA",1
200958,2,1,"AA",1
200959,1,1,"AB",2
200961,1,1,"AB2",20
200963,1,1,"AA",1
200979,1,1,"AP",52
200979,2,1,"AP",52
200980,1,1,"AB2",20
200981,1,1,"AB",2
200981,2,1,"AB",2
200981,3,1,"AB",2
201000,1,1,"AB",2
201001,1,1,"AB",2
201001,2,1,"AB",2
201002,1,1,"AP",52
201003,1,1,"AB",2
201003,2,1,"AB",2
201003,3,1,"AB",2
201003,4,1,"AB",2
201003,5,1,"AB",2
201003,6,1,"AB",2
201005,1,1,"AB",2
201006,1,1,"AT",56
201011,1,1,"AA",1
201011,2,1,"AA",1
201011,3,1,"AA",1
201013,1,1,"AA",1
201013,2,1,"AA",1
201013,3,1,"AA",1
201014,1,1,"AP",52
201022,1,1,"AB",2
201022,2,1,"AB",2
201022,3,1,"AB",2
201024,1,1,"AP",52
201024,2,1,"AP",52
201025,1,1,"AP",52
201025,2,1,"AP",52
201025,3,1,"AP",52
201025,4,1,"AP",52
201043,1,1,"AB",2
201043,2,1,"AB",2
201043,3,1,"AB",2
201044,1,1,"AP",52
201047,1,1,"AB",2
201047,3,1,"AB",2
201047,4,1,"AB",2
201047,5,1,"AB",2
201047,6,1,"AB",2
201048,1,1,"AP",52
201048,2,1,"AP",52
201049,1,1,"AB",2
201049,2,1,"AB",2
201050,1,1,"AB",2
201066,1,1,"AB",2
201066,2,1,"AB",2
201071,1,1,"AB1",3
201071,2,1,"AB1",3
201071,3,1,"AB1",3
201072,1,1,"AP",52
201087,1,1,"AB",2
201087,2,1,"AB",2
201087,3,1,"AB",2
201087,4,1,"AB",2
201087,5,1,"AB",2
201088,1,1,"AB1",3
201089,1,1,"AB",2
201089,2,1,"AB",2
201090,1,1,"AB",2
201090,2,1,"AB",2
201091,1,1,"AB",2
201094,1,1,"AT",56
201095,1,1,"AB",2
201106,1,1,"AB",2
201106,2,1,"AB",2
201106,3,1,"AB",2
201107,1,1,"AA",1
201108,1,1,"AB1",3
201109,1,1,"AB",2
201109,2,1,"AB",2
201109,3,1,"AB",2
201109,4,1,"AB",2
201109,5,1,"AB",2
201109,6,1,"AB",2
201126,1,1,"AP",52
201146,1,1,"AB",2
201146,2,1,"AB",2
201150,1,1,"AB",2
201152,1,1,"AB",2
201152,2,1,"AB",2
201157,1,1,"AA",1
201166,1,1,"AP",52
201168,1,1,"AB",2
201168,2,1,"AB",2
201170,1,1,"AB",2
201170,2,1,"AB",2
201170,3,1,"AB",2
201172,1,1,"AB",2
201172,2,1,"AB",2
201187,1,1,"AB",2
201187,2,1,"AB",2
201189,1,1,"AB",2
201189,2,1,"AB",2
201189,3,1,"AB",2
201190,1,1,"AB",2
201190,2,1,"AB",2
201190,3,1,"AB",2
201190,4,1,"AB",2
201190,5,1,"AB",2
201190,6,1,"AB",2
201191,1,1,"AP",52
201192,1,1,"AB",2
201192,2,1,"AB",2
201192,3,1,"AB",2
201193,1,1,"AB",2
201194,1,1,"AA",1
201195,3,1,"AP",52
201195,4,1,"AP",52
201195,5,1,"AP",52
201209,1,1,"AA",1
201212,1,1,"AA",1
201231,1,1,"AB",2
201231,2,1,"AB",2
201231,3,1,"AB",2
201270,1,1,"AB",2
201273,1,1,"AB",2
201276,1,1,"AP",52
201278,1,1,"AA",1
201278,2,1,"AA",1
201278,3,1,"AA",1
201291,1,1,"AB",2
201293,1,1,"AB",2
201293,2,1,"AB",2
201293,3,1,"AB",2
201293,4,1,"AB",2
201333,1,1,"AB",2
201333,2,1,"AB",2
201333,3,1,"AB",2
201336,1,1,"AB1",3
201336,2,1,"AB1",3
201336,3,1,"AB",2
201355,1,1,"AB",2
201356,1,1,"AB",2
201356,2,1,"AB",2
201356,3,1,"AB",2
201365,1,1,"AP",52
201374,1,1,"AB",2
201374,2,1,"AB",2
201374,3,1,"AB",2
201374,4,1,"AB",2
201374,5,1,"AB",2
201374,6,1,"AB",2
201379,1,1,"AP",52
201380,1,1,"AB",2
201380,2,1,"AB",2
201382,1,1,"AB",2
201382,2,1,"AB",2
201382,3,1,"AB",2
201382,4,1,"AB",2
201384,1,1,"AB1",3
201384,2,1,"AB1",3
201384,3,1,"AB1",3
201402,1,1,"AB2",20
201404,1,1,"AP",52
201406,1,1,"AP",52
201406,2,1,"AP",52
201407,1,1,"AB",2
201408,1,1,"AB",2
201408,2,1,"AB",2
201408,3,1,"AB",2
201408,4,1,"AB",2
201422,1,1,"AN",50
201445,1,1,"AB",2
201447,1,1,"AA",1
201447,2,1,"AA",1
201447,3,1,"AA",1
201447,4,1,"AA",1
201450,1,1,"AA",1
201451,1,1,"AA",1
201451,2,1,"AA",1
201463,1,1,"AB",2
201463,2,1,"AB",2
201463,3,1,"AB",2
201464,1,1,"AB",2
201464,2,1,"AB",2
201466,1,1,"AA",1
201466,2,1,"AA",1
201483,1,1,"AB1",3
201486,1,1,"AB",2
201486,2,1,"AB",2
201504,1,1,"AB",2
201504,2,1,"AB",2
201504,3,1,"AB",2
201504,4,1,"AB",2
201504,5,1,"AB",2
201504,6,1,"AB",2
201504,7,1,"AB",2
201505,1,1,"AB",2
201505,2,1,"AB",2
201506,1,1,"AB",2
201506,2,1,"AB",2
201507,1,1,"AB",2
201507,2,1,"AB",2
201509,1,1,"AB",2
201509,2,1,"AB",2
201510,1,1,"AB",2
201511,1,1,"AT",56
201512,1,1,"AB",2
201515,1,1,"AB",2
201518,1,1,"AB",2
201518,2,1,"AB",2
201518,3,1,"AB",2
201519,1,1,"AB",2
201519,2,1,"AB",2
201519,3,1,"AB",2
201519,4,1,"AB",2
201519,5,1,"AB",2
201519,6,1,"AB",2
201522,1,1,"AB",2
201524,1,1,"AB",2
201524,2,1,"AB",2
201525,1,1,"AP",52
201525,2,1,"AP",52
201525,3,1,"AP",52
201528,1,1,"AB",2
201528,2,1,"AB",2
201528,3,1,"AB",2
201528,4,1,"AB",2
201528,5,1,"AB",2
201528,6,1,"AB",2
201529,1,1,"AP",52
201529,2,1,"AP",52
201529,3,1,"AP",52
201529,4,1,"AP",52
201530,1,1,"AP",52
201531,1,1,"AB",2
201531,2,1,"AB",2
201531,3,1,"AB",2
201533,1,1,"AP",52
201533,2,1,"AP",52
201537,1,1,"AP",52
201538,1,1,"AP",52
201539,1,1,"AP",52
201539,2,1,"AP",52
201566,1,1,"AB",2
201566,2,1,"AB",2
201567,1,1,"AB3",30
201567,2,1,"AB3",30
201570,1,1,"AB",2
201573,1,1,"AB",2
201573,2,1,"AB",2
201574,1,1,"AA",1
201576,1,1,"AB",2
201576,2,1,"AB",2
201576,3,1,"AB",2
201576,4,1,"AB",2
201576,5,1,"AB",2
201577,1,1,"AP",52
201578,1,1,"AB",2
201578,2,1,"AB",2
201580,1,1,"AP",52
201581,1,1,"AB",2
201581,2,1,"AB",2
201582,1,1,"AB",2
201584,1,1,"AB",2
201585,1,1,"AB",2
201586,1,1,"AB",2
201586,2,1,"AB",2
201586,3,1,"AB",2
201586,4,1,"AB",2
201588,1,1,"AP",52
201593,1,1,"AB",2
201593,2,1,"AB",2
201593,3,1,"AB",2
201593,4,1,"AB",2
201593,5,1,"AB",2
201615,1,1,"AB",2
201619,1,1,"AB",2
201619,2,1,"AB",2
201619,3,1,"AB",2
201619,4,1,"AB",2
201633,1,1,"AB",2
201633,2,1,"AB",2
201634,1,1,"AB",2
201634,2,1,"AB",2
201635,1,1,"AB",2
201635,2,1,"AB",2
201635,3,1,"AB",2
201653,1,1,"AB",2
201654,1,1,"AP",52
201657,1,1,"AP",52
201657,2,1,"AP",52
201657,3,1,"AP",52
201658,1,1,"AB",2
201661,1,1,"AB",2
201662,1,1,"AB",2
201662,2,1,"AB",2
201662,3,1,"AB",2
201662,4,1,"AB",2
201662,5,1,"AB",2
201663,1,1,"AB",2
201674,1,1,"AA",1
201675,1,1,"AB1",3
201675,2,1,"AB1",3
201675,3,1,"AB1",3
201675,4,1,"AB1",3
201675,5,1,"AB1",3
201676,3,1,"AB",2
201677,1,1,"AB",2
201677,2,1,"AB",2
201677,3,1,"AB",2
201677,4,1,"AB",2
201678,1,1,"AB",2
201679,1,1,"AB",2
201680,1,1,"AB",2
201680,2,1,"AB",2
201682,1,1,"AB",2
201682,2,1,"AB",2
201682,3,1,"AB",2
201686,1,1,"AB",2
201687,1,1,"AB",2
201689,1,1,"AP",52
201689,2,1,"AP",52
201691,1,1,"AB",2
201692,1,1,"AP",52
201692,2,1,"AP",52
201692,3,1,"AP",52
201693,1,1,"AB",2
201695,1,1,"AB",2
201720,1,1,"AO",51
201720,2,1,"AO",51
201722,1,1,"AB",2
201722,2,1,"AB",2
201722,3,1,"AB",2
201724,1,1,"AB",2
201724,2,1,"AB",2
201739,1,1,"BX",151
201739,2,1,"BX",151
201741,1,1,"AP",52
201742,1,1,"AB",2
201742,2,1,"AB",2
201742,3,1,"AB",2
201742,4,1,"AB",2
201742,5,1,"AB",2
201742,6,1,"AB",2
201746,1,1,"AP",52
201748,1,1,"AB",2
201748,2,1,"AB",2
201749,1,1,"AB",2
201750,1,1,"AP",52
201751,1,1,"AP",52
201759,1,1,"AT",56
201760,1,1,"AB",2
201760,2,1,"AB",2
201764,1,1,"AT",56
201779,1,1,"AB",2
201779,2,1,"AB",2
201781,1,1,"AB",2
201781,2,1,"AB",2
201781,3,1,"AB",2
201781,4,1,"AB",2
201783,1,1,"AP",52
201784,1,1,"AP",52
201786,1,1,"AT",56
201787,1,1,"AB",2
201787,2,1,"AB",2
201791,1,1,"AB",2
201791,2,1,"AB",2
201791,3,1,"AB",2
201791,4,1,"AB",2
201791,5,1,"AB",2
201791,6,1,"AB",2
201801,1,1,"AP",52
201804,1,1,"AB",2
201807,1,1,"AB",2
201811,1,1,"AP",52
201821,1,1,"AA",1
201823,1,1,"AB",2
201823,2,1,"AB",2
201824,2,1,"AB",2
201824,3,1,"AB",2
201831,1,1,"AB",2
201831,2,1,"AB",2
201832,1,1,"AB",2
201835,1,1,"AB",2
201835,2,1,"AB",2
201835,3,1,"AB",2
201845,1,1,"AB",2
201845,2,1,"AB",2
201845,3,1,"AB",2
201846,1,1,"AB",2
201850,1,1,"AP",52
201885,1,1,"AP",52
201886,1,1,"AB",2
201887,1,1,"AB",2
201889,1,1,"AB",2
201889,2,1,"AB",2
201890,1,1,"AB",2
201890,2,1,"AB",2
201890,3,1,"AB",2
201890,4,1,"AB",2
201892,1,1,"AB",2
201892,2,1,"AB",2
201893,1,1,"AB",2
201893,2,1,"AB",2
201894,1,1,"AT",56
201896,1,1,"AB",2
201897,1,1,"AB",2
201914,1,1,"AB",2
201914,2,1,"AB",2
201921,1,1,"AB",2
201921,2,1,"AB",2
201944,1,1,"AB",2
201944,2,1,"AB",2
201947,1,1,"AA",1
201947,2,1,"AA",1
201952,1,1,"AB",2
201961,1,1,"AA",1
201963,1,1,"AB",2
201963,2,1,"AB",2
201963,3,1,"AB",2
201963,4,1,"AB",2
201963,5,1,"AB",2
201964,1,1,"AB",2
201964,2,1,"AB",2
201964,3,1,"AB",2
201966,1,1,"AN",50
201966,2,1,"AN",50
201966,3,1,"AN",50
201967,1,1,"AB",2
201967,2,1,"AB",2
201970,1,1,"AB",2
201970,2,1,"AB",2
201971,1,1,"AB",2
201971,2,1,"AB",2
201972,1,1,"AA",1
201972,2,1,"AA",1
201972,3,1,"AA",1
201972,4,1,"AA",1
201973,1,1,"AB",2
201991,1,1,"AB1",3
201993,1,1,"AB",2
201993,2,1,"AB",2
201994,1,1,"AB",2
201995,1,1,"AB",2
202001,1,1,"AB",2
202001,2,1,"AB",2
202010,1,1,"AB",2
202012,1,1,"AB",2
202012,2,1,"AB",2
202014,1,1,"AB1",3
202015,1,1,"AB",2
202016,1,1,"AB",2
202017,1,1,"AP",52
202020,1,1,"AB",2
202020,2,1,"AB",2
202020,3,1,"AB",2
202023,1,1,"AB",2
202023,2,1,"AB",2
202023,3,1,"AB",2
202024,1,1,"AA",1
202025,1,1,"AB",2
202026,1,1,"AB",2
202027,1,1,"AT",56
202031,1,1,"AP",52
202031,2,1,"AP",52
202032,1,1,"AB",2
202032,2,1,"AB",2
202033,1,1,"AB",2
202033,2,1,"AB",2
202033,3,1,"AB",2
202033,4,1,"AB",2
202036,1,1,"AB",2
202036,2,1,"AB",2
202036,3,1,"AB",2
202036,4,1,"AB",2
202036,5,1,"AB",2
202038,1,1,"AB",2
202038,2,1,"AB",2
202040,1,1,"AB",2
202040,2,1,"AB",2
202044,1,1,"AB",2
202044,2,1,"AB",2
202045,1,1,"AB",2
202045,2,1,"AB",2
202045,3,1,"AB",2
202046,1,1,"AB",2
202047,1,1,"AB",2
202047,2,1,"AB",2
202050,1,1,"AB",2
202050,2,1,"AB",2
202050,3,1,"AB",2
202050,4,1,"AB",2
202050,5,1,"AB",2
202050,6,1,"AB",2
202051,1,1,"AB",2
202052,1,1,"AB",2
202052,2,1,"AB",2
202060,1,1,"AA",1
202061,1,1,"AA",1
202063,1,1,"AP",52
202063,2,1,"AP",52
202068,1,1,"AB",2
202068,2,1,"AB",2
202074,1,1,"AB",2
202075,1,1,"AB",2
202076,1,1,"AB",2
202077,1,1,"AT",56
202085,1,1,"AB",2
202086,1,1,"AB",2
202087,1,1,"AB",2
202087,2,1,"AB",2
202087,3,1,"AB",2
202087,4,1,"AB",2
202090,1,1,"AA",1
202091,1,1,"AB",2
202093,1,1,"AB",2
202095,1,1,"AB",2
202095,2,1,"AB",2
202096,1,1,"AB",2
202096,2,1,"AB",2
202097,1,1,"AB",2
202097,2,1,"AB",2
202097,3,1,"AB",2
202097,4,1,"AB",2
202097,5,1,"AB",2
202099,1,1,"AB",2
202099,2,1,"AB",2
202099,3,1,"AB",2
202099,4,1,"AB",2
202100,1,1,"AB",2
202101,1,1,"AB",2
202101,2,1,"AB",2
202101,3,1,"AB",2
202101,4,1,"AB",2
202101,5,1,"AB",2
202101,6,1,"AB",2
202102,1,1,"AB",2
202102,2,1,"AB",2
202103,1,1,"AB",2
202103,2,1,"AB",2
202103,3,1,"AB",2
202103,4,1,"AB",2
202104,1,1,"AB",2
202104,2,1,"AB",2
202104,3,1,"AB",2
202104,4,1,"AB",2
202104,5,1,"AB",2
202104,6,1,"AB",2
202104,7,1,"AB",2
202112,1,1,"AB",2
202112,2,1,"AB",2
202112,3,1,"AB",2
202114,1,1,"AB",2
202114,2,1,"AB",2
202116,1,1,"AB",2
202116,2,1,"AB",2
202116,3,1,"AB",2
202118,1,1,"AB",2
202121,1,1,"AB",2
202121,2,1,"AB",2
202122,1,1,"AB",2
202122,2,1,"AB",2
202124,1,1,"AB",2
202124,2,1,"AB",2
202124,3,1,"AB",2
202126,1,1,"AP",52
202127,1,1,"AB",2
202128,1,1,"AB",2
202130,1,1,"AB",2
202130,2,1,"AB",2
202130,3,1,"AB",2
202131,1,1,"AB",2
202132,1,1,"AB",2
202133,1,1,"AB",2
202139,1,1,"AB",2
202143,1,1,"AP",52
202144,1,1,"AB",2
202144,2,1,"AB",2
202144,3,1,"AB",2
202144,4,1,"AB",2
202145,1,1,"AB2",20
202147,1,1,"AP",52
202148,1,1,"AB",2
202148,2,1,"AB",2
202150,1,1,"AB",2
202150,2,1,"AB",2
202150,3,1,"AB",2
202152,1,1,"AB",2
202152,2,1,"AB",2
202152,3,1,"AB",2
202152,4,1,"AB",2
202152,5,1,"AB",2
202152,6,1,"AB",2
202159,1,1,"AP",52
202160,1,1,"AB",2
202160,2,1,"AB",2
202160,3,1,"AB",2
202161,1,1,"AB",2
202163,1,1,"AP",52
202164,1,1,"AB",2
202164,2,1,"AB",2
202164,3,1,"AB",2
202164,4,1,"AB",2
202164,5,1,"AB",2
202167,1,1,"AB",2
202167,2,1,"AB",2
202168,1,1,"AB",2
202168,2,1,"AB",2
202170,1,1,"AB",2
202170,2,1,"AB",2
202170,3,1,"AB",2
202176,1,1,"AB",2
202176,2,1,"AB",2
202179,1,1,"AB",2
202179,2,1,"AB",2
202179,3,1,"AB",2
202180,1,1,"AB",2
202180,2,1,"AB",2
202180,3,1,"AB",2
202180,4,1,"AB",2
202182,1,1,"AP",52
202187,1,1,"AB",2
202187,2,1,"AB",2
202187,3,1,"AB",2
202189,1,1,"AB3",30
202190,1,1,"AB",2
202190,2,1,"AB",2
202197,1,1,"AP",52
202198,1,1,"AP",52
202200,1,1,"AB",2
202200,2,1,"AB",2
202200,3,1,"AB",2
202202,1,1,"AB",2
202202,2,1,"AB",2
202202,3,1,"AB",2
202202,4,1,"AB",2
202202,5,1,"AB",2
202202,6,1,"AB",2
202202,7,1,"AB",2
202202,8,1,"AB",2
202202,9,1,"AB",2
202204,1,1,"AB",2
202206,1,1,"AB",2
202206,2,1,"AB",2
202206,3,1,"AB",2
202206,4,1,"AB",2
202206,5,1,"AB",2
202206,6,1,"AB",2
202206,7,1,"AB",2
202210,1,1,"AB",2
202210,2,1,"AB",2
202210,3,1,"AB",2
202214,1,1,"AA",1
202214,2,1,"AA",1
202214,3,1,"AA",1
202214,4,1,"AA",1
202214,5,1,"AA",1
202214,6,1,"AA",1
202219,1,1,"AB",2
202220,1,1,"AB",2
202220,2,1,"AB",2
202221,1,1,"AA",1
202223,1,1,"AB",2
202223,2,1,"AB",2
202223,3,1,"AB",2
202223,4,1,"AB",2
202226,1,1,"AB",2
202227,1,1,"AA",1
202229,1,1,"AB",2
202230,1,1,"AB",2
202230,2,1,"AB",2
202230,3,1,"AB",2
202231,1,1,"AP",52
202231,2,1,"AP",52
202231,3,1,"AP",52
202235,1,1,"AP",52
202236,1,1,"AB",2
202239,1,1,"AB",2
202239,2,1,"AB",2
202239,3,1,"AB",2
202239,4,1,"AB",2
202239,5,1,"AB",2
202239,6,1,"AB",2
202240,1,1,"AB",2
202240,2,1,"AB",2
202240,3,1,"AB",2
202240,4,1,"AB",2
202247,1,1,"AB2",20
202248,1,1,"AA",1
202248,2,1,"AA",1
202250,1,1,"AB",2
202252,1,1,"AB",2
202252,2,1,"AB",2
202253,1,1,"AP",52
202254,1,1,"AB",2
202254,2,1,"AB",2
202254,3,1,"AB",2
202259,1,1,"AP",52
202260,1,1,"AB1",3
202261,1,1,"AB",2
202261,2,1,"AB",2
202261,3,1,"AB",2
202261,4,1,"AB",2
202261,5,1,"AB",2
202261,6,1,"AB",2
202261,7,1,"AB",2
202266,1,1,"AB",2
202266,2,1,"AB",2
202268,1,1,"AP",52
202268,2,1,"AP",52
202271,1,1,"AB",2
202271,2,1,"AB",2
202271,3,1,"AB",2
202274,1,1,"AP",52
202275,1,1,"AP",52
202275,2,1,"AP",52
202279,1,1,"AB",2
202279,2,1,"AB",2
202280,1,1,"AB",2
202280,2,1,"AB",2
202280,3,1,"AB",2
202284,1,1,"AB",2
202284,2,1,"AB",2
202285,1,1,"AB",2
202285,2,1,"AB",2
202285,3,1,"AB",2
202285,4,1,"AB",2
202286,1,1,"AB",2
202287,1,1,"AB",2
202287,2,1,"AB",2
202287,3,1,"AB",2
202287,4,1,"AB",2
202287,5,1,"AB",2
202287,6,1,"AB",2
202288,1,1,"AB",2
202289,1,1,"AB",2
202289,2,1,"AB",2
202289,3,1,"AB",2
202294,1,1,"AB",2
202295,1,1,"AB",2
202295,2,1,"AB",2
202295,3,1,"AB",2
202295,4,1,"AB",2
202295,5,1,"AB",2
202295,6,1,"AB",2
202296,1,1,"AB",2
202297,1,1,"AB",2
202297,2,1,"AB",2
202297,3,1,"AB",2
202298,1,1,"AB",2
202298,2,1,"AB",2
202298,3,1,"AB",2
202304,1,1,"AB1",3
202304,2,1,"AB1",3
202304,3,1,"AB1",3
202305,1,1,"AT",56
202306,1,1,"AB1",3
202306,2,1,"AB",2
202309,1,1,"AA",1
202310,1,1,"AA",1
202313,1,1,"AP",52
202313,2,1,"AP",52
202315,1,1,"AB",2
202321,1,1,"AB",2
202321,2,1,"AB",2
202323,1,1,"AB",2
202323,2,1,"AB",2
202328,1,1,"AP",52
202328,2,1,"AP",52
202330,1,1,"AB",2
202330,2,1,"AB",2
202330,3,1,"AB",2
202330,4,1,"AB",2
202330,5,1,"AB",2
202332,1,1,"AB",2
202332,2,1,"AB",2
202332,3,1,"AB",2
202333,1,1,"AA",1
202336,1,1,"AB",2
202336,2,1,"AB",2
202336,3,1,"AB",2
202346,1,1,"AB",2
202348,1,1,"AA",1
202349,1,1,"AB",2
202350,1,1,"AB",2
202350,2,1,"AB",2
202351,1,1,"AP",52
202353,1,1,"AB",2
202353,2,1,"AB",2
202353,3,1,"AB",2
202353,4,1,"AB",2
202353,5,1,"AB",2
202354,1,1,"AP",52
202357,1,1,"AB",2
202359,1,1,"AP",52
202360,1,1,"AP",52
202361,1,1,"AB",2
202362,1,1,"AB",2
202362,2,1,"AB",2
202366,1,1,"AB",2
202366,2,1,"AB",2
202368,1,1,"AT",56
202373,1,1,"AP",52
202374,1,1,"AT",56
202374,2,1,"AT",56
202375,1,1,"AB",2
202375,2,1,"AB",2
202375,3,1,"AB",2
202376,1,1,"AB",2
202377,1,1,"AB",2
202377,2,1,"AB",2
202377,3,1,"AB",2
202377,4,1,"AB",2
202383,1,1,"AB",2
202383,2,1,"AB",2
202383,3,1,"AB",2
202383,4,1,"AB",2
202383,5,1,"AB",2
202384,1,1,"AB",2
202385,1,1,"AB",2
202389,1,1,"AB",2
202389,2,1,"AB",2
202389,3,1,"AB",2
202392,1,1,"AB",2
202392,2,1,"AB",2
202392,3,1,"AB",2
202392,4,1,"AB",2
202393,1,1,"AT",56
202397,1,1,"AB",2
202397,2,1,"AB",2
202397,3,1,"AB",2
202402,1,1,"AP",52
202409,1,1,"AA",1
202410,1,1,"AB",2
202413,1,1,"AB",2
202413,2,1,"AB",2
202413,3,1,"AB",2
202414,1,1,"AB",2
202414,2,1,"AB",2
202415,1,1,"AB",2
202418,1,1,"AB",2
202419,1,1,"AB",2
202419,2,1,"AB",2
202420,1,1,"AB",2
202421,1,1,"AB",2
202424,1,1,"AB",2
202424,2,1,"AB",2
202424,3,1,"AB",2
202424,4,1,"AB",2
202424,5,1,"AB",2
202424,6,1,"AB",2
202424,7,1,"AB",2
202431,1,1,"AB",2
202431,2,1,"AB",2
202432,1,1,"AP",52
202433,1,1,"AB",2
202436,1,1,"AP",52
202437,1,1,"AA",1
202438,1,1,"AB",2
202438,2,1,"AB",2
202438,3,1,"AB",2
202440,1,1,"AB",2
202442,1,1,"AT",56
202445,1,1,"AB",2
202445,2,1,"AB",2
202445,3,1,"AB",2
202446,1,1,"AB",2
202446,2,1,"AB",2
202446,3,1,"AB",2
202446,4,1,"AB",2
202446,5,1,"AB",2
202446,6,1,"AB",2
202456,1,1,"AB",2
202456,2,1,"AB",2
202456,3,1,"AB",2
202458,1,1,"AB",2
202459,1,1,"AB",2
202461,1,1,"AB",2
202461,2,1,"AB",2
202462,1,1,"AP",52
202463,1,1,"AB3",30
202464,1,1,"AP",52
202467,1,1,"AB",2
202467,2,1,"AB",2
202467,3,1,"AB",2
202468,1,1,"AB",2
202471,1,1,"AP",52
202472,1,1,"AP",52
202482,1,1,"AB",2
202485,1,1,"AP",52
202485,2,1,"AP",52
202489,1,1,"AB",2
202489,2,1,"AB",2
202490,1,1,"AB",2
202490,2,1,"AB",2
202491,1,1,"AB",2
202491,2,1,"AB",2
202491,3,1,"AB",2
202491,4,1,"AB",2
202491,5,1,"AB",2
202493,1,1,"AP",52
202494,1,1,"AP",52
202494,2,1,"AP",52
202496,1,1,"AN",50
202498,1,1,"AB",2
202498,2,1,"AB",2
202498,3,1,"AB",2
202498,4,1,"AB",2
202498,5,1,"AB",2
202501,1,1,"AP",52
202503,1,1,"AB",2
202507,1,1,"AB",2
202509,1,1,"AB",2
202511,1,1,"AA",1
202515,2,1,"AP",52
202515,3,1,"AP",52
202515,4,1,"AP",52
202516,1,1,"AB",2
202516,2,1,"AB",2
202516,3,1,"AB",2
202516,4,1,"AB",2
202517,1,1,"AB",2
202517,2,1,"AB",2
202517,3,1,"AB",2
202517,4,1,"AB",2
202519,1,1,"AB",2
202519,2,1,"AB",2
202519,3,1,"AB",2
202519,4,1,"AB",2
202519,5,1,"AB",2
202520,1,1,"AA",1
202521,1,1,"AP",52
202523,1,1,"AB",2
202524,1,1,"AB",2
202524,2,1,"AB",2
202525,1,1,"AT1",66
202530,1,1,"AB",2
202532,1,1,"AB",2
202533,1,1,"AB",2
202533,2,1,"AB",2
202537,1,1,"AA",1
202539,1,1,"AB",2
202539,2,1,"AB",2
202539,3,1,"AB",2
202540,1,1,"AB",2
202540,2,1,"AB",2
202542,1,1,"AB",2
202543,1,1,"AP",52
202543,2,1,"AP",52
202543,3,1,"AP",52
202545,1,1,"AB",2
202545,2,1,"AB",2
202546,1,1,"AB",2
202546,2,1,"AB",2
202546,3,1,"AB",2
202546,4,1,"AB",2
202547,1,1,"AB",2
202547,2,1,"AB",2
202548,1,1,"AP",52
202552,1,1,"AB",2
202552,2,1,"AB",2
202552,3,1,"AB",2
202552,4,1,"AB",2
202553,1,1,"AB",2
202553,2,1,"AB",2
202553,3,1,"AB",2
202554,1,1,"AB",2
202554,2,1,"AB",2
202554,3,1,"AB",2
202554,4,1,"AB",2
202554,5,1,"AB",2
202554,6,1,"AB",2
202555,1,1,"AB",2
202555,2,1,"AB",2
202556,1,1,"AB",2
202556,2,1,"AB",2
202556,3,1,"AB",2
202557,1,1,"AB",2
202557,2,1,"AB",2
202557,3,1,"AB",2
202557,4,1,"AB",2
202557,5,1,"AB",2
202560,1,1,"AB",2
202560,2,1,"AB",2
202561,1,1,"AP",52
202562,1,1,"AP",52
202564,1,1,"AB",2
202565,1,1,"AT",56
202566,1,1,"AB",2
202566,2,1,"AB",2
202567,1,1,"AB",2
202568,1,1,"AB",2
202568,2,1,"AB",2
202568,3,1,"AB",2
202568,4,1,"AB",2
202571,1,1,"AP",52
202573,1,1,"AB",2
202578,1,1,"AB",2
202578,2,1,"AB",2
202578,3,1,"AB",2
202578,4,1,"AB",2
202579,1,1,"AB",2
202579,2,1,"AB",2
202580,1,1,"AB",2
202581,1,1,"AB",2
202583,1,1,"AA",1
202585,1,1,"AP",52
202586,1,1,"AP",52
202588,1,1,"AB",2
202592,1,1,"AA",1
202593,1,1,"AB",2
202593,2,1,"AB",2
202594,1,1,"AB",2
202595,1,1,"AB",2
202595,2,1,"AB",2
202595,3,1,"AB",2
202598,1,1,"AB",2
202599,1,1,"AP",52
202600,1,1,"AP",52
202601,1,1,"AP",52
202601,2,1,"AP",52
202602,1,1,"AB",2
202603,1,1,"AB",2
202605,1,1,"AP",52
202608,1,1,"BX",151
202608,2,1,"BX",151
202608,3,1,"BX",151
202609,1,1,"AB",2
202610,1,1,"AA",1
202610,2,1,"AA",1
202620,1,1,"AT2",67
202624,1,1,"AP",52
202626,1,1,"AP",52
202631,1,1,"AB",2
202632,1,1,"AB",2
202633,1,1,"AB",2
202633,2,1,"AB",2
202633,3,1,"AB",2
202633,4,1,"AB",2
202633,5,1,"AB",2
202633,6,1,"AB",2
202634,1,1,"AP",52
202637,1,1,"AB",2
202640,1,1,"AA",1
202640,2,1,"AA",1
202641,1,1,"AB",2
202641,2,1,"AB",2
202644,1,1,"AB",2
202644,2,1,"AB",2
202645,1,1,"AB",2
202645,2,1,"AB",2
202645,3,1,"AB",2
202645,4,1,"AB",2
202650,1,1,"AP",52
202651,1,1,"AP",52
202652,1,1,"AB",2
202652,2,1,"AB",2
202653,1,1,"AT",56
202656,1,1,"AB",2
202657,1,1,"AB",2
202657,2,1,"AB",2
202659,1,1,"AB",2
202659,2,1,"AB",2
202659,3,1,"AB",2
202660,1,1,"AB",2
202662,1,1,"AB",2
202662,2,1,"AB",2
202662,3,1,"AB",2
202662,4,1,"AB",2
202667,1,1,"AT",56
202668,1,1,"AP",52
202668,2,1,"AP",52
202669,1,1,"AP",52
202669,2,1,"AP",52
202670,1,1,"AP",52
202670,2,1,"AP",52
202671,1,1,"AP",52
202673,1,1,"AA",1
202674,1,1,"AB",2
202674,2,1,"AB",2
202674,3,1,"AB",2
202674,4,1,"AB",2
202674,5,1,"AB",2
202674,6,1,"AB",2
202675,1,1,"AA",1
202676,1,1,"AB",2
202676,2,1,"AB",2
202676,3,1,"AB",2
202677,1,1,"AA",1
202677,2,1,"AA",1
202677,3,1,"AA",1
202683,1,1,"AB",2
202683,2,1,"AB",2
202683,3,1,"AB",2
202683,4,1,"AB",2
202683,5,1,"AB",2
202683,6,1,"AB",2
202684,1,2,"AB",2
202686,2,1,"AP",52
202687,1,1,"AB",2
202688,1,1,"AB",2
202688,2,1,"AB",2
202688,3,1,"AB",2
202689,1,1,"AB",2
202691,1,1,"AP",52
202691,2,1,"AP",52
202692,1,1,"AT",56
202693,1,1,"AP",52
202696,1,1,"AB",2
202696,2,1,"AB",2
202696,3,1,"AB",2
202696,4,1,"AB",2
202700,1,1,"AB",2
202700,2,1,"AB",2
202702,1,1,"AB",2
202702,2,1,"AB",2
202702,3,1,"AB",2
202702,4,1,"AB",2
202702,5,1,"AB",2
202702,6,1,"AB",2
202705,1,1,"AT",56
202706,1,1,"AB",2
202710,1,1,"AB",2
202710,2,1,"AB",2
202711,1,1,"AB",2
202713,1,1,"AB",2
202713,2,1,"AB",2
202713,3,1,"AB",2
202713,4,1,"AB",2
202716,1,1,"AB",2
202717,1,1,"AB",2
202718,1,1,"AB",2
202718,2,1,"AB",2
202718,3,1,"AB",2
202718,4,1,"AB",2
202718,5,1,"AB",2
202718,6,1,"AB",2
202718,7,1,"AB",2
202718,8,1,"AB",2
202719,1,1,"AT",56
202720,1,1,"AB",2
202720,2,1,"AB",2
202723,1,1,"AB",2
202725,1,1,"AB",2
202725,2,1,"AB",2
202725,3,1,"AB",2
202725,4,1,"AB",2
202726,1,1,"AB",2
202728,1,1,"AB",2
202728,2,1,"AB",2
202728,3,1,"AB",2
202728,4,1,"AB",2
202731,1,1,"AB",2
202731,2,1,"AB",2
202731,3,1,"AB",2
202731,4,1,"AB",2
202732,1,1,"AP",52
202733,1,1,"AP",52
202740,1,2,"AB",2
202741,1,1,"AB",2
202742,1,1,"AB",2
202743,1,1,"AB",2
202745,1,1,"AA",1
202747,1,1,"AP",52
202754,1,1,"AA",1
202755,1,1,"AP",52
202758,1,1,"AP",52
202759,1,1,"AB",2
202759,2,1,"AB",2
202759,3,1,"AB",2
202764,1,1,"AB",2
202764,2,1,"AB",2
202765,1,1,"AA",1
202765,2,1,"AA",1
202766,1,1,"AP",52
202768,1,1,"AB",2
202768,2,1,"AB",2
202768,3,1,"AB",2
202768,5,1,"AB",2
202769,1,1,"AT",56
202770,1,1,"AB",2
202771,1,1,"AB",2
202772,1,1,"AB",2
202773,1,1,"AB",2
202774,1,1,"AB1",3
202774,2,1,"AB1",3
202774,3,1,"AB1",3
202775,1,1,"AB2",20
202776,1,1,"AB",2
202778,1,1,"AB",2
202782,1,1,"AB",2
202784,1,1,"BX",151
202784,2,1,"BX",151
202786,1,1,"AB",2
202786,2,1,"AB",2
202786,3,1,"AB",2
202786,4,1,"AB",2
202786,5,1,"AB",2
202789,1,1,"AB",2
202790,1,1,"AA",1
202791,1,1,"AB",2
202792,1,1,"AB2",20
202800,1,1,"AA",1
202800,2,1,"AA",1
202800,3,1,"AA",1
202801,1,1,"AB",2
202801,2,1,"AB",2
202801,3,1,"AB",2
202803,1,1,"AB",2
202808,1,1,"AB",2
202819,1,1,"AB",2
202821,1,1,"AB",2
202821,2,1,"AB",2
202821,3,1,"AB",2
202824,1,1,"AB",2
202824,2,1,"AB",2
202824,3,1,"AB",2
202824,4,1,"AB",2
202825,1,1,"AB",2
202825,2,1,"AB",2
202825,3,1,"AB",2
202828,1,1,"AP",52
202829,1,1,"AB",2
202829,2,1,"AB",2
202829,3,1,"AB",2
202829,4,1,"AB",2
202837,1,1,"AP",52
202838,1,1,"AB",2
202840,1,1,"AB",2
202840,2,1,"AB",2
202842,1,1,"AB",2
202842,2,1,"AB",2
202842,3,1,"AB",2
202842,4,1,"AB",2
202842,5,1,"AB",2
202842,6,1,"AB",2
202842,7,1,"AB",2
202842,8,1,"AB",2
202843,1,1,"AB",2
202845,1,1,"AB",2
202846,1,1,"AA",1
202847,1,1,"AT",56
202848,1,1,"AT",56
202849,1,1,"AT",56
202852,1,1,"AT",56
202853,1,1,"AB",2
202856,1,1,"AB",2
202856,2,1,"AB",2
202857,1,1,"AP",52
202858,1,1,"AA",1
202858,2,1,"AA",1
202859,1,1,"AB",2
202862,1,1,"AB",2
202862,2,1,"AB",2
202862,3,1,"AB",2
202862,4,1,"AB",2
202862,5,1,"AB",2
202862,6,1,"AB",2
202864,1,1,"AP",52
202864,2,1,"AP",52
202864,3,1,"AP",52
202864,4,1,"AP",52
202865,1,1,"AP",52
202867,1,1,"AT1",66
202868,1,1,"AB",2
202869,1,1,"AP",52
202870,1,1,"AB",2
202870,2,1,"AB",2
202870,3,1,"AB",2
202871,1,1,"AB",2
202871,2,1,"AB",2
202871,3,1,"AB",2
202873,1,1,"AB",2
202873,2,1,"AB",2
202881,1,1,"AP",52
202882,1,1,"AB",2
202882,2,1,"AB",2
202885,1,1,"AB",2
202886,1,1,"AB",2
202886,2,1,"AB",2
202887,1,1,"AB",2
202887,2,1,"AB",2
202887,3,1,"AB",2
202887,4,1,"AB",2
202890,1,1,"AB",2
202890,2,1,"AB",2
202891,1,1,"AB",2
202891,2,1,"AB",2
202891,3,1,"AB",2
202891,4,1,"AB",2
202891,5,1,"AB",2
202891,6,1,"AB",2
202891,7,1,"AB",2
202892,1,1,"AB",2
202892,2,1,"AB",2
202892,3,1,"AB",2
202893,1,1,"AA",1
202893,2,1,"AA",1
202894,1,1,"AB",2
202897,1,1,"AB",2
202897,2,1,"AB",2
202900,1,1,"AB",2
202900,2,1,"AB",2
202900,3,1,"AB",2
202901,1,1,"AB",2
202902,1,1,"AB",2
202906,1,1,"AB",2
202910,1,1,"AB",2
202910,2,1,"AB",2
202910,3,1,"AB",2
202912,1,1,"AB",2
202915,1,1,"AA",1
202916,1,1,"AT1",66
202917,1,1,"AB3",30
202917,2,1,"AB3",30
202922,1,1,"AP",52
202922,2,1,"AP",52
202923,1,1,"AP",52
202925,1,1,"AB",2
202925,2,1,"AB",2
202928,1,1,"AB",2
202929,1,1,"AB",2
202929,2,1,"AB",2
202929,3,1,"AB",2
202930,1,1,"AP",52
202931,1,1,"AB",2
202933,1,1,"AB",2
202933,2,1,"AB",2
202933,3,1,"AB",2
202933,4,1,"AB",2
202934,1,1,"AB",2
202935,2,1,"AA",1
202935,3,1,"AA",1
202935,4,1,"AA",1
202936,1,1,"AA",1
202937,1,1,"AB",2
202937,2,1,"AB",2
202937,3,1,"AB",2
202937,4,1,"AB",2
202938,1,1,"AP",52
202939,1,1,"AB",2
202939,2,1,"AB",2
202939,3,1,"AB",2
202939,4,1,"AB",2
202939,5,1,"AB",2
202940,1,1,"AA",1
202941,1,1,"AB",2
202942,1,1,"AA",1
202946,1,1,"AB",2
202946,2,1,"AB",2
202946,3,1,"AB",2
202946,4,1,"AB",2
202946,5,1,"AB",2
202946,6,1,"AB",2
202946,7,1,"AB",2
202947,1,1,"AB",2
202949,1,1,"AB",2
202949,2,1,"AB",2
202949,3,1,"AB",2
202956,1,1,"AB",2
202956,2,1,"AB",2
202957,1,1,"AP",52
202957,2,1,"AP",52
202960,1,1,"AB",2
202961,1,1,"AB",2
202964,1,1,"AB",2
202965,1,1,"AB",2
202965,2,1,"AB",2
202965,3,1,"AB",2
202968,1,1,"AB",2
202968,2,1,"AB",2
202968,3,1,"AB",2
202968,4,1,"AB",2
202969,1,1,"AP",52
202970,1,1,"AB",2
202975,1,1,"AB",2
202984,1,1,"AB1",3
202987,1,1,"AB1",3
202987,2,1,"AB1",3
202987,3,1,"AB1",3
202991,1,1,"AA",1
202991,2,1,"AA",1
202991,3,1,"AA",1
202992,1,1,"AB",2
202992,2,1,"AB",2
202994,1,1,"AB",2
202995,1,1,"AB",2
202996,1,1,"AB",2
202997,1,1,"AP",52
203002,1,1,"AB",2
203002,2,1,"AB",2
203005,1,1,"AB",2
203008,1,1,"AP",52
203010,1,1,"AB",2
203010,2,1,"AB",2
203010,3,1,"AB",2
203012,1,1,"AB",2
203012,2,1,"AB",2
203012,3,1,"AB",2
203013,1,1,"AB",2
203013,2,1,"AB",2
203016,1,1,"AB",2
203016,2,1,"AB",2
203018,1,1,"AB",2
203018,2,1,"AB",2
203019,1,1,"AB",2
203019,2,1,"AB",2
203020,1,1,"AB",2
203020,2,1,"AB",2
203020,3,1,"AB",2
203023,1,1,"AB3",30
203023,2,1,"AB3",30
203023,3,1,"AB3",30
203023,4,1,"AB3",30
203023,5,1,"AB3",30
203024,1,1,"AB",2
203027,1,1,"AB",2
203030,1,1,"AB",2
203030,2,1,"AB",2
203030,3,1,"AB",2
203032,1,1,"AB",2
203032,2,1,"AB",2
203032,3,1,"AB",2
203034,1,1,"AB",2
203034,2,1,"AB",2
203037,1,1,"AB",2
203037,2,1,"AB",2
203038,1,1,"AB",2
203038,2,1,"AB",2
203039,1,1,"AB",2
203039,2,1,"AB",2
203040,1,1,"AP",52
203040,2,1,"AP",52
203041,1,1,"AB",2
203042,1,1,"AB",2
203044,1,1,"AB",2
203044,2,1,"AB",2
203044,3,1,"AB",2
203044,4,1,"AB",2
203046,1,1,"AB",2
203046,2,1,"AB",2
203046,3,1,"AB",2
203047,1,1,"AB",2
203047,2,1,"AB",2
203048,1,1,"AP",52
203048,2,1,"AP",52
203048,3,1,"AP",52
203049,1,1,"AP",52
203051,1,1,"AT",56
203052,1,1,"AA",1
203054,1,1,"AP",52
203054,2,1,"AP",52
203058,1,1,"AT",56
203059,1,1,"AB",2
203059,2,1,"AB",2
203062,1,1,"AB",2
203062,2,1,"AB",2
203063,1,1,"AA",1
203067,1,1,"AA",1
203068,1,1,"AA",1
203071,1,1,"AB",2
203071,2,1,"AB",2
203071,3,1,"AB",2
203072,1,1,"AB",2
203072,2,1,"AB",2
203080,1,1,"AB",2
203081,1,1,"AB",2
203081,2,1,"AB",2
203081,3,1,"AB",2
203082,1,1,"AP",52
203082,2,1,"AP",52
203088,1,1,"AB",2
203088,2,1,"AB",2
203088,3,1,"AB",2
203088,4,1,"AB",2
203098,1,1,"AB",2
203098,2,1,"AB1",3
203098,3,1,"AB1",3
203104,1,1,"AB",2
203106,1,1,"AB",2
203106,2,1,"AB",2
203107,1,1,"AB",2
203110,1,1,"AP",52
203112,1,1,"AB",2
203114,1,1,"AB",2
203118,1,1,"AB",2
203122,1,1,"AB",2
203126,1,1,"AB2",20
203126,2,1,"AB2",20
203126,3,1,"AB2",20
203129,1,1,"AP",52
203131,1,1,"AP",52
203132,1,1,"AP",52
203132,2,1,"AP",52
203135,1,1,"AB",2
203136,1,1,"AB",2
203136,2,1,"AB",2
203139,1,1,"AB",2
203145,1,1,"AB",2
203145,2,1,"AB",2
203145,3,1,"AB",2
203145,4,1,"AB",2
203145,5,1,"AB",2
203146,1,1,"AB",2
203146,2,1,"AB",2
203147,1,1,"AB",2
203147,2,1,"AB",2
203148,1,1,"AB",2
203148,2,1,"AB",2
203148,3,1,"AB",2
203148,4,1,"AB",2
203150,1,1,"AB",2
203152,1,1,"AT",56
203153,1,1,"AP",52
203154,1,1,"AB",2
203154,2,1,"AB",2
203155,1,1,"AP",52
203161,1,1,"AB",2
203161,2,1,"AB",2
203161,3,1,"AB",2
203162,1,1,"AB",2
203163,1,1,"AB",2
203164,1,1,"AB",2
203167,1,1,"AP",52
203167,2,1,"AP",52
203171,1,1,"AB",2
203171,2,1,"AB",2
203171,3,1,"AB",2
203173,1,1,"AP",52
203174,1,1,"AB",2
203175,1,1,"AB",2
203175,2,1,"AB",2
203177,1,1,"AP",52
203179,1,1,"AB",2
203182,1,1,"AP",52
203182,2,1,"AP",52
203183,1,1,"AP",52
203184,1,1,"AB",2
203189,1,1,"AT",56
203191,1,1,"AA",1
203192,1,1,"AB",2
203195,1,1,"AB",2
203197,1,1,"AB",2
203197,2,1,"AB",2
203197,3,1,"AB",2
203198,1,1,"AP",52
203198,2,1,"AP",52
203203,1,1,"AB",2
203203,2,1,"AB",2
203208,1,1,"AA",1
203212,1,1,"AT",56
203217,1,1,"AB",2
203231,1,1,"AP",52
203232,1,1,"AB",2
203233,1,1,"AB",2
203233,2,1,"AB",2
203234,1,1,"AB",2
203236,1,1,"AP",52
203236,2,1,"AP",52
203238,1,1,"AP",52
203240,1,1,"AB",2
203240,2,1,"AB",2
203242,1,1,"AP",52
203242,2,1,"AP",52
203243,1,1,"AB",2
203244,1,1,"AB",2
203244,2,1,"AB",2
203245,1,1,"AB",2
203245,2,1,"AB",2
203245,3,1,"AB",2
203246,2,1,"AP",52
203252,1,1,"AB",2
203252,2,1,"AB",2
203253,1,1,"AB",2
203253,2,1,"AB",2
203253,3,1,"AB",2
203258,1,1,"AP",52
203258,2,1,"AP",52
203259,1,1,"AB",2
203260,1,1,"AB",2
203261,1,1,"AB",2
203263,1,1,"AB",2
203263,2,1,"AB",2
203266,1,1,"AB",2
203269,1,1,"AB",2
203269,2,1,"AB",2
203270,1,1,"AB",2
203270,2,1,"AB",2
203270,3,1,"AB",2
203277,1,1,"AB",2
203277,2,1,"AB",2
203280,1,1,"AP",52
203281,1,1,"AB",2
203281,2,1,"AB",2
203281,3,1,"AB",2
203286,1,1,"AB",2
203289,1,1,"AB",2
203289,2,1,"AB",2
203290,1,1,"AB",2
203290,2,1,"AB",2
203291,1,1,"AB",2
203293,1,1,"AB",2
203293,2,1,"AB",2
203293,3,1,"AB",2
203293,4,1,"AB",2
203294,1,1,"AP",52
203298,1,1,"AB",2
203308,1,1,"AP",52
203311,1,1,"AB",2
203311,2,1,"AB",2
203311,3,1,"AB",2
203311,4,1,"AB",2
203315,1,1,"AB",2
203320,1,1,"AB1",3
203321,1,1,"AP",52
203322,1,1,"AP",52
203323,1,1,"AP",52
203325,1,1,"AB",2
203325,2,1,"AB",2
203325,3,1,"AB",2
203326,1,1,"AB",2
203326,2,1,"AB",2
203328,1,1,"AB",2
203328,2,1,"AB",2
203333,1,1,"AB",2
203333,2,1,"AB",2
203333,3,1,"AB",2
203333,4,1,"AB",2
203333,5,1,"AB",2
203333,6,1,"AB",2
203334,1,1,"AB",2
203334,2,1,"AB",2
203335,1,1,"AB",2
203339,1,1,"AB",2
203339,2,1,"AB",2
203343,1,1,"AT",56
203346,1,1,"AB",2
203346,2,1,"AB",2
203346,3,1,"AB",2
203346,4,1,"AB",2
203352,1,1,"AP",52
203354,1,1,"AB",2
203354,2,1,"AB",2
203354,3,1,"AB",2
203354,4,1,"AB",2
203354,5,1,"AB",2
203359,1,1,"AB",2
203359,2,1,"AB",2
203359,3,1,"AB",2
203359,4,1,"AB",2
203359,5,1,"AB",2
203359,6,1,"AB",2
203366,1,1,"AB",2
203367,1,1,"AB",2
203367,2,1,"AB",2
203367,3,1,"AB",2
203367,4,1,"AB",2
203370,1,1,"AB",2
203370,2,1,"AB",2
203370,3,1,"AB",2
203370,4,1,"AB",2
203371,1,1,"AB",2
203374,1,1,"AA",1
203375,1,1,"AA",1
203377,1,1,"AT",56
203378,1,1,"AT",56
203380,1,1,"AP",52
203380,2,1,"AP",52
203380,3,1,"AP",52
203383,1,1,"AT",56
203384,1,1,"AT",56
203385,1,1,"AP",52
203386,1,1,"AP",52
203390,1,1,"AB",2
203390,2,1,"AB",2
203390,3,1,"AB",2
203390,4,1,"AB",2
203390,5,1,"AB",2
203390,6,1,"AB",2
203393,1,1,"AP",52
203395,1,1,"AT2",67
203399,1,1,"AB",2
203407,1,1,"AP",52
203407,2,1,"AP",52
203407,3,1,"AP",52
203409,1,1,"AB",2
203409,2,1,"AB",2
203411,1,1,"AB",2
203412,1,1,"AP",52
203413,1,1,"AB",2
203417,1,1,"AB",2
203417,2,1,"AB",2
203417,3,1,"AB",2
203419,1,1,"AB",2
203428,1,1,"AP",52
203431,1,1,"AT",56
203432,1,1,"AB",2
203434,1,1,"AB",2
203435,1,1,"AB",2
203435,2,1,"AB",2
203436,1,1,"AA",1
203437,1,1,"AB",2
203438,1,1,"AB",2
203445,1,1,"AB",2
203447,1,1,"AA",1
203448,1,1,"AB",2
203449,1,1,"AP",52
203453,1,1,"AP",52
203454,1,1,"AP",52
203454,2,1,"AP",52
203455,1,1,"AB",2
203455,2,1,"AB",2
203455,3,1,"AB",2
203456,1,1,"AB",2
203456,2,1,"AB",2
203456,3,1,"AB",2
203456,4,1,"AB",2
203458,1,1,"AB",2
203458,2,1,"AB",2
203460,1,1,"AP",52
203460,2,1,"AP",52
203466,1,1,"AB",2
203466,2,1,"AB",2
203466,3,1,"AB",2
203468,1,1,"AB",2
203468,2,1,"AB",2
203475,1,1,"AP",52
203477,1,1,"AP",52
203478,1,1,"AB",2
203478,2,1,"AB",2
203480,1,1,"AB",2
203481,1,1,"AB",2
203481,2,1,"AB",2
203481,3,1,"AB",2
203482,1,1,"AB",2
203482,2,1,"AB",2
203482,3,1,"AB",2
203482,4,1,"AB",2
203484,2,1,"AA",1
203490,1,1,"AB",2
203490,2,1,"AB",2
203490,3,1,"AB",2
203490,4,1,"AB",2
203490,5,1,"AB",2
203490,6,1,"AB",2
203494,1,1,"AB",2
203495,1,1,"AA",1
203499,1,1,"AB",2
203499,2,1,"AB",2
203499,3,1,"AB",2
203500,1,1,"AB",2
203500,2,1,"AB",2
203501,1,1,"AB",2
203502,1,1,"AA",1
203502,2,1,"AA",1
203503,1,1,"AB",2
203503,2,1,"AB",2
203507,1,1,"AP",52
203508,1,1,"AB",2
203508,2,1,"AB",2
203508,3,1,"AB",2
203508,4,1,"AB",2
203508,5,1,"AB",2
203508,6,1,"AB",2
203511,1,1,"AB",2
203512,1,1,"AB",2
203512,2,1,"AB",2
203512,3,1,"AB",2
203513,1,1,"AA",1
203518,1,1,"AA",1
203518,2,1,"AA",1
203519,1,1,"AA",1
203521,1,1,"AP",52
203533,1,1,"AB",2
203533,2,1,"AB",2
203533,3,1,"AB",2
203534,1,1,"AB",2
203534,2,1,"AB",2
203534,3,1,"AB",2
203535,1,1,"AA",1
203536,1,1,"AB",2
203536,2,1,"AB",2
203536,3,1,"AB",2
203536,4,1,"AB",2
203544,1,1,"AP",52
203546,1,1,"AB",2
203546,2,1,"AB",2
203546,3,1,"AB",2
203547,1,1,"AB",2
203548,1,1,"AA",1
203548,2,1,"AA",1
203550,1,1,"AA",1
203550,2,1,"AA",1
203551,1,1,"AP",52
203551,2,1,"AP",52
203553,1,1,"AB",2
203553,4,1,"AB",2
203553,5,1,"AB",2
203553,6,1,"AB",2
203553,8,1,"AB",2
203554,1,1,"AP",52
203557,1,1,"AP",52
203559,1,1,"AA",1
203559,2,1,"AA",1
203560,1,1,"AB",2
203560,2,1,"AB",2
203560,3,1,"AB",2
203562,1,1,"AB1",3
203562,2,1,"AB1",3
203563,1,1,"AP",52
203563,2,1,"AP",52
203564,1,1,"AA",1
203572,1,1,"AB",2
203572,2,1,"AB",2
203572,3,1,"AB",2
203575,1,1,"AP",52
203576,1,1,"AP",52
203576,2,1,"AP",52
203578,1,1,"AB",2
203578,2,1,"AB",2
203580,1,1,"AB",2
203580,2,1,"AB",2
203580,3,1,"AB",2
203580,4,1,"AB",2
203580,5,1,"AB",2
203581,1,1,"AB1",3
203581,2,1,"AB1",3
203581,3,1,"AB1",3
203582,1,1,"AB",2
203582,2,1,"AB",2
203583,1,1,"AB2",20
203583,2,1,"AB2",20
203583,3,1,"AB2",20
203583,4,1,"AB2",20
203583,5,1,"AB2",20
203583,6,1,"AB2",20
203584,1,1,"AB",2
203584,2,1,"AB",2
203586,1,1,"AB",2
203591,1,1,"AP",52
203592,1,1,"AP",52
203593,1,1,"AB",2
203594,1,1,"AB",2
203600,1,1,"AA",1
203601,1,1,"AB",2
203601,2,1,"AB",2
203602,1,1,"AB",2
203602,2,1,"AB",2
203602,3,1,"AB",2
203602,4,1,"AB",2
203602,5,1,"AB",2
203603,1,1,"AP",52
203608,1,1,"AP",52
203608,2,1,"AP",52
203609,1,1,"AP",52
203609,2,1,"AP",52
203612,1,1,"AP",52
203613,1,1,"AB",2
203613,2,1,"AB",2
203614,1,1,"AB",2
203614,2,1,"AB",2
203615,1,1,"AB",2
203615,2,1,"AB",2
203619,1,1,"AP",52
203621,1,1,"AA",1
203622,1,1,"AP",52
203622,2,1,"AP",52
203623,1,1,"AB",2
203624,1,1,"AP",52
203630,1,1,"AB",2
203630,2,1,"AB",2
203630,3,1,"AB",2
203634,1,1,"AB",2
203636,1,1,"AB",2
203636,2,1,"AB",2
203638,1,1,"AB",2
203638,2,1,"AB",2
203638,3,1,"AB",2
203638,4,1,"AB",2
203638,5,1,"AB",2
203644,1,1,"AA",1
203646,1,1,"AB",2
203649,1,1,"AP",52
203649,2,1,"AP",52
203649,3,1,"AP",52
203649,4,1,"AP",52
203653,1,1,"AN",50
203653,2,1,"AN",50
203653,3,1,"AN",50
203655,1,1,"AP",52
203656,1,1,"AB",2
203656,2,1,"AB",2
203660,1,1,"AT",56
203661,1,1,"AP",52
203664,1,1,"AP",52
203665,1,1,"AP",52
203667,1,1,"AB",2
203686,1,1,"AB",2
203686,2,1,"AB",2
203686,3,1,"AB",2
203687,1,1,"AB",2
203688,1,1,"AB",2
203691,1,1,"AB",2
203691,2,1,"AB",2
203691,3,1,"AB",2
203691,4,1,"AB",2
203691,5,1,"AB",2
203691,6,1,"AB",2
203693,1,1,"AB",2
203693,2,1,"AB",2
203693,3,1,"AB",2
203694,1,1,"AB",2
203694,2,1,"AB",2
203695,1,1,"AB",2
203700,1,1,"AP",52
203701,1,1,"AP",52
203702,1,1,"AP",52
203702,2,1,"AP",52
203702,3,1,"AP",52
203702,4,1,"AP",52
203704,1,1,"AP",52
203704,2,1,"AP",52
203704,3,1,"AP",52
203708,1,1,"AB",2
203708,2,1,"AB",2
203708,3,1,"AB",2
203708,4,1,"AB",2
203709,1,1,"AP",52
203710,1,1,"AP",52
203711,1,1,"AP",52
203713,1,1,"AB",2
203719,1,1,"AP",52
203719,2,1,"AP",52
203719,3,1,"AP",52
203720,1,1,"AP",52
203729,1,1,"AB",2
203730,1,1,"AB",2
203730,2,1,"AB",2
203732,1,1,"AO",51
203733,1,1,"AB",2
203738,1,1,"AP",52
203751,1,1,"AB",2
203752,1,1,"AB",2
203752,2,1,"AB",2
203752,3,1,"AB",2
203752,4,1,"AB",2
203752,5,1,"AB",2
203755,1,1,"AB3",30
203755,2,1,"AB3",30
203761,1,1,"AB",2
203761,2,1,"AB",2
203762,1,1,"AA",1
203765,1,1,"AP",52
203765,2,1,"AP",52
203769,1,1,"AB",2
203769,2,1,"AB",2
203769,3,1,"AB",2
203770,1,1,"AB",2
203771,1,1,"AP",52
203772,1,1,"AB",2
203772,2,1,"AB",2
203773,1,1,"AP",52
203775,1,1,"AB",2
203777,1,1,"AP",52
203778,1,1,"AP",52
203779,1,1,"AP",52
203780,1,1,"AP",52
203783,1,1,"AP",52
203787,1,1,"AB",2
203790,1,1,"AB",2
203793,1,1,"AN",50
203795,1,1,"AB",2
203795,2,1,"AB",2
203796,1,1,"AB",2
203800,1,1,"AP",52
203800,2,1,"AP",52
203800,3,1,"AP",52
203801,1,1,"AP",52
203802,1,1,"AB",2
203802,2,1,"AB",2
203802,3,1,"AB",2
203802,4,1,"AB",2
203803,1,1,"AB",2
203803,2,1,"AB",2
203803,3,1,"AB",2
203804,1,1,"AT",56
203807,1,1,"AB",2
203807,2,1,"AB",2
203807,3,1,"AB",2
203807,4,1,"AB",2
203808,1,1,"AB",2
203808,2,1,"AB",2
203810,1,1,"AT",56
203811,1,1,"AP",52
203812,1,1,"AP",52
203813,1,1,"AB",2
203813,2,1,"AB",2
203813,3,1,"AB",2
203813,4,1,"AB",2
203814,1,1,"AB",2
203816,1,1,"AP",52
203817,1,1,"AB",2
203818,1,1,"AT",56
203820,1,1,"AB",2
203820,2,1,"AB",2
203820,3,1,"AB",2
203822,1,1,"AB",2
203823,1,1,"AB",2
203824,1,1,"AB",2
203826,1,1,"AP",52
203832,1,1,"AB2",20
203832,2,1,"AB2",20
203834,1,1,"AB",2
203834,2,1,"AB",2
203835,1,1,"AB",2
203835,2,1,"AB",2
203835,3,1,"AB",2
203836,1,1,"AB",2
203836,2,1,"AB",2
203837,1,1,"AP",52
203841,1,1,"AP",52
203844,1,1,"AB",2
203844,2,1,"AB",2
203844,3,1,"AB",2
203844,4,1,"AB",2
203845,1,1,"AA",1
203845,2,1,"AA",1
203845,3,1,"AA",1
203846,1,1,"AA",1
203849,1,1,"AB",2
203849,2,1,"AB",2
203849,3,1,"AB",2
203849,4,1,"AB",2
203849,5,1,"AB",2
203851,1,1,"AP",52
203851,2,1,"AP",52
203851,3,1,"AP",52
203852,1,1,"AP",52
203853,1,1,"AN",50
203854,1,1,"AB",2
203854,2,1,"AB",2
203854,3,1,"AB",2
203854,4,1,"AB",2
203855,1,1,"AB",2
203855,2,1,"AB",2
203855,3,1,"AB",2
203855,4,1,"AB",2
203855,5,1,"AB",2
203855,6,1,"AB",2
203856,1,1,"AB",2
203856,2,1,"AB",2
203859,1,1,"AP",52
203860,1,1,"AB",2
203863,1,1,"AA",1
203863,2,1,"AA",1
203863,3,1,"AA",1
203864,1,1,"AA",1
203864,2,1,"AA",1
203864,3,1,"AA",1
203865,1,1,"AB",2
203867,1,1,"AB",2
203867,2,1,"AB",2
203867,3,1,"AB",2
203869,1,1,"AP",52
203869,2,1,"AP",52
203870,1,1,"AB",2
203871,1,1,"AB",2
203872,1,1,"AB",2
203873,1,1,"AB",2
203874,1,1,"AB",2
203874,2,1,"AB",2
203874,3,1,"AB",2
203874,4,1,"AB",2
203874,5,1,"AB",2
203874,6,1,"AB",2
203874,7,1,"AB",2
203874,8,1,"AB",2
203874,9,1,"AB",2
203874,10,1,"AB",2
203874,11,1,"AB",2
203877,1,1,"AP",52
203877,2,1,"AP",52
203883,1,1,"AP",52
203883,2,1,"AP",52
203884,1,1,"AP",52
203885,1,1,"AP",52
203887,1,1,"AB",2
203887,2,1,"AB",2
203890,1,1,"AP",52
203893,1,1,"AB",2
203894,1,1,"AB",2
203894,2,1,"AB",2
203894,3,1,"AB",2
203894,4,1,"AB",2
203895,1,1,"AP",52
203895,2,1,"AP",52
203895,3,1,"AP",52
203896,1,1,"AB",2
203896,2,1,"AB",2
203897,1,1,"AP",52
203897,2,1,"AP",52
203897,3,1,"AP",52
203898,1,1,"AB",2
203898,2,1,"AB",2
203898,3,1,"AB",2
203898,4,1,"AB",2
203898,5,1,"AB",2
203898,6,1,"AB",2
203899,1,1,"AB",2
203899,2,1,"AB",2
203900,1,1,"AP",52
203901,1,1,"AB",2
203901,2,1,"AB",2
203901,3,1,"AB",2
203902,1,1,"AP",52
203904,1,1,"AP",52
203906,1,1,"AA",1
203907,1,1,"AB",2
203907,2,1,"AB",2
203908,1,1,"AB",2
203908,2,1,"AB",2
203908,3,1,"AB",2
203908,4,1,"AB",2
203908,5,1,"AB",2
203908,6,1,"AB",2
203912,1,1,"AP",52
203916,1,1,"AB",2
203916,2,1,"AB",2
203918,1,1,"AB",2
203920,1,1,"AP",52
203924,1,1,"AB",2
203929,1,1,"AP",52
203929,2,1,"AP",52
203931,1,1,"AB",2
203935,1,1,"AP",52
203936,1,1,"AP",52
203938,1,1,"AP",52
203942,1,1,"AP",52
203946,1,1,"AP",52
203950,1,1,"AP",52
203950,2,1,"AP",52
203955,1,1,"AP",52
203957,1,1,"AB",2
203957,2,1,"AB",2
203959,1,1,"AB",2
203959,2,1,"AB",2
203959,3,1,"AB",2
203959,4,1,"AB",2
203959,5,1,"AB",2
203960,1,1,"AB",2
203962,1,1,"AB",2
203962,2,1,"AB",2
203962,3,1,"AB",2
203963,1,1,"AB",2
203965,1,1,"AB",2
203965,2,1,"AB",2
203965,3,1,"AB",2
203967,1,1,"AA",1
203968,1,1,"AP",52
203969,1,1,"AB1",3
203969,2,1,"AB1",3
203969,3,1,"AB1",3
203972,1,1,"AP",52
203974,1,1,"AB",2
203974,2,1,"AB",2
203981,1,1,"AB",2
203983,1,1,"AB",2
203983,2,1,"AB",2
203983,3,1,"AB",2
203987,1,1,"AP",52
203988,1,1,"AP",52
203990,1,1,"AP",52
203991,1,1,"AT",56
203995,1,1,"AB",2
203995,2,1,"AB",2
204002,1,1,"AB",2
204003,1,1,"AB",2
204003,2,1,"AB",2
204003,3,1,"AB",2
204005,1,1,"AB",2
204010,1,1,"AB",2
204010,2,1,"AB",2
204010,3,1,"AB",2
204011,1,1,"AB",2
204011,2,1,"AB",2
204011,3,1,"AB",2
204011,4,1,"AB",2
204019,1,1,"AB",2
204019,2,1,"AB",2
204020,1,1,"AB",2
204020,2,1,"AB",2
204021,1,1,"AB",2
204021,2,1,"AB",2
204021,3,1,"AB",2
204021,4,1,"AB",2
204021,5,1,"AB",2
204022,1,1,"AB",2
204022,2,1,"AB",2
204022,3,1,"AB",2
204022,4,1,"AB",2
204022,5,1,"AB",2
204022,6,1,"AB",2
204022,7,1,"AB",2
204023,1,1,"AP",52
204028,1,1,"AB",2
204028,2,1,"AB",2
204029,1,1,"AP",52
204030,1,1,"AB",2
204030,2,1,"AB",2
204033,1,1,"AA",1
204037,1,1,"AA",1
204040,1,1,"AP",52
204041,1,1,"AB",2
204041,2,1,"AB",2
204043,1,1,"AP",52
204048,1,1,"AB",2
204052,1,1,"AP",52
204055,1,1,"AT",56
204057,1,1,"AB",2
204058,1,1,"AB",2
204058,2,1,"AB",2
204058,3,1,"AB",2
204060,1,1,"AB",2
204061,1,1,"AB",2
204062,1,1,"AB",2
204062,2,1,"AB",2
204062,3,1,"AB",2
204065,1,1,"AB",2
204065,2,1,"AB",2
204065,3,1,"AB",2
204068,1,1,"AB",2
204068,2,1,"AB",2
204071,1,1,"AA",1
204072,1,1,"AB",2
204074,1,1,"AB",2
204074,2,1,"AB",2
204076,1,1,"AB",2
204077,1,1,"AB",2
204078,1,1,"AP",52
204078,2,1,"AP",52
204079,1,1,"AT2",67
204082,1,1,"AB",2
204082,2,1,"AB",2
204083,1,1,"AB",2
204085,1,1,"AA",1
204086,2,1,"AP",52
204087,1,1,"AB",2
204090,1,1,"AB",2
204090,2,1,"AB",2
204092,1,1,"AA",1
204093,1,1,"AB",2
204093,2,1,"AB",2
204094,1,1,"AA",1
204095,1,1,"AB",2
204095,2,1,"AB",2
204100,1,1,"AB",2
204100,2,1,"AB",2
204100,3,1,"AB",2
204101,1,1,"AP",52
204104,1,1,"AP",52
204104,2,1,"AP",52
204106,1,1,"AB",2
204106,2,1,"AB",2
204106,3,1,"AB",2
204106,4,1,"AB",2
204107,1,1,"AP",52
204107,2,1,"AP",52
204111,1,1,"AB",2
204111,2,1,"AB",2
204111,3,1,"AB",2
204111,4,1,"AB",2
204111,5,1,"AB",2
204111,6,1,"AB",2
204115,1,1,"AB",2
204115,2,1,"AB",2
204115,3,1,"AB",2
204117,1,1,"AB",2
204117,2,1,"AB",2
204117,3,1,"AB",2
204117,4,1,"AB",2
204118,1,1,"AP",52
204120,1,1,"AP",52
204125,1,1,"AP",52
204125,2,1,"AP",52
204132,1,1,"AT",56
204133,1,1,"AB",2
204133,2,1,"AB",2
204133,3,1,"AB",2
204134,1,1,"AB",2
204134,2,1,"AB",2
204134,3,1,"AB",2
204139,1,1,"AP",52
204139,2,1,"AP",52
204141,1,1,"AT",56
204147,1,1,"AP",52
204150,1,1,"BC",130
204150,2,1,"BC",130
204154,1,1,"AB",2
204158,1,1,"AB",2
204158,2,1,"AB",2
204158,3,1,"AB",2
204158,4,1,"AB",2
204159,1,1,"AB",2
204159,2,1,"AB",2
204159,3,1,"AB",2
204159,4,1,"AB",2
204159,5,1,"AB",2
204159,6,1,"AB",2
204161,1,1,"AB",2
204161,2,1,"AB",2
204161,3,1,"AB",2
204161,4,1,"AB",2
204164,1,1,"AB",2
204164,2,1,"AB",2
204164,3,1,"AB",2
204165,1,1,"AB",2
204165,2,1,"AB",2
204169,1,1,"AB",2
204169,2,1,"AB",2
204169,3,1,"AB",2
204170,1,1,"AB",2
204170,2,1,"AB",2
204171,1,1,"AA",1
204172,1,1,"AB",2
204172,2,1,"AB",2
204178,1,1,"AB",2
204179,1,1,"AB",2
204180,1,1,"AB",2
204189,1,1,"AB",2
204193,1,1,"AP",52
204193,2,1,"AP",52
204195,1,1,"AA",1
204197,1,1,"AB",2
204197,2,1,"AB",2
204197,3,1,"AB",2
204200,1,1,"AP",52
204203,1,1,"AB",2
204203,2,1,"AB",2
204203,3,1,"AB",2
204203,4,1,"AB",2
204203,5,1,"AB",2
204205,1,1,"AP",52
204210,1,1,"AB",2
204210,2,1,"AB",2
204213,1,1,"AB",2
204213,2,1,"AB",2
204216,1,1,"AP",52
204216,2,1,"AP",52
204217,1,1,"AP",52
204221,1,1,"AB",2
204221,2,1,"AB",2
204221,3,1,"AB",2
204222,1,1,"AP",52
204227,1,1,"AT",56
204228,1,1,"AB",2
204228,2,1,"AB",2
204229,1,1,"AB",2
204229,2,1,"AB",2
204232,1,1,"AB",2
204232,2,1,"AB",2
204233,1,1,"AB",2
204233,2,1,"AB",2
204233,3,1,"AB",2
204234,1,1,"AB",2
204234,2,1,"AB",2
204234,3,1,"AB",2
204236,1,1,"AB",2
204237,1,1,"AB",2
204238,1,1,"AP",52
204238,2,1,"AP",52
204239,1,1,"AB",2
204243,1,1,"AB",2
204253,1,1,"AB",2
204253,2,1,"AB",2
204253,3,1,"AB",2
204253,4,1,"AB",2
204255,1,1,"AT",56
204262,1,1,"AB",2
204264,1,1,"AP",52
204266,1,1,"AB",2
204266,2,1,"AB",2
204266,3,1,"AB",2
204266,4,1,"AB",2
204266,7,1,"AB",2
204268,1,1,"AB",2
204272,1,1,"AB",2
204278,1,1,"AB",2
204278,2,1,"AB",2
204278,3,1,"AB",2
204278,4,1,"AB",2
204279,1,1,"AB",2
204279,2,1,"AB",2
204279,3,1,"AB",2
204284,1,1,"AB",2
204284,2,1,"AB",2
204285,1,1,"AB",2
204285,2,1,"AB",2
204289,1,1,"AP",52
204290,1,1,"AB",2
204291,1,1,"AB",2
204292,1,1,"AB",2
204293,1,1,"AB",2
204296,1,1,"AB",2
204299,1,1,"AB",2
204299,2,1,"AB",2
204300,1,1,"AP",52
204300,2,1,"AP",52
204300,3,1,"AP",52
204304,1,1,"AB",2
204307,1,1,"AA",1
204309,1,1,"AB",2
204310,1,1,"AB",2
204312,1,1,"AP",52
204313,1,1,"AB",2
204314,1,1,"AB",2
204314,2,1,"AB",2
204315,1,1,"AP",52
204318,1,1,"AA",1
204318,2,1,"AA",1
204319,1,1,"AB",2
204319,2,1,"AB",2
204319,3,1,"AB",2
204319,4,1,"AB",2
204319,5,1,"AB",2
204319,6,1,"AB",2
204323,1,1,"AB",2
204327,1,1,"AB",2
204327,2,1,"AB",2
204327,3,1,"AB",2
204330,1,1,"AA",1
204330,2,1,"AA",1
204331,1,1,"AB",2
204333,1,1,"AP",52
204336,1,1,"AB",2
204336,2,1,"AB",2
204339,1,1,"AB",2
204339,2,1,"AB",2
204343,1,1,"AB",2
204343,2,1,"AB",2
204343,3,1,"AB",2
204351,1,1,"AP",52
204352,1,1,"AP",52
204354,1,1,"AB",2
204359,1,1,"AB",2
204363,1,1,"AP",52
204367,1,1,"AP",52
204368,1,1,"AP",52
204368,2,1,"AP",52
204368,3,1,"AP",52
204369,1,1,"TBD",999
204371,1,1,"AB",2
204371,2,1,"AB",2
204372,1,1,"AB",2
204373,1,1,"AB",2
204375,1,1,"AB",2
204375,2,1,"AB",2
204375,3,1,"AB",2
204375,4,1,"AB",2
204376,1,1,"AB",2
204378,1,1,"AP",52
204378,2,1,"AP",52
204380,1,1,"AB",2
204380,2,1,"AB",2
204385,1,1,"AP",52
204392,1,1,"AT",56
204393,1,1,"AP",52
204393,2,1,"AP",52
204394,1,1,"AB",2
204394,4,1,"AB",2
204394,5,1,"AB",2
204394,7,1,"AB",2
204395,1,1,"AB",2
204398,1,1,"AT",56
204398,2,1,"AT",56
204398,3,1,"AT",56
204399,1,1,"TBD",999
204399,2,1,"AB2",20
204399,3,1,"BX",151
204403,1,1,"AB",2
204403,2,1,"AB",2
204403,3,1,"AB",2
204404,1,1,"AP",52
204406,2,1,"AP",52
204407,1,1,"AA",1
204407,2,1,"AA",1
204407,3,1,"AA",1
204407,4,1,"AA",1
204414,1,1,"AA",1
204415,1,1,"AB",2
204415,2,1,"AB",2
204415,3,1,"AB",2
204418,1,1,"AA",1
204421,1,1,"AB1",3
204421,2,1,"AB1",3
204421,3,1,"AB1",3
204431,1,1,"AB",2
204431,2,1,"AB",2
204433,1,1,"AA",1
204435,1,1,"AA",1
204437,1,1,"AP",52
204440,1,1,"AP",52
204445,1,1,"AB",2
204446,1,1,"AB",2
204446,2,1,"AB",2
204446,3,1,"AB",2
204453,1,1,"AB",2
204453,2,1,"AB",2
204453,3,1,"AB",2
204453,4,1,"AB",2
204453,5,1,"AB",2
204453,6,1,"AB",2
204453,7,1,"AB",2
204455,1,1,"AP",52
204457,1,1,"AP",52
204459,1,1,"AB",2
204459,2,1,"AB",2
204463,1,1,"AP",52
204464,1,1,"AP",52
204465,1,1,"AP",52
204467,1,1,"AB",2
204467,2,1,"AB",2
204472,1,1,"AP",52
204473,1,1,"AP",52
204475,1,1,"AB",2
204475,2,1,"AB",2
204476,1,1,"AB",2
204491,1,1,"AB",2
204494,1,1,"AT",56
204496,1,1,"AP",52
204497,1,1,"AP",52
204498,1,1,"AP",52
204502,1,1,"AB",2
204503,1,1,"AB",2
204503,2,1,"AB",2
204506,1,1,"AP",52
204510,1,1,"AP",52
204511,1,1,"AB",2
204511,2,1,"AB",2
204512,1,1,"AP",52
204513,1,1,"AP",52
204514,1,1,"AP",52
204516,1,1,"AB",2
204517,1,1,"AP",52
204519,1,1,"AB",2
204519,2,1,"AB",2
204519,3,1,"AB",2
204519,4,1,"AB",2
204520,1,1,"AP",52
204520,2,1,"AP",52
204521,1,1,"AB",2
204521,2,1,"AB",2
204522,1,1,"AB",2
204525,1,1,"AP",52
204528,1,1,"AB",2
204528,2,1,"AB",2
204530,1,1,"AP",52
204531,1,1,"AP",52
204532,1,1,"AT",56
204534,1,1,"AB",2
204534,2,1,"AB",2
204534,3,1,"AB",2
204535,1,1,"AP",52
204536,1,1,"AB",2
204541,1,1,"AP",52
204542,1,1,"AP",52
204548,1,1,"AN",50
204549,1,1,"AP",52
204549,2,1,"AP",52
204549,3,1,"AP",52
204550,1,1,"AP",52
204555,1,1,"AP",52
204555,2,1,"AP",52
204555,3,1,"AP",52
204559,1,1,"AA",1
204560,1,1,"AP",52
204571,1,1,"AB",2
204572,1,1,"AB",2
204572,2,1,"AB",2
204572,3,1,"AB",2
204572,4,1,"AB",2
204574,1,1,"AB",2
204574,2,1,"AB",2
204575,1,1,"AB",2
204582,1,1,"AB",2
204582,2,1,"AB",2
204582,3,1,"AB",2
204582,4,1,"AB",2
204584,1,1,"AB",2
204587,1,1,"AB",2
204589,1,1,"AP",52
204589,2,1,"AP",52
204590,1,1,"AB",2
204590,2,1,"AB",2
204590,3,1,"AB",2
204590,4,1,"AB",2
204593,1,1,"AB",2
204595,1,1,"AB",2
204595,2,1,"AB",2
204597,1,1,"AB1",3
204597,2,1,"AB1",3
204597,3,1,"AB",2
204598,1,1,"AB",2
204598,2,1,"AB",2
204599,1,1,"AA",1
204602,1,1,"AA",1
204602,2,1,"AA",1
204603,1,1,"AA",1
204604,1,1,"AB",2
204605,1,1,"AB",2
204606,1,1,"AT",56
204607,1,1,"AP",52
204608,1,1,"AT",56
204609,1,1,"AB",2
204609,2,1,"AB",2
204613,1,1,"AT",56
204616,1,1,"AP",52
204616,2,1,"AP",52
204618,1,1,"AP",52
204621,1,1,"AB",2
204621,2,1,"AB",2
204627,1,1,"AA",1
204633,1,1,"AB",2
204633,2,1,"AB",2
204633,3,1,"AB",2
204633,4,1,"AB",2
204634,1,1,"AP",52
204635,1,1,"AB",2
204636,1,1,"AP",52
204636,2,1,"AP",52
204639,1,1,"AB",2
204639,2,1,"AB",2
204639,3,1,"AB",2
204639,4,1,"AB",2
204639,5,1,"AB",2
204639,6,1,"AB",2
204644,1,1,"AB",2
204644,2,1,"AB",2
204645,1,1,"AB",2
204648,1,1,"AB",2
204651,1,1,"AB",2
204652,1,1,"AB",2
204652,2,1,"AB",2
204657,2,1,"AP",52
204658,1,1,"AA",1
204660,1,1,"AB",2
204661,1,1,"AB",2
204661,2,1,"AB",2
204662,1,1,"AB2",20
204662,2,1,"AB2",20
204667,1,1,"AP",52
204672,1,1,"AB",2
204674,1,1,"AN",50
204675,1,1,"AB",2
204679,1,1,"AP",52
204679,2,1,"AP",52
204680,1,1,"AP",52
204683,1,1,"BC",130
204683,2,1,"BC",130
204686,1,1,"AP",52
204688,1,1,"AB",2
204691,1,1,"AB",2
204693,1,1,"AP",52
204693,2,1,"AP",52
204695,1,1,"AP",52
204696,1,1,"AP",52
204696,2,1,"AP",52
204703,1,1,"AB",2
204704,1,1,"AB",2
204705,1,1,"AB",2
204713,1,1,"AA",1
204713,2,1,"AA",1
204713,3,1,"AA",1
204717,1,1,"AB",2
204717,2,1,"AB",2
204717,3,1,"AB",2
204717,4,1,"AB",2
204720,1,1,"AB",2
204720,2,1,"AB",2
204720,3,1,"AB",2
204722,1,1,"AB",2
204722,2,1,"AB",2
204723,1,1,"AT",56
204726,1,1,"AB",2
204726,2,1,"AB",2
204730,1,1,"AB",2
204732,1,1,"AP",52
204733,1,1,"AA",1
204735,1,1,"AB",2
204737,1,1,"AB",2
204740,1,1,"AB",2
204740,2,1,"AB",2
204740,3,1,"AB",2
204741,1,1,"AB",2
204741,2,1,"AB",2
204742,1,1,"AB",2
204744,1,1,"AB",2
204744,2,1,"AB",2
204744,3,1,"AB",2
204746,1,1,"AB",2
204748,1,1,"AP",52
204749,1,1,"AP",52
204750,1,1,"AB",2
204751,1,1,"AP",52
204752,1,1,"AB",2
204754,1,1,"AB",2
204754,2,1,"AB",2
204755,3,1,"AB",2
204756,1,1,"AP",52
204759,1,1,"AP",52
204762,1,1,"AP",52
204763,1,1,"AB",2
204764,1,1,"AP",52
204765,1,1,"AA",1
204766,1,1,"AB",2
204770,1,1,"AB",2
204771,1,1,"AP",52
204771,2,1,"AP",52
204772,1,1,"AB",2
204772,2,1,"AB",2
204773,1,1,"AP",52
204774,1,1,"AB",2
204774,2,1,"AB",2
204774,3,1,"AB",2
204776,1,1,"AB",2
204776,2,1,"AB",2
204776,3,1,"AB",2
204776,4,1,"AB",2
204779,1,1,"AB",2
204798,1,1,"AB",2
204798,2,1,"AB",2
204798,3,1,"AB",2
204802,1,1,"AB",2
204802,2,1,"AB",2
204806,1,1,"AB",2
204806,2,1,"AB",2
204806,3,1,"AB",2
204806,4,1,"AB",2
204812,1,1,"AT",56
204814,1,1,"AB",2
204814,2,1,"AB",2
204814,3,1,"AB",2
204815,1,1,"AB",2
204815,2,1,"AB",2
204815,3,1,"AB",2
204821,1,1,"AB",2
204821,2,1,"AB",2
204821,3,1,"AB",2
204821,4,1,"AB",2
204823,1,1,"AA",1
204828,1,1,"AB",2
204828,2,1,"AB",2
204829,1,1,"AP",52
204831,1,1,"AB",2
204831,2,1,"AB",2
204832,1,1,"AB",2
204832,2,1,"AB",2
204832,3,1,"AB",2
204835,1,1,"AB",2
204835,2,1,"AB",2
204838,1,1,"AB",2
204838,2,1,"AB",2
204838,3,1,"AB",2
204838,4,1,"AB",2
204838,5,1,"AB",2
204838,6,1,"AB",2
204841,1,1,"AB",2
204841,2,1,"AB",2
204846,1,1,"AB",2
204846,2,1,"AB",2
204846,3,1,"AB",2
204846,4,1,"AB",2
204847,1,1,"AB",2
204848,1,1,"AB",2
204849,1,1,"AP",52
204851,1,1,"AB",2
204853,1,1,"AB",2
204854,1,1,"AP",52
204854,2,1,"AP",52
204866,1,1,"AB",2
204866,2,1,"AB",2
204866,3,1,"AB",2
204866,4,1,"AB",2
204866,5,1,"AB",2
204866,6,1,"AB",2
204867,1,1,"AB",2
204867,2,1,"AB",2
204867,3,1,"AB",2
204869,1,1,"AB",2
204876,1,1,"AP",52
204879,1,1,"AP",52
204880,1,1,"AP",52
204880,2,1,"AP",52
204882,1,1,"AB",2
204882,2,1,"AB",2
204882,3,1,"AB",2
204883,1,1,"AB",2
204889,1,1,"AB",2
204889,2,1,"AB",2
204889,3,1,"AB",2
204891,1,1,"AB",2
204891,2,1,"AB",2
204895,1,1,"AB",2
204895,2,1,"AB",2
204895,3,1,"AB",2
204899,1,1,"AT",56
204901,1,1,"AB",2
204901,2,1,"AB",2
204901,3,1,"AB",2
204906,1,1,"AP",52
204910,1,1,"AP",52
204910,2,1,"AP",52
204910,3,1,"AP",52
204922,1,1,"AB",2
204922,2,1,"AB",2
204927,1,1,"AP",52
204929,1,1,"AB",2
204936,1,1,"AT2",67
204940,1,1,"AB",2
204945,1,1,"AB",2
204946,1,1,"AB",2
204946,2,1,"AB",2
204948,1,1,"AB",2
204948,2,1,"AB",2
204948,3,1,"AB",2
204949,1,1,"AP",52
204950,1,1,"AP",52
204954,1,1,"AB",2
204954,2,1,"AB",2
204954,3,1,"AB",2
204959,1,1,"AP",52
204959,2,1,"AP",52
204959,3,1,"AP",52
204960,1,1,"AP",52
204960,2,1,"AP",52
204963,1,1,"AB",2
204963,2,1,"AB",2
204963,3,1,"AB",2
204963,4,1,"AB",2
204963,5,1,"AB",2
204963,6,1,"AB",2
204965,1,1,"AB",2
204979,1,1,"AA",1
204984,1,1,"AA",1
204988,1,1,"AB",2
204988,2,1,"AB",2
204989,1,1,"AB",2
204989,2,1,"AB",2
204989,3,1,"AB",2
204990,1,1,"AB",2
204997,1,1,"AP",52
205001,1,1,"AA",1
205001,2,1,"AA",1
205001,3,1,"AA",1
205005,1,1,"AB",2
205005,2,1,"AB",2
205007,1,1,"AB",2
205007,2,1,"AB",2
205008,1,1,"AA",1
205013,1,1,"AP",52
205014,1,1,"AP",52
205017,1,1,"AA",1
205019,1,1,"AA",1
205019,2,1,"AA",1
205022,1,1,"AB",2
205022,2,1,"AB",2
205030,1,1,"AP",52
205030,2,1,"AP",52
205033,1,1,"AB",2
205034,1,1,"AB",2
205035,1,1,"AP",52
205037,1,1,"AP",52
205039,1,1,"AP",52
205046,1,1,"AP",52
205050,1,1,"AT",56
205055,1,1,"AB",2
205055,2,1,"AB",2
205064,1,1,"AB",2
205064,2,1,"AB",2
205064,3,1,"AB",2
205064,4,1,"AB",2
205064,5,1,"AB",2
205064,6,1,"AB",2
205066,1,1,"AB",2
205069,1,1,"AB",2
205070,1,1,"AB",2
205070,2,1,"AB",2
205070,3,1,"AB",2
205074,1,1,"AB",2
205074,2,1,"AB",2
205075,1,1,"AB",2
205075,2,1,"AB",2
205076,1,1,"AB",2
205080,1,1,"AB",2
205081,1,1,"AB",2
205081,2,1,"AB",2
205081,3,1,"AB",2
205081,4,1,"AB",2
205082,1,1,"AB",2
205085,1,1,"AA",1
205087,1,1,"AA",1
205095,1,1,"AB",2
205095,2,1,"AB",2
205096,1,1,"AB",2
205096,2,1,"AB",2
205096,3,1,"AB",2
205101,1,1,"AB",2
205101,2,1,"AB",2
205102,1,1,"AB",2
205102,2,1,"AB",2
205102,3,1,"AB",2
205102,4,1,"AB",2
205105,1,1,"AB2",20
205105,2,1,"AB2",20
205105,3,1,"AB2",20
205105,4,1,"AB2",20
205105,5,1,"AB2",20
205105,6,1,"AB2",20
205106,1,1,"AP",52
205112,1,1,"AA",1
205115,1,1,"AB",2
205115,2,1,"AB",2
205115,3,1,"AB",2
205118,1,1,"AB",2
205118,2,1,"AB",2
205119,1,1,"AB",2
205119,2,1,"AB",2
205120,1,1,"AA",1
205126,1,1,"AB",2
205126,2,1,"AA",1
205128,1,1,"AB",2
205131,1,1,"AB",2
205133,1,1,"AB",2
205134,1,1,"AB2",20
205137,1,1,"AB",2
205137,2,1,"AB",2
205137,3,1,"AB",2
205137,4,1,"AB",2
205139,1,1,"AP",52
205150,1,1,"AB",2
205150,2,1,"AB",2
205150,3,1,"AB",2
205152,1,1,"AB",2
205152,2,1,"AB",2
205153,1,1,"AB",2
205153,2,1,"AB",2
205153,3,1,"AB",2
205153,4,1,"AB",2
205153,5,1,"AB",2
205153,6,1,"AB",2
205154,1,1,"AP",52
205154,2,1,"AP",52
205166,1,1,"AB",2
205171,1,1,"AB",2
205171,2,1,"AB",2
205177,1,1,"AB",2
205179,1,1,"AP",52
205180,1,1,"AB",2
205184,1,1,"AP",52
205186,1,1,"AB",2
205186,2,1,"AB",2
205192,1,1,"AB",2
205192,2,1,"AB",2
205192,3,1,"AB",2
205206,1,1,"AB",2
205209,1,1,"AB",2
205209,2,1,"AB",2
205210,1,1,"AB",2
205210,2,1,"AB",2
205210,3,1,"AB",2
205210,4,1,"AB",2
205215,1,1,"AB",2
205215,2,1,"AB",2
205217,1,1,"AB",2
205217,2,1,"AB",2
205220,1,1,"AB",2
205222,1,1,"AA",1
205228,1,1,"AP",52
205229,1,1,"AB",2
205229,2,1,"AB",2
205231,1,1,"AB3",30
205231,2,1,"AB3",30
205231,3,1,"AB3",30
205231,4,1,"AB3",30
205231,5,1,"AB3",30
205233,1,1,"AB",2
205234,1,1,"AB",2
205234,2,1,"AB",2
205234,3,1,"AB",2
205234,4,1,"AB",2
205236,1,1,"AA",1
205236,2,1,"AA",1
205236,3,1,"AA",1
205236,4,1,"AA",1
205239,1,1,"AP",52
205241,1,1,"AO",51
205241,2,1,"AO",51
205242,1,1,"AP",52
205242,2,1,"AP",52
205242,3,1,"AP",52
205245,1,1,"AB",2
205245,2,1,"AB",2
205248,1,1,"AB",2
205248,2,1,"AB",2
205253,1,1,"AB",2
205253,2,1,"AB",2
205253,3,1,"AB",2
205253,4,1,"AB",2
205254,1,1,"AP",52
205256,1,1,"AB",2
205257,1,1,"AB1",3
205257,2,1,"AB1",3
205257,3,1,"AB1",3
205268,1,1,"AB",2
205268,2,1,"AB",2
205268,3,1,"AB",2
205269,1,1,"AB",2
205269,2,1,"AB",2
205272,1,1,"AP",52
205278,1,1,"AB",2
205279,1,1,"AP",52
205292,1,1,"AA",1
205299,1,1,"AB",2
205299,2,1,"AB",2
205300,1,1,"AB",2
205300,2,1,"AB",2
205300,3,1,"AB",2
205300,4,1,"AB",2
205304,1,1,"AB",2
205307,1,1,"AB",2
205309,1,1,"AT",56
205309,2,1,"AT",56
205318,1,1,"AT",56
205322,1,1,"AB",2
205323,1,1,"AP",52
205327,1,1,"AB",2
205327,2,1,"AB",2
205327,3,1,"AB",2
205327,4,1,"AB",2
205328,1,1,"AT",56
205330,1,1,"AB",2
205330,2,1,"AB",2
205330,3,1,"AB",2
205331,1,1,"AP",52
205331,2,1,"AP",52
205332,1,1,"AP",52
205342,1,1,"AT",56
205343,1,1,"AT",56
205347,1,1,"AB",2
205347,2,1,"AB",2
205347,3,1,"AB",2
205347,4,1,"AB",2
205348,1,1,"AB",2
205354,1,1,"AP",52
205356,1,1,"AP",52
205358,1,1,"AP",52
205363,1,1,"AB",2
205363,2,1,"AB",2
205363,3,1,"AB",2
205363,4,1,"AB",2
205363,5,1,"AB",2
205363,6,1,"AB",2
205366,1,1,"AP",52
205373,1,1,"AT",56
205375,1,1,"AP",52
205379,1,1,"AP",52
205386,1,1,"AB",2
205386,2,1,"AB",2
205386,3,1,"AB",2
205386,4,1,"AB",2
205390,1,1,"AP",52
205390,2,1,"AP",52
205391,1,1,"AB",2
205391,2,1,"AB",2
205391,3,1,"AB",2
205404,1,1,"AP",52
205407,1,1,"AB",2
205407,2,1,"AB",2
205407,3,1,"AB",2
205415,1,1,"AB",2
205415,2,1,"AB",2
205429,1,1,"AB",2
205429,2,1,"AB",2
205430,1,1,"AB",2
205430,2,1,"AB",2
205430,3,1,"AB",2
205430,4,1,"AB",2
205433,1,1,"AN",50
205438,1,1,"AT",56
205441,1,1,"AB",2
205442,1,1,"AP",52
205446,1,1,"AA",1
205447,1,1,"AP",52
205447,2,1,"AP",52
205449,1,1,"AB",2
205457,1,1,"AB",2
205459,1,1,"AB",2
205464,1,1,"AB",2
205468,2,1,"AB",2
205468,3,1,"AB",2
205469,1,1,"AB",2
205473,1,1,"AP",52
205476,1,1,"AP",52
205476,2,1,"AP",52
205482,1,1,"AB",2
205482,2,1,"AB",2
205482,3,1,"AB",2
205487,1,1,"AP",52
205487,2,1,"AP",52
205487,3,1,"AP",52
205501,1,1,"AN",50
205509,1,1,"AA",1
205509,2,1,"AA",1
205509,3,1,"AA",1
205510,1,1,"AB",2
205512,1,1,"AB",2
205512,2,1,"AB",2
205513,1,1,"AB",2
205513,2,1,"AA",1
205517,1,1,"AB",2
205519,1,1,"AB",2
205519,2,1,"AB",2
205519,3,1,"AB",2
205519,4,1,"AB",2
205520,1,1,"AP",52
205523,1,1,"AB",2
205523,2,1,"AB",2
205528,1,1,"AB",2
205528,2,1,"AB",2
205528,3,1,"AB",2
205528,4,1,"AB",2
205529,1,1,"AP",52
205529,2,1,"AP",52
205530,1,1,"AB",2
205530,2,1,"AB",2
205531,1,1,"AP",52
205532,1,1,"AB",2
205544,1,1,"AB",2
205544,2,1,"AB",2
205545,1,1,"AB",2
205545,2,1,"AB",2
205549,1,1,"AB",2
205549,2,1,"AB",2
205550,1,1,"AB",2
205550,2,1,"AB",2
205557,1,1,"AP",52
205557,2,1,"AP",52
205563,1,1,"AB",2
205563,2,1,"AB",2
205564,1,1,"AB",2
205566,1,1,"AB",2
205566,2,1,"AB",2
205566,3,1,"AB",2
205568,1,1,"AP",52
205570,1,1,"AP",52
205573,1,1,"AA",1
205574,1,1,"AP",52
205574,2,1,"AP",52
205581,1,1,"AP",52
205581,2,1,"AP",52
205585,1,1,"AB",2
205585,2,1,"AB",2
205587,1,1,"AB",2
205587,2,1,"AB",2
205587,3,1,"AB",2
205587,4,1,"AB",2
205588,1,1,"AB",2
205591,1,1,"AB",2
205592,1,1,"AT",56
205594,1,1,"AB",2
205604,1,1,"AP",52
205605,1,1,"AP",52
205606,1,1,"AB",2
205606,2,1,"AB",2
205609,1,1,"AB",2
205612,1,1,"AP",52
205612,2,1,"AP",52
205612,3,1,"AP",52
205612,4,1,"AP",52
205612,5,1,"AP",52
205612,6,1,"AP",52
205612,7,1,"AP",52
205618,1,1,"AB",2
205618,2,1,"AB",2
205618,3,1,"AB",2
205618,4,1,"AB",2
205619,1,1,"AB",2
205619,2,1,"AB",2
205619,3,1,"AB",2
205620,1,1,"AB",2
205622,1,1,"AB",2
205622,2,1,"AB",2
205622,3,1,"AB",2
205629,1,1,"AB",2
205629,2,1,"AB",2
205629,3,1,"AB",2
205629,4,1,"AB",2
205630,1,1,"AB",2
205634,1,1,"AB",2
205634,2,1,"AB",2
205634,3,1,"AB",2
205634,4,1,"AB",2
205634,5,1,"AB",2
205645,1,1,"AP",52
205645,2,1,"TBD",999
205647,1,1,"AB",2
205648,1,1,"AP",52
205648,2,1,"AP",52
205650,1,1,"AB",2
205651,1,1,"AB",2
205656,1,1,"AP",52
205656,2,1,"AP",52
205657,1,1,"AA",1
205658,1,1,"AA",1
205661,1,1,"AB",2
205663,1,1,"AB",2
205666,1,1,"AB",2
205666,2,1,"AB",2
205670,1,1,"AB",2
205670,2,1,"AB",2
205670,3,1,"AB",2
205672,1,1,"AP",52
205673,1,1,"AB",2
205673,2,1,"AB",2
205673,3,1,"AB",2
205675,1,1,"AP",52
205683,1,1,"AB",2
205685,1,1,"AP",52
205689,1,1,"AB",2
205689,2,1,"AB",2
205689,3,1,"AB",2
205689,4,1,"AB",2
205694,1,1,"AP",52
205694,2,1,"AP",52
205695,1,1,"AB",2
205695,2,1,"AB",2
205696,1,1,"AP",52
205702,1,1,"AB",2
205707,1,1,"AB",2
205707,2,1,"AB",2
205709,1,1,"AB",2
205710,1,1,"AN",50
205710,2,1,"AN",50
205710,3,1,"AN",50
205720,1,1,"AP",52
205723,1,1,"AP",52
205724,1,1,"AB",2
205727,1,1,"AA",1
205731,1,1,"AA",1
205740,1,1,"AB",2
205740,2,1,"AB",2
205749,1,1,"AP",52
205756,1,1,"AB",2
205756,2,1,"AB",2
205756,3,1,"AB",2
205758,1,1,"AP",52
205758,2,1,"AP",52
205758,3,1,"AP",52
205761,1,1,"AB",2
205762,1,1,"AB",2
205772,1,1,"AB",2
205779,1,1,"AP",52
205779,2,1,"AP",52
205780,1,1,"AP",52
205780,2,1,"AP",52
205781,1,1,"AB2",20
205781,2,1,"AB2",20
205782,1,1,"AT",56
205784,1,1,"AB",2
205784,2,1,"AB",2
205784,3,1,"AB",2
205784,4,1,"AB",2
205790,1,1,"AB",2
205790,2,1,"AB",2
205792,1,1,"AB",2
205794,1,1,"AB1",3
205794,2,1,"AB1",3
205794,3,1,"AB1",3
205798,1,1,"AB",2
205798,2,1,"AB",2
205798,3,1,"AB",2
205806,1,1,"AB",2
205806,2,1,"AB",2
205807,1,1,"AB",2
205807,2,1,"AB",2
205811,1,1,"AB",2
205814,1,1,"AB",2
205814,2,1,"AB",2
205814,3,1,"AB",2
205823,1,1,"AB",2
205823,2,1,"AB",2
205823,3,1,"AB",2
205823,4,1,"AB",2
205824,1,1,"AB",2
205824,2,1,"AB",2
205825,1,1,"AB",2
205825,2,1,"AB",2
205825,3,1,"AB",2
205825,4,1,"AB",2
205835,1,1,"AP",52
205835,2,1,"AP",52
205867,1,1,"AP",52
205868,1,1,"AB",2
205868,2,1,"AB",2
205870,1,1,"AP",52
205872,1,1,"AP",52
205872,2,1,"AP",52
205873,1,1,"AP",52
205876,1,1,"AB",2
205878,1,1,"AT",56
205880,1,1,"AP",52
205883,1,1,"AP",52
205883,2,1,"AP",52
205887,1,1,"AB",2
205888,1,1,"AB",2
205888,2,1,"AB",2
205897,1,1,"AB",2
205897,2,1,"AB",2
205901,1,1,"AB",2
205901,2,1,"AB",2
205901,3,1,"AB",2
205905,1,1,"AB",2
205905,2,1,"AB",2
205905,3,1,"AB",2
205905,4,1,"AB",2
205913,1,1,"AB",2
205913,2,1,"AB",2
205917,1,1,"AP",52
205917,2,1,"AP",52
205917,3,1,"AP",52
205923,1,1,"AP",52
205923,2,1,"AP",52
205927,1,1,"AB",2
205927,2,1,"AB",2
205931,1,1,"AB",2
205931,2,1,"AB",2
205932,1,1,"AB",2
205932,2,1,"AB",2
205932,3,1,"AB",2
205934,1,1,"AP",52
205934,2,1,"AP",52
205934,3,1,"AP",52
205936,1,1,"AB",2
205936,2,1,"AB",2
205936,3,1,"AB",2
205937,1,1,"AT",56
205943,1,1,"AB",2
205947,1,1,"AB",2
205948,1,1,"AB",2
205955,1,1,"AB",2
205955,2,1,"AB",2
205955,3,1,"AB",2
205956,1,1,"AB",2
205956,2,1,"AB",2
205956,3,1,"AB",2
205962,1,1,"AP",52
205973,1,1,"AB",2
205973,2,1,"AB",2
205973,3,1,"AB",2
205973,4,1,"AB",2
205987,1,1,"AB",2
205987,2,1,"AB",2
205991,1,1,"AB",2
205993,1,1,"AB2",20
205993,2,1,"AB2",20
205995,1,1,"AB",2
206001,1,1,"AP",52
206003,1,1,"AT",56
206005,1,1,"AP",52
206006,1,1,"AB",2
206010,1,1,"AP",52
206011,1,1,"AP",52
206015,1,1,"AB",2
206015,2,1,"AB",2
206015,3,1,"AB",2
206018,1,1,"AP",52
206028,1,1,"AB",2
206028,2,1,"AB",2
206028,3,1,"AB",2
206028,4,1,"AB",2
206032,1,1,"AB",2
206032,2,1,"AB",2
206032,3,1,"AB",2
206032,4,1,"AB",2
206033,1,1,"AP",52
206039,1,1,"AP",52
206043,1,1,"AB",2
206046,1,1,"AT",56
206049,1,1,"AB",2
206053,1,1,"AB",2
206058,1,1,"AP",52
206069,1,1,"AB",2
206069,2,1,"AB",2
206069,3,1,"AB",2
206071,1,1,"AP",52
206074,1,1,"AP",52
206075,1,1,"AT",56
206077,1,1,"AP",52
206079,1,1,"AB2",20
206079,2,1,"AB2",20
206079,3,1,"AB2",20
206083,1,1,"AB",2
206083,2,1,"AB",2
206083,3,1,"AB",2
206083,4,1,"AB",2
206083,5,1,"AB",2
206086,1,1,"AP",52
206086,2,1,"AP",52
206087,1,1,"AT",56
206088,1,1,"TBD",999
206088,2,1,"TBD",999
206088,3,1,"TBD",999
206094,1,1,"AB",2
206096,1,1,"AP",52
206097,1,1,"AB",2
206106,1,1,"AP",52
206107,1,1,"AB",2
206107,2,1,"AB",2
206110,1,1,"AP",52
206110,2,1,"AP",52
206112,1,1,"AB",2
206113,1,1,"AB",2
206113,2,1,"AB",2
206116,1,1,"AT",56
206118,1,1,"AB",2
206120,1,1,"AB",2
206121,1,1,"AB",2
206121,2,1,"AB",2
206121,3,1,"AB",2
206122,1,1,"AB2",20
206125,1,1,"AB",2
206125,2,1,"AB",2
206125,3,1,"AB",2
206126,1,1,"AP",52
206127,1,1,"AP",52
206127,2,1,"AP",52
206128,1,1,"AP",52
206129,1,1,"AB",2
206129,2,1,"AB",2
206133,1,1,"AB",2
206133,2,1,"AB",2
206133,3,1,"AB",2
206134,1,1,"AB",2
206135,1,1,"AB",2
206135,2,1,"AB",2
206135,3,1,"AB",2
206135,4,1,"AB",2
206136,1,1,"AB",2
206136,2,1,"AB",2
206137,1,1,"AB",2
206137,2,1,"AB",2
206137,3,1,"AB",2
206137,4,1,"AB",2
206137,5,1,"AB",2
206141,1,1,"AP",52
206141,2,1,"AP",52
206142,1,1,"AA",1
206142,2,1,"AA",1
206142,3,1,"AA",1
206144,1,1,"AB",2
206144,2,1,"AB",2
206151,1,1,"AB",2
206152,1,1,"AB",2
206152,2,1,"AB",2
206156,1,1,"AB",2
206156,2,1,"AB",2
206156,3,1,"AB",2
206156,4,1,"AB",2
206156,5,1,"AB",2
206156,6,1,"AB",2
206156,7,1,"AB",2
206163,1,1,"AP",52
206163,2,1,"AP",52
206164,1,1,"AB",2
206166,1,1,"AP",52
206166,2,1,"AP",52
206166,3,1,"AP",52
206166,4,1,"AP",52
206171,1,1,"AP",52
206173,1,1,"AB",2
206173,2,1,"AB",2
206174,1,1,"AB",2
206174,2,1,"AB",2
206174,3,1,"AB",2
206174,4,1,"AB",2
206174,5,1,"AB",2
206174,6,1,"AB",2
206177,1,1,"AP",52
206177,2,1,"AP",52
206180,1,1,"AB",2
206180,2,1,"AB",2
206180,3,1,"AB",2
206180,4,1,"AB",2
206180,5,1,"AB",2
206181,1,1,"AB",2
206181,2,1,"AB",2
206190,1,1,"AP",52
206194,1,1,"AB",2
206194,2,1,"AB",2
206194,3,1,"AB",2
206197,1,1,"AP",52
206200,1,1,"AB",2
206203,1,1,"AP",52
206204,1,1,"AP",52
206206,1,1,"AP",52
206206,2,1,"AP",52
206217,1,1,"AB",2
206217,2,1,"AB",2
206218,1,1,"AB",2
206223,1,1,"AP",52
206223,2,1,"AP",52
206223,3,1,"AP",52
206224,1,1,"AN",50
206240,1,1,"AB",2
206240,2,1,"AB",2
206240,3,1,"AB",2
206240,4,1,"AB",2
206240,5,1,"AB",2
206240,6,1,"AB",2
206242,1,1,"AT1",66
206243,1,1,"AP",52
206243,2,1,"AP",52
206245,1,1,"AA",1
206245,2,1,"AA",1
206245,3,1,"AA",1
206251,1,1,"AB",2
206251,2,1,"AB",2
206251,3,1,"AB",2
206251,4,1,"AB",2
206251,5,1,"AB",2
206251,6,1,"AB",2
206252,1,1,"AB",2
206260,1,1,"AB",2
206260,2,1,"AB",2
206260,3,1,"AB",2
206260,4,1,"AB",2
206260,5,1,"AB",2
206261,1,1,"AB",2
206263,1,1,"AP",52
206271,1,1,"AB",2
206287,1,1,"AB",2
206294,1,1,"AB",2
206294,2,1,"AB",2
206295,1,1,"AB",2
206297,1,1,"AT",56
206298,1,1,"AB",2
206306,1,1,"AT",56
206308,1,1,"AA",1
206308,2,1,"AA",1
206309,1,1,"AB",2
206309,2,1,"AB",2
206309,3,1,"AB",2
206309,4,1,"AB",2
206309,5,1,"AB",2
206309,6,1,"AB",2
206312,1,1,"AT",56
206314,1,1,"AB",2
206319,1,1,"AP",52
206332,1,1,"AP",52
206332,2,1,"AP",52
206336,1,1,"AB",2
206340,1,1,"AB",2
206340,2,1,"AB",2
206340,3,1,"AB",2
206340,4,1,"AB",2
206340,5,1,"AB",2
206340,6,1,"AB",2
206340,7,1,"AB",2
206342,1,1,"AA",1
206344,1,1,"AA",1
206347,1,1,"AB1",3
206347,2,1,"AB1",3
206367,1,1,"AB",2
206367,2,1,"AB",2
206367,3,1,"AB",2
206369,1,1,"AP",52
206373,1,1,"AB",2
206375,1,1,"AB",2
206376,1,1,"AB",2
206376,2,1,"AB",2
206378,1,1,"AT",56
206379,1,1,"AT",56
206382,1,1,"AB",2
206382,2,1,"AB",2
206382,3,1,"AB",2
206382,4,1,"AB",2
206383,1,1,"AB",2
206383,2,1,"AB",2
206383,3,1,"AB",2
206383,4,1,"AB",2
206383,5,1,"AB",2
206383,6,1,"AB",2
206384,1,1,"AB",2
206388,1,1,"AB",2
206389,1,1,"AB",2
206391,1,1,"AB",2
206391,2,1,"AB",2
206391,3,1,"AB",2
206392,1,1,"AB",2
206396,1,1,"AP",52
206398,1,1,"AP",52
206402,1,1,"AB",2
206402,2,1,"AB",2
206404,1,1,"AP",52
206409,1,1,"AB",2
206409,2,1,"AB",2
206411,1,1,"AT",56
206413,1,1,"AB",2
206413,2,1,"AB",2
206413,3,1,"AB",2
206413,4,1,"AB",2
206413,5,1,"AB",2
206413,6,1,"AB",2
206416,1,1,"AP",52
206419,1,1,"AB",2
206419,2,1,"AB",2
206420,1,1,"AA",1
206422,1,1,"AT",56
206433,1,1,"AB",2
206433,2,1,"AB",2
206433,3,1,"AB",2
206433,4,1,"AB",2
206434,1,1,"AB",2
206434,2,1,"AB",2
206434,3,1,"AB",2
206434,4,1,"AB",2
206436,1,1,"AB",2
206437,1,1,"AB",2
206439,1,1,"AB",2
206439,2,1,"AB",2
206441,1,1,"AT",56
206446,1,1,"AT",56
206448,1,1,"AB",2
206456,1,1,"AA",1
206465,1,1,"AB",2
206465,2,1,"AB",2
206465,3,1,"AB",2
206465,4,1,"AB",2
206470,1,1,"AA",1
206470,2,1,"AA",1
206470,3,1,"AA",1
206477,1,1,"AA",1
206481,1,1,"AB",2
206484,1,1,"AA",1
206484,2,1,"AA",1
206484,3,1,"AA",1
206485,1,1,"AP",52
206485,2,1,"AP",52
206485,3,1,"AP",52
206485,4,1,"AP",52
206485,5,1,"AP",52
206486,1,1,"AP",52
206493,1,1,"AB",2
206498,1,1,"AT",56
206503,1,1,"AP",52
206505,1,1,"AB",2
206505,2,1,"AB",2
206511,1,1,"AB",2
206511,2,1,"AB",2
206511,3,1,"AB",2
206512,1,1,"AB",2
206512,2,1,"AB",2
206512,3,1,"AB",2
206512,4,1,"AB",2
206515,1,1,"AB",2
206515,2,1,"AB",2
206515,3,1,"AB",2
206516,1,1,"AP",52
206524,1,1,"AB",2
206524,2,1,"AB",2
206524,3,1,"AB",2
206528,1,1,"AB",2
206528,2,1,"AB",2
206530,1,1,"AB",2
206530,2,1,"AB",2
206534,1,1,"AB3",30
206534,2,1,"AB3",30
206534,3,1,"AB3",30
206534,4,1,"AB3",30
206534,5,1,"AB3",30
206543,1,1,"AN",50
206545,1,1,"TBD",999
206545,2,1,"TBD",999
206547,1,1,"AB",2
206547,2,1,"AB",2
206550,1,1,"AB",2
206550,2,1,"AB",2
206551,1,1,"AP",52
206552,1,1,"AP",52
206553,1,1,"AA",1
206556,1,1,"AB3",30
206556,2,1,"AB3",30
206560,1,1,"AB",2
206560,2,1,"AB",2
206561,1,1,"AP",52
206572,1,1,"AB",2
206573,1,1,"AA",1
206574,1,1,"AB",2
206586,1,1,"AP",52
206588,1,1,"AA",1
206588,2,1,"AA",1
206589,1,1,"AP",52
206594,1,1,"AP",52
206597,1,1,"AB",2
206607,1,1,"AP",52
206608,1,1,"AP",52
206608,2,1,"AP",52
206614,1,1,"AB",2
206615,1,1,"AA",1
206616,1,1,"AP",52
206621,1,1,"AP",52
206623,1,1,"AB",2
206631,1,1,"AB",2
206631,2,1,"AB",2
206631,3,1,"AB",2
206633,1,1,"AB",2
206634,1,1,"AP",52
206641,1,1,"AB4",40
206641,2,1,"AB4",40
206641,3,1,"AB4",40
206641,4,1,"AB4",40
206641,5,1,"AB4",40
206641,6,1,"AB4",40
206647,1,1,"AB",2
206647,2,1,"AB",2
206651,1,1,"AB",2
206651,2,1,"AB",2
206651,3,1,"AB",2
206652,1,1,"AB",2
206652,2,1,"AB",2
206653,1,1,"AB",2
206653,2,1,"AB",2
206653,3,1,"AB",2
206654,1,1,"AB",2
206654,2,1,"AB",2
206660,1,1,"AA",1
206666,1,1,"AP",52
206669,1,1,"AB",2
206672,1,1,"AB",2
206672,2,1,"AB",2
206674,1,1,"AB1",3
206674,2,1,"AB1",3
206674,3,1,"AB1",3
206677,1,1,"AP",52
206681,1,1,"AP",52
206681,2,1,"AP",52
206685,1,1,"AB",2
206685,2,1,"AB",2
206685,3,1,"AB",2
206685,4,1,"AB",2
206685,5,1,"AB",2
206686,1,1,"AB",2
206691,1,1,"AB",2
206691,2,1,"AB",2
206691,3,1,"AB",2
206691,4,1,"AB",2
206694,1,1,"AB",2
206694,2,1,"AB",2
206698,1,1,"AP",52
206699,1,1,"AP",52
206699,2,1,"AP",52
206699,3,1,"AP",52
206703,1,1,"AB",2
206703,2,1,"AB",2
206710,1,1,"AB",2
206710,2,1,"AB",2
206710,3,1,"AB",2
206713,1,1,"AP",52
206715,1,1,"AT",56
206716,1,1,"AT",56
206718,1,1,"AA",1
206718,2,1,"AA",1
206718,3,1,"AA",1
206719,1,1,"AP",52
206721,1,1,"AB",2
206721,2,1,"AB",2
206721,3,1,"AB",2
206721,4,1,"AB",2
206721,5,1,"AB",2
206721,6,1,"AB",2
206721,7,1,"AB",2
206724,1,1,"AB",2
206726,1,1,"AB",2
206726,2,1,"AB",2
206726,3,1,"AB",2
206726,4,1,"AB",2
206735,1,1,"AB",2
206735,2,1,"AB",2
206735,3,1,"AB",2
206736,1,1,"AP",52
206738,1,1,"AB",2
206738,2,1,"AB",2
206738,3,1,"AB",2
206739,1,1,"AB",2
206740,1,1,"AB",2
206741,1,1,"AB",2
206743,1,1,"AB",2
206743,2,1,"AB",2
206745,1,1,"AB",2
206745,2,1,"AB",2
206747,1,1,"AB",2
206747,2,1,"AB",2
206748,1,1,"AB",2
206748,2,1,"AB",2
206748,3,1,"AB",2
206749,1,1,"AB1",3
206749,2,1,"AB1",3
206749,3,1,"AB1",3
206750,1,1,"AB",2
206750,2,1,"AB",2
206750,3,1,"AB",2
206750,4,1,"AB",2
206750,5,1,"AB",2
206750,6,1,"AB",2
206751,1,1,"AB",2
206751,2,1,"AB",2
206751,3,1,"AB",2
206751,4,1,"AB",2
206753,1,1,"AB",2
206759,1,1,"AB2",20
206759,2,1,"AB2",20
206760,1,1,"AP",52
206762,1,1,"AB",2
206762,2,1,"AB",2
206763,1,1,"AB",2
206763,2,1,"AB",2
206763,3,1,"AB",2
206765,1,1,"AB",2
206768,1,1,"AB",2
206774,1,1,"AP",52
206775,1,1,"AP",52
206775,2,1,"AP",52
206775,3,1,"AP",52
206775,4,1,"AP",52
206776,1,1,"AP",52
206776,2,1,"AP",52
206776,3,1,"AP",52
206778,1,1,"AP",52
206781,1,1,"AP",52
206785,1,1,"AT",56
206786,1,1,"AT",56
206787,1,1,"AB",2
206787,2,1,"AB",2
206792,1,1,"AB",2
206798,1,1,"AP",52
206799,1,1,"AB",2
206801,1,1,"AP",52
206802,1,1,"AP",52
206805,1,1,"AB1",3
206807,1,1,"AB1",3
206811,1,1,"AB",2
206812,1,1,"AP",52
206812,2,1,"AP",52
206812,3,1,"AP",52
206812,4,1,"AP",52
206813,1,1,"AB",2
206813,2,1,"AB",2
206813,3,1,"AB",2
206814,1,1,"AA",1
206814,2,1,"AA",1
206815,1,1,"AA",1
206822,1,1,"AA",1
206827,1,1,"AB",2
206827,2,1,"AB",2
206827,3,1,"AB",2
206827,4,1,"AB",2
206831,1,1,"AP",52
206836,1,1,"AB",2
206837,1,1,"AB",2
206837,2,1,"AB",2
206838,1,1,"AP",52
206840,1,1,"AB",2
206840,2,1,"AB",2
206840,3,1,"AB",2
206845,1,1,"AP",52
206846,1,1,"AP",52
206850,1,1,"AB",2
206851,1,1,"AB",2
206852,1,1,"AB",2
206853,1,1,"AB",2
206855,1,1,"AB",2
206855,2,1,"AB",2
206856,1,1,"AB",2
206857,1,1,"AB",2
206857,2,1,"AB",2
206857,3,1,"AB",2
206857,4,1,"AB",2
206863,1,1,"AB",2
206864,1,1,"AB",2
206866,1,1,"AB",2
206869,1,1,"AA",1
206872,1,1,"AB",2
206872,2,1,"AB",2
206876,1,1,"AB",2
206879,1,1,"AB",2
206880,1,1,"AP",52
206880,2,1,"AP",52
206880,3,1,"AP",52
206884,1,1,"AB",2
206884,2,1,"AB",2
206884,3,1,"AB",2
206884,4,1,"AB",2
206885,1,1,"AB",2
206886,1,1,"AB1",3
206887,1,1,"AB",2
206891,1,1,"AA",1
206901,1,1,"AB",2
206904,1,1,"AB",2
206904,2,1,"AB",2
206906,1,1,"AB",2
206906,2,1,"AB",2
206906,3,1,"AB",2
206906,4,1,"AB",2
206917,1,1,"AP",52
206918,1,1,"AP",52
206918,2,1,"AP",52
206918,3,1,"AP",52
206918,4,1,"AP",52
206919,1,1,"AP",52
206919,2,1,"AP",52
206919,3,1,"AP",52
206921,1,1,"AP",52
206922,1,1,"AB",2
206922,2,1,"AB",2
206923,1,1,"AB",2
206923,2,1,"AB",2
206923,3,1,"AB",2
206923,4,1,"AB",2
206928,1,1,"AB",2
206928,2,1,"AB",2
206928,3,1,"AB",2
206931,1,1,"AB",2
206931,2,1,"AB",2
206931,3,1,"AB",2
206932,1,1,"AB",2
206932,2,1,"AB",2
206932,3,1,"AB",2
206935,1,1,"AP",52
206935,2,1,"AP",52
206936,1,1,"AP",52
206937,1,1,"AB1",3
206937,2,1,"AB1",3
206938,1,1,"AB",2
206938,2,1,"AB",2
206939,1,1,"AB",2
206943,1,1,"AB",2
206943,2,1,"AB",2
206943,3,1,"AB",2
206945,1,1,"AT",56
206955,1,1,"AB1",3
206955,2,1,"AB",2
206958,1,1,"AA",1
206959,1,1,"AB",2
206960,1,1,"AB",2
206961,1,1,"AP",52
206962,1,1,"AP",52
206964,1,1,"AB",2
206965,1,1,"AP",52
206969,1,1,"AB",2
206973,1,1,"AB",2
206973,2,1,"AB",2
206974,1,1,"AB",2
206974,2,1,"AB",2
206975,1,1,"AB",2
206975,2,1,"AB",2
206992,1,1,"AP",52
206996,1,1,"AP",52
206996,2,1,"AP",52
206996,3,1,"AP",52
207000,1,1,"AB",2
207000,2,1,"AB",2
207001,1,1,"AP",52
207001,2,1,"AP",52
207005,1,1,"AP",52
207005,2,1,"AP",52
207014,1,1,"AB",2
207014,2,1,"AB",2
207016,1,1,"AB",2
207016,2,1,"AB",2
207016,3,1,"AB",2
207018,1,1,"AB",2
207018,2,1,"AB",2
207021,1,1,"AB",2
207021,2,1,"AB",2
207025,1,1,"AP",52
207029,1,1,"AB",2
207029,2,1,"AB",2
207029,3,1,"AB",2
207042,1,1,"AP",52
207042,2,1,"AP",52
207046,1,1,"AB",2
207046,2,1,"AB",2
207047,1,1,"AA",1
207049,1,1,"AB",2
207049,2,1,"AB",2
207050,1,1,"AP",52
207054,1,1,"AB",2
207055,1,1,"AB",2
207056,1,1,"AB",2
207057,1,1,"AB",2
207057,2,1,"AB",2
207058,1,1,"AB",2
207058,2,1,"AB",2
207058,3,1,"AB",2
207061,1,1,"AB",2
207061,2,1,"AB",2
207061,3,1,"AB",2
207061,4,1,"AB",2
207062,1,1,"AB",2
207062,2,1,"AB",2
207062,3,1,"AB",2
207062,4,1,"AB",2
207066,1,1,"AB",2
207067,1,1,"AB",2
207068,1,1,"AB",2
207068,2,1,"AB",2
207068,3,1,"AB",2
207068,4,1,"AB",2
207073,1,1,"AB",2
207073,2,1,"AB",2
207073,3,1,"AB",2
207073,4,1,"AB",2
207080,1,1,"AN",50
207081,1,1,"AB",2
207084,1,1,"AP",52
207092,1,1,"AP",52
207092,2,1,"AP",52
207093,1,1,"AB",2
207093,2,1,"AB",2
207094,1,1,"AT",56
207096,1,1,"AP",52
207099,1,1,"AB",2
207099,2,1,"AB",2
207099,3,1,"AB",2
207100,1,1,"AP",52
207107,1,1,"AP",52
207107,2,1,"AP",52
207117,1,1,"AT",56
207118,1,1,"AA",1
207119,1,1,"AB",2
207119,2,1,"AB",2
207119,3,1,"AB",2
207119,4,1,"AB",2
207119,5,1,"AB",2
207120,1,1,"AB",2
207121,1,1,"AB",2
207122,1,1,"AB",2
207133,1,1,"AT",56
207137,1,1,"AA",1
207138,1,1,"AB",2
207138,2,1,"AB",2
207138,3,1,"AB",2
207139,1,1,"AB",2
207141,2,1,"AA",1
207144,1,1,"AB",2
207146,1,1,"AP",52
207147,1,1,"AP",52
207147,2,1,"AP",52
207148,1,1,"AP",52
207152,1,1,"AB",2
207156,1,1,"AB",2
207156,2,1,"AB",2
207160,1,1,"AP",52
207160,2,1,"AP",52
207160,3,1,"AP",52
207163,1,1,"AT",56
207170,1,1,"AB",2
207170,2,1,"AB",2
207171,1,1,"AA",1
207171,2,1,"AA",1
207171,3,1,"AA",1
207172,1,1,"AA",1
207172,2,1,"AA",1
207172,3,1,"AA",1
207174,1,1,"AP",52
207174,2,1,"AP",52
207174,3,1,"AP",52
207175,1,1,"AB",2
207175,2,1,"AB",2
207176,1,1,"AA",1
207179,1,1,"AB",2
207181,1,1,"AP",52
207182,1,1,"AP",52
207182,2,1,"AP",52
207183,1,1,"AP",52
207183,2,1,"AP",52
207188,1,1,"AB",2
207196,1,1,"AB",2
207196,2,1,"AB",2
207199,1,1,"AB",2
207199,2,1,"AB",2
207199,3,1,"AB",2
207201,1,1,"AA",1
207201,2,1,"AA",1
207210,1,1,"AB",2
207211,1,1,"AB",2
207211,2,1,"AB",2
207211,3,1,"AB",2
207216,1,1,"AB",2
207216,2,1,"AB",2
207216,3,1,"AB",2
207216,4,1,"AB",2
207217,1,1,"AT",56
207218,1,1,"AT",56
207222,1,1,"AB",2
207222,2,1,"AB",2
207224,1,1,"AB3",30
207224,2,1,"AB3",30
207226,1,1,"AP",52
207231,1,1,"AB",2
207231,2,1,"AB",2
207231,3,1,"AB",2
207231,4,1,"AB",2
207231,5,1,"AB",2
207231,6,1,"AB",2
207231,7,1,"AB",2
207234,1,1,"AP",52
207236,1,1,"AB",2
207236,2,1,"AB",2
207237,1,1,"AB",2
207238,1,1,"AT",56
207239,1,1,"AP",52
207240,1,1,"AB",2
207240,2,1,"AB",2
207243,1,1,"AB",2
207245,1,1,"AB",2
207252,1,1,"AP",52
207252,2,1,"AP",52
207252,3,1,"AP",52
207259,1,1,"AB",2
207260,1,1,"AB",2
207261,1,1,"AB",2
207261,2,1,"AB",2
207262,1,1,"AB",2
207264,1,1,"AP",52
207265,1,1,"AB",2
207265,2,1,"AB",2
207266,1,1,"AP",52
207276,1,1,"AB",2
207276,2,1,"AB",2
207280,1,1,"AT",56
207285,1,1,"AB",2
207288,1,1,"AB",2
207289,1,1,"AB",2
207302,1,1,"AB",2
207302,2,1,"AB",2
207304,1,1,"AB1",3
207309,1,1,"AB",2
207309,2,1,"AB",2
207310,1,1,"AP",52
207311,1,1,"AB",2
207321,1,1,"AP",52
207322,1,1,"AP",52
207323,1,1,"AP",52
207324,1,1,"AP",52
207324,2,1,"AP",52
207324,3,1,"AP",52
207324,4,1,"AP",52
207325,1,1,"AP",52
207325,2,1,"AP",52
207325,3,1,"AP",52
207326,1,1,"AP",52
207329,1,1,"AB",2
207333,1,1,"AA",1
207333,2,1,"AA",1
207338,1,1,"AB",2
207338,2,1,"AB",2
207338,3,1,"AB",2
207338,4,1,"AB",2
207338,5,1,"AB",2
207338,6,1,"AB",2
207340,1,1,"AB",2
207340,2,1,"AB",2
207340,3,1,"AB",2
207340,4,1,"AB",2
207340,5,1,"AB",2
207340,6,1,"AB",2
207340,7,1,"AB",2
207341,1,1,"AP",52
207349,1,1,"AP",52
207350,1,1,"AP",52
207350,2,1,"AP",52
207350,3,1,"AP",52
207350,4,1,"AP",52
207350,5,1,"AP",52
207354,1,1,"AP",52
207354,2,1,"AP",52
207358,1,1,"AP",52
207366,1,1,"AN",50
207367,1,1,"AB",2
207370,1,1,"AB",2
207371,1,1,"AB",2
207371,2,1,"AB",2
207372,1,1,"AB",2
207378,1,1,"AB",2
207378,2,1,"AB",2
207378,3,1,"AB",2
207380,1,1,"AT",56
207382,1,1,"AB",2
207382,2,1,"AB",2
207382,3,1,"AB",2
207384,1,1,"AP",52
207384,2,1,"AP",52
207385,1,1,"AP",52
207385,2,1,"AP",52
207386,1,1,"AA",1
207388,1,1,"AB",2
207388,2,1,"AB",2
207388,3,1,"AB",2
207388,4,1,"AB",2
207388,5,1,"AB",2
207388,6,1,"AB",2
207388,7,1,"AB",2
207389,1,1,"AB",2
207389,2,1,"AB",2
207398,1,1,"AB",2
207400,1,1,"AP",52
207405,1,1,"AB",2
207407,1,1,"AA",1
207408,1,1,"AB",2
207408,2,1,"AB",2
207408,3,1,"AB",2
207408,4,1,"AB",2
207416,1,1,"AB",2
207416,2,1,"AB",2
207416,3,1,"AB",2
207418,1,1,"AB",2
207418,2,1,"AB",2
207419,1,1,"AA",1
207419,2,1,"AA",1
207419,3,1,"AA",1
207419,4,1,"AA",1
207426,1,1,"AP",52
207427,1,1,"AB1",3
207427,2,1,"AB",2
207428,1,1,"AB1",3
207428,2,1,"AB1",3
207428,3,1,"AB1",3
207433,1,1,"AB",2
207433,2,1,"AB",2
207433,3,1,"AB",2
207433,4,1,"AB",2
207433,5,1,"AB",2
207433,6,1,"AB",2
207435,1,1,"AB",2
207435,2,1,"AB",2
207435,3,1,"AB",2
207435,4,1,"AB",2
207438,1,1,"AB",2
207438,2,1,"AB",2
207440,1,1,"AB",2
207442,1,1,"AP",52
207444,1,1,"AT",56
207446,1,1,"AB",2
207446,2,1,"AB",2
207446,3,1,"AB",2
207446,4,1,"AB",2
207449,1,1,"AP",52
207450,1,1,"AB",2
207450,2,1,"AB",2
207450,3,1,"AB",2
207450,4,1,"AB",2
207453,1,1,"AB",2
207453,2,1,"AB",2
207453,3,1,"AB",2
207453,4,1,"AB",2
207455,1,1,"AB",2
207455,2,1,"AB",2
207455,3,1,"AB",2
207456,1,1,"AB",2
207456,2,1,"AB",2
207457,1,1,"AB",2
207459,1,1,"AB3",30
207459,2,1,"AB3",30
207463,1,1,"AB",2
207466,1,1,"AB",2
207474,1,1,"AP",52
207474,2,1,"AP",52
207474,3,1,"AP",52
207475,1,1,"AP",52
207476,1,1,"AB",2
207476,2,1,"AB",2
207479,1,1,"AB3",30
207479,2,1,"AB3",30
207482,1,1,"AB",2
207482,2,1,"AB",2
207482,3,1,"AB",2
207482,4,1,"AB",2
207482,5,1,"AB",2
207485,1,1,"AA",1
207485,2,1,"AA",1
207487,1,1,"AA",1
207488,1,1,"AB",2
207488,2,1,"AB",2
207494,1,1,"AB",2
207494,2,1,"AB",2
207496,1,1,"AP",52
207499,1,1,"AP",52
207504,1,1,"AB",2
207505,1,1,"AB",2
207506,1,1,"AB",2
207507,1,1,"AB",2
207507,2,1,"AB",2
207507,3,1,"AB",2
207507,4,1,"AB",2
207510,1,1,"AA",1
207510,2,1,"AA",1
207510,3,1,"AA",1
207511,1,1,"AA",1
207514,1,1,"AB",2
207515,1,1,"AB",2
207515,2,1,"AB",2
207515,3,1,"AB",2
207515,4,1,"AB",2
207518,1,1,"AP",52
207521,1,1,"AP",52
207522,1,1,"AP",52
207526,1,1,"AB",2
207528,1,1,"AB2",20
207528,2,1,"AB2",20
207531,1,1,"AB",2
207531,2,1,"AB",2
207535,1,1,"AB",2
207536,1,1,"AB",2
207536,2,1,"AB",2
207538,1,1,"AB",2
207547,1,1,"AP",52
207548,1,1,"AP",52
207549,1,1,"AP",52
207549,2,1,"AP",52
207550,1,1,"AP",52
207552,1,1,"AP",52
207555,1,1,"AA",1
207558,1,1,"AB",2
207563,1,1,"AP",52
207563,2,1,"AP",52
207563,3,1,"AP",52
207566,1,1,"AB",2
207567,1,1,"AB",2
207568,1,1,"AP",52
207570,1,1,"AB",2
207571,1,1,"AB",2
207574,1,1,"AA",1
207580,1,1,"AB",2
207581,1,1,"AB",2
207582,1,1,"AB",2
207582,2,1,"AB",2
207582,3,1,"AB",2
207582,4,1,"AB",2
207586,1,1,"AB",2
207586,2,1,"AB",2
207587,1,1,"AB",2
207587,2,1,"AB",2
207587,3,1,"AB",2
207607,1,1,"AB",2
207607,2,1,"AB",2
207616,1,1,"AB",2
207616,2,1,"AB",2
207616,3,1,"AB",2
207616,4,1,"AB",2
207624,1,1,"AB",2
207624,2,1,"AB",2
207625,1,1,"AN",50
207625,2,1,"AN",50
207625,3,1,"AN",50
207628,1,1,"AN",50
207630,1,1,"AT",56
207631,1,1,"AB",2
207633,1,1,"AP",52
207634,1,1,"AP",52
207635,1,1,"AA",1
207636,1,1,"AP",52
207636,2,1,"AP",52
207636,3,1,"AP",52
207636,4,1,"AP",52
207636,5,1,"AP",52
207636,6,1,"AP",52
207636,7,1,"AP",52
207639,1,1,"AP",52
207645,1,1,"AP",52
207650,1,1,"AP",52
207650,2,1,"AP",52
207651,1,1,"AT",56
207651,2,1,"AT",56
207651,3,1,"AT",56
207652,1,1,"AB",2
207652,2,1,"AB",2
207655,1,1,"AB",2
207655,2,1,"AB",2
207655,3,1,"AB",2
207655,4,1,"AB",2
207655,5,1,"AB",2
207658,1,1,"AB",2
207658,2,1,"AB",2
207658,3,1,"AB",2
207658,4,1,"AB",2
207658,5,1,"AB",2
207658,6,1,"AB",2
207662,1,1,"AB",2
207662,2,1,"AB",2
207662,3,1,"AB",2
207664,1,1,"AB",2
207664,2,1,"AB",2
207667,1,1,"AP",52
207667,2,1,"AP",52
207667,3,1,"AP",52
207667,4,1,"AP",52
207672,1,1,"AB",2
207672,2,1,"AB",2
207672,3,1,"AB",2
207677,1,1,"AB",2
207677,2,1,"AB",2
207677,3,1,"AB",2
207677,4,1,"AB",2
207680,1,1,"AB",2
207681,1,1,"AB",2
207681,2,1,"AB",2
207682,1,1,"AB",2
207682,2,1,"AB",2
207684,1,1,"AA",1
207686,1,1,"AP",52
207687,1,1,"AB",2
207687,2,1,"AB",2
207687,3,1,"AB",2
207687,4,1,"AB",2
207692,1,1,"AP",52
207698,1,1,"AB",2
207707,1,1,"AP",52
207707,2,1,"AP",52
207709,1,1,"AA",1
207709,2,1,"AA",1
207709,3,1,"AA",1
207712,1,1,"AB",2
207724,1,1,"AB",2
207724,2,1,"AB",2
207730,1,1,"AT",56
207731,1,1,"AT",56
207733,1,1,"AT",56
207739,1,1,"AO",51
207741,1,1,"AT",56
207742,1,1,"AO",51
207743,1,1,"AB",2
207743,2,1,"AB",2
207743,3,1,"AB",2
207745,1,1,"AB",2
207745,2,1,"AB",2
207745,3,1,"AB",2
207746,1,1,"AB",2
207746,2,1,"AB",2
207746,3,1,"AB",2
207750,1,1,"AB",2
207751,1,1,"AP",52
207752,1,1,"AB",2
207752,2,1,"AB",2
207752,3,1,"AB",2
207752,4,1,"AB",2
207757,1,1,"AP",52
207757,2,1,"AP",52
207758,1,1,"AP",52
207761,1,1,"AB",2
207761,2,1,"AB",2
207761,3,1,"AB",2
207767,1,1,"AT",56
207769,1,1,"AB",2
207771,1,1,"AB",2
207771,2,1,"AB",2
207771,3,1,"AB",2
207771,4,1,"AB",2
207773,1,1,"AB",2
207774,1,1,"AB",2
207774,2,1,"AB",2
207777,1,1,"AB",2
207777,2,1,"AB",2
207777,3,1,"AB",2
207783,1,1,"AA",1
207786,1,1,"AA",1
207792,1,1,"AB",2
207792,2,1,"AB",2
207792,3,1,"AB",2
207792,4,1,"AB",2
207797,1,1,"AB",2
207797,2,1,"AB",2
207797,3,1,"AB",2
207797,4,1,"AB",2
207803,1,1,"AB",2
207803,2,1,"AB",2
207804,1,1,"AB",2
207804,2,1,"AB",2
207804,3,1,"AB",2
207805,1,1,"AB",2
207805,2,1,"AB",2
207805,3,1,"AB",2
207806,1,1,"AB",2
207806,2,1,"AB",2
207806,3,1,"AB",2
207807,1,1,"AB",2
207807,2,1,"AB",2
207807,3,1,"AB",2
207807,4,1,"AB",2
207808,1,1,"AA",1
207808,2,1,"AA",1
207808,3,1,"AA",1
207809,1,1,"AB",2
207810,1,1,"AT",56
207812,1,1,"AB",2
207821,1,1,"AB",2
207821,2,1,"AB",2
207821,3,1,"AB",2
207833,1,1,"AB",2
207835,1,1,"AB",2
207835,2,1,"AB",2
207836,1,1,"AB",2
207836,2,1,"AB",2
207847,1,1,"AP",52
207847,2,1,"AP",52
207847,3,1,"AP",52
207848,1,1,"AP",52
207848,2,1,"AP",52
207851,1,1,"AT",56
207855,1,1,"AB",2
207857,1,1,"AN",50
207867,1,1,"AB",2
207867,2,1,"AB",2
207875,1,1,"AN",50
207880,1,1,"AB",2
207880,2,1,"AB",2
207882,1,1,"AB",2
207882,2,1,"AB",2
207882,3,1,"AB",2
207884,1,1,"AB",2
207884,2,1,"AB",2
207884,3,1,"AB",2
207896,1,1,"AB",2
207896,2,1,"AB",2
207899,1,1,"AB",2
207901,1,1,"AB",2
207901,2,1,"AB",2
207901,3,1,"AB",2
207903,1,1,"AN",50
207905,1,1,"AB",2
207935,1,1,"AB",2
207938,1,1,"AB",2
207938,2,1,"AB",2
207944,1,1,"AB",2
207952,1,1,"AB",2
207955,1,1,"AB",2
207956,1,1,"AP",52
207989,1,1,"AB",2
208017,1,1,"AP",52
208019,1,1,"AA",1
208044,1,1,"AB",2
208061,1,1,"AT",56
208077,1,1,"AB",2
208084,1,1,"AP",52
208084,2,1,"AP",52
208084,3,1,"AP",52
208096,1,1,"AB",2
208100,1,1,"AT",56
208101,1,1,"AB",2
208104,1,1,"AB",2
208105,1,1,"AB",2
208105,2,1,"AB",2
208105,3,1,"AB",2
208105,4,1,"AB",2
208105,5,1,"AB",2
208105,6,1,"AB",2
208107,1,1,"AB",2
208116,1,1,"AP",52
208122,1,1,"AP",52
208124,1,1,"AT",56
208125,1,1,"AT",56
208127,1,1,"AB",2
208127,2,1,"AB",2
208127,3,1,"AB",2
208130,1,1,"AB",2
208130,2,1,"AB",2
208130,3,1,"AB",2
208136,1,1,"AT",56
208146,1,1,"AB",2
208146,2,1,"AB",2
208146,3,1,"AB",2
208146,4,1,"AB",2
208154,1,1,"AT",56
208156,1,1,"AB",2
208162,1,1,"AB",2
208162,2,1,"AB",2
208163,1,1,"AB",2
208164,1,1,"AB",2
208166,1,1,"AP",52
208170,1,1,"AB",2
208170,2,1,"AB",2
208170,3,1,"AB",2
208177,1,1,"AB",2
208177,2,1,"AB",2
208177,3,1,"AB",2
208181,1,1,"AB",2
208181,2,1,"AB",2
208181,3,1,"AB",2
208181,4,1,"AB",2
208187,1,1,"AB",2
208187,2,1,"AB",2
208191,1,1,"AB",2
208191,2,1,"AB",2
208191,3,1,"AB",2
208197,1,1,"AP",52
208199,1,1,"AB",2
208204,1,1,"AB",2
208205,1,1,"AT",56
208206,1,1,"AB",2
208216,1,1,"AP",52
208218,1,1,"AA",1
208227,1,1,"AB",2
208234,1,1,"AN",50
208236,1,1,"AB",2
208258,1,1,"AB",2
208272,1,1,"AB",2
208278,1,1,"AB",2
208279,1,1,"AB",2
208283,1,1,"AB",2
208283,2,1,"AB",2
208287,1,1,"AT",56
208289,1,1,"AP",52
208300,1,1,"AT",56
208301,1,1,"AB",2
208305,1,1,"AA",1
208305,2,1,"AA",1
208306,1,1,"AP",52
208320,1,1,"AT",56
208322,1,1,"AB",2
208326,1,1,"AT",56
208328,1,1,"AB",2
208328,2,1,"AB",2
208332,1,1,"AB",2
208333,1,1,"AB",2
208333,2,1,"AB",2
208340,1,1,"AB",2
208340,2,1,"AB",2
208342,1,1,"AB",2
208347,1,1,"AB",2
208348,1,1,"AB",2
208348,2,1,"AB",2
208348,3,1,"AB",2
208353,1,1,"AP",52
208360,1,1,"AB",2
208360,2,1,"AB",2
208386,1,1,"AT",56
208390,1,1,"AB",2
208390,2,1,"AB",2
208405,1,1,"AP",52
208405,2,1,"AP",52
208413,1,1,"AP",52
208444,1,1,"AP",52
208451,1,1,"AB",2
208451,2,1,"AB",2
208451,3,1,"AB",2
208474,1,1,"AP",52
208479,1,1,"AT",56
208487,1,1,"AP",52
208487,2,1,"AP",52
208487,3,1,"AP",52
208487,4,1,"AP",52
208501,1,1,"AB",2
208507,1,1,"AA",1
208507,2,1,"AA",1
208516,1,1,"AB",2
208518,1,1,"AB",2
208519,1,1,"AB",2
208519,2,1,"AB",2
208519,3,1,"AB",2
208521,1,1,"AP",52
208523,1,1,"AP",52
208523,2,1,"AP",52
208532,1,1,"AP",52
208532,2,1,"AP",52
208536,1,1,"AP",52
208572,1,1,"AB",2
208578,1,1,"AB",2
208578,2,1,"AB",2
208578,3,1,"AB",2
208580,1,1,"AP",52
208581,1,1,"AT",56
208590,1,1,"AT",56
208591,1,1,"AB",2
208593,1,1,"AA",1
208593,2,1,"AA",1
208601,1,1,"AP",52
208604,1,1,"AT",56
208605,1,1,"AB",2
208605,2,1,"AB",2
208605,3,1,"AB",2
208607,1,1,"AB",2
208607,2,1,"AB",2
208607,3,1,"AB",2
208607,4,1,"AB",2
208609,1,1,"AP",52
208614,1,1,"AP",52
208616,1,1,"AB",2
208621,1,1,"AB",2
208621,2,1,"AB",2
208622,1,1,"AB",2
208622,2,1,"AB",2
208622,3,1,"AB",2
208625,1,1,"AB",2
208625,2,1,"AB",2
208625,3,1,"AB",2
208633,1,1,"AB",2
208635,1,1,"AP",52
208639,1,1,"AB",2
208644,1,1,"AB",2
208652,1,1,"AB3",30
208652,2,1,"AB3",30
208657,1,1,"AB",2
208657,2,1,"AB",2
208662,1,1,"AB",2
208667,1,1,"AB",2
208679,1,1,"AP",52
208681,1,1,"AB",2
208681,2,1,"AB",2
208682,1,1,"AB",2
208683,1,1,"AB",2
208689,1,1,"AP",52
208690,1,1,"AP",52
208698,1,1,"AB",2
208698,2,1,"AB",2
208705,1,1,"AB",2
208705,2,1,"AB",2
208706,1,1,"AB",2
208706,2,1,"AB",2
208706,3,1,"AB",2
208709,1,1,"AB",2
208709,2,1,"AB",2
208719,1,1,"AB",2
208719,2,1,"AB",2
208719,3,1,"AB",2
208719,4,1,"AB",2
208721,1,1,"AB",2
208721,2,1,"AB",2
208727,1,1,"AB",2
208727,2,1,"AB",2
208727,3,1,"AB",2
208756,1,1,"AB",2
208756,2,1,"AB",2
208756,3,1,"AB",2
208763,1,1,"AT",56
208763,2,1,"AT",56
208763,3,1,"AT",56
208765,1,1,"AB",2
208765,2,1,"AB",2
208767,1,1,"AT",56
208774,1,1,"AB",2
208776,1,1,"AB",2
208779,1,1,"AB1",3
208782,1,1,"AB",2
208782,2,1,"AB",2
208784,1,1,"AB",2
208784,2,1,"AB",2
208788,1,1,"AB",2
208790,1,1,"AP",52
208795,1,1,"AA",1
208801,1,1,"AB",2
208801,2,1,"AB",2
208803,1,1,"AB",2
208804,1,1,"AB",2
208804,2,1,"AB",2
208805,1,1,"AB",2
208809,1,1,"AA",1
208817,1,1,"AA",1
208818,1,1,"AB",2
208818,2,1,"AB",2
208820,1,1,"AB",2
208822,1,1,"AT",56
208823,1,1,"AB",2
208826,1,1,"AB",2
208826,2,1,"AB",2
208829,1,1,"AB",2
208829,2,1,"AB",2
208829,3,1,"AB",2
208829,4,1,"AB",2
208829,5,1,"AB",2
208831,1,1,"AB",2
208831,2,1,"AB",2
208831,3,1,"AB",2
208831,4,1,"AB",2
208832,1,1,"AB",2
208832,2,1,"AB",2
208832,3,1,"AB",2
208833,1,1,"AB",2
208833,2,1,"AB",2
208833,3,1,"AB",2
208833,4,1,"AB",2
208834,1,1,"AB",2
208834,2,1,"AB",2
208836,1,1,"AB",2
208838,1,1,"AT",56
208840,1,1,"AP",52
208841,1,1,"AB",2
208842,1,1,"AT",56
208848,1,1,"AT",56
208857,1,1,"AP",52
208859,1,1,"AP",52
208860,1,1,"AP",52
208864,1,1,"AB",2
208864,2,1,"AB",2
208871,1,1,"AP",52
208872,1,1,"AP",52
208880,1,1,"AB1",3
208880,2,1,"AB",2
208881,1,1,"AB",2
208888,1,1,"AP",52
208888,2,1,"AP",52
208890,1,1,"AB",2
208898,1,1,"AB",2
208898,2,1,"AB",2
208898,3,1,"AB",2
208898,4,1,"AB",2
208915,1,1,"AB",2
208915,2,1,"AB",2
208915,3,1,"AB",2
208921,1,1,"AB",2
208921,2,1,"AB",2
208925,1,1,"AT",56
208933,1,1,"AB",2
208937,1,1,"AB",2
208938,1,1,"AA",1
208943,1,1,"AP",52
208947,1,1,"AB",2
208947,2,1,"AB",2
208947,3,1,"AB",2
208947,4,1,"AB",2
208947,5,1,"AB",2
208948,1,1,"AT",56
208961,1,1,"AB",2
208961,2,1,"AB",2
208961,3,1,"AB",2
208963,1,1,"AB",2
208963,2,1,"AB",2
208963,3,1,"AB",2
208963,4,1,"AB",2
208964,1,1,"AN",50
208966,1,1,"AB",2
208970,1,1,"AB",2
208970,2,1,"AB",2
208971,1,1,"AB",2
208971,2,1,"AB",2
208971,3,1,"AB",2
208973,1,1,"AP",52
208974,1,1,"AP",52
208974,2,1,"AP",52
208975,1,1,"AP",52
208983,1,1,"AP",52
208987,1,1,"AB",2
208988,1,1,"AB",2
208988,2,1,"AB",2
208988,3,1,"AB",2
208988,4,1,"AB",2
208991,1,1,"AB",2
208991,2,1,"AB",2
209000,1,1,"AB",2
209004,1,1,"AT",56
209011,1,1,"AB",2
209011,2,1,"AB",2
209012,1,1,"AB",2
209013,1,1,"AB",2
209013,2,1,"AB",2
209013,3,1,"AB",2
209013,4,1,"AB",2
209021,1,1,"AA",1
209021,2,1,"AA",1
209025,1,1,"AB",2
209028,1,1,"AB",2
209028,2,1,"AB",2
209028,3,1,"AB",2
209030,1,1,"AB",2
209031,1,1,"AB",2
209035,1,1,"AB",2
209036,1,1,"AA",1
209036,2,1,"AA",1
209036,3,1,"AA",1
209037,1,1,"AA",1
209037,2,1,"AA",1
209037,3,1,"AA",1
209038,1,1,"AB",2
209041,1,1,"AB",2
209042,1,1,"AB",2
209042,2,1,"AB",2
209042,3,1,"AB",2
209042,4,1,"AB",2
209047,1,1,"AB",2
209058,1,1,"AP",52
209065,1,1,"AP",52
209077,1,1,"AP",52
209077,2,1,"AP",52
209077,3,1,"AP",52
209082,1,1,"AT",56
209088,1,1,"AP",52
209093,1,1,"AB",2
209093,2,1,"AB",2
209093,3,1,"AB",2
209095,1,1,"AB1",3
209096,1,1,"AB",2
209096,2,1,"AB",2
209101,1,1,"AO",51
209101,2,1,"AO",51
209102,2,1,"AB",2
209102,3,1,"AB",2
209105,1,1,"AB",2
209110,1,1,"AP",52
209111,1,1,"AB",2
209111,2,1,"AB",2
209111,3,1,"AB",2
209113,1,1,"AB",2
209118,1,1,"AT",56
209119,1,1,"AB",2
209125,1,1,"AP",52
209133,1,1,"AP",52
209135,1,1,"AP",52
209135,2,1,"AP",52
209147,1,1,"AB",2
209150,1,1,"AP",52
209151,1,1,"AB",2
209151,2,1,"AB",2
209156,1,1,"AB",2
209156,2,1,"AB",2
209156,3,1,"AB",2
209165,1,1,"AB",2
209165,2,1,"AB",2
209170,1,1,"AB",2
209171,1,1,"AB",2
209172,1,1,"AA",1
209177,1,1,"AB",2
209177,2,1,"AB",2
209177,3,1,"AB",2
209182,1,1,"AP",52
209182,2,1,"AP",52
209192,1,1,"AP",52
209201,1,1,"AB",2
209201,2,1,"AB",2
209204,1,1,"AB",2
209208,1,1,"AB",2
209211,1,1,"AB",2
209211,2,1,"AB",2
209222,1,1,"AB",2
209222,2,1,"AB",2
209222,3,1,"AB",2
209222,4,1,"AB",2
209226,1,1,"AB",2
209226,2,1,"AB",2
209226,3,1,"AB",2
209234,1,1,"AB",2
209236,1,1,"AB",2
209236,2,1,"AB",2
209236,3,1,"AB",2
209251,1,1,"AA",1
209251,2,1,"AA",1
209251,3,1,"AA",1
209251,4,1,"AA",1
209256,1,1,"AB",2
209256,2,1,"AB",2
209261,1,1,"AB",2
209261,2,1,"AB",2
209261,3,1,"AB",2
209261,4,1,"AB",2
209264,1,1,"AA",1
209283,1,1,"AT",56
209284,1,1,"AB",2
209284,2,1,"AB",2
209285,1,1,"AB1",3
209287,1,1,"AP",52
209293,1,1,"AB",2
209293,2,1,"AB",2
209293,3,1,"AB",2
209297,1,1,"AB",2
209303,1,1,"AB1",3
209306,1,1,"AB",2
209306,2,1,"AB",2
209309,1,1,"AB",2
209309,2,1,"AB",2
209309,3,1,"AB",2
209312,1,1,"AA",1
209312,2,1,"AA",1
209313,1,1,"AB1",3
209313,2,1,"AB",2
209314,1,1,"AB2",20
209314,2,1,"AB2",20
209328,1,1,"AP",52
209331,1,1,"AP",52
209334,1,1,"AP",52
209335,1,1,"AB",2
209336,1,1,"AT",56
209352,1,1,"AP",52
209361,1,1,"AT",56
209365,1,1,"AB",2
209365,2,1,"AB",2
209372,1,1,"AB",2
209372,2,1,"AB",2
209373,1,1,"AB",2
209385,1,1,"AA",1
209385,2,1,"AA",1
209385,3,1,"AA",1
209396,1,1,"AB",2
209396,2,1,"AB",2
209396,3,1,"AB",2
209399,1,1,"AB",2
209399,2,1,"AB",2
209399,3,1,"AB",2
209407,1,1,"AB",2
209411,1,1,"AB2",20
209419,1,1,"AB",2
209421,1,1,"AB",2
209421,2,1,"AB",2
209421,3,1,"AB",2
209423,1,1,"AB",2
209438,1,1,"AB",2
209438,2,1,"AB",2
209438,3,1,"AB",2
209448,1,1,"AP",52
209453,1,1,"AN",50
209460,1,1,"AB",2
209467,1,1,"AP",52
209468,1,1,"AB",2
209468,2,1,"AB",2
209468,3,1,"AB",2
209489,1,1,"AP",52
209489,2,1,"AP",52
209493,1,1,"AP",52
209494,1,1,"AB",2
209497,1,1,"AB",2
209497,2,1,"AB",2
209498,1,1,"AB",2
209498,2,1,"AB",2
209498,3,1,"AB",2
209504,1,1,"AB",2
209504,2,1,"AB",2
209504,3,1,"AB",2
209506,1,1,"AB",2
209527,1,1,"AB",2
209527,2,1,"AB",2
209533,1,1,"AT",56
209535,1,1,"AT",56
209535,2,1,"AT",56
209535,3,1,"AT",56
209540,1,1,"AP",52
209547,1,1,"AB",2
209549,1,1,"AB",2
209549,2,1,"AB",2
209550,1,1,"AB",2
209554,1,1,"AN",50
209556,1,1,"AB",2
209580,1,1,"AP",52
209582,1,1,"AB",2
209582,2,1,"AB",2
209582,3,1,"AB",2
209582,4,1,"AB",2
209584,1,1,"AP",52
209592,1,1,"AP",52
209592,2,1,"AP",52
209594,1,1,"AP",52
209596,1,1,"AT",56
209600,1,1,"AB",2
209600,2,1,"AB",2
209600,3,1,"AB",2
209600,4,1,"AB",2
209603,1,1,"AB",2
209603,2,1,"AB",2
209603,3,1,"AB",2
209605,1,1,"AB",2
209605,2,1,"AB",2
209605,3,1,"AB",2
209609,1,1,"AB",2
209613,1,1,"AB",2
209613,2,1,"AB",2
209632,1,1,"AB",2
209634,1,1,"AP",52
209634,2,1,"AP",52
209634,3,1,"AP",52
209635,1,1,"AB",2
209635,2,1,"AB",2
209635,3,1,"AB",2
209635,4,1,"AB",2
209640,1,1,"AP",52
209640,2,1,"AP",52
209640,3,1,"AP",52
209662,1,1,"AA",1
209686,1,1,"AB1",3
209688,1,1,"AB3",30
209688,2,1,"AB2",20
209689,1,1,"AP",52
209695,1,1,"AB",2
209696,1,1,"AB",2
209696,2,1,"AB",2
209696,3,1,"AB",2
209696,4,1,"AB",2
209696,5,1,"AB",2
209700,1,1,"AB",2
209700,2,1,"AB",2
209701,1,1,"AB",2
209720,1,1,"AB",2
209720,2,1,"AB",2
209721,1,1,"AB",2
209721,2,1,"AB",2
209721,3,1,"AB",2
209721,4,1,"AB",2
209724,1,1,"AB",2
209724,2,1,"AB",2
209724,3,1,"AB",2
209729,1,1,"AB",2
209734,1,1,"AB",2
209734,2,1,"AB",2
209735,1,1,"AB",2
209735,2,1,"AB",2
209753,1,1,"AB",2
209753,2,1,"AB",2
209753,3,1,"AB",2
209755,1,1,"AB",2
209755,2,1,"AB",2
209755,3,1,"AB",2
209755,4,1,"AB",2
209755,5,1,"AB",2
209757,1,1,"AB1",3
209758,1,1,"AB",2
209758,2,1,"AB",2
209758,3,1,"AB",2
209766,1,1,"AB3",30
209767,1,1,"AB",2
209775,1,1,"AP",52
209781,1,1,"AP",52
209784,1,1,"AP",52
209786,1,1,"AA",1
209786,2,1,"AA",1
209794,1,1,"AB",2
209794,2,1,"AB",2
209799,1,1,"AB",2
209799,2,1,"AB",2
209799,3,1,"AB",2
209799,4,1,"AB",2
209799,5,1,"AB",2
209799,6,1,"AB",2
209799,7,1,"AB",2
209823,1,1,"AB",2
209824,1,1,"AA",1
209825,1,1,"AP",52
209832,1,1,"AP",52
209834,1,1,"AP",52
209838,1,1,"AB",2
209846,1,1,"AT",56
209859,1,1,"AB",2
209859,2,1,"AB",2
209861,1,1,"AB",2
209866,1,1,"AB",2
209866,2,1,"AB",2
209869,1,1,"AB",2
209869,2,1,"AB",2
209869,3,1,"AB",2
209869,4,1,"AB",2
209871,1,1,"AB",2
209872,1,1,"AB",2
209872,2,1,"AB",2
209882,1,1,"AB",2
209882,2,1,"AB",2
209882,3,1,"AB",2
209886,1,1,"AB",2
209896,1,1,"AB",2
209897,1,1,"AA",1
209900,1,1,"AP",52
209900,2,1,"AP",52
209903,1,1,"AB",2
209909,1,1,"AB",2
209910,1,1,"AB",2
209911,1,1,"AP",52
209911,2,1,"AP",52
209912,1,1,"AB",2
209912,2,1,"AB",2
209912,3,1,"AB",2
209912,4,1,"AB",2
209916,1,1,"AB",2
209916,2,1,"AB",2
209916,3,1,"AB",2
209932,1,1,"AP",52
209933,1,1,"AP",52
209933,2,1,"AP",52
209934,1,1,"AP",52
209950,1,1,"AB",2
209950,2,1,"AB",2
209951,1,1,"AB",2
209951,2,1,"AB",2
209955,1,1,"AA",1
209966,1,1,"AB",2
209966,2,1,"AB",2
209974,1,1,"AB1",3
209975,1,1,"AT",56
209978,1,1,"AB",2
209990,1,1,"AT",56
209996,1,1,"AB",2
210010,1,1,"AB",2
210010,2,1,"AB",2
210012,1,1,"AB2",20
210012,2,1,"AB2",20
210012,3,1,"AB2",20
210014,1,1,"AB",2
210014,2,1,"AB",2
210015,1,1,"AB3",30
210015,2,1,"AB3",30
210017,1,1,"AB",2
210034,1,1,"AB1",3
210040,1,1,"AB",2
210041,1,1,"AA",1
210041,2,1,"AA",1
210046,1,1,"AP",52
210046,2,1,"AP",52
210046,3,1,"AP",52
210051,1,1,"AP",52
210051,2,1,"AP",52
210052,1,1,"AB1",3
210059,1,1,"AA",1
210059,2,1,"AA",1
210071,1,1,"AB",2
210071,2,1,"AB",2
210071,3,1,"AB",2
210072,1,1,"AP",52
210077,1,1,"AT",56
210079,1,1,"AA",1
210079,2,1,"AA",1
210079,3,1,"AA",1
210079,4,1,"AA",1
210081,1,1,"AB3",30
210081,2,1,"AB3",30
210086,1,1,"AB",2
210086,2,1,"AB",2
210086,3,1,"AB",2
210086,4,1,"AB",2
210086,5,1,"AB",2
210086,6,1,"AB",2
210105,1,1,"AB",2
210106,1,1,"AP",52
210117,1,1,"AB",2
210117,2,1,"AB",2
210123,1,1,"AP",52
210123,2,1,"AP",52
210124,1,1,"AP",52
210124,2,1,"AP",52
210125,1,1,"AB",2
210138,1,1,"AB",2
210138,2,1,"AB",2
210139,1,1,"AA",1
210139,2,1,"AA",1
210155,1,1,"AA",1
210174,1,1,"AP",52
210175,1,1,"AB",2
210175,2,1,"AB",2
210176,1,1,"AA",1
210179,1,1,"AP",52
210184,1,1,"AB1",3
210184,2,1,"AB1",3
210184,3,1,"AB1",3
210186,1,1,"AB",2
210190,1,1,"AT",56
210194,1,1,"AB",2
210196,1,1,"AA",1
210199,1,1,"AB",2
210207,1,1,"AB",2
210207,2,1,"AB",2
210207,3,1,"AB",2
210208,1,1,"AB1",3
210209,1,1,"AB",2
210211,1,1,"AA",1
210211,2,1,"AA",1
210211,3,1,"AA",1
210231,1,1,"AP",52
210233,1,1,"AB",2
210256,1,1,"AT",56
210264,1,1,"AB",2
210270,1,1,"AP",52
210279,1,1,"AB",2
210279,2,1,"AB",2
210279,3,1,"AB",2
210279,4,1,"AB",2
210279,5,1,"AB",2
210279,6,1,"AB",2
210279,7,1,"AB",2
210279,8,1,"AB",2
210322,1,1,"AP",52
210323,1,1,"AB",2
210333,1,1,"AP",52
210333,2,1,"AP",52
210334,1,1,"AP",52
210337,1,1,"AP",52
210338,1,1,"AB1",3
210347,1,1,"AB",2
210347,2,1,"AB",2
210354,1,1,"AB",2
210354,2,1,"AB",2
210354,3,1,"AB",2
210362,1,1,"AO",51
210362,2,1,"AO",51
210364,1,1,"AB",2
210369,1,1,"AB",2
210393,1,1,"AB",2
210394,1,1,"AB",2
210401,1,1,"AB",2
210401,2,1,"AB",2
210403,1,1,"AB",2
210424,1,1,"AB",2
210431,1,1,"AB",2
210434,1,1,"AB",2
210441,1,1,"AB",2
210446,1,1,"AT",56
210457,1,1,"AB",2
210466,1,1,"AB",2
210466,2,1,"AB",2
210466,3,1,"AB",2
210484,1,1,"AA",1
210484,2,1,"AA",1
210488,1,1,"AB",2
210506,1,1,"AB",2
210506,2,1,"AB",2
210506,3,1,"AB",2
210527,1,1,"AB",2
210527,2,1,"AB",2
210532,1,1,"AT",56
210543,1,1,"AB",2
210544,1,1,"AB",2
210544,2,1,"AB",2
210551,1,1,"AB",2
210554,1,1,"AB1",3
210571,1,1,"AA",1
210574,1,1,"AB",2
210577,1,1,"AB",2
210604,1,1,"AB",2
210604,2,1,"AB",2
210606,1,1,"AB",2
210606,2,1,"AB",2
210616,1,1,"AB",2
210623,1,1,"AP",52
210623,2,1,"AP",52
210644,1,1,"AA",1
210644,2,1,"AA",1
210644,3,1,"AA",1
210644,4,1,"AA",1
210674,1,1,"AB",2
210674,2,1,"AB",2
210680,1,1,"AB1",3
210705,1,1,"AB",2
210705,2,1,"AB",2
210705,3,1,"AB",2
210707,1,1,"AB",2
210723,1,1,"AP",52
210733,1,1,"AB2",20
210733,2,1,"AB2",20
210736,1,1,"AT",56
210753,1,1,"AB",2
210758,1,1,"AA",1
210758,2,1,"AA",1
210763,1,1,"AP",52
210782,1,1,"AB",2
210782,2,1,"AB",2
210782,3,1,"AB",2
210786,1,1,"AB",2
210786,2,1,"AB",2
210786,3,1,"AB",2
210822,1,1,"AB",2
210848,1,1,"AP",52
210855,1,1,"AP",52
210882,1,1,"AP",52
210889,1,1,"AB",2
210892,1,1,"AP",52
210892,2,1,"AP",52
210893,1,1,"AB",2
210955,1,1,"AB",2
210955,2,1,"AB",2
210955,3,1,"AB",2
210971,1,1,"AB",2
210971,2,1,"AB",2
210971,3,1,"AB",2
210979,1,1,"AP",52
210989,1,1,"AP",52
210989,2,1,"AP",52
210994,1,1,"AP",52
210994,2,1,"AP",52
211012,1,1,"AB",2
211012,2,1,"AB",2
211015,1,1,"AP",52
211015,2,1,"AP",52
211035,1,1,"AP",52
211035,2,1,"AP",52
211052,1,1,"AB1",3
211052,2,1,"AB",2
211058,1,1,"AB",2
211058,2,1,"AB",2
211067,1,1,"AA",1
211067,2,1,"AA",1
211078,1,1,"AP",52
211078,2,1,"AP",52
211079,1,1,"AP",52
211080,1,1,"AB",2
211080,2,1,"AB",2
211088,1,1,"AB",2
211088,2,1,"AB",2
211088,3,1,"AB",2
211088,4,1,"AB",2
211088,5,1,"AB",2
211106,1,1,"AA",1
211111,1,1,"AB",2
211139,1,1,"AA",1
211139,2,1,"AA",1
211147,1,1,"AB",2
211147,2,1,"AB",2
211158,1,1,"AP",52
211181,1,1,"AB",2
211242,1,1,"AP",52
211483,1,1,"AB",2
